GAGE_ID,PeakArea,StormPeakInt_mmh,StormTotalPrecip_mm,AntecedentPrecip_mm,SeasonFlag,StormDuration_h,DaysSinceFire,D1,CoefVar,RainedPercent,WYT,MTBS_burnedarea_per,fire_centers,burnedStormoverlap,burnedStormDur,burnedStormMag,burnedStormInt,burned_storm_depth_per,burned_storm_int_per,burned_storm_dur_per,BAS_COMPACTNESS,DRAIN_SQKM,PPTAVG_BASIN,RH_BASIN,WD_BASIN,PET,SNOW_PCT_PRECIP,PRECIP_SEAS_IND,STREAMS_KM_SQ_KM,STRAHLER_MAX,MAINSTEM_SINUOUSITY,BFI_AVE,TOPWET,PERMAVE,CLAYAVE,SILTAVE,SANDAVE,ELEV_MEAN_M_BASIN,ELEV_MAX_M_BASIN,ELEV_SITE_M,RRMEAN,SLOPE_PCT,ASPECT_NORTHNESS,ASPECT_EASTNESS,AvgMonthly_temp_DegC,AvgMonthly_Precip_cm,riparian_area_per,AntP_per,storm_depth_per,storm_int_per,storm_dur_per,MTBS_fire_riparian_percent_m_h,MTBS_fire_intersect_percent_m_h,SBS_total_area_burned_per_wat,SBS_mod_high_area_burned_per_wat,delta_NDVI,delta_NBR,delta_GRVI,ratio_LAI
11274500,0.038021722,12.29838997,210.8,12.1,2,60.75,164,1.075472511,0.199359413,1,0,91.144936,0.968114006,1,60.75,210.6,12.29838997,100,97.89262418,97.24034119,1.48,347.8,45.32,61.6,45.7,861,1.4,0.624,1.05,4,1.63,30.1,10.73,1.77,24.88,42.82,32.31,475.6,1155,62,0.378,24.4,-0.349,0.937,8.1,9.04,18.273952,37.17391304,100,97.89368104,97.24172518,28.95967613,36.63890167,,,0.063265014,-0.027151092,-0.022654106,0.916207387
11169800,0.137129881,10.9986625,198.2,16.5,2,61.75,164,1.031436752,0.108529469,1,0,36.191218,1.399114615,1,61.75,187.9,11.09461455,99.94997499,96.3981991,96.99849925,1.22,282.9,60.85,63.3,56.7,817.9,1.8,0.626,0.99,4,1.41,31.7,10.98,2.22,23.01,45.71,31.28,604,1101,244,0.421,25.6,-0.968,-0.251,8.01,11.87,15.108,44.72049689,99.95346673,94.78827362,97.20800372,13.56218898,17.84697773,,,0.10637946,0.009158843,0.004863323,0.994162143
11274630,0.026594239,8.999748271,164.6,7.9,2,59.75,164,1.064197808,0.166007752,1,0,85.565494,1.161792096,1,59.75,164.6,8.999748271,99.90069513,95.4816286,96.94637537,1.77,187.4,43.32,61.7,49.1,799,2.1,0.604,1.08,4,1.42,30.9,10.3,1.62,26.46,42.13,31.41,559.2,1116,65,0.472,26.1,-0.722,0.692,7.89,8.15,18.975462,34.17721519,99.85141159,95.49281823,96.95393759,28.65968365,39.2167556,,,0.05714962,-0.038160777,-0.021551099,0.867573626
11152000,0.575305732,19.49467368,479.2,42.8,2,60.85722222,161,1.088880927,0.269374445,1,0,14.964649,1.788935464,1,60.85722222,461.4,19.49467368,99.89523311,94.2902043,93.58302776,2.07,625.1,80.89,63.9,60.5,663.8,2.9,0.654,1.03,5,2.35,38.3,10.02,3.14,20.17,34.81,45.02,759.1,1785,113,0.387,34.7,-0.132,0.991,8.25,16.63,17.294107,59.25373134,99.76905312,94.3187067,94.27251732,11.17292732,12.15683891,14.97461206,10.20955047,0.144660345,0.08456829,0.037319641,1.059132848
11173200,0.120463819,8.9997,170.7,16.9,2,61.75,164,1.053974444,0.145133874,1,0,87.006427,0.955234442,1,61.75,169,8.9997,99.81203008,93.32706767,96.92199248,1.32,199.1,62.25,63.2,58.1,792.3,4.1,0.584,0.96,4,1.42,34.1,10.49,2.12,23.06,45.64,31.3,817,1309,248,0.536,26.7,0.459,-0.888,7.38,11.17,16.584267,37.16216216,99.81308411,93.13084112,96.93925234,21.85655409,36.6775992,,,0.113026838,0.010115579,0.009059976,0.963839512
11173575,0.05789739,8.9997,172.9,17.3,2,61.75,164,1.11163653,0.222795642,1,0,73.616074,0.93656286,1,61.75,170.9,8.9997,99.76776591,92.66140269,96.81839294,1.33,385.4,62.15,64.2,58.9,791.9,3.5,0.584,1.05,4,1.31,31.9,10.49,2.02,24.69,45.37,29.94,718.4,1309,104,0.514,25.8,-0.023,-1,7.79,11.17,17.382289,40.82568807,99.67934036,92.07512597,96.86211635,15.79414913,27.71761806,,,0.108876388,0.006549041,0.004356795,0.967816772
11176400,0.064478051,10.99886648,202,13.4,2,61.8,164,1.109192355,0.228716227,1,0,74.095967,1.41581736,1,61.8,201.3,10.99886648,99.7637051,96.31379962,96.17202268,1.46,338.6,57.45,62.2,56.1,798.4,4,0.599,1.02,5,1.51,31.3,10.82,2.16,22.41,45.93,31.66,753.8,1238,230,0.52,23.4,-0.069,-0.998,7.2,10.61,17.721231,34.93589744,99.76711691,96.2272939,96.2272939,21.07161609,32.61317188,,,0.083414514,-0.023233466,-0.00740466,0.933377899
9036000,0.026741628,6.299862069,87.3,96.1,1,35.9475,353,1.051976755,0.194378675,1,0,18.62212,0.827682325,1,35.9475,74.8,6.299976414,99.75071225,96.91951567,89.35185185,2.72,231.9,71.49,56.2,133.2,358.5,61.6,0.111,0.61,3,1.56,65.1,9.62,7.3,11.74,32.28,55.98,3320.3,4121,2674,0.447,35.3,0.824,-0.566,10.43,5.19,11.407103,98.1530343,99.66012668,95.47350533,90.74617643,8.713628192,12.03842173,18.35273825,10.90866753,0.130595171,0.014060985,-0.005463818,0.792356884
9037500,0.012637747,6.299970544,90.9,97.6,1,35.9475,353,1.093217146,0.266421095,1,0,12.391606,1.111932254,1,35.9475,75.9,6.299976414,99.67730369,96.68339907,86.59017569,1.9,479.5,62.4,55.9,125.8,380.5,56.5,0.09,0.83,4,1.35,66,10.11,5.9,14.45,32.01,53.54,3090.1,4121,2386,0.408,27.6,0.977,-0.214,11.58,4.86,14.943934,95.8677686,99.50620979,94.52341763,88.7625318,6.206361456,8.270427529,12.3422732,7.380020855,0.130649423,0.013700912,-0.005242806,0.827772041
11172945,0.268863491,7.791827826,129.2,12.9,2,61.66666667,164,1.059080518,0.134140395,1,0,98.034239,1.017024877,1,61.66666667,129.2,7.791827826,99.61740794,92.53945481,97.25011956,1.9,87.1,62.38,62.8,59.5,791,4.1,0.574,1.07,3,1.31,29.5,10.31,2.21,25.08,45.14,29.79,814.2,1161,297,0.599,26.7,-0.303,-0.953,7.63,11.43,17.898739,37.2611465,99.56978967,92.54302103,97.27533461,16.30612818,27.85556831,,,0.10577903,-0.002575113,-0.000752264,0.99279903
11451715,0.009115297,11.99938909,291.6,15,2,109.75,519,1.046122936,0.143065568,1,0,5.595129,0.165455251,1,109.75,188,9.39493138,99.59770115,96.55172414,98.90804598,0.9,247.9,70.02,59.6,55.5,854.4,1,0.615,0.96,4,1.19,43.2,10.66,0.49,37.34,42.78,19.88,560.5,1162,264,0.34,18.2,-0.265,0.964,8.75,13.34,18.827651,36.80555556,99.55357143,95.13392857,99.15178571,0.869588895,1.310246067,23.98777733,10.34183138,-0.019746142,-0.057276743,-0.01927148,0.693622789
11465200,0.175972647,27.97920154,428.4,216.2,1,53.9825,432,0.977053317,0.163279642,1,0,20.297152,0.795110735,1,53.9825,395,24.89270677,99.53401678,97.2972973,90.12115564,1.11,421.6,133.48,64.5,78.7,774,0.5,0.627,0.78,5,1.47,33.8,11.23,2.16,24.71,42.56,32.73,335.8,939,55,0.321,26.3,-0.842,0.539,16.52,7.38,14.901978,93.83561644,99.53361834,98.09560824,91.76059075,5.64176385,7.31506167,,,-0.060045378,-0.199551311,-0.167934174,0.488894805
11022480,0.051074801,22.88781538,275.6,22.2,2,53,119,1.052071389,0.163205596,1,0,79.360851,1.036983012,1,53,272.2,22.88781538,99.53343701,98.49663038,93.3903577,1.63,953.6,51.86,51.9,43.3,807.8,2.2,0.585,0.84,5,1.19,31,10.52,3.4,17.08,31.75,51.17,640.4,1967,89,0.294,18.5,0.017,-1,10.9,10.13,15.3664,70.32967033,99.48770492,98.51434426,93.4682377,57.24252031,58.6542156,,,-0.01392217,-0.013271371,-0.001183574,1.548165407
14159200,0.267926464,17.19757491,308.2,0,1,78.5,76,0.925694451,0.18151317,1,0,8.83713,0.477889334,1,78.5,232.3,11.49845086,99.26524614,96.49767328,92.82390399,1.97,414.3,181.74,67.8,161.6,513.1,40.1,0.385,0.7,4,1.32,72.5,9.97,2.97,16.07,49,34.93,1280.8,2045,534,0.498,28.7,0.753,-0.658,7.84,13.1,12.860977,3.995157385,99.4802945,97.79125162,93.65526202,0.126681987,1.514989138,9.027154236,1.429833454,0.363630115,0.407315707,0.15247411,0.872906912
11151870,0.142330589,57.62794286,338.2,26.8,1,37.94138889,431,1.097426919,0.323370739,1,0,32.792709,1.608096876,1,37.94138889,310.2,57.68624,99.23547401,99.8470948,84.04689093,2.01,284.5,100.15,65.8,64.7,623,4,0.657,0.97,4,1.85,37.3,10.09,3.84,16.04,33.25,50.71,899.6,1785,292,0.427,39,0.12,0.993,16.26,4.16,16.869365,57.69230769,99.2,99.85882353,85.17647059,25.1431099,26.57483304,32.87514938,22.3427768,-0.124061269,-0.333468373,-0.134236492,0.477198114
11152000,0.207925457,23.397216,355.8,17.9,2,80,587,1.11603811,0.346458494,1,0,10.954941,1.60170771,1,80,297.8,21.49991084,99.22360248,96.22153209,97.56728778,2.07,625.1,80.89,63.9,60.5,663.8,2.9,0.654,1.03,5,2.35,38.3,10.02,3.14,20.17,34.81,45.02,759.1,1785,113,0.387,34.7,-0.132,0.991,9.53,13.87,17.294107,42.68656716,99.26096998,96.21247113,97.82909931,2.102052119,3.129195329,14.97461206,10.20955047,0.169893383,-0.068276235,-0.083574071,0.764320105
11152050,0.107174484,23.394048,358.4,18.2,2,81,587,1.140112464,0.410827591,1,0,8.868908,1.491041107,1,81,297.8,21.49991084,99.21956296,96.20187305,97.58064516,1.67,771.5,74.52,63.7,58.2,676.7,2.4,0.652,1.04,6,2.02,38.4,10.1,2.9,21.11,35.63,43.26,674.8,1785,52,0.359,31.4,0.227,0.974,9.8,12.93,17.029979,39.32038835,99.26639156,96.24025676,97.86795048,1.729693567,2.523499676,12.12311082,8.239170447,0.169893383,-0.068276235,-0.083574071,0.764320105
12178100,0.914101073,20.49562183,311.4,28.7,1,114.5,79,1.008648726,0.075785023,1,0,5.210638,0.317886659,1,114.5,233,16.89643429,99.18661399,99.58168719,97.80385777,2.89,69.7,280.14,69.5,183.8,547.9,59.6,0.415,0.56,3,1.26,63.9,9.23,2.35,9.84,47.21,42.95,1300.6,2460,372,0.457,58.3,0.676,-0.737,5.37,25.6,13.27064,48.69186047,99.22820192,99.4576554,98.02878598,0.330902641,4.119081779,,,0.02384693,0.012172949,0.002641247,0.810039498
11200800,0.106039698,11.49992742,200.6,0.3,2,62.5,103,1.101148495,0.270500585,1,0,37.21031,1.51904651,1,62.5,200.5,11.49992742,99.16789036,90.69995105,97.40577582,2.53,214.7,72.15,53.2,42.8,740.6,18.4,0.594,0.64,3,1.41,65.7,9.77,2.77,17.27,29.31,53.42,1214.9,2492,303,0.417,30.8,-0.155,-0.988,5.44,9.36,15.133741,25.50111359,99.19124643,90.77069458,97.47859182,23.12020326,27.05533302,40.09669306,23.41741966,0.052795599,0.03645621,-0.004801635,0.964664916
11152000,0.041267994,57.62794286,338.3,28.3,1,37.94138889,431,1.174136396,0.525726817,1,0,14.964649,1.788935464,1,37.94138889,313.9,57.68624,99.16186485,99.84284966,81.29910948,2.07,625.1,80.89,63.9,60.5,663.8,2.9,0.654,1.03,5,2.35,38.3,10.02,3.14,20.17,34.81,45.02,759.1,1785,113,0.387,34.7,-0.132,0.991,16.53,3.41,17.294107,51.34328358,99.12240185,99.86143187,83.41801386,11.17292732,12.15683891,14.97461206,10.20955047,-0.124185954,-0.333706557,-0.13432245,0.476982831
10336780,0.028108389,8.09774087,188.2,40.7,1,51,69,0.999021929,0.146726307,1,0,27.162373,0.921255705,1,51,186.4,7.799921809,99.15254237,94.06779661,93.60875706,2.67,95.1,89.32,55.8,79,432.4,66.6,0.471,0.85,3,1.35,71.2,9.09,10.35,4.41,18.96,76.63,2409.4,3301,1908,0.36,26.1,0.817,-0.577,6.25,5.52,15.383253,74.14330218,99.05816259,92.99405155,94.01850628,18.86765885,15.51955836,26.64900105,13.61976866,-0.014363138,-0.066207325,-0.014210308,0.884929687
11149900,0.043360767,25.48599652,270.9,16.4,2,50.90916667,480,1.141914737,0.314757349,1,0,28.802865,1.62219344,1,50.90916667,257.8,25.48599652,99.12053802,97.77547853,92.91257113,1.56,556.4,63.26,62,54,737.5,1.5,0.659,1.13,4,1.35,33.5,10.91,2.31,24.37,37.78,37.85,533.4,1785,248,0.186,19.5,-0.995,-0.102,8.45,9.76,16.227347,37.84860558,99.15966387,97.77558082,93.12901631,15.62239126,19.76732566,28.84609993,15.65149173,-0.099807988,-0.274406916,-0.111636336,0.504944363
9497980,0.032711187,14.69848659,196.3,0,1,33.66666667,625,0.990893523,0.181115034,1,0,7.772327,1.760716106,1,33.66666667,102.4,14.698152,99.06961822,98.26756497,87.08694257,1.21,516.8,68.36,41,69.3,673.1,9.8,0.135,0.7,3,1.67,36.3,10.57,3.03,22.54,34.63,42.83,1688.6,2350,985,0.518,19.9,-0.996,0.089,6.65,8.46,17.814094,7.650273224,99.58289885,96.42857143,89.45516163,2.221099145,1.845975232,7.793188854,1.943034056,-0.030388015,-0.067474133,-0.010172994,0.668398585
11046100,0.010232479,15.99609091,131.7,81.1,2,43.92333333,643,1.034316551,0.088978188,1,0,11.236637,1.112884835,1,43.92333333,111.9,14.69646892,98.98595944,97.58190328,94.53978159,2.11,67.8,40.34,64.9,35,816,0,0.655,0.95,3,1.15,23,11.12,2.52,22.77,32.67,44.56,187.1,676,13,0.264,14.1,-0.987,-0.159,14.97,2.46,16.06083,92.62295082,98.92550143,97.20630372,94.98567335,1.338266992,1.878318584,30.20707965,9.995575221,0.120686071,-0.046193164,-0.083915004,1.231418266
11152000,0.224233336,20.89617059,301.7,57.8,2,65.97694444,490,1.14771627,0.445009742,1,0,14.964649,1.788935464,1,65.97694444,284.6,17.6,98.95233106,93.19015191,94.81403876,2.07,625.1,80.89,63.9,60.5,663.8,2.9,0.654,1.03,5,2.35,38.3,10.02,3.14,20.17,34.81,45.02,759.1,1785,113,0.387,34.7,-0.132,0.991,8.57,12.76,17.294107,67.46268657,98.89145497,95.19630485,95.42725173,11.17292732,12.15683891,14.97461206,10.20955047,-0.124185954,-0.333706557,-0.13432245,0.476982831
11274630,0.009715963,6.697761616,120.8,38.9,2,67.83333333,952,1.108305653,0.270984543,1,0,14.544513,0.969698236,1,67.83333333,75.4,4.599758814,98.83381924,87.87172012,97.78425656,1.77,187.4,43.32,61.7,49.1,799,2.1,0.604,1.08,4,1.42,30.9,10.3,1.62,26.46,42.13,31.41,559.2,1116,65,0.472,26.1,-0.722,0.692,9.37,8.63,18.975462,67.93248945,99.40564636,90.34175334,98.11788014,2.596224212,4.075933831,,,-0.024478794,-0.036093612,-0.011228248,0.786918332
11466800,0.033822145,45.69485714,348.5,52.3,2,37.95,782,0.937858395,0.190444612,1,0,12.714225,1.001456134,1,37.95,172.4,42.55378462,98.78522838,100,80.75801749,2.06,652.2,100.52,64.6,68.1,730.4,0.8,0.63,0.68,4,1.71,30,13.03,1.22,29.33,42.59,28.08,155.1,780,16,0.185,9.2,-0.054,-0.999,11.7,13.6,16.611166,69.375,99.71134021,100,83.46391753,3.097905528,3.795124195,,,0.191805821,0.011269504,-0.060637712,0.703559541
9353800,0.014434891,14.69903333,143.7,102.9,1,64,456,1.047619652,0.173804388,1,0,14.01843,0.732598338,1,64,88.6,14.19961429,98.73786408,99.12621359,93.66504854,1.26,880.8,84.75,52.5,111.4,398.1,46.2,0.068,0.52,4,1.22,64.3,9.73,2.39,20.87,37.37,41.76,3029.5,4273,2030,0.446,33.4,-0.998,-0.061,8.93,7.18,9.979675,90.69767442,98.89285714,98.375,95.33928571,3.604967791,8.226089918,,,-0.130797709,-0.200089698,-0.018861108,
11451715,0.049574425,6.599301818,217.8,33.7,2,115,236,1.023976679,0.123500282,1,0,11.655139,0.944331954,1,115,178.6,5.897039933,98.7281399,82.45892952,99.12559618,0.9,247.9,70.02,59.6,55.5,854.4,1,0.615,0.96,4,1.19,43.2,10.66,0.49,37.34,42.78,19.88,560.5,1162,264,0.34,18.2,-0.265,0.964,8.75,13.34,18.827651,56.25,98.92857143,82.76785714,99.26339286,2.304121352,5.157482856,23.98777733,10.34183138,-0.10161265,-0.17261918,-0.000991337,0.440970776
11152000,0.307131721,24.19245714,279.3,117.8,2,69.85722222,606,1.116518147,0.349672046,1,0,10.954941,1.60170771,1,69.85722222,248,21.59746459,98.70600414,96.37681159,95.44513458,2.07,625.1,80.89,63.9,60.5,663.8,2.9,0.654,1.03,5,2.35,38.3,10.02,3.14,20.17,34.81,45.02,759.1,1785,113,0.387,34.7,-0.132,0.991,9.53,13.87,17.294107,85.2238806,98.66050808,96.44341801,95.93533487,2.102052119,3.129195329,14.97461206,10.20955047,0.169893383,-0.068276235,-0.083574071,0.764320105
9497980,0.007397002,11.29826,116.3,61.8,1,33,39,1.184259856,0.391076561,1,0,7.772327,1.760716106,1,33,94,8.998158947,98.68463266,93.93647738,86.86236766,1.21,516.8,68.36,41,69.3,673.1,9.8,0.135,0.7,3,1.67,36.3,10.57,3.03,22.54,34.63,42.83,1688.6,2350,985,0.518,19.9,-0.996,0.089,22.86,7.1,17.814094,68.48816029,98.12304484,92.75286757,89.27267987,2.221099145,1.845975232,7.793188854,1.943034056,0.000403016,0.002417728,-0.002078926,0.996608674
11025500,0.004511859,24.4906044,203.1,18.8,2,52.5,118,1.003228359,0.106500484,1,0,16.382785,0.674671611,1,52.5,142.1,23.5912689,98.68421053,99.10141207,94.54428755,1.59,288.7,61.83,49,43.1,760.7,1.6,0.57,0.88,4,1.39,32.2,10.45,3.04,16.47,31.29,52.24,891.8,1731,269,0.428,20.2,-0.631,-0.776,9.46,12.2,16.426629,60.2739726,99.38176198,98.76352396,95.62081401,11.15906388,12.28919293,,,-0.016644247,-0.014605238,-0.003089109,1.649024461
11160500,0.179675253,22.39821925,272.9,26.2,2,66,163,0.950502077,0.151640939,1,0,19.295537,0.992160412,1,66,250.6,20.99410909,98.62763038,95.37968893,97.02653248,2.46,275.8,118.78,67,68.2,703.2,0.7,0.632,0.89,4,1.34,42.1,10.75,3,18.37,36.19,45.44,364.3,980,76,0.323,25.1,-0.998,-0.056,9.62,25.2,15.363053,44.49064449,98.54948805,95.7337884,97.22696246,2.493591322,7.196736766,,,0.173660563,0.128801359,0.075113488,0.612911995
11161000,0.149985167,22.39821925,274.1,26.2,2,66,163,0.969048607,0.148272594,1,0,18.338121,1.199590247,1,66,250.9,20.99410909,98.61175382,95.27996298,96.87644609,2.09,298.3,118.15,67.1,68.5,703.5,0.6,0.632,0.9,4,1.4,42,10.85,3,18.27,35.92,45.81,350.3,980,8,0.355,24.6,-0.996,0.09,9.63,25.13,15.746177,44.05010438,98.53889128,95.61667383,97.09926945,2.25540185,6.709420047,,,0.173723762,0.128900183,0.075231012,0.616925142
11461000,0.875901633,18.4957177,186.5,0,2,67.85722222,178,1.04770292,0.140464599,1,0,32.301184,1.065652935,1,67.85722222,175.8,18.49296244,98.55242567,98.27856025,96.16588419,1.95,259.6,118.6,63.1,81.2,730.9,3,0.607,0.95,4,1.1,36,11.3,1.16,28.24,42.59,29.17,448.3,1014,191,0.314,20.6,-0.997,0.077,11.48,7.09,15.086673,4.371002132,98.86238532,97.72477064,96.40366972,6.630779176,11.66221109,,,0.326495311,0.194789621,0.002739299,1.016615306
7103700,0.006923795,10.8,71.7,1.4,1,37,80,1.042846904,0.159162519,1,0,10.334753,0.918584336,1,37,51.5,10.69654306,98.53311941,96.79119872,94.40751776,2.23,264.2,59.97,52.8,94.9,393.5,27.6,0.361,0.86,4,1.42,49.5,10.03,9,11.62,33.61,54.77,2775.2,4300,1873,0.373,26.9,0.329,0.944,10.42,4.09,15.226314,9.302325581,98.48054025,93.95770393,95.62822108,5.396997417,6.578652536,9.350870553,5.675132475,-0.008688041,-0.016994808,-0.006040432,0.942401158
9404450,0.024061961,10.69943059,83.9,7.4,1,22.9,798,1.001020164,0.075031373,1,0,14.12125,1.495243097,1,22.9,59,9.097180435,98.49662162,97.83783784,74.64527027,2.21,193,46.03,54.3,64.1,511.3,37.5,0.146,0.49,3,1.1,77.9,10.5,1.53,27.11,45.25,27.64,2214.5,2588,1800,0.528,23.3,-0.996,0.092,13.41,3.77,16.150084,42.89297659,99.15377882,98.01575722,77.07907791,4.678595116,7.601968912,13.95839378,7.030725389,-0.059390061,-0.144598633,-0.034442,0.449450623
11461500,0.657206461,15.19354047,154,0,2,67.75,178,1.021024428,0.08897667,1,0,19.923258,2.990428809,1,67.75,143.4,15.19354047,98.43363561,98.10387469,96.12530915,2.19,238.7,114.45,62.5,77.8,761.6,2,0.595,1.06,4,1.35,37.3,11.11,0.92,28.71,43.04,28.25,497.3,1167,258,0.27,20.9,-0.276,-0.961,11.48,7.09,16.250428,6.417112299,98.34024896,97.54809506,96.45416824,4.814853355,10.7385421,23.12739841,8.386175115,0.369863037,0.233112312,0.021301804,1.03650946
11462500,0.276320518,18.49802632,195.1,0,2,67.88916667,178,1.058991241,0.20740875,1,0,14.014819,1.559220106,1,67.88916667,176.5,18.49296244,98.35255354,98.22899506,94.31630972,1.8,938.7,115.58,63.2,79.6,757,2,0.605,1.01,5,1.18,36.1,11.16,1.09,26.66,42.65,30.69,465.2,1187,159,0.299,21.1,-0.76,-0.649,11.64,7,15.801847,5.483870968,98.046875,97.23011364,95.09943182,3.010044322,5.965196548,5.881016299,2.132502397,0.342164246,0.20863686,0.009445792,1.023963702
9510200,0.081228592,9.897173826,140.2,9.7,2,48,992,1.098114156,0.276069207,1,0,13.021051,1.954168424,1,48,109.9,8.499183721,98.33333333,90.08547009,94.12393162,1.74,425.3,61.33,36.1,50,956.2,2.1,0.215,1.04,5,1.39,30.1,10.19,4.14,15.96,29.86,54.17,1161.3,2161,545,0.383,21.4,-0.57,-0.822,7.49,7.96,17.785195,39.48339483,98.27213823,88.98488121,95.05039597,2.9162357,3.650787679,51.02477531,24.56769952,-0.009126451,-0.030659327,-0.015634529,0.775327805
11355500,0.039741317,17.8997913,301.5,208.7,1,83,101,1.219919883,0.492886211,1,0,14.210577,1.134187284,1,83,299.5,17.89879752,98.26611383,96.49453449,93.13984169,2.22,312.8,126.13,57.7,91.5,509,48.1,0.459,0.36,4,1.36,70.9,10.7,3.62,12.35,40.27,47.38,1795.8,3168,1318,0.258,14.4,0.31,0.951,8.75,8.26,10.440346,92.72727273,97.94097461,95.40150995,93.75428964,3.618371295,4.67637468,14.25460358,5.147314578,0.030874988,0.022651999,-0.019625809,0.993896946
11173200,0.206224957,9.699868649,112.9,25.2,1,35.8,434,0.924166292,0.191097623,1,0,87.006427,0.955234442,1,35.8,112.9,9.699868649,98.2612782,94.54887218,85.85526316,1.32,199.1,62.25,63.2,58.1,792.3,4.1,0.584,0.96,4,1.42,34.1,10.49,2.12,23.06,45.64,31.3,817,1309,248,0.536,26.7,0.459,-0.888,16.36,3.64,16.584267,47.97297297,98.17757009,94.29906542,85.93457944,21.85655409,36.6775992,,,-0.053380448,-0.174917,-0.088926062,0.626923961
11159200,0.057830125,25.59357143,201.7,97.6,2,67.96166667,270,1.089645759,0.277049769,1,0,12.563615,1.632601188,1,67.96166667,192.7,25.072638,98.1372549,97.89215686,97.69607843,1.76,71,84.62,68.1,68.6,691.1,0.1,0.629,0.85,3,1.21,34.5,10.12,2.59,21.18,36.59,42.23,305.2,863,27,0.333,21,-0.996,-0.089,10.55,16.18,16.438445,83.40807175,98.30827068,97.93233083,97.79135338,0.115679955,6.346901408,,,-0.127837624,-0.198151712,-0.021594393,0.520919075
14400000,0.552149776,24.89757,381.9,205.8,1,66.75,1003,1.167554029,0.398065145,1,0,13.528444,1.129564075,1,66.75,354.2,23.39778667,98.11373093,97.3370319,88.15533981,2.39,702.6,309.76,70.5,152.8,633.4,7.5,0.474,0.61,4,2.78,43.6,10.25,1.24,28.5,48.99,22.5,671.2,1535,17,0.431,36.5,-0.474,-0.88,12.1,15.91,12.840941,85.6870229,97.81637717,96.74937965,89.4044665,2.809980824,4.944491887,80.44816396,37.28364646,-0.088777837,-0.135389044,-0.013432234,
11063510,0.329219775,40.77224127,200.6,0,2,47.83333333,510,0.962304664,0.164496349,1,0,75.044644,1.007263416,1,47.83333333,192.6,40.76995556,98.06371018,99.12554653,93.87882573,2.04,144.5,66.42,46,40.7,690.4,4.5,0.635,0.96,4,1.54,50.7,9.96,6.14,10.54,26.94,62.52,1273.4,2542,794,0.272,22.4,-0.728,0.686,6.53,14.09,18.45637,15.16853933,98.25581395,98.89534884,94.30232558,20.60685912,23.61986159,74.67695502,36.88442907,0.055274928,-0.09468491,-0.093971218,0.643300421
11451715,0.004386309,19.89935622,216.4,43,2,67.83333333,491,1.03117099,0.094937748,1,0,24.133838,1.666551161,1,67.83333333,164.2,18.39617263,98.05447471,98.83268482,95.42801556,0.9,247.9,70.02,59.6,55.5,854.4,1,0.615,0.96,4,1.19,43.2,10.66,0.49,37.34,42.78,19.88,560.5,1162,264,0.34,18.2,-0.265,0.964,10.96,8.91,18.827651,61.80555556,98.83928571,99.0625,95.80357143,2.888346264,4.86014522,23.98777733,10.34183138,0.068171654,-0.111624448,-0.088059976,0.633678478
11065000,0.049226388,48.77023,223.9,0,2,47.83333333,510,1.016968357,0.228745616,1,0,33.742927,1.953161117,1,47.83333333,201.4,41.27161936,97.92746114,99.22279793,91.4507772,1.55,364.7,81.4,47.7,43.6,701.5,4.2,0.649,1.11,5,1.12,49.6,10,6.62,10.83,28.51,60.66,1250.1,3059,313,0.343,27.3,-0.675,0.738,6.97,17.4,19.024359,11.81818182,96.82875264,98.41437632,93.02325581,9.084707504,11.94332328,33.44313134,17.52322457,0.056370652,-0.092943493,-0.094504975,0.654850569
10172700,0.003889005,6.996755385,48,3.5,1,51,404,1.003317003,0.058511245,1,0,26.265001,0.844357318,1,51,42,6.097109811,97.81941032,95.94594595,97.12837838,2.48,69.9,60.06,51.4,80.6,574.8,40,0.224,0.72,3,1.15,78.7,10.53,1.8,15.79,43.81,40.4,2155,2552,1916,0.397,15.3,0.375,0.927,13.91,3.59,20.586833,31.48148148,97.50554324,95.84257206,97.40853659,4.58246308,8.729613734,,,-0.072770488,-0.157586138,-0.003571615,
11383500,0.189897903,14.59564469,266.1,152.7,1,82.66666667,101,1.012425527,0.092846778,1,0,12.038946,1.450214767,1,82.66666667,232.5,12.19991724,97.81485896,95.62971792,93.04727851,1.18,539.8,148.35,51.6,86.3,606.3,32.5,0.527,0.62,4,1.49,64.2,10.29,2.55,21.19,39.81,39,1278.9,2387,161,0.504,23,-0.103,-0.995,11.91,8.86,15.939202,92.91666667,98.0349345,96.1062591,93.63173217,4.274266031,5.848832901,11.6002223,5.542645424,0.008392772,-0.036689193,-0.045832572,0.612918108
12447383,0.184370585,13.29824314,164.2,206.9,1,39,76,0.903809076,0.88836046,1,0,9.119015,1.052835297,1,39,124.6,10.29834353,97.81420765,97.84153005,65.51912568,1.78,950.7,112.11,67,123.1,445.9,67.2,0.354,0.76,5,1.52,67.5,9.52,2.68,10.05,49.04,40.91,1685.7,2693,622,0.514,48.2,-0.594,0.805,2.76,8.11,14.350624,98.88888889,97.55230126,96.21338912,73.31589958,6.085092159,4.891353739,18.27652256,8.984853266,-0.013807313,-0.012935791,-0.00449047,0.889900376
11059300,0.362191883,50.37537143,251.8,0,2,68.66666667,59,1.11333335,0.393036088,1,0,10.204954,0.671506587,1,68.66666667,193.7,50.37267143,97.75208735,99.55041747,95.15093128,1.38,946,67.84,42.5,47.8,641.9,27.6,0.57,1.05,5,1.86,28.1,10.09,7.16,11.69,29.16,59.16,1661,3477,292,0.43,26,0.124,-0.992,4.66,8.01,19.036583,13.69863014,97.95827785,99.20106525,96.56014203,5.853874082,5.295634249,5.803953488,2.260084567,-0.005807219,-0.006058876,-0.000276588,1.513553525
13083000,0.003550232,5.298375247,49.6,0,1,54,390,1.037507335,0.14439637,1,0,74.133821,1.153044888,1,54,48.7,5.298319451,97.74943736,93.29832458,97.97449362,2.24,133.2,51.39,57.6,83.1,514.8,34.3,0.207,0.86,3,1.24,76.9,10.33,1.25,23,49.12,27.88,1942.5,2399,1477,0.506,22.9,-0.347,0.938,7.04,3.32,18.298273,5.441478439,97.76247849,93.16449471,98.00835997,32.06639603,33.54662162,74.73310811,41.60810811,-0.06129713,-0.282910587,-0.074566453,0.59848016
11152000,0.076103435,13.49641178,237.3,38.9,2,56,535,1.089119376,0.264234032,1,0,10.954941,1.60170771,1,56,196,11.39590972,97.67080745,87.99171843,92.6242236,2.07,625.1,80.89,63.9,60.5,663.8,2.9,0.654,1.03,5,2.35,38.3,10.02,3.14,20.17,34.81,45.02,759.1,1785,113,0.387,34.7,-0.132,0.991,8.25,16.63,17.294107,56.86567164,98.01385681,89.05311778,93.41801386,2.102052119,3.129195329,14.97461206,10.20955047,0.169893383,-0.068276235,-0.083574071,0.764320105
11152050,0.037804698,13.49641178,238.9,40.9,2,56,535,1.108354032,0.313588258,1,0,8.868908,1.491041107,1,56,195.7,11.39590972,97.65868887,87.92924037,92.29968783,1.67,771.5,74.52,63.7,58.2,676.7,2.4,0.652,1.04,6,2.02,38.4,10.1,2.9,21.11,35.63,43.26,674.8,1785,52,0.359,31.4,0.227,0.974,8.44,15.13,17.029979,54.36893204,98.02842733,89.08757451,93.21412196,1.729693567,2.523499676,12.12311082,8.239170447,0.169893383,-0.068276235,-0.083574071,0.764320105
11390000,0.387112278,19.89949979,325.8,169.9,1,83.5,101,0.974179654,0.105716375,1,0,19.9594,1.79821741,1,83.5,248.9,12.99982321,97.6523888,94.93410214,93.28665568,0.96,383.3,174.98,52.3,88.3,636,22.2,0.555,0.94,4,1.45,56.7,10.42,2.18,18.76,41.93,39.31,1133.9,2185,119,0.495,20.6,-0.376,-0.926,13.33,9.81,16.983946,94.00352734,98.75094625,97.91824375,93.83043149,13.32626245,15.03232455,19.93289851,13.77177146,-0.059799535,-0.211512458,-0.054202315,0.471163756
11381500,0.42525556,18.99854436,335.3,227.9,1,82.66666667,101,1.114071705,0.280987807,1,0,12.398946,,1,82.66666667,327.2,18.99854436,97.64774495,95.80093313,92.49611198,0.66,337.6,143.89,52.7,90.1,627.7,28.2,0.512,0.61,3,1.34,65,10.3,2.86,20.11,41.06,38.84,1204.7,3162,128,0.357,27,-0.749,-0.662,12.58,8.98,14.722083,95.61752988,97.55925009,95.71984436,93.1376017,6.335430665,8.147719194,12.55758294,7.867890995,0.00550743,-0.066129263,-0.038366877,0.754549488
14096850,0.006886445,20.68092222,220.6,14.3,1,80.5,71,1.239195333,0.550414923,1,0,12.847491,0.829376028,1,80.5,40.5,5.399341693,97.62504498,98.09283915,94.80028787,1.76,374.6,63.23,63.5,98.2,572.8,37.1,0.399,0.75,4,1.18,80.4,11.21,2.4,21.23,40.29,38.48,942.7,1698,688,0.253,10.6,-0.847,0.531,8.18,5.54,16.908903,32.68348624,99.95465881,99.86397642,96.67875765,1.827171922,2.088788041,,,0.166933567,-0.016569656,-0.079200222,1.112342281
11143000,0.139940503,11.5989875,195.4,34.9,2,41,535,1.067549492,0.258377742,1,0,86.219962,1.022908078,1,41,193.1,11.5989875,97.61342155,87.28733459,88.94139887,2.74,120.6,116.26,67.4,72.8,639.5,3.4,0.654,0.98,4,1.47,40.3,10.29,4.14,14.13,31.45,54.42,779,1505,80,0.492,43.6,-0.447,-0.894,8.33,25.11,18.127121,56.96721311,97.60675739,87.04833412,89.01923979,14.47744466,22.15223881,86.30373134,57.91119403,0.197374876,-0.012650608,-0.043289764,0.650878409
11149900,0.031400931,11.49146303,201.2,77.2,2,71,252,1.167640768,0.394482129,1,0,21.73561,1.616261858,1,71,167.8,9.598308271,97.56613757,84.23280423,96.85185185,1.56,556.4,63.26,62,54,737.5,1.5,0.659,1.13,4,1.35,33.5,10.91,2.31,24.37,37.78,37.85,533.4,1785,248,0.186,19.5,-0.995,-0.102,9.33,13.34,16.227347,72.90836653,97.67671775,86.06030648,97.00939199,8.848335816,13.12359813,28.84609993,15.65149173,-0.152632416,-0.28278045,-0.012681255,0.248470686
11059300,0.105065579,48.48408019,248.3,0,2,50.66666667,936,1.08990914,0.247528,1,0,5.953975,1.553102126,1,50.66666667,202.4,47.64034286,97.5377728,99.16060436,90.99048685,1.38,946,67.84,42.5,47.8,641.9,27.6,0.57,1.05,5,1.86,28.1,10.09,7.16,11.69,29.16,59.16,1661,3477,292,0.43,26,0.124,-0.992,4.14,13.57,19.036583,13.69863014,97.86950732,99.06790945,92.85397248,2.220004155,3.071511628,5.803953488,2.260084567,0.114738498,-0.156899848,-0.078362245,0.631307471
9430600,0.046971733,8.297845022,89.4,43.9,1,34.92333333,62,1.00699903,0.10787557,1,0,31.471915,0.982202585,1,34.92333333,72.6,7.098934667,97.41144414,91.77111717,87.0027248,1.85,190.5,67.41,44.7,72,593.8,14,0.222,0.58,3,1.32,53.1,9.96,2.05,31.86,33.61,34.53,2371.3,3268,1694,0.444,40.6,-0.973,-0.231,18.25,10.8,15.895541,64.94117647,97.84730914,91.86483104,88.06007509,5.696973135,9.305669291,91.38944882,35.34944882,-0.010031994,-0.009456821,-0.002010775,
9183500,0.020923195,3.997924731,63,11.9,1,36,70,1.134253729,0.255177964,1,0,9.554376,1.58693339,1,36,58.6,3.29801715,97.15025907,72.79792746,90.88946459,0.97,74.3,66.99,52.1,75.1,523.8,35.2,0.117,0.82,2,1.82,55.8,9.43,4.38,18.47,33.98,47.55,2553,3783,1677,0.424,25.3,-0.048,-0.999,17.24,5.5,20.493111,51.47058824,96.6675345,76.04790419,91.75995834,2.287409489,3.148183042,10.63889637,3.052489906,0.041071366,0.007595602,-0.026073874,0.94602491
11101250,0.342474813,9.799907336,170,17.8,2,32,479,1.163996415,0.262994923,1,0,19.467814,0.2812935,1,32,161.1,9.199934545,97.02774108,81.17569353,85.00660502,3.16,237.3,62.69,59.1,33.7,843.8,0.3,0.655,0.85,3,1.36,34,10.8,2.61,18.95,41.98,39.07,471.3,1852,65,0.228,19.6,-0.987,-0.161,11.89,7.64,13.411358,56.26911315,97.01678061,82.90863891,85.82970789,15.93946448,13.65322377,19.49397387,12.38921197,-0.131122405,-0.32324592,-0.124205623,0.431183797
11138500,0.00508918,16.19759491,211,0,2,75.75,582,1.074171986,0.267763218,1,0,43.010103,1.393757,1,75.75,199.1,16.1987631,96.81637294,90.10801592,97.49857874,2,728.9,69.82,57.6,39.6,665.2,7.1,0.686,1.16,5,1.44,28.2,9.8,1.39,21.86,41.68,36.45,994.2,2081,193,0.424,34.2,0.199,-0.98,8.21,17.01,16.60856,8.529411765,97.15292842,89.80477223,97.61388286,32.67864011,35.43658938,,,-0.070876973,-0.150943448,-0.017087662,0.50503316
11148900,0.176848541,8.992878148,170.5,66.1,2,68.66666667,141,1.129964886,0.359945673,1,0,6.063932,1.901817314,1,68.66666667,141.3,8.199668118,96.69282511,81.55829596,96.69282511,1.48,403.5,69.16,62.7,52.5,745.3,1.5,0.653,0.99,5,1.22,31.2,11.37,2.86,22.94,36.87,40.19,551.8,1138,256,0.337,21.3,-0.586,0.81,9.43,14.72,16.11163,70.11494253,96.89534301,80.52078117,96.99549324,1.860832125,3.682081784,20.74907063,12.52795539,-0.033344383,-0.025799208,-0.003367973,0.907320201
11478500,0.499650386,10.58910514,203.1,0,1,76,973,1.048777826,0.120387139,1,0,12.895813,1.546514251,1,76,184.3,10.49902669,96.58554304,89.6476571,93.46167817,1.44,572.4,186.88,62.5,90.6,614.2,24.9,0.537,0.86,6,1.67,36.7,10.37,1.41,23.84,42.24,33.92,923,1788,120,0.484,25.8,0.884,-0.467,8.41,13.56,14.61381,3.898635478,96.2721342,87.63591177,94.4082013,1.95071882,5.137264151,8.748707198,1.959399022,0.29071361,0.057064211,0.019076361,0.619517434
11101250,0.421232087,24.59984,165,23,2,45.66666667,463,1.202590879,0.352111816,1,0,19.467814,0.2812935,1,45.66666667,154.3,22.69985882,96.5653897,96.5653897,92.60237781,3.16,237.3,62.69,59.1,33.7,843.8,0.3,0.655,0.85,3,1.36,34,10.8,2.61,18.95,41.98,39.07,471.3,1852,65,0.228,19.6,-0.987,-0.161,11.89,7.64,13.411358,60.24464832,96.8924798,97.07893101,92.97700435,15.93946448,13.65322377,19.49397387,12.38921197,-0.131122405,-0.32324592,-0.124205623,0.431183797
8277470,0.009910887,30.09450455,64.5,44.9,1,14.99,132,1.130585829,0.750754299,1,0,20.31672,1.556455052,1,14.99,55.9,24.89667857,96.53630305,99.43879341,66.99403718,2.31,258,82.04,52.2,90.9,369.5,36.6,0.073,0.53,3,1.49,64,10.04,1.28,27.65,33.69,38.66,3038.8,3911,2384,0.43,25.8,0.472,0.881,13.29,11.16,17.790895,51.47601476,96.71010807,99.58677686,68.84933249,5.458742065,6.172325581,19.94930233,14.98604651,-0.016481747,-0.018029543,0.001491012,0.969439731
9497980,0.019615754,7.799918841,95.9,56.5,1,62.92861111,989,1.109826874,0.307190897,1,0,7.772327,1.760716106,1,62.92861111,61.5,4.799502105,96.53512993,81.71318576,97.78633301,1.21,516.8,68.36,41,69.3,673.1,9.8,0.135,0.7,3,1.67,36.3,10.57,3.03,22.54,34.63,42.83,1688.6,2350,985,0.518,19.9,-0.996,0.089,4.47,7.07,17.814094,65.0273224,97.26277372,86.49635036,98.2012513,2.221099145,1.845975232,7.793188854,1.943034056,-0.010485517,-0.034210612,-0.004306335,0.753432004
11113000,0.048792059,35.47907224,333.7,0,2,110.8,885,1.080085941,0.198212826,1,0,34.168763,0.626898493,1,110.8,172.8,11.4989125,96.48541114,86.07427056,98.67374005,1.41,650,68.34,45.4,34.7,663.4,7.7,0.69,1.22,4,1.67,44.6,9.91,2,22.07,41.65,36.28,1251.5,2274,184,0.512,32.7,-1,0.016,7.03,17.46,16.054577,13.63636364,97.62693157,98.12362031,98.89624724,19.70198669,21.99904615,14.98787692,8.055507692,-0.062476334,-0.128931649,-0.018536262,0.582739149
11467200,0.449307475,19.89008032,171.5,11.5,2,63.66666667,162,1.030056634,0.083548778,1,0,32.048365,1.410971875,1,63.66666667,167.9,19.89008032,96.43956044,95.34065934,96,2.33,162.6,162.49,65.6,81.3,700.8,0.6,0.627,0.81,4,1.32,36,10.95,2.58,24.92,42.04,33.04,308.2,735,20,0.403,28.9,-1,0.009,8.19,32.66,14.168797,31.80076628,96.19677553,94.37784208,96.23811492,16.10916175,18.79649446,,,0.133127818,0.029218459,0.018554425,0.634974757
11466200,0.283559315,7.599893657,105.4,32,2,34.5,91,1.015737532,0.063267528,1,0,7.676397,0.941665039,1,34.5,85.4,7.299758,96.43036702,89.14027149,81.92559075,1.32,144.8,107.68,64.2,75.1,733.1,1.3,0.62,0.7,4,1.27,28.1,11.03,1.27,27,44.02,28.98,258.7,780,43,0.293,15.8,0.094,-0.996,8.23,21.97,17.015969,49.81949458,95.30201342,82.92785235,84.8783557,0.862305695,1.310220994,,,0.246827713,0.118719025,-0.027410759,1.093036938
13083000,0.049320587,9.595472753,41.5,41.9,1,34,322,1.013812047,0.102954509,1,0,74.133821,1.153044888,1,34,39.9,9.595472753,96.3615904,98.47461865,91.2228057,2.24,133.2,51.39,57.6,83.1,514.8,34.3,0.207,0.86,3,1.24,76.9,10.33,1.25,23,49.12,27.88,1942.5,2399,1477,0.506,22.9,-0.347,0.938,18.78,2.21,18.298273,83.77823409,96.55765921,98.4263585,91.36955987,32.06639603,33.54662162,74.73310811,41.60810811,0.075540832,-0.005487067,-0.003681137,0.992224687
11466170,0.189621562,7.299904706,95.6,27,2,32.5,91,1.014382952,0.059445527,1,0,22.469984,1.304360211,1,32.5,93.4,7.299844545,96.35854342,86.36788049,83.47338936,1.63,56,106,64.2,74.7,734.4,0.9,0.619,0.66,2,1.24,27,11.09,1.2,26.85,43.61,29.55,220.7,744,50,0.248,12.2,0.779,-0.627,8.29,21.98,16.615901,48.90510949,95.66946531,83.29650906,84.31285904,0.386782233,1.523571429,,,0.318419031,0.182841954,0.02381423,1.085053809
11113000,0.027053454,30.99295455,261.3,1.3,2,34.95666667,34,1.136710198,0.249830176,1,0,18.928716,1.316921813,1,34.95666667,234.2,30.99334205,96.35479951,97.32685298,77.76427704,1.41,650,68.34,45.4,34.7,663.4,7.7,0.69,1.22,4,1.67,44.6,9.91,2,22.07,41.65,36.28,1251.5,2274,184,0.512,32.7,-1,0.016,6.44,14.64,16.054577,33.63636364,97.01986755,97.29580574,79.58057395,6.141831074,9.616984615,14.98787692,8.055507692,0.337507811,0.159238311,-0.003296282,1.120543091
11466320,0.336564008,7.599915323,112.7,33.5,2,34.5,91,1.021383931,0.072538971,1,0,11.48391,1.070572978,1,34.5,86.8,7.299765746,96.31024096,88.75502008,81.14959839,1.27,199.4,102.63,64.2,72,732.8,1,0.622,0.67,4,1.3,28.7,12.14,1.14,27.37,43.92,28.71,204.1,780,19,0.243,12.2,-0.118,-0.993,8.23,20.92,16.638396,53.78590078,95.40325951,82.40702048,84.26661095,1.207236838,1.65330993,,,0.237026455,0.110131914,-0.019069815,1.08980785
11200800,0.014639809,16.68318413,115.6,36.4,2,42.5,94,1.084412875,0.233056284,1,0,37.21031,1.51904651,1,42.5,115.6,16.68318413,96.27998042,96.4268233,90.13705335,2.53,214.7,72.15,53.2,42.8,740.6,18.4,0.594,0.64,3,1.41,65.7,9.77,2.77,17.27,29.31,53.42,1214.9,2492,303,0.417,30.8,-0.155,-0.988,5.44,9.36,15.133741,67.92873051,96.33682207,96.43196955,90.41389153,23.12020326,27.05533302,40.09669306,23.41741966,0.052795599,0.03645621,-0.004801635,0.964664916
11466320,0.34934492,11.3958635,111.6,0,2,44,178,1.008531239,0.057603864,1,0,11.48391,1.070572978,1,44,85.3,8.199061818,96.18473896,91.11445783,88.25301205,1.27,199.4,102.63,64.2,72,732.8,1,0.622,0.67,4,1.3,28.7,12.14,1.14,27.37,43.92,28.71,204.1,780,19,0.243,12.2,-0.118,-0.993,12.72,5.65,16.638396,8.093994778,95.36147096,91.89302131,90.22147931,1.207236838,1.65330993,,,0.237026455,0.110131914,-0.019069815,1.08980785
11465200,0.036403502,19.996864,174.4,15.3,2,63.75,162,0.944650871,0.214911866,1,0,20.297152,0.795110735,1,63.75,168.7,19.99593067,96.08574091,95.38676608,93.84902144,1.11,421.6,133.48,64.5,78.7,774,0.5,0.627,0.78,5,1.47,33.8,11.23,2.16,24.71,42.56,32.73,335.8,939,55,0.321,26.3,-0.842,0.539,8,25.73,14.901978,28.76712329,96.1134862,95.10299262,94.86980179,5.64176385,7.31506167,,,0.143982475,0.038007274,0.034042917,0.800429621
11059300,0.128712818,15.9990201,216.1,0,2,39.5,474,1.073087484,0.33451275,1,0,5.629999,1.029095619,1,39.5,139,10.88588986,96.08399546,87.6276958,81.58342792,1.38,946,67.84,42.5,47.8,641.9,27.6,0.57,1.05,5,1.86,28.1,10.09,7.16,11.69,29.16,59.16,1661,3477,292,0.43,26,0.124,-0.992,4.66,8.01,19.036583,13.69863014,97.11495783,89.88015979,85.55259654,2.3244573,3.185200846,5.803953488,2.260084567,-0.136739485,-0.336634329,-0.108118365,0.502235725
8277470,0.012073063,11.49648455,56.5,42.8,1,15.90916667,86,1.080570592,0.479371691,1,0,20.31672,1.556455052,1,15.90916667,51.7,9.299844412,96.01017187,92.68677657,68.94949141,2.31,258,82.04,52.2,90.9,369.5,36.6,0.073,0.53,3,1.49,64,10.04,1.28,27.65,33.69,38.66,3038.8,3911,2384,0.43,25.8,0.472,0.881,14.21,9.44,17.790895,50.09225092,95.51811825,93.27717737,70.62142403,5.458742065,6.172325581,19.94930233,14.98604651,-0.016481747,-0.018029543,0.001491012,0.969439731
11138500,0.011615762,25.39835429,190.6,0,2,51.5,952,1.003887622,0.293694372,1,0,14.684484,0.673222561,1,51.5,101.9,13.28832629,95.99447514,93.92265193,89.67541436,2,728.9,69.82,57.6,39.6,665.2,7.1,0.686,1.16,5,1.44,28.2,9.8,1.39,21.86,41.68,36.45,994.2,2081,193,0.424,34.2,0.199,-0.98,9.16,14.96,16.60856,8.529411765,96.25813449,96.14967462,91.83839479,2.711386657,3.72223899,,,0.009270238,-0.016003441,-0.022367386,0.863240937
11123500,0.010292007,27.59788846,269.5,64.9,2,43.92333333,106,1.015722163,0.08179172,1,0,11.243107,1.233641415,1,43.92333333,191.9,18.69509717,95.99427754,91.84549356,84.40629471,1.89,718.1,79.99,52.6,34.3,660.8,3.8,0.712,1.27,5,1.39,25.8,9.92,1.14,22.63,41.55,35.82,934.1,2081,242,0.378,31.2,-0.578,-0.816,9.59,16.27,18.753658,63.81909548,97.28682171,95.95791805,87.65227021,7.582963909,7.580629439,16.02817156,5.57082579,0.336871276,0.128976975,-0.005361423,1.119131063
11152000,0.143146938,12.59713103,178.2,304.3,2,76.66666667,493,1.111323605,0.328410325,1,0,14.964649,1.788935464,1,76.66666667,163.5,12.194416,95.99266632,87.32320587,96.85699319,2.07,625.1,80.89,63.9,60.5,663.8,2.9,0.654,1.03,5,2.35,38.3,10.02,3.14,20.17,34.81,45.02,759.1,1785,113,0.387,34.7,-0.132,0.991,8.57,12.76,17.294107,98.80597015,96.21247113,88.17551963,97.22863741,11.17292732,12.15683891,14.97461206,10.20955047,-0.124185954,-0.333706557,-0.13432245,0.476982831
11466200,0.38133839,9.498506316,105.1,0,2,44,178,1.01353144,0.054025503,1,0,7.676397,0.941665039,1,44,81.8,8.199061818,95.97787833,91.55354449,88.88888889,1.32,144.8,107.68,64.2,75.1,733.1,1.3,0.62,0.7,4,1.27,28.1,11.03,1.27,27,44.02,28.98,258.7,780,43,0.293,15.8,0.094,-0.996,12.61,6.01,17.015969,6.678700361,95.21812081,88.33892617,90.72986577,0.862305695,1.310220994,,,0.246827713,0.118719025,-0.027410759,1.093036938
14377100,0.126440032,15.59935,316,1.9,1,154.8,1037,,0.611699677,0.999353169,0,9.194173,1.448795502,0.993103448,154.8,278.2,13.59954986,95.97439545,86.08819346,99.34566145,1.76,985.4,191.3,67.1,117.4,611.4,14.9,0.517,0.73,5,1.23,48.6,11.28,1.86,26.48,40.95,32.57,880.2,2142,397,0.289,27.4,0.76,-0.65,11.63,7.84,15.365487,10.87866109,97.03797468,89.89873418,99.41772152,6.337759213,7.258088086,28.04867059,7.48110412,-0.120517406,-0.169472201,-0.028610078,
11458000,0.041002635,20.99947071,180.6,20.7,2,36.99305556,789,1.058093642,0.188575013,1,0,7.469418,0.749639592,1,36.99305556,124.2,19.69746958,95.8863859,98.48188051,79.04015671,1.81,566.3,96.01,63.5,67.6,752.1,1.4,0.629,0.68,4,1.21,26.8,11,1.67,26.49,45.86,27.64,276.3,1261,13,0.212,18.6,-0.834,0.552,8.25,14.98,16.230256,37.11048159,97.12666936,98.30028329,82.59813841,0.513073094,1.896309377,,,0.331291423,0.132798817,0.03311812,0.74525601
11465350,0.024330815,19.996864,175.1,16.1,2,63.75,162,0.983410343,0.213006068,1,0,25.433253,0.92543356,1,63.75,169.7,19.99593067,95.87345254,95.27739569,93.71847776,1.03,559.8,130.36,64.5,76.9,775.7,0.4,0.629,0.79,5,1.37,34.8,11.21,2.23,24.58,42.8,32.63,293.6,939,25,0.297,23.8,-0.819,0.574,8.04,25.3,15.21547,48.31932773,95.69767442,94.96124031,94.68992248,6.739087022,9.911897106,,,0.14500476,0.052437907,0.041159918,0.736979084
11461000,0.128712818,27.19758643,145.8,74.4,2,36.94138889,157,1.052062347,0.155774232,1,0,32.301184,1.065652935,1,36.94138889,109.7,26.3972737,95.7942097,99.45226917,82.31611894,1.95,259.6,118.6,63.1,81.2,730.9,3,0.607,0.95,4,1.1,36,11.3,1.16,28.24,42.59,29.17,448.3,1014,191,0.314,20.6,-0.997,0.077,9.33,18.36,15.086673,73.98720682,97.39449541,99.30275229,83.37614679,6.630779176,11.66221109,,,0.326495311,0.194789621,0.002739299,1.016615306
11059300,0.046995145,25.7,228.2,27.3,2,97,118,1.09921071,0.315367037,1,0,10.204954,0.671506587,1,97,134.4,8.994515218,95.69685292,84.77842004,98.71547848,1.38,946,67.84,42.5,47.8,641.9,27.6,0.57,1.05,5,1.86,28.1,10.09,7.16,11.69,29.16,59.16,1661,3477,292,0.43,26,0.124,-0.992,4.77,15.02,19.036583,64.04109589,97.33688415,95.60585885,99.11229472,5.853874082,5.295634249,5.803953488,2.260084567,-0.005807219,-0.006058876,-0.000276588,1.513553525
11042900,0.027182152,10.79616811,87,13.1,2,52,118,1.025823496,0.080538441,1,0,18.942143,1.07582786,1,52,53.8,9.795647826,95.63350036,95.77666428,95.77666428,1.45,227.1,38.42,52.1,30.4,862.2,0.2,0.588,1,3,1.35,24,11.73,2.76,18.12,34.83,47.04,611.1,1381,325,0.274,8.4,-0.245,-0.97,11.22,8.09,16.576693,64.84018265,97.47356052,95.71092832,96.53349001,9.151408475,10.39775429,,,-0.001712901,0.01090723,-0.003448728,1.664460784
11204100,0.016824124,15.49913158,118.9,38.1,2,44,94,1.092710889,0.229652581,1,0,45.981764,1.33889849,1,44,118.9,15.49913158,95.59039686,93.92454679,89.53944145,2.9,249.1,79.83,55.9,53.1,703.2,25.2,0.595,0.74,4,1.36,65.9,9.43,2.64,18.72,31.31,49.98,1348.7,2824,292,0.417,34.4,0.119,-0.993,5.19,10.48,17.505672,71.59763314,95.47619048,93.95238095,89.83333333,14.70255814,23.47442794,48.9626656,16.38281815,0.039050928,0.017864718,-0.015427779,0.929846977
14400000,0.447362227,14.49715,271.5,0,1,126,1036,1.100146105,0.287940273,1,0,74.637963,1.39924243,1,126,270.4,14.49715,95.44881493,86.68683812,98.02067574,2.39,702.6,309.76,70.5,152.8,633.4,7.5,0.474,0.61,4,2.78,43.6,10.25,1.24,28.5,48.99,22.5,671.2,1535,17,0.431,36.5,-0.474,-0.88,12.1,15.91,12.840941,2.671755725,95.40942928,86.74937965,98.05210918,29.09731652,38.27613151,80.44816396,37.28364646,-0.106614833,-0.152036581,-0.019288246,
14372500,0.195044477,22.49199444,245.2,148.2,1,53.92333333,1003,1.028899113,0.245969795,1,0,22.5273,0.595195179,1,53.92333333,130.7,10.89366085,95.43292103,94.86203616,87.31366952,2.54,140.1,203.86,66.7,119.8,579.4,15.3,0.518,0.7,3,1.11,49.2,9.76,2.94,19.65,33.17,47.19,1116,1922,463,0.449,35.1,0.94,-0.34,10.76,8.31,14.23605,87.17948718,97.93103448,98.67586207,88.96551724,6.355348222,10.63104925,64.06366881,18.8745182,-0.119887994,-0.171814162,-0.019743375,
11458500,0.133299924,7.696484127,110.7,28.3,2,34.5,91,1.016182361,0.062299685,1,0,63.695385,1.042728974,1,34.5,107.5,7.599020851,95.41541111,83.29746018,84.93327594,2.59,150.4,107.96,63.9,77.4,739.6,1.4,0.626,0.64,3,1.77,23.2,10.42,1.81,24.93,43.89,31.18,301.1,824,39,0.336,17.6,-0.861,-0.509,8.12,22.19,19.519202,49.23664122,95.49128031,82.13526159,85.11271799,10.35774737,23.62679521,,,0.364218556,0.22495655,0.055653719,1.079780708
9508300,0.004567229,5.39771297,55.9,1.2,2,47.66666667,950,1.043711126,0.125430938,1,0,83.630661,1.091927993,1,47.66666667,55.6,5.39771297,95.38407329,81.36011276,97.1106413,1.24,93,61.67,39.9,60.5,779.9,8.4,0.144,0.7,3,1.58,36,10.05,2.68,22.26,37.89,39.84,1496.5,2272,712,0.503,27.8,0.203,-0.979,3.78,7.12,16.736963,24.7148289,95.21313767,81.16701607,97.16981132,25.49898573,26.68935484,,,-0.02164359,-0.046966731,-0.014561269,0.708457685
11274538,0.002316502,6.998779156,82.9,0,2,78.5,506,1.045655323,0.176690677,1,0,20.054364,1.350921136,1,78.5,67.4,6.397896552,95.36741214,88.76464324,98.72204473,1.27,469.4,42.12,61.9,44.8,864.4,1.3,0.619,0.06,4,1.31,29.8,10.95,1.77,24.47,43.22,32.31,405.1,1155,19,0.34,20.9,-0.28,0.96,8.08,8.42,18.511698,7.451923077,96.67666167,89.75512244,98.8005997,5.650655605,7.274584576,,,-0.049465492,-0.082955319,-0.016813739,0.668356741
11462500,0.055505432,27.18993077,227.6,103.7,2,37.98916667,157,1.060849091,0.219736018,1,0,14.014819,1.559220106,1,37.98916667,118.9,26.3972737,95.30477759,99.34102142,77.92421746,1.8,938.7,115.58,63.2,79.6,757,2,0.605,1.01,5,1.18,36.1,11.16,1.09,26.66,42.65,30.69,465.2,1187,159,0.299,21.1,-0.76,-0.649,9.49,18.21,15.801847,75.91397849,98.75710227,99.18323864,80.859375,3.010044322,5.965196548,5.881016299,2.132502397,0.342164246,0.20863686,0.009445792,1.023963702
9430600,0.072984559,7.299850289,67.6,0,1,30,97,1.035089189,0.140172101,1,0,31.471915,0.982202585,1,30,55.6,6.997695118,95.28610354,91.52588556,84.16893733,1.85,190.5,67.41,44.7,72,593.8,14,0.222,0.58,3,1.32,53.1,9.96,2.05,31.86,33.61,34.53,2371.3,3268,1694,0.444,40.6,-0.973,-0.231,15.89,7.73,15.895541,7.176470588,95.89486859,90.16270338,85.45682103,5.696973135,9.305669291,91.38944882,35.34944882,-0.010031994,-0.009456821,-0.002010775,
11173200,0.317159761,12.4960069,75.6,0,2,47.92861111,493,1.017501582,0.147106506,1,0,87.006427,0.955234442,1,47.92861111,74.5,12.49596253,95.2537594,97.36842105,93.75,1.32,199.1,62.25,63.2,58.1,792.3,4.1,0.584,0.96,4,1.42,34.1,10.49,2.12,23.06,45.64,31.3,817,1309,248,0.536,26.7,0.459,-0.888,8.06,8.66,16.584267,4.898648649,95.28037383,97.28971963,93.78504673,21.85655409,36.6775992,,,-0.053380448,-0.174917,-0.088926062,0.626923961
11458500,0.3050083,9.699842105,109.8,0,2,44,178,1.001261735,0.06202953,1,0,63.695385,1.042728974,1,44,104.9,9.799821622,95.22169608,89.36719759,90.48643995,2.59,150.4,107.96,63.9,77.4,739.6,1.4,0.626,0.64,3,1.77,23.2,10.42,1.81,24.93,43.89,31.18,301.1,824,39,0.336,17.6,-0.861,-0.509,12.86,5.96,19.519202,7.824427481,95.32113994,87.83496385,90.59974479,10.35774737,23.62679521,,,0.364218556,0.22495655,0.055653719,1.079780708
9404450,0.005810083,12,66.3,25.6,1,39,1055,0.820273725,0.439439899,1,0,14.12125,1.495243097,1,39,34.8,7.297532496,95.2027027,96.01351351,93.90202703,2.21,193,46.03,54.3,64.1,511.3,37.5,0.146,0.49,3,1.1,77.9,10.5,1.53,27.11,45.25,27.64,2214.5,2588,1800,0.528,23.3,-0.996,0.092,9.81,2.78,16.150084,72.32441472,98.42427779,98.62853808,94.70382259,4.678595116,7.601968912,13.95839378,7.030725389,-0.02721098,-0.09098101,-0.026802469,0.58998073
11451715,0.117653588,5.0982,107,9.1,2,74.5,252,0.9935351,0.180069176,1,0,11.655139,0.944331954,1,74.5,92,4.799392,95.1245363,76.20561738,96.52888182,0.9,247.9,70.02,59.6,55.5,854.4,1,0.615,0.96,4,1.19,43.2,10.66,0.49,37.34,42.78,19.88,560.5,1162,264,0.34,18.2,-0.265,0.964,10.43,10.33,18.827651,30.55555556,95.26785714,76.33928571,97.07589286,2.304121352,5.157482856,23.98777733,10.34183138,-0.10161265,-0.17261918,-0.000991337,0.440970776
9430600,0.112821345,11.88629466,75,60.8,1,70,32,0.976561635,0.120831581,1,0,31.471915,0.982202585,1,70,54.3,11.59550997,95.08174387,96.94822888,98.16076294,1.85,190.5,67.41,44.7,72,593.8,14,0.222,0.58,3,1.32,53.1,9.96,2.05,31.86,33.61,34.53,2371.3,3268,1694,0.444,40.6,-0.973,-0.231,19.49,9.71,15.895541,74.70588235,96.7709637,96.02002503,98.31038798,5.696973135,9.305669291,91.38944882,35.34944882,-0.010031994,-0.009456821,-0.002010775,
11113500,0.018832193,13.19358333,122.9,0,2,34.9,34,1.056716506,0.158585141,1,0,85.14101,0.938475197,1,34.9,119.3,13.19353059,95,90.74829932,86.32653061,2.67,103.3,67.78,49.9,39.1,708.5,2.6,0.693,1.18,4,1.59,40.1,9.58,1.4,23.56,44.22,32.23,996,2039,186,0.437,34.4,-0.944,-0.329,8.24,15.01,15.259699,13.63636364,95.01992032,90.1062417,86.65338645,30.60330822,37.52207164,84.35972894,53.69332043,0.306833822,0.120707476,-0.02083701,1.116919209
11458000,0.061003921,12.29940456,129.9,0,2,44,178,0.984921674,0.084890757,1,0,7.469418,0.749639592,1,44,108.8,12.29934968,94.80901077,93.24191969,85.50440744,1.81,566.3,96.01,63.5,67.6,752.1,1.4,0.629,0.68,4,1.21,26.8,11,1.67,26.49,45.86,27.64,276.3,1261,13,0.212,18.6,-0.834,0.552,13.24,5.27,16.230256,5.382436261,94.61756374,91.25859976,87.94010522,0.513073094,1.896309377,,,0.415178669,0.289137373,0.124341333,1.064135749
11014000,0.014314168,5.299427973,63,32.6,2,34.5,97,1.057937738,0.163681386,1,0,70.695026,1.1438699,1,34.5,60.2,4.999833333,94.80519481,81.38528139,87.26035869,2.91,181.8,44.33,55.8,42.1,846.3,0,0.609,1.26,5,1.39,33.8,10.3,3.01,18.77,38.69,42.55,490.9,1128,158,0.343,19.4,-0.048,-0.999,11.13,8.78,16.12831,74.11764706,94.70238095,81.78571429,87.73809524,14.04208239,17.86534653,,,-0.006185545,-0.010566427,-0.001197285,0.878566322
11014000,0.003831649,12.49708407,63.4,2.3,2,22.66666667,421,1.005882972,0.085615857,1,0,70.695026,1.1438699,1,22.66666667,59.6,11.19734559,94.61966605,95.60915275,63.41991342,2.91,181.8,44.33,55.8,42.1,846.3,0,0.609,1.26,5,1.39,33.8,10.3,3.01,18.77,38.69,42.55,490.9,1128,158,0.343,19.4,-0.048,-0.999,11.45,4.97,16.12831,34.70588235,94.82142857,96.54761905,64.01785714,14.04208239,17.86534653,,,-0.007933595,-0.009275332,-0.015713013,0.813778329
11458000,0.026701716,8.691365378,116.4,39.6,2,34.5,91,1.010445807,0.095798896,1,0,7.469418,0.749639592,1,34.5,105.5,7.599096454,94.51518119,81.9294809,77.49755142,1.81,566.3,96.01,63.5,67.6,752.1,1.4,0.629,0.68,4,1.21,26.8,11,1.67,26.49,45.86,27.64,276.3,1261,13,0.212,18.6,-0.834,0.552,7.91,19.59,16.230256,50.14164306,93.54512343,82.92189397,81.28288142,0.513073094,1.896309377,,,0.415178669,0.289137373,0.124341333,1.064135749
11042800,0.008390169,5.99844,51.4,0,2,63,846,1.007610903,0.049725814,1,0,36.399541,1.263146869,1,63,45.4,4.998726842,94.46480938,87.02346041,98.49706745,1.14,148.5,33.74,54.3,29.5,884.7,0,0.599,0.94,4,1.23,20.3,12.27,2.7,18.97,36.43,44.59,484.1,830,321,0.326,8,-0.21,-0.978,11.65,7.04,14.66485,13.36898396,93.51351351,87.22972973,98.61486486,1.917557957,7.655757576,,,0.044951327,0.102959798,-0.013182291,
11148900,0.263869251,6.1,137.8,3.4,2,62.96,155,1.121276584,0.345318761,1,0,6.063932,1.901817314,1,62.96,112.4,5.399962862,94.42264574,70.6838565,95.85201794,1.48,403.5,69.16,62.7,52.5,745.3,1.5,0.653,0.99,5,1.22,31.2,11.37,2.86,22.94,36.87,40.19,551.8,1138,256,0.337,21.3,-0.586,0.81,10.3,11.45,16.11163,28.35249042,94.99248873,71.60741112,96.24436655,1.860832125,3.682081784,20.74907063,12.52795539,-0.033344383,-0.025799208,-0.003367973,0.907320201
11152050,0.108642627,16.69952273,144.7,66.7,2,55.875,814,1.142610902,0.401087218,1,0,5.778692,1.628838967,1,55.875,129.4,16.69940909,94.41760601,93.29039184,92.00214707,1.67,771.5,74.52,63.7,58.2,676.7,2.4,0.652,1.04,6,2.02,38.4,10.1,2.9,21.11,35.63,43.26,674.8,1785,52,0.359,31.4,0.227,0.974,8.75,11.74,17.029979,68.44660194,94.13113251,92.20541036,93.16827144,2.814091554,3.832378483,12.12311082,8.239170447,-0.083696349,-0.130360625,-0.01582025,
9513780,0.141663865,25.09465,58.9,132.2,1,15.91666667,767,0.836734777,0.504382831,1,0,90.81327,1.095059029,1,15.90916667,58.5,25.09390588,94.39868204,99.21746293,63.71499176,2.34,177.5,52.71,40,52.6,949,0.8,0.196,0.87,3,1.36,22.1,10.1,3.45,30.93,30.45,38.62,1208.9,1783,721,0.467,22.5,-0.241,-0.97,26.92,4.37,18.230644,97.96610169,94.3852459,99.22131148,63.81147541,38.35176222,28.51808451,16.69070423,2.558647887,0.008643851,-0.010861066,-0.003648417,0.833262072
9223000,0.005405011,4.89964878,50.1,17.2,1,43,775,1.056610323,0.156906473,1,0,5.143309,0.28646492,1,43,27,2.699515385,94.33778067,87.53660918,85.0959974,2.36,333.2,72.15,51,99.3,376.5,64.9,0.231,0.8,4,1.67,73,10.81,2.89,20.19,50.73,29.08,2583.7,3027,2275,0.411,18,-0.667,-0.745,2.79,4.92,17.636514,58.27464789,95.3272005,90.90528957,90.07944805,0.353832741,1.350540216,,,,,,0.8556535
14179000,0.260826488,14.59914904,130,15.3,1,61.99277778,54,1.003200019,0.105808696,1,0,77.381654,1.177119032,1,61.99277778,124.9,14.5995189,94.20832416,97.79784189,87.64589298,1.73,272.5,205.35,67.6,161.7,519,44.6,0.425,0.85,4,1.29,71.1,10.13,5.02,13.2,43.79,43.02,1149.5,2134,525,0.401,34.9,0.483,-0.876,7.84,14.62,13.481528,28.19706499,94.17955326,97.42268041,87.95103093,50.11100534,49.83555963,77.26253211,38.73291743,0.210483627,0.133794503,0.100213383,0.841001368
11149900,0.080919741,5.899983921,128.1,2.5,2,64,266,1.152265215,0.348179198,1,0,21.73561,1.616261858,1,64,115.5,5.399977612,94.17989418,70.79365079,95.82010582,1.56,556.4,63.26,62,54,737.5,1.5,0.659,1.13,4,1.35,33.5,10.91,2.31,24.37,37.78,37.85,533.4,1785,248,0.186,19.5,-0.995,-0.102,10.24,10.95,16.227347,21.11553785,94.01878398,71.97231834,96.04547701,8.848335816,13.12359813,28.84609993,15.65149173,-0.152632416,-0.28278045,-0.012681255,0.248470686
11138500,0.001740422,10.79975647,151.8,0,2,40,510,1.019810025,0.204665113,1,0,43.010103,1.393757,1,40,140.9,10.88796,94.03069926,83.57021035,85.50312678,2,728.9,69.82,57.6,39.6,665.2,7.1,0.686,1.16,5,1.44,28.2,9.8,1.39,21.86,41.68,36.45,994.2,2081,193,0.424,34.2,0.199,-0.98,11,5.11,16.60856,8.529411765,94.170282,83.56832972,86.00867679,32.67864011,35.43658938,,,-0.070876973,-0.150943448,-0.017087662,0.50503316
9497980,0.277798523,43.28784,170,98.5,1,49,824,1.178786334,0.498182891,1,0,9.741345,0.397009519,1,49,56.5,10.99842292,94.02959394,95.07914659,95.01032347,1.21,516.8,68.36,41,69.3,673.1,9.8,0.135,0.7,3,1.67,36.3,10.57,3.03,22.54,34.63,42.83,1688.6,2350,985,0.518,19.9,-0.996,0.089,21.95,9.19,17.814094,82.87795993,99.27007299,99.84358707,96.19395203,1.281628952,1.802612229,7.793188854,1.943034056,0.181422025,-0.043199143,-0.05462882,0.75918412
11149900,0.047584879,15.29527,128,0,2,46,605,1.095038769,0.224105505,1,0,17.709379,0.835520463,1,46,78.3,12.7984026,93.94719897,95.04185448,87.57244044,1.56,556.4,63.26,62,54,737.5,1.5,0.659,1.13,4,1.35,33.5,10.91,2.31,24.37,37.78,37.85,533.4,1785,248,0.186,19.5,-0.995,-0.102,10.24,10.95,16.227347,6.374501992,93.96935245,91.69550173,90.11369254,3.652168799,5.344680086,28.84609993,15.65149173,-0.018864887,-0.022315158,-0.021583866,
11113500,0.019736796,10.19978333,114.9,0,2,40.66666667,145,1.01380428,0.071628294,1,0,18.940755,1.81859973,1,40.66666667,99.7,9.498770144,93.78023497,84.24326192,89.56461645,2.67,103.3,67.78,49.9,39.1,708.5,2.6,0.693,1.18,4,1.59,40.1,9.58,1.4,23.56,44.22,32.23,996,2039,186,0.437,34.4,-0.944,-0.329,8.24,15.01,15.259699,13.63636364,94.35590969,84.59495352,89.97343958,12.37726183,14.70493708,84.35972894,53.69332043,0.006263592,0.01337862,0.00190855,1.132471162
9404450,0.006074178,5.799929175,40.2,0,1,19.8,483,1.042830021,0.135796959,1,0,14.12125,1.495243097,1,19.8,30.3,4.599981358,93.76689189,90.27027027,70.67567568,2.21,193,46.03,54.3,64.1,511.3,37.5,0.146,0.49,3,1.1,77.9,10.5,1.53,27.11,45.25,27.64,2214.5,2588,1800,0.528,23.3,-0.996,0.092,7.99,4.61,16.150084,8.193979933,95.38955355,91.77122848,73.53370295,4.678595116,7.601968912,13.95839378,7.030725389,-0.059390061,-0.144598633,-0.034442,0.449450623
11173200,0.312893038,5.299868235,63.9,80.7,2,78,496,1.034555477,0.11887915,1,0,87.006427,0.955234442,1,78,61.1,5.299868235,93.67951128,81.25,98.51973684,1.32,199.1,62.25,63.2,58.1,792.3,4.1,0.584,0.96,4,1.42,34.1,10.49,2.12,23.06,45.64,31.3,817,1309,248,0.536,26.7,0.459,-0.888,8.06,8.66,16.584267,89.18918919,93.87850467,80.79439252,98.52803738,21.85655409,36.6775992,,,-0.053380448,-0.174917,-0.088926062,0.626923961
12142000,1.056750888,9.496011789,161.3,195.9,1,60.96166667,58,1.053232165,0.147826964,1,0,5.299237,0.724100775,1,60.96166667,136.6,8.499593375,93.55345912,87.96046721,84.29919137,2.76,165.6,333.51,74.1,209.9,513.4,48.6,0.323,0.67,4,1.5,54.7,9.71,5.63,7.09,35.43,57.48,931.7,1789,365,0.405,44.4,0.117,-0.993,7.32,27.49,13.000419,95.03386005,93.57042395,87.1408479,85.95539482,0.911088829,3.573913043,,,0.001506249,-0.015546699,-0.016700071,1.117515397
11461500,0.137610017,18.39257177,103.3,64.7,2,37.9375,157,1.018554277,0.072841779,1,0,19.923258,2.990428809,1,37.9375,80.7,18.39189432,93.50783182,98.96949711,82.27535037,2.19,238.7,114.45,62.5,77.8,761.6,2,0.595,1.06,4,1.35,37.3,11.11,0.92,28.71,43.04,28.25,497.3,1167,258,0.27,20.9,-0.276,-0.961,9.37,17.85,16.250428,73.26203209,94.94530366,98.90607318,83.77970577,4.814853355,10.7385421,23.12739841,8.386175115,0.369863037,0.233112312,0.021301804,1.03650946
14377100,0.205177688,13.29861897,208,31.6,1,92.66666667,587,,0.281925812,1,0,28.669395,1.651795461,1,92.66666667,144.7,9.794708044,93.47109913,88.46960168,94.48936807,1.76,985.4,191.3,67.1,117.4,611.4,14.9,0.517,0.73,5,1.23,48.6,11.28,1.86,26.48,40.95,32.57,880.2,2142,397,0.289,27.4,0.76,-0.65,7.92,13.49,15.365487,34.10041841,93.6835443,86.65822785,95.3164557,11.14130753,16.47692308,28.04867059,7.48110412,-0.135833937,-0.337825093,-0.18017462,0.425232851
11113000,0.027924741,13.29951786,183,0,2,47.5,145,1.070843233,0.219684419,1,0,34.168763,0.626898493,1,47.5,119,8.499462857,93.43501326,81.16710875,87.73209549,1.41,650,68.34,45.4,34.7,663.4,7.7,0.69,1.22,4,1.67,44.6,9.91,2,22.07,41.65,36.28,1251.5,2274,184,0.512,32.7,-1,0.016,6.44,14.64,16.054577,13.63636364,94.70198675,85.7615894,89.73509934,19.70198669,21.99904615,14.98787692,8.055507692,0.0061851,0.01004091,0.00293228,1.169524863
11278400,0.057051087,42.79109,126.5,137.1,1,11,337,1.027508966,0.350225515,1,0,25.788143,0.4590475,1,11,99.9,32.7,93.42574257,99.92079208,24.0990099,1.88,610.5,130.21,62.7,76.4,514,47.9,0.559,0.69,5,1.44,58.1,10.13,8.79,8.15,22.58,69.27,2176.1,3275,689,0.578,25.1,-0.675,-0.738,15.91,1.07,14.084845,88.88888889,94.65095195,99.90933817,33.87730432,9.684830674,12.71616708,24.33238329,12.88255528,0.010556646,-0.010139737,0.004717483,0.955176759
11059300,0.079323016,34.7904,278.9,0,1,47.66666667,31,1.082428357,0.47659346,1,0,5.953975,1.553102126,1,47.66666667,105,7.889417444,93.39675434,79.29490767,88.47229994,1.38,946,67.84,42.5,47.8,641.9,27.6,0.57,1.05,5,1.86,28.1,10.09,7.16,11.69,29.16,59.16,1661,3477,292,0.43,26,0.124,-0.992,19.83,1.22,19.036583,13.69863014,98.44651576,97.82512206,90.90102086,2.220004155,3.071511628,5.803953488,2.260084567,0.006505661,0.006768044,0.000316906,0.952395583
14377100,0.247707517,20.9981625,210.9,195.9,1,37.75,1000,,0.527811797,0.999353169,0,9.194173,1.448795502,0.993103448,37.75,205.7,20.9981625,93.35704125,94.76529161,71.03840683,1.76,985.4,191.3,67.1,117.4,611.4,14.9,0.517,0.73,5,1.23,48.6,11.28,1.86,26.48,40.95,32.57,880.2,2142,397,0.289,27.4,0.76,-0.65,7.92,13.49,15.365487,88.07531381,93.82278481,95.18987342,73.92405063,6.337759213,7.258088086,28.04867059,7.48110412,-0.120517406,-0.169472201,-0.028610078,
11042900,0.012094811,5.897895143,51,0,2,64,846,1.002052842,0.058908951,1,0,15.117915,0.970781969,1,64,44,4.998243405,93.3181473,86.40850418,98.06378132,1.45,227.1,38.42,52.1,30.4,862.2,0.2,0.588,1,3,1.35,24,11.73,2.76,18.12,34.83,47.04,611.1,1381,325,0.274,8.4,-0.245,-0.97,11.22,8.09,16.576693,13.24200913,93.00822562,87.01527615,98.50176263,2.290242769,3.785468956,,,,,,
11461000,0.089335422,26.98965143,97.8,58.6,2,13.99333333,789,1.069854434,0.212688368,1,0,32.301184,1.065652935,1,13.99333333,86.6,26.89085433,93.19248826,99.53051643,38.771518,1.95,259.6,118.6,63.1,81.2,730.9,3,0.607,0.95,4,1.1,36,11.3,1.16,28.24,42.59,29.17,448.3,1014,191,0.314,20.6,-0.997,0.077,7.07,18.28,15.086673,67.48400853,93.79816514,99.19266055,41.50458716,6.630779176,11.66221109,,,0.209937019,-0.022380016,-0.083442379,0.63869295
11451715,0.041235869,15.79783434,109.9,10.5,2,45.66666667,497,1.039612043,0.114015721,1,0,24.133838,1.666551161,1,45.66666667,84,14.09729938,93.16634241,96.93579767,88.18093385,0.9,247.9,70.02,59.6,55.5,854.4,1,0.615,0.96,4,1.19,43.2,10.66,0.49,37.34,42.78,19.88,560.5,1162,264,0.34,18.2,-0.265,0.964,7.69,10.4,18.827651,32.63888889,95.44642857,97.72321429,89.15178571,2.888346264,4.86014522,23.98777733,10.34183138,0.068171654,-0.111624448,-0.088059976,0.633678478
11451715,0.002867092,20.39677941,138.4,0,2,35.96555556,540,1.127618833,0.273610703,1,0,5.595129,0.165455251,1,35.96555556,61.1,8.091699869,93.10344828,94.59770115,77.70114943,0.9,247.9,70.02,59.6,55.5,854.4,1,0.615,0.96,4,1.19,43.2,10.66,0.49,37.34,42.78,19.88,560.5,1162,264,0.34,18.2,-0.265,0.964,8.75,13.34,18.827651,6.423611111,97.05357143,99.10714286,82.63392857,0.869588895,1.310246067,23.98777733,10.34183138,-0.019746142,-0.057276743,-0.01927148,0.693622789
11451715,0.080872564,7.898593913,95,0,1,67.5,981,1.049114271,0.113061378,1,0,11.690112,0.296371599,1,67.5,60,6.49967,93.01136364,90.625,94.54545455,0.9,247.9,70.02,59.6,55.5,854.4,1,0.615,0.96,4,1.19,43.2,10.66,0.49,37.34,42.78,19.88,560.5,1162,264,0.34,18.2,-0.265,0.964,13.19,3.31,18.827651,6.423611111,94.46428571,86.91964286,95.71428571,1.945488238,3.78987495,23.98777733,10.34183138,0.156024312,0.06469942,-0.124663435,0.832466486
9353800,0.002025386,16.39226818,59.5,10.3,1,39.75,54,0.985107177,0.347434291,1,0,14.01843,0.732598338,1,39.75,39,13.69373798,92.99757282,99.02912621,80.9223301,1.26,880.8,84.75,52.5,111.4,398.1,46.2,0.068,0.52,4,1.22,64.3,9.73,2.39,20.87,37.37,41.76,3029.5,4273,2030,0.446,33.4,-0.998,-0.061,12.37,8.92,9.979675,25.19379845,93.82142857,98.76785714,85.76785714,3.604967791,8.226089918,,,-0.01228406,-0.015386905,-0.003033844,
9342500,0.08687097,9.499765742,85.2,102.4,1,33,109,1.00732906,0.310873889,1,0,10.452957,1.515753581,1,33,60.2,8.699711688,92.99707273,94.55077685,71.68430534,2,726.9,99.32,50.6,102.4,399.5,54.9,0.122,0.66,4,1.3,63.2,9.73,5.26,19.93,41.58,38.49,2968.1,4027,2154,0.436,31.2,-0.871,-0.491,9.26,7.87,11.980939,90.56603774,93.81336838,92.3770184,76.126549,3.405147869,4.768551383,,,,,,1.003178144
11224500,0.021746951,8.596828571,79.1,0.1,2,46,527,1.058013447,0.210205423,1,0,17.519332,1.2074693,1,46,63.2,6.497331503,92.98655757,84.16130918,91.4377557,2.43,247.4,47.01,49.5,44.4,791.8,2,0.63,1.19,5,1.82,29,10.38,1.74,35.56,40.29,24.15,804.2,1513,331,0.402,26.1,-0.951,0.308,7.4,6.81,21.958024,15.63786008,94.52201933,88.45327605,92.132116,10.79532778,13.10274859,,,-0.055450952,-0.185359228,-0.085632052,0.625048745
11043000,0.010386956,8.997411493,68.5,0,2,64,846,0.992382144,0.13468606,1,0,15.431556,1.785573251,1,64,45.7,4.998726842,92.96042618,85.76864536,96.91780822,1.41,572.5,37.11,54,29.9,879.2,0.1,0.614,1.02,5,1.08,23.8,12.19,2.65,18.48,35.38,46.14,520.6,1381,303,0.207,8.3,-0.454,-0.891,11.66,7.87,16.167722,13.39285714,93.17425083,90.12208657,97.75249723,1.382765683,3.507877729,,,0.048427092,0.107412762,-0.011260974,
11355500,0.014484307,25.19908571,148,59,1,62.83333333,98,1.172997284,0.433229843,1,0,14.210577,1.134187284,1,62.83333333,145.6,25.19965714,92.9513758,98.75612514,88.03241613,2.22,312.8,126.13,57.7,91.5,509,48.1,0.459,0.36,4,1.36,70.9,10.7,3.62,12.35,40.27,47.38,1795.8,3168,1318,0.258,14.4,0.31,0.951,8.75,8.26,10.440346,52.72727273,92.41592313,98.6273164,89.10432395,3.618371295,4.67637468,14.25460358,5.147314578,0.030874988,0.022651999,-0.019625809,0.993896946
9342500,0.056875164,15.98524655,88.2,175.5,1,29,99,1.045935078,0.343954556,1,0,10.452957,1.515753581,1,29,59.5,15.59665245,92.92952038,98.60391804,68.55437964,2,726.9,99.32,50.6,102.4,399.5,54.9,0.122,0.66,4,1.3,63.2,9.73,5.26,19.93,41.58,38.49,2968.1,4027,2154,0.436,31.2,-0.871,-0.491,9.26,7.87,11.980939,97.69392034,94.13255727,97.54036801,73.47915884,3.405147869,4.768551383,,,,,,1.003178144
11138500,0.019307806,12.19796011,99,83.1,1,34.75,978,0.996165804,0.110061894,1,0,14.684484,0.673222561,1,34.75,75.3,9.696349875,92.88674033,88.05248619,77.48618785,2,728.9,69.82,57.6,39.6,665.2,7.1,0.686,1.16,5,1.44,28.2,9.8,1.39,21.86,41.68,36.45,994.2,2081,193,0.424,34.2,0.199,-0.98,12.13,3.77,16.60856,76.47058824,89.96746204,85.68329718,82.15835141,2.711386657,3.72223899,,,0.009270238,-0.016003441,-0.022367386,0.863240937
8277470,0.009702352,15.49810735,45.6,115,1,9.988055556,125,0.896168517,0.499092702,1,0,20.31672,1.556455052,1,9.988055556,37,12.79696231,92.81830937,96.03647843,49.41248685,2.31,258,82.04,52.2,90.9,369.5,36.6,0.073,0.53,3,1.49,64,10.04,1.28,27.65,33.69,38.66,3038.8,3911,2384,0.43,25.8,0.472,0.881,13.29,11.16,17.790895,85.2398524,93.29307057,96.26509854,52.43960585,5.458742065,6.172325581,19.94930233,14.98604651,-0.016481747,-0.018029543,0.001491012,0.969439731
11159200,0.241291212,17.19101143,102,0,2,49.66666667,277,1.094359391,0.286927718,1,0,12.563615,1.632601188,1,49.66666667,95.4,15.09463973,92.79411765,92.05882353,94.50980392,1.76,71,84.62,68.1,68.6,691.1,0.1,0.629,0.85,3,1.21,34.5,10.12,2.59,21.18,36.59,42.23,305.2,863,27,0.333,21,-0.996,-0.089,10.55,16.18,16.438445,7.399103139,93.51503759,93.98496241,94.73684211,0.115679955,6.346901408,,,-0.127837624,-0.198151712,-0.021594393,0.520919075
9510200,0.004068088,8.499670393,63.3,33.3,2,22,1024,1.102172825,0.246136446,1,0,13.021051,1.954168424,1,22,55.8,8.292074973,92.77777778,89.35897436,66.53846154,1.74,425.3,61.33,36.1,50,956.2,2.1,0.215,1.04,5,1.39,30.1,10.19,4.14,15.96,29.86,54.17,1161.3,2161,545,0.383,21.4,-0.57,-0.822,11.26,8.96,17.785195,64.94464945,92.06263499,86.03311735,69.43844492,2.9162357,3.650787679,51.02477531,24.56769952,-0.009126451,-0.030659327,-0.015634529,0.775327805
11456000,0.06335605,8.599775974,108.4,34.6,2,34.5,91,0.995159019,0.039610595,1,0,8.882523,2.160787162,1,34.5,90.8,7.79925058,92.74599542,83.06636156,82.65446224,1.79,212.3,104.44,64,69.8,743.7,1.5,0.624,0.68,4,1.39,28.5,10.89,2.14,24.23,44.57,31.21,305.3,1261,75,0.209,20.9,-0.876,0.483,7.94,21.08,16.071526,51.85185185,93.94563427,84.76112026,84.39044481,1.060217481,3.36895902,,,0.346790641,0.226602182,0.063994836,1.076802118
11138500,0.011227275,11.0996625,141.2,51.5,2,45,593,1.03351149,0.235225757,1,0,43.010103,1.393757,1,45,127.7,10.79705882,92.72313815,83.45650938,88.37407618,2,728.9,69.82,57.6,39.6,665.2,7.1,0.686,1.16,5,1.44,28.2,9.8,1.39,21.86,41.68,36.45,994.2,2081,193,0.424,34.2,0.199,-0.98,8.21,17.01,16.60856,60.88235294,93.70932755,84.05639913,88.7472885,32.67864011,35.43658938,,,-0.070876973,-0.150943448,-0.017087662,0.50503316
12178100,0.386360054,11.99898545,102.5,47.1,1,30,60,0.999114666,0.096324416,1,0,5.210638,0.317886659,1,30,82.1,9.999430769,92.71438531,97.09504997,63.28143156,2.89,69.7,280.14,69.5,183.8,547.9,59.6,0.415,0.56,3,1.26,63.9,9.23,2.35,9.84,47.21,42.95,1300.6,2460,372,0.457,58.3,0.676,-0.737,5.37,25.6,13.27064,63.6627907,92.82436379,96.91280768,67.0212766,0.330902641,4.119081779,,,0.02384693,0.012172949,0.002641247,0.810039498
11043000,0.07122484,7.398161381,59.2,3.3,2,32.66666667,827,0.990573751,0.11134701,1,0,15.431556,1.785573251,1,32.66666667,43.8,6.291010276,92.69406393,89.8021309,81.54490107,1.41,572.5,37.11,54,29.9,879.2,0.1,0.614,1.02,5,1.08,23.8,12.19,2.65,18.48,35.38,46.14,520.6,1381,303,0.207,8.3,-0.454,-0.891,11.03,9.09,16.167722,40.625,91.62042175,87.34739179,85.87680355,1.382765683,3.507877729,,,0.048427092,0.107412762,-0.011260974,
11149900,0.114509067,11.49706477,108.1,251,2,38,493,1.221484027,0.475546449,1,0,28.802865,1.62219344,1,38,108,11.49706477,92.60217279,86.13554061,84.24728401,1.56,556.4,63.26,62,54,737.5,1.5,0.659,1.13,4,1.35,33.5,10.91,2.31,24.37,37.78,37.85,533.4,1785,248,0.186,19.5,-0.995,-0.102,8.45,9.76,16.227347,97.60956175,92.41225902,86.15916955,84.84923381,15.62239126,19.76732566,28.84609993,15.65149173,-0.099807988,-0.274406916,-0.111636336,0.504944363
11461500,0.048756653,6.999564516,89.7,17.6,2,53,914,0.988341116,0.088105236,1,0,23.026463,1.979605621,1,53,71.2,6.399434139,92.58943782,83.47529813,91.95059625,2.19,238.7,114.45,62.5,77.8,761.6,2,0.595,1.06,4,1.35,37.3,11.11,0.92,28.71,43.04,28.25,497.3,1167,258,0.27,20.9,-0.276,-0.961,6.91,22.15,16.250428,38.85918004,93.77593361,81.85590343,92.87061486,5.04689448,7.209426058,23.12739841,8.386175115,0.122348297,-0.068933365,-0.069828884,0.661306993
11014000,0.014485502,5.799808352,49.7,28.7,2,36,77,1.053990791,0.15563196,1,0,70.695026,1.1438699,1,36,49.5,5.799808352,92.5170068,85.15769944,88.40445269,2.91,181.8,44.33,55.8,42.1,846.3,0,0.609,1.26,5,1.39,33.8,10.3,3.01,18.77,38.69,42.55,490.9,1128,158,0.343,19.4,-0.048,-0.999,11.13,8.78,16.12831,71.17647059,91.93452381,84.22619048,88.83928571,14.04208239,17.86534653,,,-0.006185545,-0.010566427,-0.001197285,0.878566322
11059300,0.104167583,10.29803143,127,0,2,50.66666667,202,1.03142575,0.110075204,1,0,5.953975,1.553102126,1,50.66666667,99.6,9.298262443,92.50139899,82.37269166,90.99048685,1.38,946,67.84,42.5,47.8,641.9,27.6,0.57,1.05,5,1.86,28.1,10.09,7.16,11.69,29.16,59.16,1661,3477,292,0.43,26,0.124,-0.992,4.14,13.57,19.036583,13.69863014,93.56413671,83.04482912,92.85397248,2.220004155,3.071511628,5.803953488,2.260084567,-0.110035885,-0.177122045,-0.007142168,0.41869822
11466170,0.405537314,8.99814,67.9,0,2,30,178,1.004904169,0.040021367,1,0,22.469984,1.304360211,1,30,65.6,8.99814,92.48366013,90.6162465,81.11577965,1.63,56,106,64.2,74.7,734.4,0.9,0.619,0.66,2,1.24,27,11.09,1.2,26.85,43.61,29.55,220.7,744,50,0.248,12.2,0.779,-0.627,12.82,5.8,16.615901,8.941605839,91.47149801,88.33406982,82.081308,0.386782233,1.523571429,,,0.318419031,0.182841954,0.02381423,1.085053809
14400000,0.47960455,17.6,202.5,212.8,1,27.8,1000,1.049615693,0.224438493,1,0,74.637963,1.39924243,1,27.8,202.5,17.6,92.41048916,91.04891578,62.10287443,2.39,702.6,309.76,70.5,152.8,633.4,7.5,0.474,0.61,4,2.78,43.6,10.25,1.24,28.5,48.99,22.5,671.2,1535,17,0.431,36.5,-0.474,-0.88,8.79,23.56,12.840941,87.21374046,92.40694789,90.96774194,62.70471464,29.09731652,38.27613151,80.44816396,37.28364646,-0.106614833,-0.152036581,-0.019288246,
11109600,0.009871811,8.497517096,106.9,0,2,45,145,1.05513838,0.342615248,1,0,41.681744,1.066478672,1,45,97.3,7.998362151,92.39065309,83.04373877,88.37627322,1.66,963.8,55.61,42.7,35,676,11.8,0.673,1.1,5,2.08,52.1,10.21,5.72,18.55,37.45,44,1385.2,2691,325,0.448,26,-0.765,0.644,5.21,11.63,16.693884,14.32432432,92.66450917,83.17152104,89.48220065,12.52429966,19.22524383,6.542218303,3.126727537,0.002965087,0.009267583,0.002196116,1.121524237
8277470,0.013280369,10,40.5,88.8,1,14.91666667,109,1.116280368,0.702131699,1,0,20.31672,1.556455052,1,14.91666667,36,10,92.37986671,93.6338127,66.63451421,2.31,258,82.04,52.2,90.9,369.5,36.6,0.073,0.53,3,1.49,64,10.04,1.28,27.65,33.69,38.66,3038.8,3911,2384,0.43,25.8,0.472,0.881,14.21,9.44,17.790895,74.90774908,91.70375079,91.21106167,68.52352193,5.458742065,6.172325581,19.94930233,14.98604651,-0.016481747,-0.018029543,0.001491012,0.969439731
11113000,0.0180792,35.69676,203.9,9.9,2,37.5,86,0.923328512,0.185283104,1,0,18.928716,1.316921813,1,37.5,141.2,24.77350642,92.28432564,94.65370595,80.61968408,1.41,650,68.34,45.4,34.7,663.4,7.7,0.69,1.22,4,1.67,44.6,9.91,2,22.07,41.65,36.28,1251.5,2274,184,0.512,32.7,-1,0.016,8.13,13.21,16.054577,50.45454545,95.30905077,98.17880795,82.22958057,6.141831074,9.616984615,14.98787692,8.055507692,0.337507811,0.159238311,-0.003296282,1.120543091
14377100,0.124141122,12.49048912,199.7,69.8,1,86.66666667,604,,0.373007421,1,0,28.669395,1.651795461,1,86.66666667,127,7.793315777,92.18328841,82.38993711,93.4261755,1.76,985.4,191.3,67.1,117.4,611.4,14.9,0.517,0.73,5,1.23,48.6,11.28,1.86,26.48,40.95,32.57,880.2,2142,397,0.289,27.4,0.76,-0.65,11.63,7.84,15.365487,52.71966527,93.34177215,85.01265823,94.44303797,11.14130753,16.47692308,28.04867059,7.48110412,-0.135833937,-0.337825093,-0.18017462,0.425232851
11148900,0.429489313,12.09586222,96.5,57.6,2,56.875,810,1.153614515,0.426983332,1,0,10.274829,1.729434032,1,56.875,88.5,12.09586222,92.17439911,89.2118502,94.43823365,1.48,403.5,69.16,62.7,52.5,745.3,1.5,0.653,0.99,5,1.22,31.2,11.37,2.86,22.94,36.87,40.19,551.8,1138,256,0.337,21.3,-0.586,0.81,8.75,10.52,16.11163,65.90038314,91.23685528,86.88032048,94.96745118,2.112819809,3.949739777,20.74907063,12.52795539,,,,
7103700,0.055304614,23.78747414,54.9,117.7,1,14.9,15,0.994251488,0.244188772,1,0,10.334753,0.918584336,1,14.9,22.4,8.496614227,92.02383681,94.82007793,67.33898694,2.23,264.2,59.97,52.8,94.9,393.5,27.6,0.361,0.86,4,1.42,49.5,10.03,9,11.62,33.61,54.77,2775.2,4300,1873,0.373,26.9,0.329,0.944,15.24,9.63,15.226314,92.31547017,97.19210947,99.11142705,72.68526746,5.396997417,6.578652536,9.350870553,5.675132475,-0.008688041,-0.016994808,-0.006040432,0.942401158
11022480,0.011076105,6.797957275,80.1,0,1,71,722,1.123312242,0.29683321,1,0,79.360851,1.036983012,1,71,78.9,6.797957275,91.91290824,78.27890098,97.33022291,1.63,953.6,51.86,51.9,43.3,807.8,2.2,0.585,0.84,5,1.19,31,10.52,3.4,17.08,31.75,51.17,640.4,1967,89,0.294,18.5,0.017,-1,17.82,2.22,15.3664,13.73626374,91.75204918,78.27868852,97.36168033,57.24252031,58.6542156,,,-0.028756539,-0.041552171,-0.018424305,1.211290407
9537200,0.009850535,5.299375642,28.6,63.1,1,37,31,1.004243555,0.117342484,1,0,6.935676,1.368447575,1,37,23.6,2.699746337,91.87432286,69.37522571,94.23979776,2.92,204.1,46.24,40.9,51.3,786.8,2.6,0.298,0.78,4,1.29,29.6,10.92,1.33,25.41,36.25,38.34,1624.2,2181,1412,0.276,13.1,-0.729,-0.684,22.56,8.69,20.348083,75.34883721,90.14127764,83.16953317,95.10135135,0.97103498,2.353846154,,,-0.003987181,-0.00912645,0.002079344,
14316495,0.338009635,13.49778462,78.5,70.2,1,20,70,1.042242309,0.140082228,1,0,16.094913,0.522377109,1,20,57.1,8.99855,91.82509506,97.21166033,51.86311787,3.22,79,151.17,69.9,146.8,566.3,31.2,0.389,0.75,3,1.19,69.4,9.42,2.92,17.72,48.53,33.75,1207.1,1856,526,0.522,37.4,-0.867,-0.499,9.63,10.59,16.174613,80.85106383,95.05076142,99.00784495,55.31841255,1.753998604,3.350506329,15.23164557,6.731772152,0.422639899,0.242234464,0.141655836,1.110010447
11451715,0.00546004,8.99713,87.9,30,2,33,894,1.057973587,0.12519047,1,0,11.690112,0.296371599,1,33,55,3.799780235,91.78977273,76.53409091,74.85795455,0.9,247.9,70.02,59.6,55.5,854.4,1,0.615,0.96,4,1.19,43.2,10.66,0.49,37.34,42.78,19.88,560.5,1162,264,0.34,18.2,-0.265,0.964,7.28,15.2,18.827651,52.77777778,93.30357143,90,80.15625,1.945488238,3.78987495,23.98777733,10.34183138,0.156024312,0.06469942,-0.124663435,0.832466486
9510200,0.237027695,24.18727143,70.9,105.8,1,33,392,0.920543072,0.318516452,1,0,38.424484,0.967102488,1,33,55.2,19.99292857,91.75084175,98.4006734,85.94276094,1.74,425.3,61.33,36.1,50,956.2,2.1,0.215,1.04,5,1.39,30.1,10.19,4.14,15.96,29.86,54.17,1161.3,2161,545,0.383,21.4,-0.57,-0.822,26.64,6.95,17.785195,92.98892989,93.01655868,98.84809215,87.94096472,16.38612732,18.54300494,51.02477531,24.56769952,0.006264217,0.000887973,-0.001961623,0.821059687
11372000,0.018145038,21.09985263,224.5,0,1,41,1067,0.921898311,0.31994945,1,0,9.214676,0.866847706,1,41,97.2,17.99626667,91.74187726,99.18772563,72.58574007,1.46,589.9,149.15,61.6,92.2,773.2,13.3,0.544,0.71,4,1.55,62,10.11,2.48,20.64,39.59,39.77,857.8,1883,245,0.39,33.5,-0.806,0.592,23.2,0.7,14.264321,6.582278481,96.48885888,98.48075625,78.7812289,2.919026622,4.249025259,,,-0.065806964,-0.101175526,-0.018555392,0.643746649
11456000,0.13244749,10.49617059,99.7,0,1,44,178,0.998322258,0.052569428,1,0,8.882523,2.160787162,1,44,84.9,10.49363422,91.67048055,90.52631579,89.47368421,1.79,212.3,104.44,64,69.8,743.7,1.5,0.624,0.68,4,1.39,28.5,10.89,2.14,24.23,44.57,31.21,305.3,1261,75,0.209,20.9,-0.876,0.483,13.01,5.88,16.071526,7.264957265,93.28665568,89.7446458,90.52718287,1.060217481,3.36895902,,,0.346790641,0.226602182,0.063994836,1.076802118
11016200,0.000961167,15.29704091,57,26.4,2,18,465,1.045470147,0.102492888,1,0,6.759844,0.629284484,1,18,45.3,14.79657246,91.6484318,98.83296864,48.46827133,1.09,338.8,59.38,48.9,45.4,776.4,4.1,0.579,0.76,4,1.44,36.1,10.29,4,14.98,28.89,56.13,907.1,1967,174,0.417,17.9,-0.03,-1,9.56,6.81,15.671068,75.55555556,88.87739265,95.55095706,55.7682359,2.568444526,4.396664699,6.931168831,4.65487013,-0.113631237,-0.304305123,-0.082525828,0.529404353
11449500,0.772547028,17.09940399,112.7,93.4,1,22.85722222,921,1.060590855,0.141782208,1,0,20.124733,1.609944458,1,22.85722222,97.8,15.59774286,91.63732394,95.51056338,62.36795775,1.81,95.3,148.47,60,80.8,774.8,1.3,0.621,0.7,3,1.52,33.3,10.94,1.18,24.63,43.26,32.11,804.1,1432,460,0.359,20,0.851,-0.526,9.33,21.02,16.804113,79.20792079,93.858168,96.49641199,63.52891515,7.764004234,10.69045121,,,0.119680425,-0.08824409,-0.075660262,0.442834324
11462500,0.0284767,8.79891561,125.6,22.9,2,64,914,1.000731405,0.142090943,1,0,5.854759,1.781748803,1,64,71.3,6.399434139,91.39194139,82.78388278,92.3992674,1.8,938.7,115.58,63.2,79.6,757,2,0.605,1.01,5,1.18,36.1,11.16,1.09,26.66,42.65,30.69,465.2,1187,159,0.299,21.1,-0.76,-0.649,7.16,22.52,15.801847,35.59139785,93.78551136,83.02556818,94.10511364,1.319662649,1.833269415,5.881016299,2.132502397,0.122348297,-0.068933365,-0.069828884,0.661306993
11451715,0.00127934,5.9988,78,0.8,2,53,914,1.006485327,0.122558444,1,0,24.133838,1.666551161,1,53,73.1,4.796670481,91.39105058,75.58365759,91.78015564,0.9,247.9,70.02,59.6,55.5,854.4,1,0.615,0.96,4,1.19,43.2,10.66,0.49,37.34,42.78,19.88,560.5,1162,264,0.34,18.2,-0.265,0.964,7.28,15.2,18.827651,18.05555556,91.29464286,80.58035714,92.45535714,2.888346264,4.86014522,23.98777733,10.34183138,0.071984724,-0.069755528,-0.079700067,0.669456506
8277470,0.009702352,13.49609371,38.5,40.2,1,6.5,145,0.993134001,0.387517964,1,0,20.31672,1.556455052,1,6.5,33.9,11.59906393,91.3188355,95.44019642,28.89337075,2.31,258,82.04,52.2,90.9,369.5,36.6,0.073,0.53,3,1.49,64,10.04,1.28,27.65,33.69,38.66,3038.8,3911,2384,0.43,25.8,0.472,0.881,13.29,11.16,17.790895,47.87822878,91.03623649,94.88239034,32.80356008,5.458742065,6.172325581,19.94930233,14.98604651,-0.016481747,-0.018029543,0.001491012,0.969439731
9510200,0.019774502,22.39618824,74.3,39.7,1,12.5,744,0.856595668,0.382523992,1,0,38.424484,0.967102488,1,12.5,52.6,14.198592,91.30892256,95.62289562,45.03367003,1.74,425.3,61.33,36.1,50,956.2,2.1,0.215,1.04,5,1.39,30.1,10.19,4.14,15.96,29.86,54.17,1161.3,2161,545,0.383,21.4,-0.57,-0.822,27.56,4.68,17.785195,69.00369004,93.48452124,98.52411807,50.52195824,16.38612732,18.54300494,51.02477531,24.56769952,-0.021939639,-0.064808537,-0.008416474,0.795664402
11203580,0.053905622,16.19648446,79.4,0,1,30.75,44,1.034098532,0.108535901,1,0,93.162825,1.114322512,1,30.75,79.4,16.19648446,91.2936547,95.17953763,82.09542548,3,51.9,99.58,58.8,59.6,566.1,44.5,0.588,0.8,3,1.45,66.6,8.94,3.15,17.84,31.45,50.72,1892.1,2824,1137,0.45,34.8,-0.299,-0.954,11.2,3.96,17.121843,16.2055336,91.28192534,95.18664047,82.12180747,44.37867327,59.53352601,95.38420039,49.0867052,0.044753948,0.023066781,-0.010478996,0.934421533
11149900,0.172526994,22.89817333,188.7,73.9,2,34.96555556,584,1.216565063,0.499585303,1,0,17.709379,0.835520463,1,34.96555556,61.6,8.298527666,91.24275596,87.95878944,77.33419189,1.56,556.4,63.26,62,54,737.5,1.5,0.659,1.13,4,1.35,33.5,10.91,2.31,24.37,37.78,37.85,533.4,1785,248,0.186,19.5,-0.995,-0.102,9.33,13.34,16.227347,72.11155378,97.28126545,96.688087,82.15521503,3.652168799,5.344680086,28.84609993,15.65149173,-0.018864887,-0.022315158,-0.021583866,
9404450,0.002787666,4.599524567,29.6,14.3,1,37.75,1046,1.042275454,0.143709146,1,0,14.12125,1.495243097,1,37.75,24.1,4.398699705,91.18243243,89.32432432,93.31081081,2.21,193,46.03,54.3,64.1,511.3,37.5,0.146,0.49,3,1.1,77.9,10.5,1.53,27.11,45.25,27.64,2214.5,2588,1800,0.528,23.3,-0.996,0.092,9.81,2.78,16.150084,55.60200669,91.90253866,87.5693026,94.16399183,4.678595116,7.601968912,13.95839378,7.030725389,-0.02721098,-0.09098101,-0.026802469,0.58998073
9430600,0.009364618,3.298657817,40.3,39.3,1,39,476,1.017310017,0.175730066,1,0,13.587343,1.818895817,1,39,27.6,2.099142,91.14709443,60.41162228,88.40799031,1.85,190.5,67.41,44.7,72,593.8,14,0.222,0.58,3,1.32,53.1,9.96,2.05,31.86,33.61,34.53,2371.3,3268,1694,0.444,40.6,-0.973,-0.231,15.89,7.73,15.895541,61.64705882,90.42553191,70.88861076,90.18773467,1.566147544,2.401417323,91.38944882,35.34944882,-0.05239975,-0.071526385,-0.005584105,
11148900,0.152988023,8.297915789,94.9,17.7,2,50.66666667,837,1.141336995,0.39117648,1,0,10.274829,1.729434032,1,50.66666667,81.1,5.498909464,91.11235327,71.04527669,92.509782,1.48,403.5,69.16,62.7,52.5,745.3,1.5,0.653,0.99,5,1.22,31.2,11.37,2.86,22.94,36.87,40.19,551.8,1138,256,0.337,21.3,-0.586,0.81,8.75,10.52,16.11163,45.59386973,91.01151728,78.51777666,93.23985979,2.112819809,3.949739777,20.74907063,12.52795539,,,,
14375100,0.073983228,7.59741,84.1,35.1,1,85.8,604,,0.041150051,1,0,23.712785,1.647382994,1,85.8,73.5,4.997795,91.04544105,79.74457974,96.46569647,2.26,217.4,166.4,67,117.8,567.4,24.2,0.5,0.72,4,1.3,53.2,9.91,1.58,22.46,43.23,34.31,1210.3,2142,526,0.423,35.8,0.532,-0.847,9.84,6.83,12.945906,52.99684543,92.0504386,88.62390351,96.7379386,7.620203677,10.26306348,21.76485741,3.298620055,-0.051795897,-0.224477358,-0.145356999,0.474359489
11077500,0.020461489,6.096389667,72.8,54.8,2,44.96888889,97,1.038309159,0.194114675,1,0,24.501378,1.161798467,1,44.96888889,65.9,5.399342657,90.91233072,73.34283678,92.94369209,1.28,240.8,51.01,60.8,37.1,825.6,0,0.654,1.13,5,1.61,20.2,10.37,1.7,25.4,46.19,28.41,553.2,1719,35,0.308,25.4,-0.221,-0.975,12.07,11.6,17.754193,79.72972973,91.89016603,76.75606641,93.67816092,9.989975637,12.6130814,,,-0.037306902,-0.052824045,0.000655061,0.68515721
11152050,0.051752062,7.099772,113,28.8,2,50.875,841,1.13545358,0.394119732,1,0,5.778692,1.628838967,1,50.875,93.8,7.099740016,90.90177134,78.52925389,90.23081052,1.67,771.5,74.52,63.7,58.2,676.7,2.4,0.652,1.04,6,2.02,38.4,10.1,2.9,21.11,35.63,43.26,674.8,1785,52,0.359,31.4,0.227,0.974,8.75,11.74,17.029979,47.57281553,91.95323246,75.88262265,91.65520403,2.814091554,3.832378483,12.12311082,8.239170447,-0.083696349,-0.130360625,-0.01582025,
11458000,0.229014719,14.49982786,107.8,85.2,2,18.88916667,163,1.028256697,0.132844062,1,0,7.469418,0.749639592,1,18.88916667,77.9,13.09778667,90.79333986,94.36826641,47.94319295,1.81,566.3,96.01,63.5,67.6,752.1,1.4,0.629,0.68,4,1.21,26.8,11,1.67,26.49,45.86,27.64,276.3,1261,13,0.212,18.6,-0.834,0.552,10.87,15.05,16.230256,73.37110482,92.99878592,94.01052206,53.98624039,0.513073094,1.896309377,,,0.415178669,0.289137373,0.124341333,1.064135749
11456000,0.023741846,9.895809879,77.3,13.6,2,61,121,1.022302596,0.078239651,1,0,60.472826,0.901596113,1,61,74.9,9.797389189,90.76988516,89.74904296,95.91663122,1.79,212.3,104.44,64,69.8,743.7,1.5,0.624,0.68,4,1.39,28.5,10.89,2.14,24.23,44.57,31.21,305.3,1261,75,0.209,20.9,-0.876,0.483,7.94,21.08,16.071526,34.75783476,90.07413509,88.1383855,96.0461285,22.62324764,34.12581253,,,0.132349076,0.06449546,0.029446462,0.931223526
11059300,0.011943352,15.59902143,98.6,0,2,59.66666667,1008,1.159017681,0.473884596,1,0,5.953975,1.553102126,1,59.66666667,81.9,15.09902143,90.7106883,91.04644656,93.4806939,1.38,946,67.84,42.5,47.8,641.9,27.6,0.57,1.05,5,1.86,28.1,10.09,7.16,11.69,29.16,59.16,1661,3477,292,0.43,26,0.124,-0.992,5.83,12.26,19.036583,13.69863014,90.50155348,89.43630715,94.8069241,2.220004155,3.071511628,5.803953488,2.260084567,0.114738498,-0.156899848,-0.078362245,0.631307471
11063510,0.011816638,10.99914091,84.2,29.1,2,52,582,0.978420849,0.206544628,1,0,75.044644,1.007263416,1,52,75.8,10.99869091,90.69331668,87.69519051,95.37788882,2.04,144.5,66.42,46,40.7,690.4,4.5,0.635,0.96,4,1.54,50.7,9.96,6.14,10.54,26.94,62.52,1273.4,2542,794,0.272,22.4,-0.728,0.686,8.58,13.15,18.45637,64.60674157,91.10465116,87.15116279,95.69767442,20.60685912,23.61986159,74.67695502,36.88442907,0.055274928,-0.09468491,-0.093971218,0.643300421
9353800,0.003729281,11.49904364,52.4,152.4,1,42,446,0.99035568,0.155306339,1,0,14.01843,0.732598338,1,42,32.7,10.59914883,90.65533981,98.22815534,83.22815534,1.26,880.8,84.75,52.5,111.4,398.1,46.2,0.068,0.52,4,1.22,64.3,9.73,2.39,20.87,37.37,41.76,3029.5,4273,2030,0.446,33.4,-0.998,-0.061,12.37,8.92,9.979675,97.6744186,92.41071429,96.89285714,87.48214286,3.604967791,8.226089918,,,-0.130797709,-0.200089698,-0.018861108,
11461500,0.068686379,14.09926606,87.7,28.9,2,24.88916667,91,0.985256618,0.086276014,1,0,19.923258,2.990428809,1,24.88916667,64.2,8.699629714,90.6430338,89.36521022,68.59027205,2.19,238.7,114.45,62.5,77.8,761.6,2,0.595,1.06,4,1.35,37.3,11.11,0.92,28.71,43.04,28.25,497.3,1167,258,0.27,20.9,-0.276,-0.961,6.91,22.15,16.250428,48.57397504,93.4930215,96.68049793,71.25612976,4.814853355,10.7385421,23.12739841,8.386175115,0.369863037,0.233112312,0.021301804,1.03650946
11113000,0.010150491,10.59960672,115.7,0,2,46.875,813,0.994126874,0.181172178,1,0,34.168763,0.626898493,1,46.875,95.1,8.79999122,90.58355438,81.76392573,85.37798408,1.41,650,68.34,45.4,34.7,663.4,7.7,0.69,1.22,4,1.67,44.6,9.91,2,22.07,41.65,36.28,1251.5,2274,184,0.512,32.7,-1,0.016,10.02,5.32,16.054577,13.63636364,90.17660044,82.33995585,87.72075055,19.70198669,21.99904615,14.98787692,8.055507692,-0.062476334,-0.128931649,-0.018536262,0.582739149
11463900,0.063781093,8.293895694,80,12.2,2,61.5,461,1.027262972,0.113170603,1,0,78.702752,0.833942644,1,61.5,78.4,8.293895694,90.51537462,85.10177566,95.88566479,2.86,114.1,115.9,65.1,67.8,746.4,0.7,0.617,0.72,3,1.38,36.4,11.12,1.75,27.22,44.13,28.65,413,1316,58,0.282,23.9,-0.601,-0.799,7.87,23.23,15.761656,39.09090909,90.25919732,83.31939799,96.02842809,11.07121403,21.33260298,,,0.026084146,-0.115278009,-0.088143993,0.607639683
11451715,0.044548446,17.9,123.1,138.4,2,41.66666667,542,1.125238619,0.2863721,1,0,5.595129,0.165455251,1,41.66666667,50.2,7.298718878,90.48850575,92.5862069,83.16091954,0.9,247.9,70.02,59.6,55.5,854.4,1,0.615,0.96,4,1.19,43.2,10.66,0.49,37.34,42.78,19.88,560.5,1162,264,0.34,18.2,-0.265,0.964,8.75,13.34,18.827651,92.70833333,96.20535714,98.4375,86.875,0.869588895,1.310246067,23.98777733,10.34183138,-0.019746142,-0.057276743,-0.01927148,0.693622789
11065000,0.012578352,15.49775,96.7,40.3,2,53,582,1.00950537,0.268682785,1,0,33.742927,1.953161117,1,53,81.1,14.29736923,90.47927461,90.99740933,93.36139896,1.55,364.7,81.4,47.7,43.6,701.5,4.2,0.649,1.11,5,1.12,49.6,10,6.62,10.83,28.51,60.66,1250.1,3059,313,0.343,27.3,-0.675,0.738,8.63,16.46,19.024359,69.45454545,89.05919662,88.95348837,94.58245243,9.084707504,11.94332328,33.44313134,17.52322457,0.056370652,-0.092943493,-0.094504975,0.654850569
11466200,0.169157798,9.497592929,73.4,12.4,2,61.5,121,1.026504585,0.085870066,1,0,34.361034,1.403707824,1,61.5,66.2,8.698,90.45716822,87.92720817,96.36040834,1.32,144.8,107.68,64.2,75.1,733.1,1.3,0.62,0.7,4,1.27,28.1,11.03,1.27,27,44.02,28.98,258.7,780,43,0.293,15.8,0.094,-0.996,8.23,21.97,17.015969,35.37906137,90.8557047,88.29697987,96.56040268,18.43726499,19.21139503,,,0.124942461,0.043239783,0.020775013,0.8871486
11204100,0.016710448,16.19811026,80.5,0,1,30.85722222,44,1.08286589,0.195336546,1,0,45.981764,1.33889849,1,30.85722222,80.5,16.19811026,90.42136208,94.61048506,79.5933366,2.9,249.1,79.83,55.9,53.1,703.2,25.2,0.595,0.74,4,1.36,65.9,9.43,2.64,18.72,31.31,49.98,1348.7,2824,292,0.417,34.4,0.119,-0.993,13.98,3.14,17.505672,14.79289941,90.21428571,94.61904762,80.16666667,14.70255814,23.47442794,48.9626656,16.38281815,0.039050928,0.017864718,-0.015427779,0.929846977
11461000,0.053230386,15.59721552,91.9,24.6,2,24.88916667,91,0.989308655,0.084631054,1,0,32.301184,1.065652935,1,24.88916667,71.2,12.29689622,90.27777778,93.97496088,68.66197183,1.95,259.6,118.6,63.1,81.2,730.9,3,0.607,0.95,4,1.1,36,11.3,1.16,28.24,42.59,29.17,448.3,1014,191,0.314,20.6,-0.997,0.077,6.98,23.46,15.086673,39.87206823,92.88073394,96.55045872,70.53211009,6.630779176,11.66221109,,,0.326495311,0.194789621,0.002739299,1.016615306
11466320,0.18603327,9.497592929,74.6,13.7,2,61.5,121,1.022395675,0.081322436,1,0,24.946189,1.516647465,1,61.5,66.2,8.698,90.19873532,87.71454381,95.91237579,1.27,199.4,102.63,64.2,72,732.8,1,0.622,0.67,4,1.3,28.7,12.14,1.14,27.37,43.92,28.71,204.1,780,19,0.243,12.2,-0.118,-0.993,8.23,20.92,16.638396,39.03394256,90.34684496,87.79774342,96.21813623,13.68925187,13.95090271,,,0.124914203,0.043202759,0.020754334,0.887168743
11458500,0.021651824,10.59700929,74.4,9.5,2,61,121,1.000803965,0.071089045,1,0,14.134659,1.872868589,1,61,64.9,9.797007371,90.13339466,90.93836247,96.18215271,2.59,150.4,107.96,63.9,77.4,739.6,1.4,0.626,0.64,3,1.77,23.2,10.42,1.81,24.93,43.89,31.18,301.1,824,39,0.336,17.6,-0.861,-0.509,8.12,22.19,19.519202,33.58778626,90.59974479,89.74904296,96.46958741,0.499796572,1.447539894,,,0.094974443,-0.006614392,-0.014308923,0.809819098
11063510,0.016049464,19.87994203,77.7,24.5,2,76.66666667,574,0.939039799,0.352191992,1,0,75.044644,1.007263416,1,76.66666667,72.2,19.87994203,90.13116802,94.87820112,98.93816365,2.04,144.5,66.42,46,40.7,690.4,4.5,0.635,0.96,4,1.54,50.7,9.96,6.14,10.54,26.94,62.52,1273.4,2542,794,0.272,22.4,-0.728,0.686,8.58,13.15,18.45637,61.23595506,90.29069767,94.41860465,99.01162791,20.60685912,23.61986159,74.67695502,36.88442907,0.055274928,-0.09468491,-0.093971218,0.643300421
11138500,0.000532227,15.59080476,83.7,0,2,20.5,895,0.919121528,0.380245542,1,0,14.684484,0.673222561,1,20.5,62.9,10.296384,90.12430939,89.08839779,47.82458564,2,728.9,69.82,57.6,39.6,665.2,7.1,0.686,1.16,5,1.44,28.2,9.8,1.39,21.86,41.68,36.45,994.2,2081,193,0.424,34.2,0.199,-0.98,8.07,14.16,16.60856,8.529411765,88.23210412,89.09978308,51.70824295,2.711386657,3.72223899,,,0.009270238,-0.016003441,-0.022367386,0.863240937
11451715,0.014049895,15.49994,117.6,131.8,1,46,573,1.088264708,0.288398161,1,0,5.595129,0.165455251,1,46,49.4,7.895820836,90.11494253,93.90804598,86.49425287,0.9,247.9,70.02,59.6,55.5,854.4,1,0.615,0.96,4,1.19,43.2,10.66,0.49,37.34,42.78,19.88,560.5,1162,264,0.34,18.2,-0.265,0.964,10.43,10.33,18.827651,92.01388889,95.84821429,97.5,89.46428571,0.869588895,1.310246067,23.98777733,10.34183138,-0.019746142,-0.057276743,-0.01927148,0.693622789
12458000,0.13891912,12.19977655,194.1,95.1,1,57,797,1.171911443,0.430532139,1,0,5.169794,0.318690183,1,57,44.6,2.899186181,90.1144641,81.61637183,75.56364898,2.59,499.4,176.56,71.1,157.7,419.4,70.7,0.458,0.67,4,1.32,69,9.68,2.49,10.63,40.25,49.12,1547.5,2764,484,0.478,47.9,0.438,0.899,4.21,14.22,13.609184,82.96089385,96.63720629,95.23604225,84.69497737,2.481762153,2.303704445,,,-0.074691315,-0.11871238,-0.013079824,
9342500,0.056096053,8.499993134,92.4,180.5,1,27.96666667,105,1.04356835,0.221301747,1,0,10.452957,1.515753581,1,27.96555556,46.6,6.899993427,90.08106282,91.71357802,67.55235307,2,726.9,99.32,50.6,102.4,399.5,54.9,0.122,0.66,4,1.3,63.2,9.73,5.26,19.93,41.58,38.49,2968.1,4027,2154,0.436,31.2,-0.871,-0.491,9.26,7.87,11.980939,98.53249476,94.55501314,90.95005633,72.56853173,3.405147869,4.768551383,,,,,,1.003178144
11463200,0.162799281,6.799501144,107.1,0,2,82,76,0.988997495,0.079888237,1,0,8.567301,1.526268959,1,82,77.5,4.899838247,90.06094702,70.32348805,97.74964838,2.22,220.9,130.76,61.7,78,793.4,1.1,0.617,0.65,4,1.29,31.1,10.07,1.12,28.01,43.94,28.05,641.5,1364,128,0.429,28.1,-0.469,-0.883,7.71,25.81,12.856578,11.9047619,92.37779619,76.18061309,98.01159901,2.075956995,4.007424174,,,0.006765791,0.007596831,0.000332383,
11042900,0.006483816,8.299081818,56.4,3.1,2,39.66666667,868,0.982456433,0.155945192,1,0,15.117915,0.970781969,1,39.66666667,33.5,4.799984667,90.0531511,85.80106302,89.90129081,1.45,227.1,38.42,52.1,30.4,862.2,0.2,0.588,1,3,1.35,24,11.73,2.76,18.12,34.83,47.04,611.1,1381,325,0.274,8.4,-0.245,-0.97,12.22,7.24,16.576693,45.43378995,94.35957697,92.8907168,91.9506463,2.290242769,3.785468956,,,,,,
11449500,0.088545775,10.49953019,101.4,0,1,55.66666667,936,0.987551274,0.070770241,1,0,20.124733,1.609944458,1,55.66666667,86.6,9.494931579,90.0528169,85.82746479,93.79401408,1.81,95.3,148.47,60,80.8,774.8,1.3,0.621,0.7,3,1.52,33.3,10.94,1.18,24.63,43.26,32.11,804.1,1432,460,0.359,20,0.851,-0.526,11.4,8.74,16.804113,5.198019802,92.40185732,88.64499789,94.09033347,7.764004234,10.69045121,,,0.119680425,-0.08824409,-0.075660262,0.442834324
11138500,0.005166878,10.29990969,100.1,3.9,2,37,529,1.030720691,0.240188267,1,0,43.010103,1.393757,1,37,97.2,10.29990969,89.99431495,82.83115406,83.42808414,2,728.9,69.82,57.6,39.6,665.2,7.1,0.686,1.16,5,1.44,28.2,9.8,1.39,21.86,41.68,36.45,994.2,2081,193,0.424,34.2,0.199,-0.98,8.18,9.48,16.60856,28.23529412,90.07592191,82.75488069,84.02928416,32.67864011,35.43658938,,,-0.070876973,-0.150943448,-0.017087662,0.50503316
11042800,0.02898422,6.099983301,38.6,3,2,39.66666667,868,0.968347588,0.119607623,1,0,36.399541,1.263146869,1,39.66666667,32.6,4.895601275,89.91935484,86.43695015,92.74193548,1.14,148.5,33.74,54.3,29.5,884.7,0,0.599,0.94,4,1.23,20.3,12.27,2.7,18.97,36.43,44.59,484.1,830,321,0.326,8,-0.21,-0.978,12.83,6.5,14.66485,45.18716578,90.50675676,87.7027027,93.31081081,1.917557957,7.655757576,,,0.044951327,0.102959798,-0.013182291,
11466800,0.020189085,9.598660766,83.4,15.3,2,61.66666667,121,1.003568996,0.090924988,1,0,13.403992,2.005967198,1,61.66666667,69.6,8.79662069,89.90228013,87.15681712,94.83480689,2.06,652.2,100.52,64.6,68.1,730.4,0.8,0.63,0.68,4,1.71,30,13.03,1.22,29.33,42.59,28.08,155.1,780,16,0.185,9.2,-0.054,-0.999,8.21,20.47,16.611166,43.75,89.8556701,85.8556701,95.3814433,7.269984253,7.898942042,,,0.135516235,0.058364036,0.029065182,0.902839224
11458000,0.002880185,11.4905831,99.2,15,2,62,121,0.990853415,0.121075532,1,0,23.054366,1.506954112,1,62,75.1,9.797389189,89.77888087,89.16967509,94.65252708,1.81,566.3,96.01,63.5,67.6,752.1,1.4,0.629,0.68,4,1.21,26.8,11,1.67,26.49,45.86,27.64,276.3,1261,13,0.212,18.6,-0.834,0.552,7.91,19.59,16.230256,30.87818697,91.58235532,89.59935249,95.2043707,8.493122166,12.92929543,,,0.131902318,0.063859134,0.02908191,0.931090554
9430600,0.029283011,3.998757831,40.1,0,1,30,155,1.035997771,0.208945044,1,0,13.587343,1.818895817,1,30,25.6,3.997916316,89.67917676,81.3559322,82.74818402,1.85,190.5,67.41,44.7,72,593.8,14,0.222,0.58,3,1.32,53.1,9.96,2.05,31.86,33.61,34.53,2371.3,3268,1694,0.444,40.6,-0.973,-0.231,10.97,6.38,15.895541,7.176470588,90.27534418,76.44555695,85.45682103,1.566147544,2.401417323,91.38944882,35.34944882,-0.05239975,-0.071526385,-0.005584105,
11462500,0.039517454,15.59974615,124.5,39.2,2,24.9,91,0.973831719,0.125034787,1,0,14.014819,1.559220106,1,24.9,75.5,12.29902047,89.66227348,93.65733114,62.0675453,1.8,938.7,115.58,63.2,79.6,757,2,0.605,1.01,5,1.18,36.1,11.16,1.09,26.66,42.65,30.69,465.2,1187,159,0.299,21.1,-0.76,-0.649,7.16,22.52,15.801847,46.4516129,93.60795455,95.06392045,67.08096591,3.010044322,5.965196548,5.881016299,2.132502397,0.342164246,0.20863686,0.009445792,1.023963702
11022480,0.004899618,4.598122699,69.4,0,2,49.75,875,1.154942363,0.374772957,1,0,79.360851,1.036983012,1,49.75,66.6,4.498742956,89.58009331,68.37739762,92.3276309,1.63,953.6,51.86,51.9,43.3,807.8,2.2,0.585,0.84,5,1.19,31,10.52,3.4,17.08,31.75,51.17,640.4,1967,89,0.294,18.5,0.017,-1,11.62,11.2,15.3664,13.73626374,90.0102459,68.80122951,92.41803279,57.24252031,58.6542156,,,-0.028756539,-0.041552171,-0.018424305,1.211290407
11274630,0.012586932,7.598152081,60.4,42.4,2,29.92333333,968,1.156773318,0.397885298,1,0,14.544513,0.969698236,1,29.92333333,30,3.199549775,89.50437318,77.72594752,80.99125364,1.77,187.4,43.32,61.7,49.1,799,2.1,0.604,1.08,4,1.42,30.9,10.3,1.62,26.46,42.13,31.41,559.2,1116,65,0.472,26.1,-0.722,0.692,10.16,8.15,18.975462,72.99578059,94.52699356,92.37246161,83.70480436,2.596224212,4.075933831,,,-0.024478794,-0.036093612,-0.011228248,0.786918332
14096850,0.00914665,3.499766461,44,3.7,1,48,290,1.155831799,0.360603579,1,0,7.505168,0.957519764,1,48,21.7,2.399879411,89.44069431,87.14239794,82.03150113,1.76,374.6,63.23,63.5,98.2,572.8,37.1,0.399,0.75,4,1.18,80.4,11.21,2.4,21.23,40.29,38.48,942.7,1698,688,0.253,10.6,-0.847,0.531,5.94,4.02,16.908903,13.41743119,90.9544321,83.94921786,87.30446611,1.035776307,1.611639082,,,-0.122063966,-0.26034122,-0.061423005,0.655470696
8277470,0.010525516,4.99805,36.8,197.8,1,19.5,113,1.064464736,0.234315417,1,0,20.31672,1.556455052,1,19.5,29.8,3.699288872,89.36338127,73.53560154,75.07015082,2.31,258,82.04,52.2,90.9,369.5,36.6,0.073,0.53,3,1.49,64,10.04,1.28,27.65,33.69,38.66,3038.8,3911,2384,0.43,25.8,0.472,0.881,14.21,9.44,17.790895,97.78597786,90.32898919,77.87666879,76.21582962,5.458742065,6.172325581,19.94930233,14.98604651,-0.016481747,-0.018029543,0.001491012,0.969439731
11149900,0.014962518,5.399902849,84.8,0,2,41.66666667,259,1.275143929,0.624806391,1,0,21.73561,1.616261858,1,41.66666667,75.6,5.397671827,89.33862434,70.42328042,87.14285714,1.56,556.4,63.26,62,54,737.5,1.5,0.659,1.13,4,1.35,33.5,10.91,2.31,24.37,37.78,37.85,533.4,1785,248,0.186,19.5,-0.995,-0.102,9.33,13.34,16.227347,6.374501992,89.37221948,69.69846762,87.88927336,8.848335816,13.12359813,28.84609993,15.65149173,-0.152632416,-0.28278045,-0.012681255,0.248470686
11014000,0.001713339,1.99987,42.6,4.1,2,59,866,1.03205587,0.139388489,1,0,34.921161,0.643563446,1,59,39.8,1.399830957,89.32102835,47.52801582,97.49505603,2.91,181.8,44.33,55.8,42.1,846.3,0,0.609,1.26,5,1.39,33.8,10.3,3.01,18.77,38.69,42.55,490.9,1128,158,0.343,19.4,-0.048,-0.999,12.36,9.83,16.12831,41.47058824,89.76190476,56.36904762,97.73809524,24.61891647,27.06188119,,,-0.016505346,-0.015795545,-0.021393726,1.510719658
11148900,0.081406471,17.69787273,74.6,3.6,2,52.5,803,1.116673088,0.337460491,1,0,10.274829,1.729434032,1,52.5,69.1,17.69768571,89.2118502,95.24874231,93.06875349,1.48,403.5,69.16,62.7,52.5,745.3,1.5,0.653,0.99,5,1.22,31.2,11.37,2.86,22.94,36.87,40.19,551.8,1138,256,0.337,21.3,-0.586,0.81,11.7,7.38,16.11163,30.26819923,87.18077116,93.54031047,93.74061092,2.112819809,3.949739777,20.74907063,12.52795539,,,,
11149900,0.019899131,27.19099354,81.6,274.2,2,19,484,1.208873108,0.49345718,1,0,28.802865,1.62219344,1,19,79.8,27.19086979,89.13605794,98.24107605,51.81065701,1.56,556.4,63.26,62,54,737.5,1.5,0.659,1.13,4,1.35,33.5,10.91,2.31,24.37,37.78,37.85,533.4,1785,248,0.186,19.5,-0.995,-0.102,8.45,9.76,16.227347,98.00796813,88.72960949,98.22046466,53.21304993,15.62239126,19.76732566,28.84609993,15.65149173,-0.099807988,-0.274406916,-0.111636336,0.504944363
11016200,0.001504436,4.899512628,54.7,1.4,2,57,535,1.096211833,0.184477022,1,0,6.759844,0.629284484,1,57,41,2.999739023,89.13202042,68.49015317,94.23778264,1.09,338.8,59.38,48.9,45.4,776.4,4.1,0.579,0.76,4,1.44,36.1,10.29,4,14.98,28.89,56.13,907.1,1967,174,0.417,17.9,-0.03,-1,9.64,11.29,15.671068,43.88888889,87.76513192,72.11588205,95.91308846,2.568444526,4.396664699,6.931168831,4.65487013,-0.113631237,-0.304305123,-0.082525828,0.529404353
11113000,0.186891011,16.49256364,114.5,35.1,2,30,105,1.092050162,0.181840746,1,0,18.928716,1.316921813,1,30,101.7,14.09930215,89.0036452,86.57351154,73.84568651,1.41,650,68.34,45.4,34.7,663.4,7.7,0.69,1.22,4,1.67,44.6,9.91,2,22.07,41.65,36.28,1251.5,2274,184,0.512,32.7,-1,0.016,8.13,13.21,16.054577,65.90909091,89.90066225,89.01766004,76.07615894,6.141831074,9.616984615,14.98787692,8.055507692,0.337507811,0.159238311,-0.003296282,1.120543091
11451715,0.058598341,2.9,73.4,0.6,2,55,244,0.987239235,0.156863728,1,0,11.655139,0.944331954,1,55,55.8,2.399154904,88.89772125,54.53100159,91.62692104,0.9,247.9,70.02,59.6,55.5,854.4,1,0.615,0.96,4,1.19,43.2,10.66,0.49,37.34,42.78,19.88,560.5,1162,264,0.34,18.2,-0.265,0.964,8.75,13.34,18.827651,17.01388889,90.66964286,60.13392857,92.94642857,2.304121352,5.157482856,23.98777733,10.34183138,-0.10161265,-0.17261918,-0.000991337,0.440970776
11461000,0.171253495,26.08430376,80.7,85,2,23.98944444,838,1.0709207,0.20973007,1,0,32.301184,1.065652935,1,23.98944444,65.8,25.68408466,88.81064163,99.37402191,67.44913928,1.95,259.6,118.6,63.1,81.2,730.9,3,0.607,0.95,4,1.1,36,11.3,1.16,28.24,42.59,29.17,448.3,1014,191,0.314,20.6,-0.997,0.077,6.98,23.46,15.086673,79.10447761,91.13761468,99.08256881,69.39449541,6.630779176,11.66221109,,,0.209937019,-0.022380016,-0.083442379,0.63869295
11014000,0.014485502,3.999996129,39.1,1.7,2,22.5,105,1.051690773,0.153058109,1,0,70.695026,1.1438699,1,22.5,39.1,3.999996129,88.71366729,75.63388992,63.2034632,2.91,181.8,44.33,55.8,42.1,846.3,0,0.609,1.26,5,1.39,33.8,10.3,3.01,18.77,38.69,42.55,490.9,1128,158,0.343,19.4,-0.048,-0.999,11.77,8.75,16.12831,33.23529412,87.94642857,74.76190476,63.80952381,14.04208239,17.86534653,,,-0.006185545,-0.010566427,-0.001197285,0.878566322
9183500,0.01402502,3.299373112,34.6,6.6,1,33.5,84,1.109110051,0.210916228,1,0,9.554376,1.58693339,1,33.5,29.7,2.299939271,88.68739206,63.2412205,89.23431203,0.97,74.3,66.99,52.1,75.1,523.8,35.2,0.117,0.82,2,1.82,55.8,9.43,4.38,18.47,33.98,47.55,2553,3783,1677,0.424,25.3,-0.048,-0.999,13.06,4.73,20.493111,39.30481283,89.06534757,71.10127571,90.26295236,2.287409489,3.148183042,10.63889637,3.052489906,0.041071366,0.007595602,-0.026073874,0.94602491
11143000,0.059639073,12.59889686,78.4,138.8,2,24.9,601,1.113843195,0.333821459,1,0,86.219962,1.022908078,1,24.9,78.1,12.59889686,88.65784499,89.03591682,75.02362949,2.74,120.6,116.26,67.4,72.8,639.5,3.4,0.654,0.98,4,1.47,40.3,10.29,4.14,14.13,31.45,54.42,779,1505,80,0.492,43.6,-0.447,-0.894,9.44,19.35,18.127121,87.97814208,88.5734397,88.64382919,75.19943688,14.47744466,22.15223881,86.30373134,57.91119403,0.197374876,-0.012650608,-0.043289764,0.650878409
11042900,0.035162233,5.299217391,34.9,89.8,2,14,123,0.992249833,0.068243993,1,0,18.942143,1.07582786,1,14,31.3,4.89982439,88.65425913,85.61202577,47.27988547,1.45,227.1,38.42,52.1,30.4,862.2,0.2,0.588,1,3,1.35,24,11.73,2.76,18.12,34.83,47.04,611.1,1381,325,0.274,8.4,-0.245,-0.97,11.22,8.09,16.576693,96.80365297,88.48413631,84.37132785,52.55581669,9.151408475,10.39775429,,,-0.001712901,0.01090723,-0.003448728,1.664460784
11148900,0.09614385,12.18055556,96.1,12.4,2,30.99194444,534,1.084443363,0.290399291,1,0,21.611762,1.082710122,1,30.99194444,53.2,5.891044776,88.65384615,78.78205128,74.1025641,1.48,403.5,69.16,62.7,52.5,745.3,1.5,0.653,0.99,5,1.22,31.2,11.37,2.86,22.94,36.87,40.19,551.8,1138,256,0.337,21.3,-0.586,0.81,9.43,14.72,16.11163,39.8467433,91.13670506,86.98047071,78.96845268,3.551364882,3.720446097,20.74907063,12.52795539,,,,1.067785481
11065000,0.006529873,13.18657594,119.5,44.3,2,47.92861111,563,1.013988619,0.278593067,1,0,33.742927,1.953161117,1,47.92861111,68.1,5.799570095,88.47150259,75.38860104,91.70984456,1.55,364.7,81.4,47.7,43.6,701.5,4.2,0.649,1.11,5,1.12,49.6,10,6.62,10.83,28.51,60.66,1250.1,3059,313,0.343,27.3,-0.675,0.738,8.63,16.46,19.024359,71.27272727,91.86046512,86.15221987,93.2346723,9.084707504,11.94332328,33.44313134,17.52322457,0.056370652,-0.092943493,-0.094504975,0.654850569
9497980,0.001988972,33.29162,94.8,83.3,1,12.96444444,754,0.862838613,0.312522024,1,0,7.772327,1.760716106,1,12.96444444,27.6,12.186316,88.45043311,97.01636189,50.08020533,1.21,516.8,68.36,41,69.3,673.1,9.8,0.135,0.7,3,1.67,36.3,10.57,3.03,22.54,34.63,42.83,1688.6,2350,985,0.518,19.9,-0.996,0.089,22.86,7.1,17.814094,77.59562842,97.10636079,99.68717414,55.81334724,2.221099145,1.845975232,7.793188854,1.943034056,-0.030388015,-0.067474133,-0.010172994,0.668398585
11465200,0.076568251,8.999860435,97.5,159.9,2,29.66666667,485,0.968075659,0.197606767,1,0,20.297152,0.795110735,1,29.66666667,90.9,9,88.32712022,76.9804287,70.52656104,1.11,421.6,133.48,64.5,78.7,774,0.5,0.627,0.78,5,1.47,33.8,11.23,2.16,24.71,42.56,32.73,335.8,939,55,0.321,26.3,-0.842,0.539,8.25,22.93,14.901978,86.30136986,88.57364944,78.04119705,75.22347454,5.64176385,7.31506167,,,-0.060045378,-0.199551311,-0.167934174,0.488894805
11456000,0.529523198,14.49982786,101.3,69.2,2,17.88916667,163,0.961644244,0.103745011,1,0,8.882523,2.160787162,1,17.88916667,65.7,12.09939333,88.28375286,93.3180778,53.3180778,1.79,212.3,104.44,64,69.8,743.7,1.5,0.624,0.68,4,1.39,28.5,10.89,2.14,24.23,44.57,31.21,305.3,1261,75,0.209,20.9,-0.876,0.483,10.83,16.43,16.071526,70.37037037,93.41021417,95.55189456,56.46622735,1.060217481,3.36895902,,,0.346790641,0.226602182,0.063994836,1.076802118
9505800,0.001579553,16.69814237,69,37.2,1,21.95666667,33,0.965350817,0.315339047,1,0,15.87416,1.149760654,1,21.95666667,28.4,9.499945865,88.24285255,95.75971731,65.43527144,1.25,614.9,66.14,52,71.5,573.7,25.2,0.165,0.78,5,2.3,34.8,11.32,1.52,34.37,31.91,33.72,2018.2,2584,1111,0.681,10.6,-0.078,-0.997,20.07,5.79,19.078317,50.21786492,94.61770624,97.48490946,69.26559356,3.315536087,3.12080013,13.55356969,0.878337941,0.006092469,0.002880111,0.006747654,1.076106946
11113000,0.005663364,13.59069123,108.8,0.4,2,38,832,1.025231224,0.148239023,1,0,34.168763,0.626898493,1,38,80.6,13.59586316,88.22944297,89.58885942,79.70822281,1.41,650,68.34,45.4,34.7,663.4,7.7,0.69,1.22,4,1.67,44.6,9.91,2,22.07,41.65,36.28,1251.5,2274,184,0.512,32.7,-1,0.016,6.83,9.22,16.054577,28.18181818,89.45916115,86.03752759,82.94701987,19.70198669,21.99904615,14.98787692,8.055507692,-0.062476334,-0.128931649,-0.018536262,0.582739149
9497980,0.005753224,21.191135,43.1,90.8,1,8.833333333,762,1.204251558,0.513040199,1,0,7.772327,1.760716106,1,8.833333333,27.3,13.49696011,88.20981713,97.75425088,32.35482836,1.21,516.8,68.36,41,69.3,673.1,9.8,0.135,0.7,3,1.67,36.3,10.57,3.03,22.54,34.63,42.83,1688.6,2350,985,0.518,19.9,-0.996,0.089,22.86,7.1,17.814094,79.78142077,89.25964546,98.48800834,39.97653806,2.221099145,1.845975232,7.793188854,1.943034056,-0.030388015,-0.067474133,-0.010172994,0.668398585
11077500,0.038923868,11.299685,54.9,0,2,26,75,1.018412419,0.123654437,1,0,24.501378,1.161798467,1,26,50.9,8.297687273,88.2038489,83.74910905,80.18531718,1.28,240.8,51.01,60.8,37.1,825.6,0,0.654,1.13,5,1.61,20.2,10.37,1.7,25.4,46.19,28.41,553.2,1719,35,0.308,25.4,-0.221,-0.975,12.07,11.6,17.754193,14.18918919,89.01660281,89.39974457,82.18390805,9.989975637,12.6130814,,,-0.037306902,-0.052824045,0.000655061,0.68515721
9497980,0.006191565,8.597636658,54.5,62.3,1,33.66666667,782,0.97351462,0.265836358,1,0,9.741345,0.397009519,1,33.66666667,33.5,8.596861186,88.16242257,91.12181693,86.14934618,1.21,516.8,68.36,41,69.3,673.1,9.8,0.135,0.7,3,1.67,36.3,10.57,3.03,22.54,34.63,42.83,1688.6,2350,985,0.518,19.9,-0.996,0.089,22.86,7.1,17.814094,69.21675774,92.12721585,88.29509906,89.45516163,1.281628952,1.802612229,7.793188854,1.943034056,0.181422025,-0.043199143,-0.05462882,0.75918412
11016200,0.007731127,11.99721688,48.5,0,2,28.5,569,1.055105893,0.133091741,1,0,6.759844,0.629284484,1,28.5,37.8,11.49409239,88.14733771,96.57184537,73.15827863,1.09,338.8,59.38,48.9,45.4,776.4,4.1,0.579,0.76,4,1.44,36.1,10.29,4,14.98,28.89,56.13,907.1,1967,174,0.417,17.9,-0.03,-1,10.23,12.83,15.671068,16.66666667,85.30781169,91.87790998,80.13450595,2.568444526,4.396664699,6.931168831,4.65487013,-0.113631237,-0.304305123,-0.082525828,0.529404353
11143000,0.544734844,7.499190129,73.8,102.6,2,29.94472222,606,1.102193579,0.313686898,1,0,86.219962,1.022908078,1,29.94472222,73.3,7.299250796,88.09073724,77.07939509,79.536862,2.74,120.6,116.26,67.4,72.8,639.5,3.4,0.654,0.98,4,1.47,40.3,10.29,4.14,14.13,31.45,54.42,779,1505,80,0.492,43.6,-0.447,-0.894,9.44,19.35,18.127121,82.24043716,88.03378695,77.3345847,79.68090099,14.47744466,22.15223881,86.30373134,57.91119403,0.197374876,-0.012650608,-0.043289764,0.650878409
9508300,0.004871711,19.32686567,32.6,25,1,8.995,802,0.962826572,0.163546769,1,0,83.630661,1.091927993,1,8.995,31.6,18.3260274,88.05496829,98.69626498,45.24312896,1.24,93,61.67,39.9,60.5,779.9,8.4,0.144,0.7,3,1.58,36,10.05,2.68,22.26,37.89,39.84,1496.5,2272,712,0.503,27.8,0.203,-0.979,20.18,5.24,16.736963,57.41444867,88.34730957,98.91684137,45.63242488,25.49898573,26.68935484,,,-0.038515917,-0.082337529,-0.01965683,0.677476888
11113500,0.010361818,6.299009569,67.9,0.2,2,38.75,813,1.050470651,0.172871012,1,0,18.940755,1.81859973,1,38.75,66.2,6.299009569,88.04422944,76.50310988,88.76986869,2.67,103.3,67.78,49.9,39.1,708.5,2.6,0.693,1.18,4,1.59,40.1,9.58,1.4,23.56,44.22,32.23,996,2039,186,0.437,34.4,-0.944,-0.329,11.8,5.06,15.259699,30.06993007,87.51660027,75.43160691,89.20982736,12.37726183,14.70493708,84.35972894,53.69332043,-0.073985004,-0.153768993,-0.014740279,0.658887112
11014000,0.019625519,8.599796429,39.8,0,2,16.5,116,1.051377959,0.151385116,1,0,70.695026,1.1438699,1,16.5,38.2,8.595796098,88.03339518,91.58936302,52.99938157,2.91,181.8,44.33,55.8,42.1,846.3,0,0.609,1.26,5,1.39,33.8,10.3,3.01,18.77,38.69,42.55,490.9,1128,158,0.343,19.4,-0.048,-0.999,11.77,8.75,16.12831,11.76470588,88.42261905,91.36904762,53.80952381,14.04208239,17.86534653,,,-0.006185545,-0.010566427,-0.001197285,0.878566322
11152050,0.027013842,7.099450695,82.9,41.8,2,36,833,1.152315405,0.428251856,1,0,5.778692,1.628838967,1,36,75.7,6.599935714,88.03005904,76.48953301,79.03918411,1.67,771.5,74.52,63.7,58.2,676.7,2.4,0.652,1.04,6,2.02,38.4,10.1,2.9,21.11,35.63,43.26,674.8,1785,52,0.359,31.4,0.227,0.974,8.75,11.74,17.029979,55.09708738,87.71205869,75.74507107,82.04951857,2.814091554,3.832378483,12.12311082,8.239170447,-0.083696349,-0.130360625,-0.01582025,
11149900,0.008702689,14.47554271,111.5,15.5,2,33,534,1.159045499,0.369405042,1,0,12.824107,0.507351319,1,33,48.5,5.492857143,87.9759519,77.95591182,74.51569806,1.56,556.4,63.26,62,54,737.5,1.5,0.659,1.13,4,1.35,33.5,10.91,2.31,24.37,37.78,37.85,533.4,1785,248,0.186,19.5,-0.995,-0.102,9.33,13.34,16.227347,37.05179283,92.88185863,90.26198715,80.5981216,0.822336042,1.076312006,28.84609993,15.65149173,,,,1.136415095
11059300,0.016223802,7.897229934,100.2,0.3,2,60,186,1.075655364,0.316792109,1,0,5.629999,1.029095619,1,60,61.8,3.199127724,87.93984109,60.3291714,93.64358683,1.38,946,67.84,42.5,47.8,641.9,27.6,0.57,1.05,5,1.86,28.1,10.09,7.16,11.69,29.16,59.16,1661,3477,292,0.43,26,0.124,-0.992,5.83,12.26,19.036583,29.45205479,90.70128717,78.07367954,95.02885042,2.3244573,3.185200846,5.803953488,2.260084567,0.111814553,0.045486501,-0.002744023,1.025753451
11159200,0.021297439,19.39402381,69.9,42.1,2,27.92333333,268,1.040656511,0.144515403,1,0,12.563615,1.632601188,1,27.92333333,67.3,19.39411905,87.89215686,95.49019608,79.85294118,1.76,71,84.62,68.1,68.6,691.1,0.1,0.629,0.85,3,1.21,34.5,10.12,2.59,21.18,36.59,42.23,305.2,863,27,0.333,21,-0.996,-0.089,10.55,16.18,16.438445,60.0896861,88.29887218,95.39473684,80.63909774,0.115679955,6.346901408,,,-0.127837624,-0.198151712,-0.021594393,0.520919075
14316495,0.182087905,6.3,46.8,59.4,1,28,443,1.064170013,0.193777638,1,0,48.640279,0.675908406,1,28,45.5,6.299923448,87.68063584,91.59441233,69.35211946,3.22,79,151.17,69.9,146.8,566.3,31.2,0.389,0.75,3,1.19,69.4,9.42,2.92,17.72,48.53,33.75,1207.1,1856,526,0.522,37.4,-0.867,-0.499,9.63,10.59,16.174613,74.78723404,87.93262575,90.67835718,70.63913244,15.54648562,21.78455696,15.23164557,6.731772152,-0.086624057,-0.139126648,-0.018189018,
11138500,0.005166878,13.29992286,116,0,2,20,960,1.081732382,0.325647207,1,0,14.684484,0.673222561,1,20,52,7.099953412,87.36187845,82.45856354,47.16850829,2,728.9,69.82,57.6,39.6,665.2,7.1,0.686,1.16,5,1.44,28.2,9.8,1.39,21.86,41.68,36.45,994.2,2081,193,0.424,34.2,0.199,-0.98,9.16,14.96,16.60856,8.529411765,92.0824295,86.93058568,51.1659436,2.711386657,3.72223899,,,0.009270238,-0.016003441,-0.022367386,0.863240937
11113000,0.073623732,25.89490288,145.3,33.6,2,20,896,1.166351504,0.346180024,1,0,34.168763,0.626898493,1,20,76.6,12.69725011,87.33421751,88.39522546,41.97612732,1.41,650,68.34,45.4,34.7,663.4,7.7,0.69,1.22,4,1.67,44.6,9.91,2,22.07,41.65,36.28,1251.5,2274,184,0.512,32.7,-1,0.016,7.03,17.46,16.054577,65,92.4392936,95.08830022,46.35761589,19.70198669,21.99904615,14.98787692,8.055507692,-0.062476334,-0.128931649,-0.018536262,0.582739149
11204100,0.010401401,15.2978787,66.9,194.1,2,16.75,106,1.135241671,0.316795248,1,0,45.981764,1.33889849,1,16.75,66.9,15.2978787,87.16315532,93.58157766,43.01812837,2.9,249.1,79.83,55.9,53.1,703.2,25.2,0.595,0.74,4,1.36,65.9,9.43,2.64,18.72,31.31,49.98,1348.7,2824,292,0.417,34.4,0.119,-0.993,5.19,10.48,17.505672,97.63313609,87,93.66666667,43.9047619,14.70255814,23.47442794,48.9626656,16.38281815,0.039050928,0.017864718,-0.015427779,0.929846977
11143000,0.07090945,10.29337346,71,63.7,2,15.98388889,599,1.136900969,0.383310201,1,0,86.219962,1.022908078,1,15.98388889,69.7,10.29636458,87.14555766,85.20793951,51.3705104,2.74,120.6,116.26,67.4,72.8,639.5,3.4,0.654,0.98,4,1.47,40.3,10.29,4.14,14.13,31.45,54.42,779,1505,80,0.492,43.6,-0.447,-0.894,9.44,19.35,18.127121,72.81420765,87.09526044,84.93664946,51.66588456,14.47744466,22.15223881,86.30373134,57.91119403,0.197374876,-0.012650608,-0.043289764,0.650878409
11063510,0.15010854,13.9973,76.8,107.8,2,16,609,0.998753925,0.184265499,1,0,15.999744,0.650293498,1,16,54.5,7.899578182,87.088515,83.83321141,46.59839064,2.04,144.5,66.42,46,40.7,690.4,4.5,0.635,0.96,4,1.54,50.7,9.96,6.14,10.54,26.94,62.52,1273.4,2542,794,0.272,22.4,-0.728,0.686,7.51,15.53,18.45637,92.13483146,90.05813953,90.58139535,51.59883721,3.489027728,3.731418685,74.67695502,36.88442907,-0.039817132,-0.06464172,-0.016595545,
11149900,0.001460627,14.89445096,73.3,0,2,37,585,1.123042262,0.273716203,1,0,28.802865,1.62219344,1,37,69.2,14.8955283,87.06673564,90.99844801,83.31608898,1.56,556.4,63.26,62,54,737.5,1.5,0.659,1.13,4,1.35,33.5,10.91,2.31,24.37,37.78,37.85,533.4,1785,248,0.186,19.5,-0.995,-0.102,10.24,10.95,16.227347,6.374501992,87.41967375,91.10232328,83.95946614,15.62239126,19.76732566,28.84609993,15.65149173,-0.099807988,-0.274406916,-0.111636336,0.504944363
11014000,0.002242916,4.39993959,35.3,67.3,2,26,477,1.049835404,0.136531488,1,0,70.695026,1.1438699,1,26,35.3,4.39993959,86.82745826,78.41682127,79.09709338,2.91,181.8,44.33,55.8,42.1,846.3,0,0.609,1.26,5,1.39,33.8,10.3,3.01,18.77,38.69,42.55,490.9,1128,158,0.343,19.4,-0.048,-0.999,11.77,8.75,16.12831,89.41176471,85.86309524,77.08333333,79.88095238,14.04208239,17.86534653,,,-0.007933595,-0.009275332,-0.015713013,0.813778329
11113500,0.007099764,9.998272727,64.7,0,2,28,832,1.023631013,0.09449177,1,0,18.940755,1.81859973,1,28,60.6,9.098830769,86.73116793,83.13752592,80.7187284,2.67,103.3,67.78,49.9,39.1,708.5,2.6,0.693,1.18,4,1.59,40.1,9.58,1.4,23.56,44.22,32.23,996,2039,186,0.437,34.4,-0.944,-0.329,8.69,8.85,15.259699,13.63636364,86.75298805,84.06374502,81.44090305,12.37726183,14.70493708,84.35972894,53.69332043,-0.073985004,-0.153768993,-0.014740279,0.658887112
9497980,0.001879386,16.19106005,40.9,128.3,1,17,44,1.049084455,0.590349211,1,0,7.772327,1.760716106,1,17,24.7,15.79639545,86.57362849,98.6204684,62.09496311,1.21,516.8,68.36,41,69.3,673.1,9.8,0.135,0.7,3,1.67,36.3,10.57,3.03,22.54,34.63,42.83,1688.6,2350,985,0.518,19.9,-0.996,0.089,22.86,7.1,17.814094,89.43533698,88.52971846,97.15849844,66.2278415,2.221099145,1.845975232,7.793188854,1.943034056,0.000403016,0.002417728,-0.002078926,0.996608674
11159200,0.124833305,10.29796706,66.9,55.1,2,29.9,286,1.079009679,0.230507778,1,0,12.563615,1.632601188,1,29.9,63.4,10.29890128,86.56862745,84.26470588,81.61764706,1.76,71,84.62,68.1,68.6,691.1,0.1,0.629,0.85,3,1.21,34.5,10.12,2.59,21.18,36.59,42.23,305.2,863,27,0.333,21,-0.996,-0.089,11.51,14.9,16.438445,66.367713,87.35902256,84.16353383,82.37781955,0.115679955,6.346901408,,,-0.127837624,-0.198151712,-0.021594393,0.520919075
11113500,0.246984073,14.19198718,64.7,37.5,2,26.9,105,1.023429777,0.069316698,1,0,85.14101,0.938475197,1,26.9,62.3,13.99564933,86.56462585,91.63265306,79.52380952,2.67,103.3,67.78,49.9,39.1,708.5,2.6,0.693,1.18,4,1.59,40.1,9.58,1.4,23.56,44.22,32.23,996,2039,186,0.437,34.4,-0.944,-0.329,9.53,12.82,15.259699,66.43356643,86.75298805,91.36786189,80.01328021,30.60330822,37.52207164,84.35972894,53.69332043,0.306833822,0.120707476,-0.02083701,1.116919209
11148900,0.051510646,6.8,80,26,2,35,829,1.112759277,0.335067839,1,0,10.274829,1.729434032,1,35,58.5,6.297235862,86.30519843,74.28731135,81.4980436,1.48,403.5,69.16,62.7,52.5,745.3,1.5,0.653,0.99,5,1.22,31.2,11.37,2.86,22.94,36.87,40.19,551.8,1138,256,0.337,21.3,-0.586,0.81,8.75,10.52,16.11163,50.19157088,88.38257386,74.66199299,82.87431147,2.112819809,3.949739777,20.74907063,12.52795539,,,,
9404450,0.003125121,4.800935897,28.6,0,1,28.97972222,1026,1.003883188,0.097755452,1,0,14.12125,1.495243097,1,28.97972222,17.6,2.499568,85.99662162,74.32432432,87.93918919,2.21,193,46.03,54.3,64.1,511.3,37.5,0.146,0.49,3,1.1,77.9,10.5,1.53,27.11,45.25,27.64,2214.5,2588,1800,0.528,23.3,-0.996,0.092,5.1,2.71,16.150084,8.193979933,91.42106799,88.44470382,89.46600525,4.678595116,7.601968912,13.95839378,7.030725389,-0.02721098,-0.09098101,-0.026802469,0.58998073
11113000,0.053148493,13.48911923,78.5,0,2,37.5,788,0.894840629,0.278772587,1,0,34.168763,0.626898493,1,37.5,69.4,13.49275598,85.94164456,89.32360743,78.84615385,1.41,650,68.34,45.4,34.7,663.4,7.7,0.69,1.22,4,1.67,44.6,9.91,2,22.07,41.65,36.28,1251.5,2274,184,0.512,32.7,-1,0.016,14.72,2.17,16.054577,13.63636364,85.12693157,85.81677704,82.22958057,19.70198669,21.99904615,14.98787692,8.055507692,-0.062476334,-0.128931649,-0.018536262,0.582739149
9537200,0.002913539,10.187374,25.1,59.2,1,11,30,1.040543774,0.117312563,1,0,6.935676,1.368447575,1,11,16.4,7.502483937,85.93355002,94.83568075,51.24593716,2.92,204.1,46.24,40.9,51.3,786.8,2.6,0.298,0.78,4,1.29,29.6,10.92,1.33,25.41,36.25,38.34,1624.2,2181,1412,0.276,13.1,-0.729,-0.684,22.56,8.69,20.348083,74.41860465,87.86855037,94.68673219,55.98894349,0.97103498,2.353846154,,,-0.003987181,-0.00912645,0.002079344,
8294195,0.013978278,23.48445511,34.2,124.7,1,6.983333333,347,1.122818071,0.367733886,1,0,6.622959,0.594145955,1,6.974444444,14.2,9.29106,85.76799141,96.4688507,33.13641246,2.27,78.6,73.93,49.1,74.6,399.9,36.7,0.115,0.4,2,1.21,73.1,9.46,3.82,21.29,50.78,27.93,2909.1,3843,2113,0.463,34.2,0.36,-0.933,15.09,10.1,13.3997,96.03174603,92.90064713,99.16254282,43.70003807,0.743431314,2.016412214,6.818708651,2.85470229,0.121971007,0.009449456,-0.013566171,0.862949835
11478500,0.351734084,10.19916686,83.3,108.6,1,47,611,1.037043487,0.1123248,1,0,8.663335,1.683104665,1,47,69.4,8.8,85.61592854,87.42091552,79.71715668,1.44,572.4,186.88,62.5,90.6,614.2,24.9,0.537,0.86,6,1.67,36.7,10.37,1.41,23.84,42.24,33.92,923,1788,120,0.484,25.8,0.884,-0.467,8.41,13.56,14.61381,75.82846004,84.77788133,86.70394532,82.92948121,1.09210127,3.724842767,8.748707198,1.959399022,-0.064568187,-0.236133428,-0.119171927,0.483325575
8294195,0.01005139,35.69896578,52.8,93.6,1,5,344,1.181088796,0.507370061,1,0,6.622959,0.594145955,1,4.988611111,14.1,10.29484911,85.52631579,97.23415682,19.81740064,2.27,78.6,73.93,49.1,74.6,399.9,36.7,0.115,0.4,2,1.21,73.1,9.46,3.82,21.29,50.78,27.93,2909.1,3843,2113,0.463,34.2,0.36,-0.933,15.09,10.1,13.3997,89.28571429,97.19261515,99.84773506,31.03349829,0.743431314,2.016412214,6.818708651,2.85470229,0.121971007,0.009449456,-0.013566171,0.862949835
11014000,0.01077846,4.599423077,33.5,5.4,2,27.5,124,1.04361837,0.147889022,1,0,70.695026,1.1438699,1,27.5,32.4,4.098687823,85.31230674,75.8812616,80.67408782,2.91,181.8,44.33,55.8,42.1,846.3,0,0.609,1.26,5,1.39,33.8,10.3,3.01,18.77,38.69,42.55,490.9,1128,158,0.343,19.4,-0.048,-0.999,11.77,8.75,16.12831,43.52941176,85.0297619,78.33333333,81.39880952,14.04208239,17.86534653,,,-0.006185545,-0.010566427,-0.001197285,0.878566322
11466170,0.14765199,17.39584615,43.3,143.5,2,10.5,788,1.018602982,0.078545232,1,0,22.469984,1.304360211,1,10.5,41.1,16.97777778,85.15406162,98.64612512,35.43417367,1.63,56,106,64.2,74.7,734.4,0.9,0.619,0.66,2,1.24,27,11.09,1.2,26.85,43.61,29.55,220.7,744,50,0.248,12.2,0.779,-0.627,8.78,16.02,16.615901,91.60583942,84.46752099,98.27662395,37.7817057,0.386782233,1.523571429,,,0.295708739,0.138281411,-0.005750737,0.952681874
9497980,0.060271869,20.89554848,77.5,26.9,1,18.66666667,812,1.159472929,0.461223451,1,0,9.741345,0.397009519,1,18.66666667,27.1,5.991695385,85.08258775,83.7577426,62.56022023,1.21,516.8,68.36,41,69.3,673.1,9.8,0.135,0.7,3,1.67,36.3,10.57,3.03,22.54,34.63,42.83,1688.6,2350,985,0.518,19.9,-0.996,0.089,21.95,9.19,17.814094,48.72495446,95.58133472,98.30552659,68.61313869,1.281628952,1.802612229,7.793188854,1.943034056,0.181422025,-0.043199143,-0.05462882,0.75918412
11458500,0.090184553,10.99950128,49.8,19.6,2,25.85722222,105,1.018674007,0.068127968,1,0,63.695385,1.042728974,1,25.85722222,47.5,10.99753365,84.7610848,91.64873009,76.75419716,2.59,150.4,107.96,63.9,77.4,739.6,1.4,0.626,0.64,3,1.77,23.2,10.42,1.81,24.93,43.89,31.18,301.1,824,39,0.336,17.6,-0.861,-0.509,8.12,22.19,19.519202,41.22137405,84.8362399,90.47213952,77.03105062,10.35774737,23.62679521,,,0.364218556,0.22495655,0.055653719,1.079780708
11138500,0.005943852,11.49970126,69.8,0,2,20.66666667,609,1.045386299,0.222019651,1,0,43.010103,1.393757,1,20.66666667,64,11.49908275,84.50824332,84.70722001,50.99488346,2,728.9,69.82,57.6,39.6,665.2,7.1,0.686,1.16,5,1.44,28.2,9.8,1.39,21.86,41.68,36.45,994.2,2081,193,0.424,34.2,0.199,-0.98,9.16,14.96,16.60856,8.529411765,85.3308026,84.70715835,51.95227766,32.67864011,35.43658938,,,-0.070876973,-0.150943448,-0.017087662,0.50503316
11461000,0.157073269,17.49732634,55.6,31.8,2,14,829,1.036561562,0.116298417,1,0,32.301184,1.065652935,1,14,52.5,15.59788878,84.44835681,97.02660407,39.74960876,1.95,259.6,118.6,63.1,81.2,730.9,3,0.607,0.95,4,1.1,36,11.3,1.16,28.24,42.59,29.17,448.3,1014,191,0.314,20.6,-0.997,0.077,6.98,23.46,15.086673,45.62899787,84.88073394,97.43119266,42.4587156,6.630779176,11.66221109,,,0.209937019,-0.022380016,-0.083442379,0.63869295
11042800,0.012966625,12.49756852,30.3,0.3,2,13.9875,114,0.949677299,0.141971817,1,0,36.399541,1.263146869,1,13.9875,22.2,10.79690139,84.42082111,97.4340176,52.49266862,1.14,148.5,33.74,54.3,29.5,884.7,0,0.599,0.94,4,1.23,20.3,12.27,2.7,18.97,36.43,44.59,484.1,830,321,0.326,8,-0.21,-0.978,11.65,7.04,14.66485,29.94652406,87.09459459,97.22972973,54.86486486,1.917557957,7.655757576,,,0.013556964,0.049494272,-0.004663728,
11466320,0.167571953,18.47747101,57.5,250.9,2,10.96166667,788,1.025781408,0.118295415,1,0,11.48391,1.070572978,1,10.96166667,36.9,13.59924359,84.16164659,98.24297189,28.71485944,1.27,199.4,102.63,64.2,72,732.8,1,0.622,0.67,4,1.3,28.7,12.14,1.14,27.37,43.92,28.71,204.1,780,19,0.243,12.2,-0.118,-0.993,8.61,15.5,16.638396,98.69451697,86.66945257,98.2448809,36.18888425,1.207236838,1.65330993,,,0.144246682,-0.00117569,-0.075194689,0.767453289
11462500,0.035595875,26.98110571,132.4,77.1,2,17.99611111,498,1.05172885,0.256864577,1,0,5.854759,1.781748803,1,17.99611111,47,9.999948148,84.11172161,94.13919414,38.69047619,1.8,938.7,115.58,63.2,79.6,757,2,0.605,1.01,5,1.18,36.1,11.16,1.09,26.66,42.65,30.69,465.2,1187,159,0.299,21.1,-0.76,-0.649,7.24,17.7,15.801847,66.55913978,94.63778409,99.11221591,47.83380682,1.319662649,1.833269415,5.881016299,2.132502397,0.101625656,-0.091883412,-0.114802606,0.619788094
11200800,0.006291161,14.49607411,52.6,1,2,24,223,1.085580413,0.235393729,1,0,37.21031,1.51904651,1,24,52.6,14.49607411,83.99412628,94.37102301,73.47038669,2.53,214.7,72.15,53.2,42.8,740.6,18.4,0.594,0.64,3,1.41,65.7,9.77,2.77,17.27,29.31,53.42,1214.9,2492,303,0.417,30.8,-0.155,-0.988,10.42,5.49,15.133741,29.62138085,83.84871551,94.48144624,74.2150333,23.12020326,27.05533302,40.09669306,23.41741966,0.052795599,0.03645621,-0.004801635,0.964664916
11149900,0.001933931,22.93295347,57,79.4,2,18.90916667,545,1.12533227,0.281516668,1,0,17.709379,0.835520463,1,18.90916667,39.7,17.13214823,83.93432067,98.19703799,46.68383773,1.56,556.4,63.26,62,54,737.5,1.5,0.659,1.13,4,1.35,33.5,10.91,2.31,24.37,37.78,37.85,533.4,1785,248,0.186,19.5,-0.995,-0.102,8.3,13.77,16.227347,73.70517928,83.24270885,96.78695007,52.64458725,3.652168799,5.344680086,28.84609993,15.65149173,-0.018864887,-0.022315158,-0.021583866,
11022480,0.017074425,5.099852143,49.9,9.5,2,29,885,1.078939246,0.250976775,1,0,79.360851,1.036983012,1,29,48.7,5.099852143,83.87765682,72.05806117,76.77553136,1.63,953.6,51.86,51.9,43.3,807.8,2.2,0.585,0.84,5,1.19,31,10.52,3.4,17.08,31.75,51.17,640.4,1967,89,0.294,18.5,0.017,-1,11.62,11.2,15.3664,59.06593407,84.22131148,71.97745902,77.04918033,57.24252031,58.6542156,,,-0.028756539,-0.041552171,-0.018424305,1.211290407
11148900,0.111583008,12.2984069,57.4,120,2,23,842,1.114979565,0.327896918,1,0,10.274829,1.729434032,1,23,49.5,11.19723382,83.73392957,87.81442146,60.84404695,1.48,403.5,69.16,62.7,52.5,745.3,1.5,0.653,0.99,5,1.22,31.2,11.37,2.86,22.94,36.87,40.19,551.8,1138,256,0.337,21.3,-0.586,0.81,8.56,15,16.11163,85.05747126,82.82423635,87.38107161,62.51877817,2.112819809,3.949739777,20.74907063,12.52795539,,,,
11101250,0.508342405,34.6893189,62.2,3.2,2,32.83333333,143,1.033896003,0.241658384,1,0,9.043463,1.218738623,1,32.83333333,51,25.39381419,83.67857143,97.85714286,84.25,3.16,237.3,62.69,59.1,33.7,843.8,0.3,0.655,0.85,3,1.36,34,10.8,2.61,18.95,41.98,39.07,471.3,1852,65,0.228,19.6,-0.987,-0.161,12.98,12.65,13.411358,38.37920489,85.33250466,99.12989434,86.29583592,0,3.349683944,19.49397387,12.38921197,0.027350697,0.039471284,0.000478655,
11462500,0.015022666,4.098668,82.7,32.9,2,66.5,955,0.99649477,0.169200611,1,0,5.854759,1.781748803,1,66.5,45.5,2.499786842,83.26465201,53.89194139,93.246337,1.8,938.7,115.58,63.2,79.6,757,2,0.605,1.01,5,1.18,36.1,11.16,1.09,26.66,42.65,30.69,465.2,1187,159,0.299,21.1,-0.76,-0.649,9.49,18.21,15.801847,42.79569892,88.44105114,61.64772727,94.76207386,1.319662649,1.833269415,5.881016299,2.132502397,0.122348297,-0.068933365,-0.069828884,0.661306993
9497980,0.002602649,12.45918367,30.3,68.2,1,4.991944444,823,1.012724851,0.130760302,1,0,9.741345,0.397009519,1,4.991944444,24.5,12.44603175,83.18995182,96.52443221,11.28699243,1.21,516.8,68.36,41,69.3,673.1,9.8,0.135,0.7,3,1.67,36.3,10.57,3.03,22.54,34.63,42.83,1688.6,2350,985,0.518,19.9,-0.996,0.089,21.95,9.19,17.814094,72.3132969,83.13347237,93.95203337,18.11783107,1.281628952,1.802612229,7.793188854,1.943034056,0.181422025,-0.043199143,-0.05462882,0.75918412
11458500,0.052717484,12.09667821,45.6,8.1,2,15.66666667,800,0.996252644,0.055151849,1,0,63.695385,1.042728974,1,15.66666667,43.5,12.09518448,83.16831683,93.28454585,52.19543693,2.59,150.4,107.96,63.9,77.4,739.6,1.4,0.626,0.64,3,1.77,23.2,10.42,1.81,24.93,43.89,31.18,301.1,824,39,0.336,17.6,-0.861,-0.509,8.48,16.55,19.519202,30.91603053,83.24117397,92.5138239,52.5095704,10.35774737,23.62679521,,,0.261286144,0.060374644,-0.033995278,0.746733139
11022480,0.019449997,8.598942857,47.2,6.1,2,32,18,1.000525181,0.140251839,1,0,79.360851,1.036983012,1,32,47,8.598942857,83.15189217,84.70710213,79.65266978,1.63,953.6,51.86,51.9,43.3,807.8,2.2,0.585,0.84,5,1.19,31,10.52,3.4,17.08,31.75,51.17,640.4,1967,89,0.294,18.5,0.017,-1,13.48,4.66,15.3664,53.57142857,83.17110656,84.68237705,79.89241803,57.24252031,58.6542156,,,-0.01392217,-0.013271371,-0.001183574,1.548165407
11466200,0.190473637,18.398775,51.3,179.3,2,10.8,788,1.03236387,0.114966341,1,0,7.676397,0.941665039,1,10.8,32.7,12.975,83.10708899,97.88838612,29.2860734,1.32,144.8,107.68,64.2,75.1,733.1,1.3,0.62,0.7,4,1.27,28.1,11.03,1.27,27,44.02,28.98,258.7,780,43,0.293,15.8,0.094,-0.996,8.63,16.48,17.015969,96.75090253,85.86409396,98.36409396,36.68204698,0.862305695,1.310220994,,,0.158972829,0.006629419,-0.090833865,0.76725042
11200800,0.003138986,5.499837428,56.3,1.2,2,38.66666667,175,1.011855039,0.106856393,1,0,37.21031,1.51904651,1,38.66666667,49.9,5.299310224,83.06412139,71.65932452,87.86098874,2.53,214.7,72.15,53.2,42.8,740.6,18.4,0.594,0.64,3,1.41,65.7,9.77,2.77,17.27,29.31,53.42,1214.9,2492,303,0.417,30.8,-0.155,-0.988,7.49,14.49,15.133741,30.73496659,85.39486204,72.6450999,88.24928639,23.12020326,27.05533302,40.09669306,23.41741966,0.052795599,0.03645621,-0.004801635,0.964664916
9508300,0.069117399,9.798696314,24.7,11.7,1,8.944722222,30,1.048409352,0.135082849,1,0,83.630661,1.091927993,1,8.944722222,24.4,9.495397025,82.98097252,93.09372798,44.90838619,1.24,93,61.67,39.9,60.5,779.9,8.4,0.144,0.7,3,1.58,36,10.05,2.68,22.26,37.89,39.84,1496.5,2272,712,0.503,27.8,0.203,-0.979,24.25,5.9,16.736963,41.82509506,83.01886792,93.78057303,45.33542977,25.49898573,26.68935484,,,0.000944022,-0.000402396,-0.000206143,1.109703309
11149900,0.003028129,14.79790171,60.2,50.6,2,31,250,1.177008258,0.399315227,1,0,21.73561,1.616261858,1,31,51,12.7989768,82.93650794,89.84126984,77.03703704,1.56,556.4,63.26,62,54,737.5,1.5,0.659,1.13,4,1.35,33.5,10.91,2.31,24.37,37.78,37.85,533.4,1785,248,0.186,19.5,-0.995,-0.102,9.33,13.34,16.227347,60.55776892,84.28077113,91.00346021,78.44784973,8.848335816,13.12359813,28.84609993,15.65149173,-0.152632416,-0.28278045,-0.012681255,0.248470686
13310700,0.035848277,4.797047368,47.2,15,1,23,307,1.055181332,0.163154732,1,0,12.778938,0.495121762,1,23,27.4,2.699804104,82.89405685,77.13178295,52.35142119,1.58,853.1,99.75,62.5,123.4,436.6,66.6,0.305,0.86,5,1.41,68.8,9.9,12.31,5.96,23.99,70.05,1943.6,2775,1146,0.492,32.1,0.998,0.07,10.16,6.17,16.387158,43.64705882,88.65528282,87.25720384,59.14621131,3.279950761,4.408639081,,,0.019658959,0.011659169,0.002167926,0.949876451
11458000,0.00995064,12.19559059,68.5,39.6,2,27.5,104,0.990978986,0.110602469,1,0,7.469418,0.749639592,1,27.5,46,10.19778,82.54162586,89.52007835,69.07443683,1.81,566.3,96.01,63.5,67.6,752.1,1.4,0.629,0.68,4,1.21,26.8,11,1.67,26.49,45.86,27.64,276.3,1261,13,0.212,18.6,-0.834,0.552,7.91,19.59,16.230256,50.14164306,86.30109268,91.01578308,74.28166734,0.513073094,1.896309377,,,0.415178669,0.289137373,0.124341333,1.064135749
11451715,0.001930433,5.399947761,58.5,32.2,2,47,184,1.00536443,0.197464248,1,0,11.655139,0.944331954,1,47,40.3,4.097515172,82.51192369,71.22416534,88.02331744,0.9,247.9,70.02,59.6,55.5,854.4,1,0.615,0.96,4,1.19,43.2,10.66,0.49,37.34,42.78,19.88,560.5,1162,264,0.34,18.2,-0.265,0.964,7.69,10.4,18.827651,55.03472222,87.14285714,78.16964286,89.91071429,2.304121352,5.157482856,23.98777733,10.34183138,-0.10161265,-0.17261918,-0.000991337,0.440970776
9183500,0.010290096,5.496369231,32.5,81.6,1,17.75,53,0.994541999,0.122836096,1,0,9.554376,1.58693339,1,17.75,21.3,3.499933463,82.41220495,74.78411054,61.84513529,0.97,74.3,66.99,52.1,75.1,523.8,35.2,0.117,0.82,2,1.82,55.8,9.43,4.38,18.47,33.98,47.55,2553,3783,1677,0.424,25.3,-0.048,-0.999,17.24,5.5,20.493111,94.65240642,88.06300443,84.14475397,64.50143192,2.287409489,3.148183042,10.63889637,3.052489906,0.041071366,0.007595602,-0.026073874,0.94602491
11025500,0.007650544,5.598145191,34.3,204.4,2,14,123,1.02968435,0.148109748,1,0,16.382785,0.674671611,1,14,31.2,5.598145191,82.38125802,80.61617458,44.12708601,1.59,288.7,61.83,49,43.1,760.7,1.6,0.57,0.88,4,1.39,32.2,10.45,3.04,16.47,31.29,52.24,891.8,1731,269,0.428,20.2,-0.631,-0.776,9.46,12.2,16.426629,98.17351598,80.13910355,75.99175683,50.07727975,11.15906388,12.28919293,,,-0.016644247,-0.014605238,-0.003089109,1.649024461
11458500,0.080017609,5.598250856,44.2,52.5,2,16.5,157,1.031025571,0.092835258,1,0,63.695385,1.042728974,1,16.5,42,4.996996631,82.35040895,70.59836418,53.91734826,2.59,150.4,107.96,63.9,77.4,739.6,1.4,0.626,0.64,3,1.77,23.2,10.42,1.81,24.93,43.89,31.18,301.1,824,39,0.336,17.6,-0.861,-0.509,10.87,16.65,19.519202,68.70229008,82.41173969,73.16035729,54.21097405,10.35774737,23.62679521,,,0.364218556,0.22495655,0.055653719,1.079780708
11478500,0.164736216,7.89926612,62.8,136.7,1,22.5,606,1.053631532,0.139327393,1,0,8.663335,1.683104665,1,22.5,57.2,7.099949905,81.93152214,81.20580573,42.2032006,1.44,572.4,186.88,62.5,90.6,614.2,24.9,0.537,0.86,6,1.67,36.7,10.37,1.41,23.84,42.24,33.92,923,1788,120,0.484,25.8,0.884,-0.467,8.41,13.56,14.61381,85.38011696,78.75116496,79.49673812,47.99627213,1.09210127,3.724842767,8.748707198,1.959399022,-0.064568187,-0.236133428,-0.119171927,0.483325575
11173200,0.060871918,4.499233684,31.4,99.9,2,20.5,486,1.048769871,0.29184993,1,0,87.006427,0.955234442,1,20.5,31.4,4.499233684,81.76691729,75.89285714,62.73496241,1.32,199.1,62.25,63.2,58.1,792.3,4.1,0.584,0.96,4,1.42,34.1,10.49,2.12,23.06,45.64,31.3,817,1309,248,0.536,26.7,0.459,-0.888,8.06,8.66,16.584267,94.25675676,81.68224299,75.79439252,62.89719626,21.85655409,36.6775992,,,-0.053380448,-0.174917,-0.088926062,0.626923961
11458000,0.013700881,9.798466667,64.8,17.9,2,16.66666667,811,1.037378078,0.123179634,1,0,7.469418,0.749639592,1,16.66666667,44.2,9.498605474,81.73359452,86.97355534,42.75220372,1.81,566.3,96.01,63.5,67.6,752.1,1.4,0.629,0.68,4,1.21,26.8,11,1.67,26.49,45.86,27.64,276.3,1261,13,0.212,18.6,-0.834,0.552,8.25,14.98,16.230256,33.14447592,85.3500607,85.91663294,49.45366248,0.513073094,1.896309377,,,0.331291423,0.132798817,0.03311812,0.74525601
11458000,0.019851276,15.0955334,59.8,25.5,2,21.5,829,1.004578342,0.078267624,1,0,7.469418,0.749639592,1,21.5,44,15.09877565,81.53770813,96.08227228,54.08912831,1.81,566.3,96.01,63.5,67.6,752.1,1.4,0.629,0.68,4,1.21,26.8,11,1.67,26.49,45.86,27.64,276.3,1261,13,0.212,18.6,-0.834,0.552,7.91,19.59,16.230256,41.64305949,83.95386483,94.4961554,59.20679887,0.513073094,1.896309377,,,0.331291423,0.132798817,0.03311812,0.74525601
8377900,0.020168095,11.99869982,20.5,46.4,1,5.866666667,39,0.789344838,0.617184283,1,0,9.194168,1.012725398,1,5.857222222,15,11.29993763,81.29848918,96.75377705,23.27480604,2.05,139,89.76,48.6,96.1,380.6,31.6,0.11,0.5,3,1.21,65.4,9.68,2.96,22.74,43.83,33.43,3141.5,3642,2423,0.593,24.8,0.023,-1,13.35,11.76,13.047006,48.22834646,81.47216633,94.28236083,30.98591549,0.36219532,3.062589928,66.46402878,35.36093525,-0.006350911,-0.01365667,-0.000568077,
11451715,0.014735255,7.499490566,67,265.6,2,27,545,1.086532337,0.240342638,1,0,5.595129,0.165455251,1,27,30.3,3.199738584,81.26436782,69.13793103,66.6091954,0.9,247.9,70.02,59.6,55.5,854.4,1,0.615,0.96,4,1.19,43.2,10.66,0.49,37.34,42.78,19.88,560.5,1162,264,0.34,18.2,-0.265,0.964,10.43,10.33,18.827651,98.95833333,89.62053571,85.66964286,73.99553571,0.869588895,1.310246067,23.98777733,10.34183138,-0.019746142,-0.057276743,-0.01927148,0.693622789
9508300,0.028012338,6.796179245,22,3.8,2,11.8,970,1.049727287,0.17919788,1,0,83.630661,1.091927993,1,11.8,22.2,6.796179245,81.18393235,86.25792812,55.65539112,1.24,93,61.67,39.9,60.5,779.9,8.4,0.144,0.7,3,1.58,36,10.05,2.68,22.26,37.89,39.84,1496.5,2272,712,0.503,27.8,0.203,-0.979,5.2,6.96,16.736963,33.07984791,80.92243187,86.19846261,56.02725367,25.49898573,26.68935484,,,-0.02164359,-0.046966731,-0.014561269,0.708457685
10257600,0.005821865,6.799968961,29.3,0,2,6.973888889,936,1.241242696,0.56917643,1,0,21.166607,1.618489668,1,6.973888889,29,6.799968961,81.17200217,82.63700488,25.66467716,1.68,92.9,55.02,38.1,39.9,737.5,7.4,0.582,0.91,3,1.32,44,9.6,5.01,12.16,30.05,57.78,1746.6,2915,731,0.466,38.3,-0.947,0.322,4.22,11.71,18.430912,10.48387097,81.47181628,82.62004175,27.87056367,6.946619682,5.859203445,21.86157158,3.477933262,0.039774094,-0.154452634,-0.071829471,0.548745042
11059300,0.04909047,23.37888,111.9,132.3,2,42,128,1.123948428,0.345647362,1,0,10.204954,0.671506587,1,42,40.9,9.493051415,81.14964676,85.35645472,82.81952473,1.38,946,67.84,42.5,47.8,641.9,27.6,0.57,1.05,5,1.86,28.1,10.09,7.16,11.69,29.16,59.16,1661,3477,292,0.43,26,0.124,-0.992,5.83,12.26,19.036583,89.04109589,92.18819352,94.8069241,87.26142921,5.853874082,5.295634249,5.803953488,2.260084567,-0.005807219,-0.006058876,-0.000276588,1.513553525
10173450,0.00433453,6.899406593,24.2,139.4,1,9.75,392,0.944095069,0.269753621,1,0,6.679829,1.245462034,1,9.75,19.5,3.699391266,80.95302013,78.20134228,35.16778523,1.98,268.5,65.03,54.7,80.9,402.2,53.1,0.149,0.42,3,1.28,76.9,10.8,2.1,22.73,38.73,38.54,2753.9,3446,2223,0.435,10.7,-0.338,0.941,14.31,4.35,13.380851,99.27536232,82.00961318,91.66857404,41.65712978,1.866059457,3.819553073,6.772960894,2.88603352,0.184684557,-0.125935152,-0.040416214,0.501956072
11458500,0.700389429,7.798023529,41.3,60.6,2,28.9,162,1.017911202,0.065151134,1,0,63.695385,1.042728974,1,28.9,38.9,7.598100125,80.90830822,83.2544124,79.9397331,2.59,150.4,107.96,63.9,77.4,739.6,1.4,0.626,0.64,3,1.77,23.2,10.42,1.81,24.93,43.89,31.18,301.1,824,39,0.336,17.6,-0.861,-0.509,10.87,16.65,19.519202,73.28244275,80.96554658,82.6031476,80.17864738,10.35774737,23.62679521,,,0.364218556,0.22495655,0.055653719,1.079780708
11458000,0.005050325,13.9981011,53.9,21.1,2,15.5,800,0.954498162,0.178403524,1,0,7.469418,0.749639592,1,15.5,43.1,11.69890507,80.87659158,92.40940255,39.93633692,1.81,566.3,96.01,63.5,67.6,752.1,1.4,0.629,0.68,4,1.21,26.8,11,1.67,26.49,45.86,27.64,276.3,1261,13,0.212,18.6,-0.834,0.552,8.25,14.98,16.230256,37.53541076,81.95062728,93.6058276,47.02549575,0.513073094,1.896309377,,,0.331291423,0.132798817,0.03311812,0.74525601
11047300,0.053233193,2.199446446,32.4,0.2,2,42,947,1.139493139,0.305807846,1,0,11.921157,1.8590446,1,42,31.4,2.199446446,80.68965517,48.50574713,91.4559387,1.1,139.9,46.85,61.6,36.6,812.1,0,0.652,1.08,3,1.27,23.9,11.46,2.26,24.89,42.68,32.43,423.2,1729,25,0.234,19.1,-0.597,-0.802,13.12,9.25,13.66011,32.14285714,81.87372709,50.37338764,92.36252546,4.902997679,7.699857041,11.53209435,10.94796283,0.172491359,0.015147552,-0.104281407,0.751632537
11204100,0.004558428,8.699498571,49.1,85.4,2,35.5,110,1.124917094,0.304496737,1,0,45.981764,1.33889849,1,35.5,48.7,8.699498571,80.25477707,82.85154336,83.43949045,2.9,249.1,79.83,55.9,53.1,703.2,25.2,0.595,0.74,4,1.36,65.9,9.43,2.64,18.72,31.31,49.98,1348.7,2824,292,0.417,34.4,0.119,-0.993,5.19,10.48,17.505672,88.75739645,80.26190476,82.9047619,83.9047619,14.70255814,23.47442794,48.9626656,16.38281815,0.039050928,0.017864718,-0.015427779,0.929846977
9508300,0.016746506,5.499735652,20.2,2.3,1,12.91666667,774,1.145838541,0.425302242,0.992248062,0,83.630661,1.091927993,1,12.91666667,20.6,5.499735652,79.84496124,81.99436223,58.94996476,1.24,93,61.67,39.9,60.5,779.9,8.4,0.144,0.7,3,1.58,36,10.05,2.68,22.26,37.89,39.84,1496.5,2272,712,0.503,27.8,0.203,-0.979,23.2,8.16,16.736963,29.27756654,79.26275332,81.76100629,59.29419986,25.49898573,26.68935484,,,-0.038515917,-0.082337529,-0.01965683,0.677476888
11461000,0.030323867,20.696668,45.6,13,2,8.75,48,1.056797089,0.178294897,1,0,32.301184,1.065652935,1,8.75,42.2,18.19047619,79.81220657,98.0829421,22.47652582,1.95,259.6,118.6,63.1,81.2,730.9,3,0.607,0.95,4,1.1,36,11.3,1.16,28.24,42.59,29.17,448.3,1014,191,0.314,20.6,-0.997,0.077,9.63,16.13,15.086673,29.10447761,80.58715596,98.12844037,25.85321101,6.630779176,11.66221109,,,0.326495311,0.194789621,0.002739299,1.016615306
11451715,0.080872564,7.999180952,60.5,44.4,2,19.83333333,966,1.088803163,0.203563329,1,0,11.690112,0.296371599,1,19.83333333,28.8,5.494905542,79.80113636,87.21590909,50.73863636,0.9,247.9,70.02,59.6,55.5,854.4,1,0.615,0.96,4,1.19,43.2,10.66,0.49,37.34,42.78,19.88,560.5,1162,264,0.34,18.2,-0.265,0.964,10.43,10.33,18.827651,63.36805556,87.72321429,87.32142857,58.30357143,1.945488238,3.78987495,23.98777733,10.34183138,0.156024312,0.06469942,-0.124663435,0.832466486
11014000,0.028347972,6.491778,28.9,3.5,2,38,99,1.028698871,0.106987748,1,0,34.921161,0.643563446,1,38,24.3,6.491778,79.63085036,87.07976269,89.35398813,2.91,181.8,44.33,55.8,42.1,846.3,0,0.609,1.26,5,1.39,33.8,10.3,3.01,18.77,38.69,42.55,490.9,1128,158,0.343,19.4,-0.048,-0.999,11.77,8.75,16.12831,40.29411765,81.54761905,86.42857143,90.32738095,24.61891647,27.06188119,,,-0.019392184,-0.012092781,0.000455826,1.608646405
11466800,0.041159683,12.59688262,62.7,24.6,2,15.66666667,811,0.990994427,0.078131298,1,0,12.714225,1.001456134,1,15.66666667,35.2,9.49537799,79.34888241,90.33041788,38.96987366,2.06,652.2,100.52,64.6,68.1,730.4,0.8,0.63,0.68,4,1.71,30,13.03,1.22,29.33,42.59,28.08,155.1,780,16,0.185,9.2,-0.054,-0.999,8.57,15.04,16.611166,48.75,85.69072165,91.83505155,44.98969072,3.097905528,3.795124195,,,0.191805821,0.011269504,-0.060637712,0.703559541
11059300,0.034423195,6.997941958,42.3,216.9,2,24.66666667,476,1.11943132,0.373331645,1,0,5.629999,1.029095619,1,24.66666667,35.6,5.998179806,79.08626561,76.44721907,66.48694665,1.38,946,67.84,42.5,47.8,641.9,27.6,0.57,1.05,5,1.86,28.1,10.09,7.16,11.69,29.16,59.16,1661,3477,292,0.43,26,0.124,-0.992,4.66,8.01,19.036583,97.94520548,78.29560586,75.63249001,73.39103418,2.3244573,3.185200846,5.803953488,2.260084567,-0.136739485,-0.336634329,-0.108118365,0.502235725
11113500,0.003124993,10.99881875,42.4,2.8,2,11.75,789,1.02024629,0.116038914,1,0,18.940755,1.81859973,1,11.75,37.3,7.697775794,78.92190739,80.2349689,36.42017968,2.67,103.3,67.78,49.9,39.1,708.5,2.6,0.693,1.18,4,1.59,40.1,9.58,1.4,23.56,44.22,32.23,996,2039,186,0.437,34.4,-0.944,-0.329,11.8,5.06,15.259699,39.86013986,80.27888446,85.85657371,37.84860558,12.37726183,14.70493708,84.35972894,53.69332043,-0.073985004,-0.153768993,-0.014740279,0.658887112
11461000,0.170162708,12.49875993,43.4,126.9,2,6.967777778,107,1.036363756,0.110086998,1,0,32.301184,1.065652935,1,6.967777778,41,12.49659951,78.89280125,94.20970266,16.11893584,1.95,259.6,118.6,63.1,81.2,730.9,3,0.607,0.95,4,1.1,36,11.3,1.16,28.24,42.59,29.17,448.3,1014,191,0.314,20.6,-0.997,0.077,6.98,23.46,15.086673,88.27292111,79.81651376,93.24770642,19.26605505,6.630779176,11.66221109,,,0.326495311,0.194789621,0.002739299,1.016615306
9342500,0.035683322,7.099890824,31.9,63.5,1,13,81,0.965776863,0.349480168,1,0,10.452957,1.515753581,1,13,23.1,6.099572881,78.84485476,89.86714704,32.526458,2,726.9,99.32,50.6,102.4,399.5,54.9,0.122,0.66,4,1.3,63.2,9.73,5.26,19.93,41.58,38.49,2968.1,4027,2154,0.436,31.2,-0.871,-0.491,12.81,9.42,11.980939,75.26205451,79.75966955,87.75816748,39.20390537,3.405147869,4.768551383,,,,,,1.003178144
9508300,0.052675375,5.497936119,20.5,32.3,1,6.875,55,1.062664502,0.167931064,1,0,83.630661,1.091927993,1,6.875,19.6,5.497936119,78.71740662,81.71247357,34.09090909,1.24,93,61.67,39.9,60.5,779.9,8.4,0.144,0.7,3,1.58,36,10.05,2.68,22.26,37.89,39.84,1496.5,2272,712,0.503,27.8,0.203,-0.979,23.2,8.16,16.736963,66.92015209,79.66457023,81.55136268,34.50384347,25.49898573,26.68935484,,,0.000944022,-0.000402396,-0.000206143,1.109703309
11478500,0.115760585,7.298530612,68.9,214,1,36.8,979,1.025166425,0.101944656,1,0,12.895813,1.546514251,1,36.8,55.7,6.898655385,78.62332001,77.11587359,71.24954595,1.44,572.4,186.88,62.5,90.6,614.2,24.9,0.537,0.86,6,1.67,36.7,10.37,1.41,23.84,42.24,33.92,923,1788,120,0.484,25.8,0.884,-0.467,8.41,13.56,14.61381,94.73684211,80.58403231,77.35321528,75.25629077,1.95071882,5.137264151,8.748707198,1.959399022,0.29071361,0.057064211,0.019076361,0.619517434
11462500,0.010196106,7.294611429,49.5,82.3,2,20,42,1.084079297,0.272556725,1,0,14.014819,1.559220106,1,20,44,7.294611429,78.60378913,80.43657331,45.9431631,1.8,938.7,115.58,63.2,79.6,757,2,0.605,1.01,5,1.18,36.1,11.16,1.09,26.66,42.65,30.69,465.2,1187,159,0.299,21.1,-0.76,-0.649,9.93,16.13,15.801847,68.92473118,79.04829545,76.98863636,51.66903409,3.010044322,5.965196548,5.881016299,2.132502397,0.342164246,0.20863686,0.009445792,1.023963702
9513780,0.002233439,5.097649275,21.2,0.9,2,18,608,1.008116998,0.094726954,1,0,90.81327,1.095059029,1,18,21.1,5.097649275,78.58319605,77.8830313,68.14250412,2.34,177.5,52.71,40,52.6,949,0.8,0.196,0.87,3,1.36,22.1,10.1,3.45,30.93,30.45,38.62,1208.9,1783,721,0.467,22.5,-0.241,-0.97,8.2,6.91,18.230644,31.3559322,78.85245902,78.03278689,68.17622951,38.35176222,28.51808451,16.69070423,2.558647887,0.008643851,-0.010861066,-0.003648417,0.833262072
8277470,0.011195022,5.295843086,22.4,166.6,1,12.66666667,111,1.165198943,0.643451617,1,0,20.31672,1.556455052,1,12.66666667,17.7,5.295843086,78.48123465,82.12907752,59.44405472,2.31,258,82.04,52.2,90.9,369.5,36.6,0.073,0.53,3,1.49,64,10.04,1.28,27.65,33.69,38.66,3038.8,3911,2384,0.43,25.8,0.472,0.881,14.21,9.44,17.790895,95.38745387,80.03019708,79.03687222,61.88016529,5.458742065,6.172325581,19.94930233,14.98604651,-0.016481747,-0.018029543,0.001491012,0.969439731
9510200,0.011385319,8.298864564,40.6,18.4,1,11,387,1.307940215,0.853971404,0.897306397,0,38.424484,0.967102488,0.978165939,11,23.7,4.999040476,78.3459596,74.78956229,39.92003367,1.74,425.3,61.33,36.1,50,956.2,2.1,0.215,1.04,5,1.39,30.1,10.19,4.14,15.96,29.86,54.17,1161.3,2161,545,0.383,21.4,-0.57,-0.822,26.64,6.95,17.785195,51.66051661,85.27717783,85.27717783,45.77033837,16.38612732,18.54300494,51.02477531,24.56769952,0.006264217,0.000887973,-0.001961623,0.821059687
11461000,0.091844231,11.69728829,43,71.4,2,8.963055556,143,1.061976603,0.199248171,1,0,32.301184,1.065652935,1,8.963055556,39.7,11.69669231,78.28638498,93.34898279,23.20031299,1.95,259.6,118.6,63.1,81.2,730.9,3,0.607,0.95,4,1.1,36,11.3,1.16,28.24,42.59,29.17,448.3,1014,191,0.314,20.6,-0.997,0.077,9.33,18.36,15.086673,72.49466951,79.52293578,92.22018349,26.53211009,6.630779176,11.66221109,,,0.326495311,0.194789621,0.002739299,1.016615306
11101250,0.449871096,20.38141148,40.2,0,2,18.5,113,1.071089207,0.272606105,1,0,9.043463,1.218738623,1,18.5,35.1,17.67839669,78.25,94.42857143,55.60714286,3.16,237.3,62.69,59.1,33.7,843.8,0.3,0.655,0.85,3,1.36,34,10.8,2.61,18.95,41.98,39.07,471.3,1852,65,0.228,19.6,-0.987,-0.161,12.07,15.17,13.411358,12.6911315,79.11746426,94.59291485,58.39030454,0,3.349683944,19.49397387,12.38921197,0.027350697,0.039471284,0.000478655,
11449500,0.12063619,14.69559528,47.7,6.9,1,19.95833333,912,1.030171809,0.078716983,1,0,20.124733,1.609944458,1,19.95833333,41.7,13.88669006,78.19102113,93.97007042,57.3943662,1.81,95.3,148.47,60,80.8,774.8,1.3,0.621,0.7,3,1.52,33.3,10.94,1.18,24.63,43.26,32.11,804.1,1432,460,0.359,20,0.851,-0.526,9.33,21.02,16.804113,29.7029703,80.77247784,94.89235965,58.71675813,7.764004234,10.69045121,,,0.119680425,-0.08824409,-0.075660262,0.442834324
11138500,0.004351055,9.496862162,54.9,211,2,32,585,0.98661337,0.217302179,1,0,43.010103,1.393757,1,32,44.1,9.496509988,78.11256396,80.95508812,79.07902217,2,728.9,69.82,57.6,39.6,665.2,7.1,0.686,1.16,5,1.44,28.2,9.8,1.39,21.86,41.68,36.45,994.2,2081,193,0.424,34.2,0.199,-0.98,8.21,17.01,16.60856,93.52941176,81.37201735,80.7483731,79.88069414,32.67864011,35.43658938,,,-0.070876973,-0.150943448,-0.017087662,0.50503316
11456000,0.023341703,5.298357453,38.1,4,2,22.75,127,1.04398343,0.096350511,1,0,60.472826,0.901596113,1,22.75,36,5.298691304,77.96682263,72.1395151,63.97277754,1.79,212.3,104.44,64,69.8,743.7,1.5,0.624,0.68,4,1.39,28.5,10.89,2.14,24.23,44.57,31.21,305.3,1261,75,0.209,20.9,-0.876,0.483,9.41,19.91,16.071526,25.64102564,77.53294893,70.18121911,64.49752883,22.62324764,34.12581253,,,0.132349076,0.06449546,0.029446462,0.931223526
11149900,0.000916073,13.09658551,60.7,20.3,2,31,488,1.183527801,0.425458089,1,0,12.824107,0.507351319,1,31,29,10.197942,77.95591182,93.18637275,71.60988644,1.56,556.4,63.26,62,54,737.5,1.5,0.659,1.13,4,1.35,33.5,10.91,2.31,24.37,37.78,37.85,533.4,1785,248,0.186,19.5,-0.995,-0.102,8.45,9.76,16.227347,42.62948207,84.40434998,88.77904103,78.44784973,0.822336042,1.076312006,28.84609993,15.65149173,,,,1.136415095
11462500,0.078129928,26.0834015,113.5,72.3,2,71,545,1.100896583,0.356406878,1,0,5.854759,1.781748803,1,71,36,7.796045302,77.86172161,87.59157509,94.71153846,1.8,938.7,115.58,63.2,79.6,757,2,0.605,1.01,5,1.18,36.1,11.16,1.09,26.66,42.65,30.69,465.2,1187,159,0.299,21.1,-0.76,-0.649,7.16,22.52,15.801847,64.30107527,92.43607955,99.00568182,95.8984375,1.319662649,1.833269415,5.881016299,2.132502397,0.101625656,-0.091883412,-0.114802606,0.619788094
11101250,0.441518052,4.798315263,38.2,0.5,2,20,99,1.091899903,0.2645059,1,0,9.043463,1.218738623,1,20,34.5,4.299652632,77.85714286,65.71428571,58.78571429,3.16,237.3,62.69,59.1,33.7,843.8,0.3,0.655,0.85,3,1.36,34,10.8,2.61,18.95,41.98,39.07,471.3,1852,65,0.228,19.6,-0.987,-0.161,12.07,15.17,13.411358,30.88685015,78.55811063,67.1845867,61.18707272,0,3.349683944,19.49397387,12.38921197,0.027350697,0.039471284,0.000478655,
9505800,0.008979964,11.79958,44.8,109.9,1,38,64,0.916697879,0.404893777,1,0,15.87416,1.149760654,1,38,17,6.99833102,77.83488596,91.58368134,87.95374237,1.25,614.9,66.14,52,71.5,573.7,25.2,0.165,0.78,5,2.3,34.8,11.32,1.52,34.37,31.91,33.72,2018.2,2584,1111,0.681,10.6,-0.078,-0.997,19.08,7.93,19.078317,84.20479303,89.07193159,94.03923541,90.49295775,3.315536087,3.12080013,13.55356969,0.878337941,0.006092469,0.002880111,0.006747654,1.076106946
11462500,0.014057354,20.78587067,46.8,14.2,2,9.889166667,48,1.063863309,0.263625924,1,0,14.014819,1.559220106,1,9.889166667,42.6,18.19047619,77.75947282,98.06425041,20.42833608,1.8,938.7,115.58,63.2,79.6,757,2,0.605,1.01,5,1.18,36.1,11.16,1.09,26.66,42.65,30.69,465.2,1187,159,0.299,21.1,-0.76,-0.649,9.93,16.13,15.801847,28.17204301,77.48579545,98.01136364,27.87642045,3.010044322,5.965196548,5.881016299,2.132502397,0.342164246,0.20863686,0.009445792,1.023963702
9183500,0.080415195,5.099885871,35.2,9.1,1,44,40,0.984687321,0.081654404,1,0,9.554376,1.58693339,1,44,17.2,2.699914179,77.73459988,67.78929188,94.60276339,0.97,74.3,66.99,52.1,75.1,523.8,35.2,0.117,0.82,2,1.82,55.8,9.43,4.38,18.47,33.98,47.55,2553,3783,1677,0.424,25.3,-0.048,-0.999,18.32,4.14,20.493111,44.51871658,89.37776621,82.58266077,95.11845873,2.287409489,3.148183042,10.63889637,3.052489906,0.041071366,0.007595602,-0.026073874,0.94602491
11148900,0.084915371,7.595972222,57.1,75.1,2,32.66666667,807,1.064909795,0.233911437,1,0,10.274829,1.729434032,1,32.66666667,37.6,7.498322727,77.529346,79.37395193,78.92677473,1.48,403.5,69.16,62.7,52.5,745.3,1.5,0.653,0.99,5,1.22,31.2,11.37,2.86,22.94,36.87,40.19,551.8,1138,256,0.337,21.3,-0.586,0.81,11.7,7.38,16.11163,72.79693487,82.67401102,76.31447171,80.52078117,2.112819809,3.949739777,20.74907063,12.52795539,,,,
11458000,0.012250787,5.697022769,54.9,77.6,2,18.5,157,1.019950196,0.119059932,1,0,7.469418,0.749639592,1,18.5,37,4.296910401,77.49755142,64.69147894,47.33104799,1.81,566.3,96.01,63.5,67.6,752.1,1.4,0.629,0.68,4,1.21,26.8,11,1.67,26.49,45.86,27.64,276.3,1261,13,0.212,18.6,-0.834,0.552,10.87,15.05,16.230256,69.40509915,82.37555645,70.98340753,53.48037232,0.513073094,1.896309377,,,0.415178669,0.289137373,0.124341333,1.064135749
11065000,0.005023576,7.398336274,44.3,4.3,2,47.5,559,0.955997673,0.307013154,1,0,33.742927,1.953161117,1,47.5,33,6.398466717,77.33160622,77.4611399,90.86787565,1.55,364.7,81.4,47.7,43.6,701.5,4.2,0.649,1.11,5,1.12,49.6,10,6.62,10.83,28.51,60.66,1250.1,3059,313,0.343,27.3,-0.675,0.738,7.67,19.01,19.024359,39.27272727,78.80549683,75.89852008,92.54756871,9.084707504,11.94332328,33.44313134,17.52322457,0.056370652,-0.092943493,-0.094504975,0.654850569
11463900,0.171737418,5.399960684,40.2,1.3,2,21,467,1.053653188,0.172681822,1,0,78.702752,0.833942644,1,21,35.9,4.59997256,77.32784755,68.60112603,61.30359463,2.86,114.1,115.9,65.1,67.8,746.4,0.7,0.617,0.72,3,1.38,36.4,11.12,1.75,27.22,44.13,28.65,413,1316,58,0.282,23.9,-0.601,-0.799,9.17,21.26,15.761656,22.27272727,78.65802676,71.32107023,62.16555184,11.07121403,21.33260298,,,0.026084146,-0.115278009,-0.088143993,0.607639683
11461500,0.206415026,17.34081633,56,47.6,2,21.99444444,547,1.047253522,0.166851523,1,0,23.026463,1.979605621,1,21.99444444,32,7.797833941,77.19335605,88.20272572,56.68654174,2.19,238.7,114.45,62.5,77.8,761.6,2,0.595,1.06,4,1.35,37.3,11.11,0.92,28.71,43.04,28.25,497.3,1167,258,0.27,20.9,-0.276,-0.961,6.91,22.15,16.250428,62.12121212,86.08072425,98.45341381,59.97736703,5.04689448,7.209426058,23.12739841,8.386175115,0.101625656,-0.091883412,-0.114802606,0.619788094
11456000,0.038547155,8.699282571,53.6,15.7,2,15.8,811,1.020066124,0.061792988,1,0,8.882523,2.160787162,1,15.8,35.3,6.599700779,77.18535469,77.89473684,48.30663616,1.79,212.3,104.44,64,69.8,743.7,1.5,0.624,0.68,4,1.39,28.5,10.89,2.14,24.23,44.57,31.21,305.3,1261,75,0.209,20.9,-0.876,0.483,8.25,16.25,16.071526,36.89458689,84.7199341,85.00823723,51.79159802,1.060217481,3.36895902,,,0.222215086,0.015139631,-0.046995445,0.714871147
11456000,0.039214061,10.99719024,49.3,16,2,18,829,0.988992691,0.040599718,1,0,8.882523,2.160787162,1,18,35.3,7.597895,77.18535469,82.33409611,53.98169336,1.79,212.3,104.44,64,69.8,743.7,1.5,0.624,0.68,4,1.39,28.5,10.89,2.14,24.23,44.57,31.21,305.3,1261,75,0.209,20.9,-0.876,0.483,7.94,21.08,16.071526,37.32193732,83.11367381,90.56836903,57.06342669,1.060217481,3.36895902,,,0.222215086,0.015139631,-0.046995445,0.714871147
11059300,0.003502186,2.99997,39.8,87.1,2,33,480,1.119660873,0.593074462,1,0,5.629999,1.029095619,1,33,31.6,2.99997,77.07150965,59.53461975,75.90805902,1.38,946,67.84,42.5,47.8,641.9,27.6,0.57,1.05,5,1.86,28.1,10.09,7.16,11.69,29.16,59.16,1661,3477,292,0.43,26,0.124,-0.992,4.66,8.01,19.036583,83.21917808,77.20816689,57.478917,81.06968486,2.3244573,3.185200846,5.803953488,2.260084567,-0.136739485,-0.336634329,-0.108118365,0.502235725
11461500,0.224209424,10.59830147,37.1,96.8,2,6.9,107,1.009972529,0.049027466,1,0,19.923258,2.990428809,1,6.9,33.9,10.59830147,76.93734542,93.69332234,14.94229184,2.19,238.7,114.45,62.5,77.8,761.6,2,0.595,1.06,4,1.35,37.3,11.11,0.92,28.71,43.04,28.25,497.3,1167,258,0.27,20.9,-0.276,-0.961,6.91,22.15,16.250428,83.95721925,77.70652584,92.15390419,19.33232742,4.814853355,10.7385421,23.12739841,8.386175115,0.369863037,0.233112312,0.021301804,1.03650946
11462500,0.069683449,12.49903923,47,81,2,7.967777778,107,1.038439918,0.146435907,1,0,14.014819,1.559220106,1,7.967777778,41,12.49659951,76.64744646,93.86326194,14.45634267,1.8,938.7,115.58,63.2,79.6,757,2,0.605,1.01,5,1.18,36.1,11.16,1.09,26.66,42.65,30.69,465.2,1187,159,0.299,21.1,-0.76,-0.649,7.16,22.52,15.801847,68.60215054,77.66335227,91.08664773,21.34232955,3.010044322,5.965196548,5.881016299,2.132502397,0.342164246,0.20863686,0.009445792,1.023963702
11022480,0.029991598,5.999974925,34.4,278.1,2,14,124,1.033473504,0.159050313,1,0,79.360851,1.036983012,1,14,34.3,5.999974925,76.64593053,75.63504406,42.92379471,1.63,953.6,51.86,51.9,43.3,807.8,2.2,0.585,0.84,5,1.19,31,10.52,3.4,17.08,31.75,51.17,640.4,1967,89,0.294,18.5,0.017,-1,10.9,10.13,15.3664,99.17582418,76.8442623,75.71721311,43.18647541,57.24252031,58.6542156,,,-0.01392217,-0.013271371,-0.001183574,1.548165407
11022480,0.019687554,12.29994,36.1,0,1,13,940,1.036269118,0.217721744,1,0,79.360851,1.036983012,1,13,34.1,12.299904,76.56817004,91.39450492,40.43545879,1.63,953.6,51.86,51.9,43.3,807.8,2.2,0.585,0.84,5,1.19,31,10.52,3.4,17.08,31.75,51.17,640.4,1967,89,0.294,18.5,0.017,-1,16.45,1.42,15.3664,13.73626374,77.56147541,91.29098361,40.72745902,57.24252031,58.6542156,,,-0.028756539,-0.041552171,-0.018424305,1.211290407
11462500,0.031372635,12.79988343,55.2,90.2,2,8.963055556,143,1.042842604,0.21314841,1,0,14.014819,1.559220106,1,8.963055556,40.5,11.69669231,76.40032949,92.95716639,17.71004942,1.8,938.7,115.58,63.2,79.6,757,2,0.605,1.01,5,1.18,36.1,11.16,1.09,26.66,42.65,30.69,465.2,1187,159,0.299,21.1,-0.76,-0.649,9.49,18.21,15.801847,71.61290323,81.21448864,91.65482955,25.07102273,3.010044322,5.965196548,5.881016299,2.132502397,0.342164246,0.20863686,0.009445792,1.023963702
11451715,0.011422678,10.99931909,43.7,10,2,15.66666667,538,1.008130319,0.086067196,1,0,24.133838,1.666551161,1,15.66666667,30.5,8.999016667,76.38618677,91.00194553,44.82003891,0.9,247.9,70.02,59.6,55.5,854.4,1,0.615,0.96,4,1.19,43.2,10.66,0.49,37.34,42.78,19.88,560.5,1162,264,0.34,18.2,-0.265,0.964,7.28,15.2,18.827651,31.94444444,82.03125,93.92857143,48.41517857,2.888346264,4.86014522,23.98777733,10.34183138,0.068171654,-0.111624448,-0.088059976,0.633678478
11458000,0.00435528,5.298357453,43.3,6,2,24.75,127,1.071840455,0.263224868,1,0,23.054366,1.506954112,1,24.75,36,5.298691304,76.1732852,71.02888087,67.77978339,1.81,566.3,96.01,63.5,67.6,752.1,1.4,0.629,0.68,4,1.21,26.8,11,1.67,26.49,45.86,27.64,276.3,1261,13,0.212,18.6,-0.834,0.552,9.47,18.58,16.230256,21.52974504,77.11452853,68.55524079,71.02387697,8.493122166,12.92929543,,,0.131902318,0.063859134,0.02908191,0.931090554
11109600,0.005670415,7.598793354,37.5,0.6,2,28,167,1.036891185,0.21815403,1,0,41.681744,1.066478672,1,28,31,6.299951652,76.03355303,78.66986219,74.3858598,1.66,963.8,55.61,42.7,35,676,11.8,0.673,1.1,5,2.08,52.1,10.21,5.72,18.55,37.45,44,1385.2,2691,325,0.448,26,-0.765,0.644,5.91,14.06,16.693884,34.59459459,78.53290183,81.39158576,76.83387271,12.52429966,19.22524383,6.542218303,3.126727537,0.002965087,0.009267583,0.002196116,1.121524237
9404450,0.003007745,2.999563846,13.4,0,1,14.5,674,1.027627464,0.111411374,1,0,14.12125,1.495243097,1,14.5,10.8,2.976252432,75.92905405,80.2027027,59.34121622,2.21,193,46.03,54.3,64.1,511.3,37.5,0.146,0.49,3,1.1,77.9,10.5,1.53,27.11,45.25,27.64,2214.5,2588,1800,0.528,23.3,-0.996,0.092,9.81,2.78,16.150084,8.193979933,77.93988912,76.97694777,63.40822877,4.678595116,7.601968912,13.95839378,7.030725389,-0.059390061,-0.144598633,-0.034442,0.449450623
11113000,0.014332667,5.3,48.2,13.9,2,34,842,1.054517241,0.21812807,1,0,34.168763,0.626898493,1,34,35.6,3.999529057,75.72944297,65.64986737,75.29840849,1.41,650,68.34,45.4,34.7,663.4,7.7,0.69,1.22,4,1.67,44.6,9.91,2,22.07,41.65,36.28,1251.5,2274,184,0.512,32.7,-1,0.016,6.83,9.22,16.054577,55.90909091,78.31125828,70.41942605,79.2218543,19.70198669,21.99904615,14.98787692,8.055507692,-0.062476334,-0.128931649,-0.018536262,0.582739149
11200800,0.003772059,5.799973519,36.1,0,2,23,90,1.073926401,0.211865361,1,0,37.21031,1.51904651,1,23,36.1,5.799973519,75.67302986,74.74302496,61.89427313,2.53,214.7,72.15,53.2,42.8,740.6,18.4,0.594,0.64,3,1.41,65.7,9.77,2.77,17.27,29.31,53.42,1214.9,2492,303,0.417,30.8,-0.155,-0.988,5.44,9.36,15.133741,11.46993318,75.83254044,74.78591817,62.63082778,23.12020326,27.05533302,40.09669306,23.41741966,0.052795599,0.03645621,-0.004801635,0.964664916
11456000,0.0276099,11.59681397,55.9,35.5,2,27,104,0.937245604,0.142973512,1,0,8.882523,2.160787162,1,27,32.5,10.49297895,75.17162471,90.4805492,74.3020595,1.79,212.3,104.44,64,69.8,743.7,1.5,0.624,0.68,4,1.39,28.5,10.89,2.14,24.23,44.57,31.21,305.3,1261,75,0.209,20.9,-0.876,0.483,7.94,21.08,16.071526,52.99145299,85.52306425,91.5568369,76.8121911,1.060217481,3.36895902,,,0.346790641,0.226602182,0.063994836,1.076802118
10173450,0.005252058,6.999592168,24.8,80.9,1,8.8,390,0.858823233,0.397279342,1,0,6.679829,1.245462034,1,8.8,14.9,5.099682689,75.04697987,87.86577181,30.9261745,1.98,268.5,65.03,54.7,80.9,402.2,53.1,0.149,0.42,3,1.28,76.9,10.8,2.1,22.73,38.73,38.54,2753.9,3446,2223,0.435,10.7,-0.338,0.941,14.31,4.35,13.380851,89.49275362,82.62760357,92.0576791,37.68596933,1.866059457,3.819553073,6.772960894,2.88603352,0.184684557,-0.125935152,-0.040416214,0.501956072
11043000,0.00380855,2.999628333,26.3,15.6,2,28.91666667,860,0.970175864,0.180506734,1,0,15.431556,1.785573251,1,28.91666667,15.1,2.199708632,74.847793,62.48097412,77.24505327,1.41,572.5,37.11,54,29.9,879.2,0.1,0.614,1.02,5,1.08,23.8,12.19,2.65,18.48,35.38,46.14,520.6,1381,303,0.207,8.3,-0.454,-0.891,12.65,6.95,16.167722,58.48214286,79.35627081,65.03884573,82.74139845,1.382765683,3.507877729,,,0.048427092,0.107412762,-0.011260974,
11456000,0.036546437,5.3,46.2,66.5,2,18.5,157,0.950640207,0.112685331,1,0,8.882523,2.160787162,1,18.5,32,5.3,74.53089245,71.48741419,54.53089245,1.79,212.3,104.44,64,69.8,743.7,1.5,0.624,0.68,4,1.39,28.5,10.89,2.14,24.23,44.57,31.21,305.3,1261,75,0.209,20.9,-0.876,0.483,10.83,16.43,16.071526,68.94586895,81.79571664,70.84019769,57.55766063,1.060217481,3.36895902,,,0.346790641,0.226602182,0.063994836,1.076802118
11113500,0.005208321,10.79996824,27.7,0,2,9,97,1.034983455,0.123203242,1,0,18.940755,1.81859973,1,9,27.3,10.89481588,74.39530062,87.00760194,27.74706289,2.67,103.3,67.78,49.9,39.1,708.5,2.6,0.693,1.18,4,1.59,40.1,9.58,1.4,23.56,44.22,32.23,996,2039,186,0.437,34.4,-0.944,-0.329,8.69,8.85,15.259699,13.63636364,73.90438247,85.39176627,29.1500664,12.37726183,14.70493708,84.35972894,53.69332043,0.006263592,0.01337862,0.00190855,1.132471162
11462500,0.020090553,10.09954,76.3,26.2,2,26.5,101,1.067028325,0.2205211,1,0,14.014819,1.559220106,1,26.5,36.3,7.799977107,74.3616145,82.57825371,64.7446458,1.8,938.7,115.58,63.2,79.6,757,2,0.605,1.01,5,1.18,36.1,11.16,1.09,26.66,42.65,30.69,465.2,1187,159,0.299,21.1,-0.76,-0.649,7.16,22.52,15.801847,38.49462366,87.26917614,86.29261364,69.42471591,3.010044322,5.965196548,5.881016299,2.132502397,0.342164246,0.20863686,0.009445792,1.023963702
9497980,0.005435427,11.09081001,23.7,109.4,1,10,72,1.176614867,0.626758344,0.989071038,0,7.772327,1.760716106,1,10,13.5,7.597546127,74.23804941,91.85113892,39.65351299,1.21,516.8,68.36,41,69.3,673.1,9.8,0.135,0.7,3,1.67,36.3,10.57,3.03,22.54,34.63,42.83,1688.6,2350,985,0.518,19.9,-0.996,0.089,21.95,9.19,17.814094,84.88160291,77.93274244,92.28362878,46.65015641,2.221099145,1.845975232,7.793188854,1.943034056,0.000403016,0.002417728,-0.002078926,0.996608674
11463200,0.139725368,4.799557463,40.1,1.7,2,16.8,467,1.019211804,0.132447182,1,0,26.99712,1.422792662,1,16.8,33.6,4.399697672,74.20935412,65.74610245,49.59910913,2.22,220.9,130.76,61.7,78,793.4,1.1,0.617,0.65,4,1.29,31.1,10.07,1.12,28.01,43.94,28.05,641.5,1364,128,0.429,28.1,-0.469,-0.883,8.58,26.04,12.856578,31.34920635,76.2013256,66.4043082,51.76056338,8.36721598,13.11946582,,,0.029055111,-0.155221553,-0.090263693,0.552259241
11461500,0.070821707,10.09861429,35.4,58.7,2,8.666666667,143,1.030509338,0.096968158,1,0,19.923258,2.990428809,1,8.666666667,29.9,10.09861429,74.19620775,92.91014015,21.784831,2.19,238.7,114.45,62.5,77.8,761.6,2,0.595,1.06,4,1.35,37.3,11.11,0.92,28.71,43.04,28.25,497.3,1167,258,0.27,20.9,-0.276,-0.961,9.37,17.85,16.250428,69.96434938,76.08449642,91.17314221,26.49943418,4.814853355,10.7385421,23.12739841,8.386175115,0.369863037,0.233112312,0.021301804,1.03650946
11461000,0.05126697,5.799467406,34.2,163.6,2,11.9,795,1.077369554,0.233350183,1,0,32.301184,1.065652935,1,11.9,32.8,5.599509604,74.15884194,73.86541471,33.00078247,1.95,259.6,118.6,63.1,81.2,730.9,3,0.607,0.95,4,1.1,36,11.3,1.16,28.24,42.59,29.17,448.3,1014,191,0.314,20.6,-0.997,0.077,7.07,18.28,15.086673,94.88272921,74.34862385,73.98165138,35.98165138,6.630779176,11.66221109,,,0.209937019,-0.022380016,-0.083442379,0.63869295
13083000,0.005527307,1.899899174,11.2,5.2,1,10.5,644,1.029137519,0.143291736,1,0,29.119732,1.153044888,1,10.5,9.4,1.499902763,74.06119611,65.53546592,40.18080668,2.24,133.2,51.39,57.6,83.1,514.8,34.3,0.207,0.86,3,1.24,76.9,10.33,1.25,23,49.12,27.88,1942.5,2399,1477,0.506,22.9,-0.347,0.938,9,5.73,18.298273,34.0862423,75.30120482,68.47799361,44.76272437,1.580607797,3.306756757,74.73310811,41.60810811,0.007533843,-0.02129286,-0.003519713,
11461500,0.060026439,17.39678424,37.4,20,2,4,164,0.995882869,0.116296911,1,0,19.923258,2.990428809,1,4,29.7,17.39078492,73.90766694,98.76339654,5.832646331,2.19,238.7,114.45,62.5,77.8,761.6,2,0.595,1.06,4,1.35,37.3,11.11,0.92,28.71,43.04,28.25,497.3,1167,258,0.27,20.9,-0.276,-0.961,9.37,17.85,16.250428,41.35472371,77.97057714,98.52885704,8.61938891,4.814853355,10.7385421,23.12739841,8.386175115,0.369863037,0.233112312,0.021301804,1.03650946
11173200,0.017920238,3.299099206,22.2,15.8,2,19,214,0.996142784,0.178855316,1,0,87.006427,0.955234442,1,19,22.1,3.299099206,73.84868421,65.22556391,59.91541353,1.32,199.1,62.25,63.2,58.1,792.3,4.1,0.584,0.96,4,1.42,34.1,10.49,2.12,23.06,45.64,31.3,817,1309,248,0.536,26.7,0.459,-0.888,8.85,10.54,16.584267,35.81081081,73.6682243,65.14018692,60.09345794,21.85655409,36.6775992,,,0.113026838,0.010115579,0.009059976,0.963839512
11381500,0.039841497,11.69871629,56.4,0.3,1,13.94138889,333,1.208450624,0.481261729,1,0,12.398946,,1,13.94138889,56,11.69871629,73.79471229,87.83048212,28.77138414,0.66,337.6,143.89,52.7,90.1,627.7,28.2,0.512,0.61,3,1.34,65,10.3,2.86,20.11,41.06,38.84,1204.7,3162,128,0.357,27,-0.749,-0.662,17.03,3.1,14.722083,19.52191235,74.23063318,88.07923594,32.79094446,6.335430665,8.147719194,12.55758294,7.867890995,0.00550743,-0.066129263,-0.038366877,0.754549488
11065000,0.022439158,7.298278061,37.3,110.5,2,16.9375,577,0.891306381,0.426418849,1,0,33.742927,1.953161117,1,16.9375,26.4,4.799749624,73.63989637,71.69689119,43.19948187,1.55,364.7,81.4,47.7,43.6,701.5,4.2,0.649,1.11,5,1.12,49.6,10,6.62,10.83,28.51,60.66,1250.1,3059,313,0.343,27.3,-0.675,0.738,8.63,16.46,19.024359,88.36363636,76.03065539,75.42283298,48.09725159,9.084707504,11.94332328,33.44313134,17.52322457,0.056370652,-0.092943493,-0.094504975,0.654850569
11113000,0.002875246,17.89769286,70.3,44.3,2,33.66666667,171,1.220855674,0.450355662,1,0,34.168763,0.626898493,1,33.66666667,30.9,9.498352153,73.60742706,82.89124668,74.86737401,1.41,650,68.34,45.4,34.7,663.4,7.7,0.69,1.22,4,1.67,44.6,9.91,2,22.07,41.65,36.28,1251.5,2274,184,0.512,32.7,-1,0.016,7.03,17.46,16.054577,68.63636364,83.55408389,90.1214128,78.86313466,19.70198669,21.99904615,14.98787692,8.055507692,0.0061851,0.01004091,0.00293228,1.169524863
11113500,0.014555887,3.199855044,26.1,7.3,2,34,842,1.073945336,0.233177825,1,0,18.940755,1.81859973,1,34,26,3.199793717,73.53144437,60.9536973,85.48721493,2.67,103.3,67.78,49.9,39.1,708.5,2.6,0.693,1.18,4,1.59,40.1,9.58,1.4,23.56,44.22,32.23,996,2039,186,0.437,34.4,-0.944,-0.329,8.69,8.85,15.259699,46.15384615,72.77556441,60.09296149,86.05577689,12.37726183,14.70493708,84.35972894,53.69332043,-0.073985004,-0.153768993,-0.014740279,0.658887112
9404450,0.005678036,8.198993294,14.8,1.9,1,6.916666667,1094,1.296255975,0.724584762,1,0,14.12125,1.495243097,1,6.916666667,9.8,4.299837864,73.42905405,88.88513514,27.02702703,2.21,193,46.03,54.3,64.1,511.3,37.5,0.146,0.49,3,1.1,77.9,10.5,1.53,27.11,45.25,27.64,2214.5,2588,1800,0.528,23.3,-0.996,0.092,18.37,3.18,16.150084,26.17056856,79.74905165,96.14823461,32.24394514,4.678595116,7.601968912,13.95839378,7.030725389,-0.02721098,-0.09098101,-0.026802469,0.58998073
11449500,0.094191311,8.413385714,41.2,71.2,1,14.875,915,1.05017373,0.116868122,1,0,20.124733,1.609944458,1,14.875,33.5,8.413923314,73.41549296,83.18661972,46.65492958,1.81,95.3,148.47,60,80.8,774.8,1.3,0.621,0.7,3,1.52,33.3,10.94,1.18,24.63,43.26,32.11,804.1,1432,460,0.359,20,0.851,-0.526,9.33,21.02,16.804113,72.27722772,77.71211482,83.36850992,48.45926551,7.764004234,10.69045121,,,0.119680425,-0.08824409,-0.075660262,0.442834324
11113000,0.004356434,9.299696842,44.3,1.3,2,14,168,1.071400552,0.186816532,1,0,34.168763,0.626898493,1,14,30.3,8.999097358,73.34217507,82.09549072,29.70822281,1.41,650,68.34,45.4,34.7,663.4,7.7,0.69,1.22,4,1.67,44.6,9.91,2,22.07,41.65,36.28,1251.5,2274,184,0.512,32.7,-1,0.016,7.03,17.46,16.054577,33.63636364,76.6004415,79.91169978,35.37527594,19.70198669,21.99904615,14.98787692,8.055507692,0.0061851,0.01004091,0.00293228,1.169524863
11458500,0.028806339,6.796903456,28.7,46.8,2,7.981388889,804,0.993447268,0.054120527,1,0,63.695385,1.042728974,1,7.981388889,28.4,6.797240953,73.28885062,79.16487301,26.1300043,2.59,150.4,107.96,63.9,77.4,739.6,1.4,0.626,0.64,3,1.77,23.2,10.42,1.81,24.93,43.89,31.18,301.1,824,39,0.336,17.6,-0.861,-0.509,8.48,16.55,19.519202,64.1221374,72.60740111,77.92428754,26.45682688,10.35774737,23.62679521,,,0.261286144,0.060374644,-0.033995278,0.746733139
11077500,0.006314839,2.899325255,25,5.2,2,25.83333333,123,0.986293285,0.111232178,1,0,24.501378,1.161798467,1,25.83333333,22.9,2.9981824,73.27156094,57.02066999,79.57947256,1.28,240.8,51.01,60.8,37.1,825.6,0,0.654,1.13,5,1.61,20.2,10.37,1.7,25.4,46.19,28.41,553.2,1719,35,0.308,25.4,-0.221,-0.975,12.34,11.9,17.754193,43.24324324,74.90421456,57.08812261,81.67305236,9.989975637,12.6130814,,,-0.037306902,-0.052824045,0.000655061,0.68515721
11059300,0.086506987,10.69941271,55.2,32.1,2,30,141,1.025030604,0.330528736,1,0,5.629999,1.029095619,1,30,25.2,4.799001248,73.24063564,71.39614075,72.53121453,1.38,946,67.84,42.5,47.8,641.9,27.6,0.57,1.05,5,1.86,28.1,10.09,7.16,11.69,29.16,59.16,1661,3477,292,0.43,26,0.124,-0.992,4.14,13.57,19.036583,67.46575342,82.84509543,84.28761651,78.33999112,2.3244573,3.185200846,5.803953488,2.260084567,0.111814553,0.045486501,-0.002744023,1.025753451
9430600,0.01322938,2.699726609,12.1,29.4,1,13.5,472,1.05642362,0.168443401,1,0,13.587343,1.818895817,1,13.5,11.7,2.499243246,73.18401937,67.07021792,47.27602906,1.85,190.5,67.41,44.7,72,593.8,14,0.222,0.58,3,1.32,53.1,9.96,2.05,31.86,33.61,34.53,2371.3,3268,1694,0.444,40.6,-0.973,-0.231,18.25,10.8,15.895541,50.82352941,65.85732165,64.55569462,50.9261577,1.566147544,2.401417323,91.38944882,35.34944882,-0.05239975,-0.071526385,-0.005584105,
11138500,0.003414801,11.2,39.6,65.8,2,12.875,590,0.993908987,0.253731219,1,0,43.010103,1.393757,1,12.875,33.1,11.2,73.16657192,84.4229676,34.2239909,2,728.9,69.82,57.6,39.6,665.2,7.1,0.686,1.16,5,1.44,28.2,9.8,1.39,21.86,41.68,36.45,994.2,2081,193,0.424,34.2,0.199,-0.98,8.21,17.01,16.60856,67.05882353,76.05748373,84.21908894,35.90021692,32.67864011,35.43658938,,,-0.070876973,-0.150943448,-0.017087662,0.50503316
9505800,0.002652543,5.29505587,21.8,97.1,1,20.5,89,1.046277324,0.344902302,1,0,15.87416,1.149760654,1,20.5,14,4.898463162,72.98425956,84.06681658,63.65242531,1.25,614.9,66.14,52,71.5,573.7,25.2,0.165,0.78,5,2.3,34.8,11.32,1.52,34.37,31.91,33.72,2018.2,2584,1111,0.681,10.6,-0.078,-0.997,19.08,7.93,19.078317,79.73856209,74.84909457,77.61569416,67.78169014,3.315536087,3.12080013,13.55356969,0.878337941,0.006092469,0.002880111,0.006747654,1.076106946
11065000,0.014364167,3.499739354,30.4,0,2,25,571,1.001528036,0.073652629,1,0,33.742927,1.953161117,1,25,25.2,3.19926219,72.76554404,62.11139896,69.55958549,1.55,364.7,81.4,47.7,43.6,701.5,4.2,0.649,1.11,5,1.12,49.6,10,6.62,10.83,28.51,60.66,1250.1,3059,313,0.343,27.3,-0.675,0.738,8.63,16.46,19.024359,11.81818182,72.35729387,61.6807611,74.78858351,9.084707504,11.94332328,33.44313134,17.52322457,0.056370652,-0.092943493,-0.094504975,0.654850569
11461500,0.055874412,5.79888,35.4,96.2,2,27.75,920,1.021661642,0.098714172,1,0,23.026463,1.979605621,1,27.75,26.4,3.798925796,72.76405451,67.120954,71.57155026,2.19,238.7,114.45,62.5,77.8,761.6,2,0.595,1.06,4,1.35,37.3,11.11,0.92,28.71,43.04,28.25,497.3,1167,258,0.27,20.9,-0.276,-0.961,8.11,20.37,16.250428,83.24420677,76.08449642,76.46171256,74.63221426,5.04689448,7.209426058,23.12739841,8.386175115,0.122348297,-0.068933365,-0.069828884,0.661306993
11458000,0.007350472,8.696976475,35.4,58.3,2,8.963055556,804,0.965219494,0.164109873,1,0,7.469418,0.749639592,1,8.963055556,29.3,8.698765775,72.01273262,85.70029383,18.63369246,1.81,566.3,96.01,63.5,67.6,752.1,1.4,0.629,0.68,4,1.21,26.8,11,1.67,26.49,45.86,27.64,276.3,1261,13,0.212,18.6,-0.834,0.552,8.25,14.98,16.230256,61.1898017,72.48077701,83.00283286,26.87171186,0.513073094,1.896309377,,,0.331291423,0.132798817,0.03311812,0.74525601
11138500,0.002564014,4.299554286,31,14.4,2,32.5,539,1.156663857,0.434880248,1,0,43.010103,1.393757,1,32.5,31,4.299554286,71.94428653,66.06026151,79.44855031,2,728.9,69.82,57.6,39.6,665.2,7.1,0.686,1.16,5,1.44,28.2,9.8,1.39,21.86,41.68,36.45,994.2,2081,193,0.424,34.2,0.199,-0.98,8.18,9.48,16.60856,37.94117647,70.77006508,65.9978308,80.23318872,32.67864011,35.43658938,,,-0.070876973,-0.150943448,-0.017087662,0.50503316
11059300,0.060165759,7.294014541,44,259.2,2,42,478,0.897395953,0.687299699,1,0,5.629999,1.029095619,1,42,23.8,3.399884151,71.93530079,63.16685585,83.76844495,1.38,946,67.84,42.5,47.8,641.9,27.6,0.57,1.05,5,1.86,28.1,10.09,7.16,11.69,29.16,59.16,1661,3477,292,0.43,26,0.124,-0.992,4.66,8.01,19.036583,99.31506849,78.78384376,75.94318686,87.26142921,2.3244573,3.185200846,5.803953488,2.260084567,-0.136739485,-0.336634329,-0.108118365,0.502235725
9508300,0.011874795,7.392771014,14.8,64.1,1,6.961666667,806,1.037231497,0.146833046,1,0,83.630661,1.091927993,1,6.961666667,14.6,7.298889072,71.51162791,88.33685694,34.95419309,1.24,93,61.67,39.9,60.5,779.9,8.4,0.144,0.7,3,1.58,36,10.05,2.68,22.26,37.89,39.84,1496.5,2272,712,0.503,27.8,0.203,-0.979,20.18,5.24,16.736963,85.5513308,71.85534591,88.29489867,35.35988819,25.49898573,26.68935484,,,-0.038515917,-0.082337529,-0.01965683,0.677476888
11461500,0.040096712,8.0998,38.3,17.7,2,8.9725,101,1.015398512,0.07564409,1,0,19.923258,2.990428809,1,8.9725,26.5,7.798903288,71.20774938,86.56224237,22.87716406,2.19,238.7,114.45,62.5,77.8,761.6,2,0.595,1.06,4,1.35,37.3,11.11,0.92,28.71,43.04,28.25,497.3,1167,258,0.27,20.9,-0.276,-0.961,6.91,22.15,16.250428,39.03743316,78.44209732,85.74122972,27.49905696,4.814853355,10.7385421,23.12739841,8.386175115,0.369863037,0.233112312,0.021301804,1.03650946
11462500,0.028597364,7.398,46.6,136,2,28.5,920,1.034161756,0.161347161,1,0,5.854759,1.781748803,1,28.5,26.4,3.798925796,70.9478022,66.02564103,64.76648352,1.8,938.7,115.58,63.2,79.6,757,2,0.605,1.01,5,1.18,36.1,11.16,1.09,26.66,42.65,30.69,465.2,1187,159,0.299,21.1,-0.76,-0.649,8.32,20.94,15.801847,83.87096774,77.29048295,77.94744318,71.89275568,1.319662649,1.833269415,5.881016299,2.132502397,0.122348297,-0.068933365,-0.069828884,0.661306993
11224500,0.0020259,3.998531,18.8,82.8,2,18.66666667,530,1.058186165,0.168529862,1,0,17.519332,1.2074693,1,18.66666667,17.7,3.998531,70.92343659,72.58912916,55.2893045,2.43,247.4,47.01,49.5,44.4,791.8,2,0.63,1.19,5,1.82,29,10.38,1.74,35.56,40.29,24.15,804.2,1513,331,0.402,26.1,-0.951,0.308,7.4,6.81,21.958024,85.18518519,70.67669173,71.32116004,57.41138561,10.79532778,13.10274859,,,-0.055450952,-0.185359228,-0.085632052,0.625048745
9497800,0.069010228,11.69409667,38,155.9,1,26.88916667,29,0.883855141,0.483010034,1,0,33.497407,1.389714454,1,26.88916667,14.9,3.498977725,70.47879617,70.20519836,83.11901505,1.91,750.9,58.79,40.7,71.3,676.3,12.1,0.147,0.83,4,1.76,37.1,10.42,0.91,29.33,42.37,28.3,1747.1,2298,991,0.582,19.4,-0.996,0.088,22.3,5.81,18.999934,96.22356495,88.07316462,93.98646956,84.51515911,23.5959096,23.57343188,,,0.002883956,-0.003379113,0.000836715,
11278400,0.057051087,11.49651613,114.4,41.2,1,101.5,332,1.29415745,0.729731304,1,0,25.788143,0.4590475,1,101.5,25.3,5.299302582,70.41584158,78.33663366,98.63366337,1.88,610.5,130.21,62.7,76.4,514,47.9,0.559,0.69,5,1.44,58.1,10.13,8.79,8.15,22.58,69.27,2176.1,3275,689,0.578,25.1,-0.675,-0.738,15.91,1.07,14.084845,63.67521368,93.62345119,93.3514657,98.95738894,9.684830674,12.71616708,24.33238329,12.88255528,0.010556646,-0.010139737,0.004717483,0.955176759
11458000,0.003785243,5.299619565,35,21.3,2,33.75,172,1.032358285,0.130837153,1,0,23.054366,1.506954112,1,33.75,27.8,4.799164632,70.28429603,68.32129964,78.42960289,1.81,566.3,96.01,63.5,67.6,752.1,1.4,0.629,0.68,4,1.21,26.8,11,1.67,26.49,45.86,27.64,276.3,1261,13,0.212,18.6,-0.834,0.552,10.87,15.05,16.230256,37.96033994,72.27842979,68.95993525,80.61513557,8.493122166,12.92929543,,,0.131902318,0.063859134,0.02908191,0.931090554
9537200,0.007214476,3.298088956,14.9,22.6,1,19.88916667,39,1.049362048,0.149028996,1,0,6.935676,1.368447575,1,19.88916667,9.5,2.199687218,70.22390755,61.6468039,74.6117732,2.92,204.1,46.24,40.9,51.3,786.8,2.6,0.298,0.78,4,1.29,29.6,10.92,1.33,25.41,36.25,38.34,1624.2,2181,1412,0.276,13.1,-0.729,-0.684,22.56,8.69,20.348083,44.65116279,75.47604423,69.25675676,76.53562654,0.97103498,2.353846154,,,-0.003987181,-0.00912645,0.002079344,
8294195,0.022804767,8.495413952,12.9,33.6,1,5.983333333,36,1.133316475,0.55262242,1,0,48.051439,1.066299587,1,5.973055556,10.5,6.397052345,70.1414898,88.53516438,33.59342489,2.27,78.6,73.93,49.1,74.6,399.9,36.7,0.115,0.4,2,1.21,73.1,9.46,3.82,21.29,50.78,27.93,2909.1,3843,2113,0.463,34.2,0.36,-0.933,15.09,10.1,13.3997,58.73015873,73.1062048,90.90216978,36.92424819,26.19099975,27.76145038,6.818708651,2.85470229,0.014919093,0.012656848,-0.001300579,1.085573434
11077500,0.007737736,4.098968909,29.1,25.7,2,32.66666667,95,1.030048712,0.205631206,1,0,24.501378,1.161798467,1,32.66666667,19.8,4.099942182,70.06414825,66.42908054,87.31290093,1.28,240.8,51.01,60.8,37.1,825.6,0,0.654,1.13,5,1.61,20.2,10.37,1.7,25.4,46.19,28.41,553.2,1719,35,0.308,25.4,-0.221,-0.975,12.07,11.6,17.754193,62.16216216,78.35249042,66.73052363,88.63346105,9.989975637,12.6130814,,,-0.037306902,-0.052824045,0.000655061,0.68515721
11059300,1.06861572,35.29677333,856.6,212.8,2,99.98611111,440,1.104131955,0.370566919,1,1,10.204954,0.671506587,1,99.98611111,652.2,29.89982359,100,97.75208735,98.90815671,1.38,946,67.84,42.5,47.8,641.9,27.6,0.57,1.05,5,1.86,28.1,10.09,7.16,11.69,29.16,59.16,1661,3477,292,0.43,26,0.124,-0.992,4.14,13.57,19.036583,97.60273973,100,97.91389259,99.24545051,5.853874082,5.295634249,5.803953488,2.260084567,-0.084515517,-0.142665696,-0.020310006,0.682674413
7103700,0.165056407,24.39949689,385.6,14.6,1,98,443,0.983553933,0.111019842,1,1,10.334753,0.918584336,1,98,251.9,20.59921569,100,99.4957598,99.93123997,2.23,264.2,59.97,52.8,94.9,393.5,27.6,0.361,0.86,4,1.42,49.5,10.03,9,11.62,33.61,54.77,2775.2,4300,1873,0.373,26.9,0.329,0.944,10.42,4.09,15.226314,32.81092012,100,99.20028434,99.94668562,5.396997417,6.578652536,9.350870553,5.675132475,,,,0.397808237
11046100,0.451064388,16.19977826,269.8,20.6,2,105,899,1.046977285,0.135526447,1,1,61.385841,1.075061642,1,105,267.4,16.19977826,100,97.39389427,100,2.11,67.8,40.34,64.9,35,816,0,0.655,0.95,3,1.15,23,11.12,2.52,22.77,32.67,44.56,187.1,676,13,0.264,14.1,-0.987,-0.159,13.32,4.97,16.06083,59.83606557,100,97.3495702,100,4.915239878,3.734070796,30.20707965,9.995575221,0.004454934,0.018434641,-0.007547774,0.970007047
7103970,0.077780106,44.2,462.6,33.7,1,80.66666667,91,0.931666648,0.20107415,1,1,5.2619,1.070175745,1,80.66666667,209.3,29.0886689,99.97474747,99.72222222,99.72222222,2.41,466,56.93,51.8,81.4,505.6,18.5,0.31,0.66,3,1.89,50.7,11.24,7.39,13.91,32.09,54,2352.6,2941,1907,0.431,10.8,-0.999,0.044,12.95,3.64,12.548144,48.18925234,100,99.89570659,99.80879541,0.854179079,1.403690987,,,,,,0.9040836
10321590,0.000653556,9.499892632,82.3,23.1,1,48.91666667,1021,0.987277087,0.115407234,1,1,10.934387,0.579158788,1,48.91666667,56,8.596989547,99.96096799,99.60967994,96.2529274,1.45,476.6,31.03,52.6,69.9,545.9,39,0.172,1.1,4,1.34,63.8,11.2,2.06,27.06,43.56,29.38,1821.7,2574,1498,0.301,12.2,-0.936,0.351,15.16,2.09,21.107389,72.77227723,99.91103203,99.25860024,97.15302491,4.108979966,3.921023919,,,0.02983174,0.041453002,0.00478053,
11046250,1.12597364,14.29857416,300.1,108.6,2,98.96972222,444,1.081824737,0.247833521,1,1,14.830853,1.562492382,1,98.96972222,292.1,13.49204666,99.92435703,94.55370651,99.69742814,2.14,109.9,44.67,63.3,35,819.1,0,0.651,0.91,3,1.21,21.3,10.53,2.35,22.35,34.44,43.22,322.5,958,5,0.333,18.1,-0.472,-0.882,12.91,9.78,15.647458,96.77419355,99.9316473,95.0786056,99.7265892,5.815160593,5.688262056,,,-0.07217237,-0.131841652,-0.01744988,1.040754556
7103970,0.137938157,18.39822556,269.9,232.1,1,69.66666667,695,0.896270484,0.273582346,1,1,5.2619,1.070175745,1,69.66666667,129.5,12.085016,99.92424242,96.81818182,99.29292929,2.41,466,56.93,51.8,81.4,505.6,18.5,0.31,0.66,3,1.89,50.7,11.24,7.39,13.91,32.09,54,2352.6,2941,1907,0.431,10.8,-0.999,0.044,9.85,7.43,12.548144,98.71495327,99.98261776,97.04501999,99.51329741,0.854179079,1.403690987,,,-0.022841551,-0.078864281,-0.013511153,0.737907065
11073495,1.53688792,24.99180952,612.2,14.7,2,135.9475,486,1.132897087,0.365243318,1,1,26.085866,1.717892731,1,135.9475,564,24.99822667,99.88066826,94.92840095,99.82100239,2.67,208.2,61.85,53.7,37.7,823.2,0.2,0.66,0.75,4,1.15,47.4,10.92,8.04,10,27.26,62.74,638.5,2692,199,0.176,13.5,-0.99,-0.14,11.17,14.43,10.502607,53.48432056,99.88459319,94.9221004,99.76918638,21.64413972,15.30172911,,,-0.100140609,-0.156993692,-0.019652861,0.478553645
9510200,0.600558936,19.69690909,257.6,10.4,2,43.9475,925,1.095215635,0.244938595,1,1,38.424484,0.967102488,1,43.9475,228.2,19.69762021,99.87373737,98.31649832,91.91919192,1.74,425.3,61.33,36.1,50,956.2,2.1,0.215,1.04,5,1.39,30.1,10.19,4.14,15.96,29.86,54.17,1161.3,2161,545,0.383,21.4,-0.57,-0.822,7.49,7.96,17.785195,41.32841328,99.8200144,97.62419006,93.0525558,16.38612732,18.54300494,51.02477531,24.56769952,-0.018953429,-0.046296014,-0.012013773,0.868715379
11073300,0.911151263,23.99749,600.3,58.7,2,97.98888889,440,1.094618239,0.284654929,1,1,30.521869,0.844669747,1,97.98888889,391.9,15.09992778,99.86366735,91.47920927,99.38650307,0.81,83.6,90.33,49.8,53.3,682.5,5.3,0.643,1.21,3,1.12,50,9.57,6.38,11.96,34.18,53.86,1477.5,3059,222,0.443,40.8,-0.829,-0.56,6.43,18.88,20.142177,86.17511521,99.83342587,94.55857857,99.50027762,17.99244488,18.93767943,,,-0.094432774,-0.154988647,-0.020724766,0.607662358
11073360,0.826174791,23.99749,600.3,60.1,2,97.98888889,440,1.193536499,0.386110771,1,1,20.134001,,1,97.98888889,391.9,15.09992778,99.86320109,91.4500684,99.38440492,0.95,132.3,74.76,53,45.8,744.3,3.4,0.65,0.9,3,1.12,44.1,10.29,6.95,11.8,32.18,56.02,1050.4,3059,211,0.295,27.1,-0.86,-0.509,8.45,15.84,14.250404,77.24550898,99.83489268,94.60649422,99.50467804,16.06905269,12.00204082,,,-0.092496442,-0.15177602,-0.020368538,0.608914885
9508300,1.248375931,9.099581238,172.2,133.1,2,54,193,1.078387403,0.215836803,1,1,83.630661,1.091927993,1,54,172.2,9.099581238,99.85905567,92.35377026,97.8858351,1.24,93,61.67,39.9,60.5,779.9,8.4,0.144,0.7,3,1.58,36,10.05,2.68,22.26,37.89,39.84,1496.5,2272,712,0.503,27.8,0.203,-0.979,3.78,7.12,16.736963,99.23954373,99.8602376,92.27812718,97.90356394,25.49898573,26.68935484,,,-0.07765983,-0.144763968,-0.009734719,0.3593483
11077500,0.077142167,22.69629714,334.1,200.8,2,64,822,1.048135503,0.233056909,1,1,24.501378,1.161798467,1,64,327.3,22.69629714,99.85744833,97.07769066,98.07555239,1.28,240.8,51.01,60.8,37.1,825.6,0,0.654,1.13,5,1.61,20.2,10.37,1.7,25.4,46.19,28.41,553.2,1719,35,0.308,25.4,-0.221,-0.975,12.07,11.6,17.754193,99.0990991,99.87228608,97.12643678,98.27586207,9.989975637,12.6130814,,,-0.026350686,-0.059067076,-0.018292824,0.675049737
11063510,0.750542701,20.99749176,503.7,76.4,2,97.98666667,926,0.94743404,0.168637203,1,1,15.999744,0.650293498,1,97.98666667,441.9,19.28718129,99.85369422,94.65983906,99.63423555,2.04,144.5,66.42,46,40.7,690.4,4.5,0.635,0.96,4,1.54,50.7,9.96,6.14,10.54,26.94,62.52,1273.4,2542,794,0.272,22.4,-0.728,0.686,6.53,14.09,18.45637,84.83146067,99.88372093,94.94186047,99.70930233,3.489027728,3.731418685,74.67695502,36.88442907,-0.035891857,-0.049581941,-0.016637586,
11113000,0.858217465,48.86703846,775.7,0,2,128.5,430,1.113607596,0.255340339,1,1,12.550943,0.240796008,1,128.5,383.4,13.59966667,99.845798,92.59830378,99.15188897,1.41,650,68.34,45.4,34.7,663.4,7.7,0.69,1.22,4,1.67,44.6,9.91,2,22.07,41.65,36.28,1251.5,2274,184,0.512,32.7,-1,0.016,6.83,9.22,16.054577,13.63636364,99.88962472,99.11699779,99.39293598,8.618055904,10.59078462,14.98787692,8.055507692,-0.076190649,-0.121304535,-0.021148163,0.784575117
11169800,0.52449677,10.9964094,193.3,30.1,2,113,867,1.009496234,0.093165204,1,1,19.710195,1.254471196,1,113,157.8,9.098185,99.8427673,94.33962264,99.63312369,1.22,282.9,60.85,63.3,56.7,817.9,1.8,0.626,0.99,4,1.41,31.7,10.98,2.22,23.01,45.71,31.28,604,1101,244,0.421,25.6,-0.968,-0.251,8.01,11.87,15.108,53.41614907,99.86040019,94.74174034,99.6742671,8.512952968,12.39353128,,,-0.05197041,-0.089555726,-0.018581726,0.693486301
9510200,0.243019969,13.99767727,288.5,0.9,2,68.88916667,258,1.118345525,0.279403222,1,1,13.021051,1.954168424,1,68.88916667,220.9,13.99465252,99.82905983,96.88034188,98.20512821,1.74,425.3,61.33,36.1,50,956.2,2.1,0.215,1.04,5,1.39,30.1,10.19,4.14,15.96,29.86,54.17,1161.3,2161,545,0.383,21.4,-0.57,-0.822,7.49,7.96,17.785195,23.61623616,99.92800576,94.81641469,98.48812095,2.9162357,3.650787679,51.02477531,24.56769952,,,,0.342386832
11224500,0.073023974,9.799856615,220.7,13.2,2,57.75,198,1.038859569,0.136099292,1,1,17.519332,1.2074693,1,57.75,206.3,9.499346085,99.82466394,91.9345412,95.79193454,2.43,247.4,47.01,49.5,44.4,791.8,2,0.63,1.19,5,1.82,29,10.38,1.74,35.56,40.29,24.15,804.2,1513,331,0.402,26.1,-0.951,0.308,6.86,10.27,21.958024,42.38683128,99.73147154,91.08485499,96.13319012,10.79532778,13.10274859,,,-0.058507761,-0.238731138,-0.018463314,0.531629253
11458000,0.830053347,18.6996713,395.6,0.7,2,59,504,1.001287739,0.095253203,1,1,7.469418,0.749639592,1,59,327.9,15.19986304,99.80411361,96.22918707,93.70714985,1.81,566.3,96.01,63.5,67.6,752.1,1.4,0.629,0.68,4,1.21,26.8,11,1.67,26.49,45.86,27.64,276.3,1261,13,0.212,18.6,-0.834,0.552,9.47,18.58,16.230256,13.73937677,99.79765277,97.40995548,94.79967624,0.513073094,1.896309377,,,0.278941751,0.094248912,-0.0000965,0.659041598
11466200,1.351306806,15.49194013,317.7,96.6,1,54.66666667,391,1.032213643,0.097878156,1,1,34.361034,1.403707824,1,54.66666667,289.5,15.49194013,99.77807368,97.60319574,95.00665779,1.32,144.8,107.68,64.2,75.1,733.1,1.3,0.62,0.7,4,1.27,28.1,11.03,1.27,27,44.02,28.98,258.7,780,43,0.293,15.8,0.094,-0.996,16.75,5.89,17.015969,83.39350181,99.83221477,96.89597315,95.30201342,18.43726499,19.21139503,,,-0.164582387,-0.334582733,-0.17495533,0.362637882
11466320,0.808037639,15.49194013,318.6,104.2,1,54.66666667,391,1.046906214,0.124972052,1,1,24.946189,1.516647465,1,54.66666667,289.5,15.49194013,99.77416441,97.56097561,94.21860885,1.27,199.4,102.63,64.2,72,732.8,1,0.622,0.67,4,1.3,28.7,12.14,1.14,27.37,43.92,28.71,204.1,780,19,0.243,12.2,-0.118,-0.993,16.63,5.55,16.638396,88.25065274,99.79105725,96.7404931,94.69285416,13.68925187,13.95090271,,,-0.164623234,-0.334630793,-0.174980231,0.362440977
11173510,0.072460285,8.9997,172.1,17.2,2,61.75,164,1.112989224,0.208388408,1,1,77.737397,1.168928262,1,61.75,170.5,8.9997,99.76798144,92.66821346,96.82134571,1.34,360.7,62.25,63.9,58.9,792.6,3.7,0.583,1.01,4,1.32,32.1,10.44,2.07,24.39,45.37,30.25,741.8,1309,136,0.517,25.7,-0.113,-0.994,7.72,11.21,16.911694,40.7960199,99.63369963,92.17032967,96.86355311,17.24073271,29.29254228,,,0.108644013,0.005929364,0.004299882,0.968436809
11274500,0.358234639,9.798602208,172.5,18.4,2,113,867,1.029162268,0.111858439,1,1,27.069601,1.263529895,1,113,153.5,8.299004914,99.76390346,93.91395593,99.73767051,1.48,347.8,45.32,61.6,45.7,861,1.4,0.624,1.05,4,1.63,30.1,10.73,1.77,24.88,42.82,32.31,475.6,1155,62,0.378,24.4,-0.349,0.937,8.1,9.04,18.273952,46.08695652,99.8996991,95.73721163,99.74924774,7.729944851,9.815899942,,,-0.038463304,-0.06331748,-0.014461163,0.693667672
11458500,1.839463634,16,300.5,0,2,55.66666667,504,1.018596289,0.062346939,1,1,63.695385,1.042728974,1,55.66666667,295.8,16,99.7417133,97.07275075,95.41541111,2.59,150.4,107.96,63.9,77.4,739.6,1.4,0.626,0.64,3,1.77,23.2,10.42,1.81,24.93,43.89,31.18,301.1,824,39,0.336,17.6,-0.861,-0.509,9.57,20.48,19.519202,7.824427481,99.65971927,96.68226287,95.49128031,10.35774737,23.62679521,,,0.19127005,-0.008569863,-0.068260773,0.620423687
11152000,0.365115291,33.66482286,487.4,45.4,2,105.8,924,1.095237131,0.276687073,1,1,10.954941,1.60170771,1,105.8,378.7,23.8882275,99.74120083,96.94616977,98.96480331,2.07,625.1,80.89,63.9,60.5,663.8,2.9,0.654,1.03,5,2.35,38.3,10.02,3.14,20.17,34.81,45.02,759.1,1785,113,0.387,34.7,-0.132,0.991,8.78,16.68,17.294107,60.29850746,99.81524249,98.98383372,99.07621247,2.102052119,3.129195329,14.97461206,10.20955047,0.239470253,0.058363783,-0.063931071,0.893566341
11152050,0.253254773,33.667168,491.7,47.2,2,105.8,924,1.133339629,0.370703841,1,1,8.868908,1.491041107,1,105.8,378.6,23.8882275,99.73985432,96.98231009,98.95941727,1.67,771.5,74.52,63.7,58.2,676.7,2.4,0.652,1.04,6,2.02,38.4,10.1,2.9,21.11,35.63,43.26,674.8,1785,52,0.359,31.4,0.227,0.974,9.08,15.41,17.029979,58.25242718,99.81659789,98.9912884,99.08298945,1.729693567,2.523499676,12.12311082,8.239170447,0.239470253,0.058363783,-0.063931071,0.893566341
11451715,0.41350096,17.39612,371.4,58.1,2,62.85722222,827,1.036602522,0.131846598,1,1,5.595129,0.165455251,1,62.85722222,229.7,11.69955333,99.71264368,98.27586207,93.33333333,0.9,247.9,70.02,59.6,55.5,854.4,1,0.615,0.96,4,1.19,43.2,10.66,0.49,37.34,42.78,19.88,560.5,1162,264,0.34,18.2,-0.265,0.964,7.69,10.4,18.827651,69.44444444,99.82142857,98.30357143,94.77678571,0.869588895,1.310246067,23.98777733,10.34183138,-0.012961866,-0.028181083,-0.023621235,0.712904405
11466320,1.150282052,15.99938656,270.9,0,2,59.5,504,1.015165299,0.101216634,1,1,11.48391,1.070572978,1,59.5,206.1,13.19697683,99.69879518,97.84136546,95.08032129,1.27,199.4,102.63,64.2,72,732.8,1,0.622,0.67,4,1.3,28.7,12.14,1.14,27.37,43.92,28.71,204.1,780,19,0.243,12.2,-0.118,-0.993,9.84,19.44,16.638396,8.093994778,99.45674885,97.11659005,95.90472211,1.207236838,1.65330993,,,0.107350829,-0.005919632,-0.100306364,0.654534435
7103970,0.178651181,44.390415,190.1,27.7,1,15.875,72,1.09914411,0.312914663,1,1,5.2619,1.070175745,1,15.875,81.6,35.69339161,99.6969697,99.8989899,65.18939394,2.41,466,56.93,51.8,81.4,505.6,18.5,0.31,0.66,3,1.89,50.7,11.24,7.39,13.91,32.09,54,2352.6,2941,1907,0.431,10.8,-0.999,0.044,17.1,8.74,12.548144,43.28271028,99.87832435,99.91308882,72.99669738,0.854179079,1.403690987,,,,,,0.9040836
7103700,0.010171333,19.89659,131.8,137.7,1,55,766,0.919443546,0.228247422,1,1,10.334753,0.918584336,1,55,78.8,19.88923922,99.67911987,99.31239972,98.68209947,2.23,264.2,59.97,52.8,94.9,393.5,27.6,0.361,0.86,4,1.42,49.5,10.03,9,11.62,33.61,54.77,2775.2,4300,1873,0.373,26.9,0.329,0.944,15.24,9.63,15.226314,95.14661274,99.84005687,98.31171139,98.97814111,5.396997417,6.578652536,9.350870553,5.675132475,-0.073427221,-0.138797398,-0.02782991,0.527450528
11143000,0.460207023,32.19718409,381.1,31.6,2,92.98638889,924,1.057168001,0.253723709,1,1,86.219962,1.022908078,1,92.98638889,372.9,32.19725568,99.66918715,98.81852552,99.1020794,2.74,120.6,116.26,67.4,72.8,639.5,3.4,0.654,0.98,4,1.47,40.3,10.29,4.14,14.13,31.45,54.42,779,1505,80,0.492,43.6,-0.447,-0.894,8.68,23.37,18.127121,55.46448087,99.67151572,98.77991553,99.06147349,14.47744466,22.15223881,86.30373134,57.91119403,0.261123308,0.099905718,-0.020401351,0.780523961
9353800,0.005272432,11.8,176.9,1,1,79.5,832,1.051431104,0.171746522,1,1,14.01843,0.732598338,1,79.5,119.6,11.79560978,99.66019417,98.59223301,96.56553398,1.26,880.8,84.75,52.5,111.4,398.1,46.2,0.068,0.52,4,1.22,64.3,9.73,2.39,20.87,37.37,41.76,3029.5,4273,2030,0.446,33.4,-0.998,-0.061,8.93,7.18,9.979675,10.59431525,99.41071429,97.05357143,97.47321429,3.604967791,8.226089918,,,-0.086886425,-0.16967405,-0.019807659,
11466200,1.00125772,15.99948617,265,0,2,55.9,504,1.019774161,0.10863077,1,1,7.676397,0.941665039,1,55.9,201.8,13.19687259,99.64806435,98.08949221,94.62041227,1.32,144.8,107.68,64.2,75.1,733.1,1.3,0.62,0.7,4,1.27,28.1,11.03,1.27,27,44.02,28.98,258.7,780,43,0.293,15.8,0.094,-0.996,9.74,20.11,17.015969,6.678700361,99.4966443,97.35738255,95.51174497,0.862305695,1.310220994,,,0.11286134,0.003010738,-0.118101618,0.654883262
9508300,1.424975453,6.899931678,151.9,25.7,2,60.83333333,231,1.05349702,0.141937582,1,1,83.630661,1.091927993,1,60.83333333,151.6,6.899931678,99.64763918,87.24453841,98.80197322,1.24,93,61.67,39.9,60.5,779.9,8.4,0.144,0.7,3,1.58,36,10.05,2.68,22.26,37.89,39.84,1496.5,2272,712,0.503,27.8,0.203,-0.979,5.2,6.96,16.736963,58.55513308,99.65059399,87.10691824,98.81201957,25.49898573,26.68935484,,,-0.07765983,-0.144763968,-0.009734719,0.3593483
11014000,0.113703402,10.99834201,211.4,27,2,105,805,1.050218515,0.137217727,1,1,7.06468,1.142409136,1,105,140.6,8.897357948,99.63208241,94.55481972,99.85283297,2.91,181.8,44.33,55.8,42.1,846.3,0,0.609,1.26,5,1.39,33.8,10.3,3.01,18.77,38.69,42.55,490.9,1128,158,0.343,19.4,-0.048,-0.999,12.36,9.83,16.12831,70,99.88095238,94.52380952,99.88095238,6.01277364,6.221287129,,,-0.031159249,-0.061151788,-0.024314305,
11149900,0.285000344,17.49733943,358.5,36.5,2,167.5,588,1.091357208,0.218615508,1,1,21.73561,1.616261858,1,167.5,311.5,16.3965987,99.62962963,93.5978836,99.94708995,1.56,556.4,63.26,62,54,737.5,1.5,0.659,1.13,4,1.35,33.5,10.91,2.31,24.37,37.78,37.85,533.4,1785,248,0.186,19.5,-0.995,-0.102,8.3,13.77,16.227347,53.78486056,99.70341078,93.62333169,99.95056846,8.848335816,13.12359813,28.84609993,15.65149173,-0.084847199,-0.178495399,-0.026298828,0.494408205
11143000,0.457859028,13.79975301,352,73.2,2,146.8,575,0.998904766,0.072532913,1,1,99.985297,0.997222043,1,146.8,352,13.79975301,99.62476548,89.91557223,99.90619137,2.74,120.6,116.26,67.4,72.8,639.5,3.4,0.654,0.98,4,1.47,40.3,10.29,4.14,14.13,31.45,54.42,779,1505,80,0.492,43.6,-0.447,-0.894,8.33,25.11,18.127121,74.59016393,99.62458939,89.91083998,99.90614735,33.21126627,44.52462687,86.30373134,57.91119403,-0.101820656,-0.155859565,-0.024091851,0.453496031
11025500,0.033348524,12.09866,258.6,0,1,127,357,1.04917754,0.148274005,1,1,16.382785,0.674671611,1,127,203.1,12.09866,99.61489089,94.86521181,99.8716303,1.59,288.7,61.83,49,43.1,760.7,1.6,0.57,0.88,4,1.39,32.2,10.45,3.04,16.47,31.29,52.24,891.8,1731,269,0.428,20.2,-0.631,-0.776,17.06,2.39,16.426629,10.0456621,99.79392066,92.58114374,99.89696033,11.15906388,12.28919293,,,-0.072404985,-0.159021569,-0.025886188,0.818166877
11148900,2.940457879,25.7,294.5,171.6,2,82,482,1.103143605,0.304122074,1,1,19.551763,1.597078602,1,82,264.4,24.99856,99.61046188,97.9966611,98.52531998,1.48,403.5,69.16,62.7,52.5,745.3,1.5,0.653,0.99,5,1.22,31.2,11.37,2.86,22.94,36.87,40.19,551.8,1138,256,0.337,21.3,-0.586,0.81,9.43,14.72,16.11163,93.10344828,99.44917376,97.59639459,98.67300951,4.013803818,9.585947955,20.74907063,12.52795539,-0.082928249,-0.141070909,-0.02402486,
7103700,0.084778973,11.99700783,93,58.7,1,31.875,1060,0.840009407,0.407640996,1,1,10.334753,0.918584336,1,31.875,74.9,10.48670776,99.61035984,96.53907862,92.02383681,2.23,264.2,59.97,52.8,94.9,393.5,27.6,0.361,0.86,4,1.42,49.5,10.03,9,11.62,33.61,54.77,2775.2,4300,1873,0.373,26.9,0.329,0.944,7.25,7.11,15.226314,72.39635996,99.2180558,94.98844855,93.77998934,5.396997417,6.578652536,9.350870553,5.675132475,-0.033790108,-0.087202289,-0.017240366,0.648685697
11467200,2.333612465,27.99347106,433.9,209.5,1,53.94138889,432,1.012994661,0.062669111,1,1,32.048365,1.410971875,1,53.94138889,397.2,24.19306115,99.6043956,97.14285714,92.92307692,2.33,162.6,162.49,65.6,81.3,700.8,0.6,0.627,0.81,4,1.32,36,10.95,2.58,24.92,42.04,33.04,308.2,735,20,0.403,28.9,-1,0.009,16.55,9.16,14.168797,93.48659004,99.62794543,97.47829682,93.34435717,16.10916175,18.79649446,,,-0.114354514,-0.326916642,-0.207129922,0.39255994
11129800,0.164655834,7.197794211,196.9,28,2,81.5,484,1.06558845,0.131408931,1,1,19.694249,2.110868413,1,81.5,197.9,7.29972927,99.58246347,84.62073765,99.44328462,0.98,85.3,58.44,66.4,39.6,749.9,0.1,0.68,0.97,3,1.28,24.6,11.29,2.31,24.04,39.55,36.41,443.7,1306,157,0.254,20,-0.839,-0.544,10.42,11.75,15.248683,53.60824742,99.28104575,83.07189542,99.47712418,0.276776534,1.44021102,,,0.026378043,0.019077106,0.000568816,
11451715,0.424923639,11.69998975,295.2,63.4,2,129,574,1.025828173,0.146348265,1,1,11.655139,0.944331954,1,129,253.8,11,99.57604663,95.1245363,99.57604663,0.9,247.9,70.02,59.6,55.5,854.4,1,0.615,0.96,4,1.19,43.2,10.66,0.49,37.34,42.78,19.88,560.5,1162,264,0.34,18.2,-0.265,0.964,7.28,15.2,18.827651,72.22222222,99.59821429,95,99.64285714,2.304121352,5.157482856,23.98777733,10.34183138,-0.053507114,-0.11941711,-0.015162012,0.608025122
11043000,0.171137462,14.09615385,208.4,5.2,1,105,357,0.982979068,0.148548371,1,1,7.514724,1.797661564,1,105,143.7,9.597026316,99.55686854,95.42097489,99.70457903,1.41,572.5,37.11,54,29.9,879.2,0.1,0.614,1.02,5,1.08,23.8,12.19,2.65,18.48,35.38,46.14,520.6,1381,303,0.207,8.3,-0.454,-0.891,19.05,1.62,16.167722,44.64285714,99.44506104,95.28301887,99.77802442,3.722381881,4.124593886,,,-0.033410288,-0.08991149,-0.016134402,1.053456228
7103700,0.064307691,32.6766395,98.3,26.9,1,14.75,425,1.08791476,0.386289997,1,1,10.334753,0.918584336,1,14.75,73.1,22.59216,99.55305982,99.63327985,66.80036672,2.23,264.2,59.97,52.8,94.9,393.5,27.6,0.361,0.86,4,1.42,49.5,10.03,9,11.62,33.61,54.77,2775.2,4300,1873,0.373,26.9,0.329,0.944,14.17,10.32,15.226314,47.87664307,99.36022747,99.6978852,72.24986671,5.396997417,6.578652536,9.350870553,5.675132475,,,,0.397808237
11148900,1.319346256,24.39952,294.1,0,1,46,380,1.090325102,0.31118218,1,1,6.063932,1.901817314,1,46,261.8,21.19801053,99.55156951,97.02914798,89.4338565,1.48,403.5,69.16,62.7,52.5,745.3,1.5,0.653,0.99,5,1.22,31.2,11.37,2.86,22.94,36.87,40.19,551.8,1138,256,0.337,21.3,-0.586,0.81,16.23,3.24,16.11163,9.195402299,99.39909865,97.29594392,90.11016525,1.860832125,3.682081784,20.74907063,12.52795539,-0.090459047,-0.151929141,-0.023852705,0.554964854
11274500,0.022389665,8.699554286,137.2,11.4,2,55,483,1.064407727,0.17354623,1,1,91.144936,0.968114006,1,55,137.2,8.699554286,99.54841947,94.38033116,96.26191671,1.48,347.8,45.32,61.6,45.7,861,1.4,0.624,1.05,4,1.63,30.1,10.73,1.77,24.88,42.82,32.31,475.6,1155,62,0.378,24.4,-0.349,0.937,8.71,5.88,18.273952,35.65217391,99.49849549,94.38314945,96.26379137,28.95967613,36.63890167,,,-0.049693472,-0.162895641,-0.067747282,0.614993088
11466170,1.021428147,14.799876,226.7,0,2,53.83333333,504,0.992085794,0.086173525,1,1,22.469984,1.304360211,1,53.83333333,220.7,14.887768,99.53314659,98.27264239,95.21475257,1.63,56,106,64.2,74.7,734.4,0.9,0.619,0.66,2,1.24,27,11.09,1.2,26.85,43.61,29.55,220.7,744,50,0.248,12.2,0.779,-0.627,9.94,19.59,16.615901,8.941605839,99.46973045,97.08351745,95.47061423,0.386782233,1.523571429,,,0.264541567,0.141533693,-0.032432584,0.840366825
9510200,0.021771926,12.49617925,219.2,0,2,54.5,215,1.125519219,0.292264606,1,1,13.021051,1.954168424,1,54.5,182.7,12.49926293,99.52991453,95.76923077,95.64102564,1.74,425.3,61.33,36.1,50,956.2,2.1,0.215,1.04,5,1.39,30.1,10.19,4.14,15.96,29.86,54.17,1161.3,2161,545,0.383,21.4,-0.57,-0.822,7.77,5.8,17.785195,8.302583026,99.56803456,93.16054716,96.32829374,2.9162357,3.650787679,51.02477531,24.56769952,,,,0.342386832
11152000,0.588895631,60.89709091,363.3,35.8,2,61.90916667,843,1.126078506,0.384268213,1,1,14.964649,1.788935464,1,61.90916667,351.8,60.89733818,99.52854898,99.89523311,93.71398638,2.07,625.1,80.89,63.9,60.5,663.8,2.9,0.654,1.03,5,2.35,38.3,10.02,3.14,20.17,34.81,45.02,759.1,1785,113,0.387,34.7,-0.132,0.991,8.57,12.76,17.294107,54.17910448,99.39953811,99.90762125,94.41108545,11.17292732,12.15683891,14.97461206,10.20955047,-0.010895146,-0.130627653,-0.118101051,0.66357975
11152050,0.289591327,60.89709091,366.3,36.5,2,61.90916667,843,1.149917792,0.447856266,1,1,12.095121,1.606303196,1,61.90916667,350,60.88389818,99.5215311,99.89367358,93.51408825,1.67,771.5,74.52,63.7,58.2,676.7,2.4,0.652,1.04,6,2.02,38.4,10.1,2.9,21.11,35.63,43.26,674.8,1785,52,0.359,31.4,0.227,0.974,8.75,11.74,17.029979,52.91262136,99.40394315,99.90829895,94.36038514,9.186214151,9.799792612,12.12311082,8.239170447,-0.010895146,-0.130627653,-0.118101051,0.66357975
11044800,2.189171691,19.9,231.3,95.4,2,70.99222222,171,1.013335381,0.08587029,1,1,5.29932,0.732504198,1,70.99222222,184.5,17.49789862,99.51219512,97.88617886,98.86178862,1.68,85.5,40.9,59,33,853.1,0,0.666,0.86,3,1.19,26.7,10.3,3.33,15.97,31.55,52.47,405.4,859,100,0.415,18.9,-0.922,0.386,12.79,9.41,15.319151,90.44585987,99.45092656,97.59780371,99.03912148,2.005988961,2.867368421,,,-0.01646926,-0.029844553,-0.003557036,
11465350,0.16996162,27.97920154,431.1,217.4,1,53.9825,432,0.993079687,0.158947008,1,1,25.433253,0.92543356,1,53.9825,398.1,24.89270677,99.4956442,97.15726731,89.86703347,1.03,559.8,130.36,64.5,76.9,775.7,0.4,0.629,0.79,5,1.37,34.8,11.21,2.23,24.58,42.8,32.63,293.6,939,25,0.297,23.8,-0.819,0.574,16.57,7.17,15.21547,94.95798319,99.53488372,97.98449612,91.43410853,6.739087022,9.911897106,,,-0.067242615,-0.217365126,-0.171113523,0.45860699
11025500,0.168704296,14.9985,212.1,116.2,2,57,822,1.025355237,0.146938319,1,1,57.038453,0.63853309,1,57,190.5,14.29714,99.48275862,96.09195402,96.43678161,1.59,288.7,61.83,49,43.1,760.7,1.6,0.57,0.88,4,1.39,32.2,10.45,3.04,16.47,31.29,52.24,891.8,1731,269,0.428,20.2,-0.631,-0.776,8.73,11.95,16.426629,95.89041096,99.43328181,95.51777434,96.80577022,35.29497486,34.52483547,,,0.004601165,-0.01412555,-0.015278874,0.884453394
11149900,0.236143142,49.19291667,320.6,27,2,68.88916667,843,1.172378081,0.403201296,1,1,28.802865,1.62219344,1,68.88916667,302.1,49.19291667,99.48266943,99.79306777,96.58561821,1.56,556.4,63.26,62,54,737.5,1.5,0.659,1.13,4,1.35,33.5,10.91,2.31,24.37,37.78,37.85,533.4,1785,248,0.186,19.5,-0.995,-0.102,8.45,9.76,16.227347,49.40239044,99.55511616,99.80227385,96.688087,15.62239126,19.76732566,28.84609993,15.65149173,-0.010138407,-0.106039938,-0.106604941,0.675502193
9513780,0.729058406,16.09561739,143.6,0,2,64.9,77,1.050935258,0.146575385,1,1,17.300814,0.890020873,1,64.88916667,122.2,16.09357015,99.47889526,98.48879625,98.64512767,2.34,177.5,52.71,40,52.6,949,0.8,0.196,0.87,3,1.36,22.1,10.1,3.45,30.93,30.45,38.62,1208.9,1783,721,0.467,22.5,-0.241,-0.97,11.19,4.44,18.230644,12.03389831,99.3852459,97.21311475,98.93442623,1.899924102,1.168225352,16.69070423,2.558647887,0.086675247,0.036335539,-0.064603922,1.158136717
7104905,0.196163789,13.49946051,119.4,95.6,1,32.9,1060,0.952119008,0.201319419,1,1,5.351106,0.612912952,1,32.9,74.9,6.399721404,99.46834219,91.20347994,89.70517158,2.32,613.5,54.77,51.4,80.5,521.8,16.6,0.322,0.71,3,1.84,50.4,11.26,7.38,13.5,29.69,56.81,2279.5,2941,1822,0.411,10.1,-1,0.006,10.3,7.23,13.421778,73.89502762,99.518321,93.65215895,92.6371925,3.217745165,3.097555012,4.981222494,2.570904645,-0.035672741,-0.09085869,-0.017775988,0.640264154
9510200,0.170446882,38.98908235,229.5,0,2,34,658,1.102066589,0.257972441,1,1,13.021051,1.954168424,1,34,172,38.89764706,99.44444444,99.95726496,86.70940171,1.74,425.3,61.33,36.1,50,956.2,2.1,0.215,1.04,5,1.39,30.1,10.19,4.14,15.96,29.86,54.17,1161.3,2161,545,0.383,21.4,-0.57,-0.822,11.26,8.96,17.785195,8.302583026,99.60403168,99.96400288,88.80489561,2.9162357,3.650787679,51.02477531,24.56769952,-0.010580844,-0.053186635,-0.012575144,0.712944338
11101250,0.852010511,23.49952333,383.5,0.2,2,88.85722222,844,1.085266581,0.346503652,1,1,9.043463,1.218738623,1,88.85722222,316.8,21.39658,99.42857143,96.92857143,99.21428571,3.16,237.3,62.69,59.1,33.7,843.8,0.3,0.655,0.85,3,1.36,34,10.8,2.61,18.95,41.98,39.07,471.3,1852,65,0.228,19.6,-0.987,-0.161,12.07,15.17,13.411358,27.67584098,99.50279677,96.45742697,99.31634556,0,3.349683944,19.49397387,12.38921197,-0.011973347,-0.025141766,-0.011421131,
11046250,0.50243675,18.69426721,236.4,91.5,2,74.5,488,1.056712134,0.158238196,1,1,14.830853,1.562492382,1,74.5,190.6,14.29516607,99.39485628,95.15885023,99.28139183,2.14,109.9,44.67,63.3,35,819.1,0,0.651,0.91,3,1.21,21.3,10.53,2.35,22.35,34.44,43.22,322.5,958,5,0.333,18.1,-0.472,-0.882,13.06,10.26,15.647458,93.5483871,99.7265892,97.265892,99.35064935,5.815160593,5.688262056,,,-0.07217237,-0.131841652,-0.01744988,1.040754556
11143000,0.197466381,22.9,324.2,0,2,132,968,1.015685431,0.142870506,1,1,99.985297,0.997222043,1,132,324.2,22.9,99.3902439,96.2945591,99.71857411,2.74,120.6,116.26,67.4,72.8,639.5,3.4,0.654,0.98,4,1.47,40.3,10.29,4.14,14.13,31.45,54.42,779,1505,80,0.492,43.6,-0.447,-0.894,8.68,23.37,18.127121,8.879781421,99.38995777,96.29282027,99.71844205,33.21126627,44.52462687,86.30373134,57.91119403,-0.041323742,-0.061614597,-0.016607488,0.638570704
9484000,1.130488278,20.49319728,143.8,73.8,1,30.66666667,804,1.119668157,0.399693303,1,1,69.267296,1.388299086,1,30.66666667,140.2,20.49319728,99.37578027,97.65917603,89.43508115,2.39,103.7,75.97,43.3,71.1,767.1,3.1,0.167,0.8,3,1.52,9.5,9.14,1.65,18.36,43.38,38.26,1878.8,2788,872,0.534,35.6,-0.977,-0.213,21.03,13.39,17.656755,81.8556701,99.41012108,97.60943806,89.49084135,12.27435075,20.33982642,59.10578592,25.9246866,0.032199617,-0.082769652,-0.028765416,0.762986287
11027000,0.347878458,13.19931373,171.4,89.7,2,56,822,1.050703111,0.127628981,1,1,50.900245,0.591991427,1,56,157.1,11.89244881,99.370444,96.28893307,97.11729622,1.62,58.2,51.93,53.2,38.8,797.9,0.2,0.625,1,3,1.16,28.6,11.16,2.59,16.4,30.84,52.76,653.6,1276,217,0.433,13,-0.467,-0.884,9.92,11.16,15.624757,98.5915493,99.42675159,96.56050955,97.22929936,10.30581508,11.12010309,,,0.010100541,-0.003177161,-0.009773989,0.978380779
9508300,2.122239083,13.09296514,133.1,7,2,34.75,187,1.068066923,0.198999131,1,1,83.630661,1.091927993,1,34.75,132.3,13.09296514,99.36575053,96.7230444,92.7589852,1.24,93,61.67,39.9,60.5,779.9,8.4,0.144,0.7,3,1.58,36,10.05,2.68,22.26,37.89,39.84,1496.5,2272,712,0.503,27.8,0.203,-0.979,4.27,5.36,16.736963,38.02281369,99.33612858,96.71558351,92.8197065,25.49898573,26.68935484,,,-0.07765983,-0.144763968,-0.009734719,0.3593483
11149900,0.352687926,25.3989563,291.2,0,1,45,491,1.128126488,0.301775081,1,1,21.73561,1.616261858,1,45,265.8,23.49908,99.36507937,97.56613757,89.12698413,1.56,556.4,63.26,62,54,737.5,1.5,0.659,1.13,4,1.35,33.5,10.91,2.31,24.37,37.78,37.85,533.4,1785,248,0.186,19.5,-0.995,-0.102,16.41,2.61,16.227347,6.374501992,99.35739001,97.67671775,89.74295601,8.848335816,13.12359813,28.84609993,15.65149173,-0.084847199,-0.178495399,-0.026298828,0.494408205
11463900,1.094453776,19.38911905,310,114.9,1,53.96666667,731,1.038686841,0.127068998,1,1,78.702752,0.833942644,1,53.96666667,279.2,16.89808,99.35036812,97.22823733,93.98007796,2.86,114.1,115.9,65.1,67.8,746.4,0.7,0.617,0.72,3,1.38,36.4,11.12,1.75,27.22,44.13,28.65,413,1316,58,0.282,23.9,-0.601,-0.799,16.72,5.97,15.761656,96.36363636,99.45652174,97.909699,94.18896321,11.07121403,21.33260298,,,0.037737626,-0.049186816,-0.115248336,0.675231242
11169800,0.370350773,23.19982,147.9,43.1,2,51,846,1.040329659,0.113036497,1,1,36.191218,1.399114615,1,51,134.5,21.392665,99.34967484,99.69984992,95.27263632,1.22,282.9,60.85,63.3,56.7,817.9,1.8,0.626,0.99,4,1.41,31.7,10.98,2.22,23.01,45.71,31.28,604,1101,244,0.421,25.6,-0.968,-0.251,8.67,8.1,15.108,64.59627329,99.11586785,99.62773383,95.60260586,13.56218898,17.84697773,,,-0.027252546,-0.102754136,-0.097116277,0.690304803
12097500,0.184610182,9.499778177,242.8,19.3,1,108,67,0.980670238,0.090101551,1,1,32.826882,1.454692123,1,108,185.3,7.798798997,99.34640523,96.23619563,97.19405003,2.07,190.2,164.67,72.5,178.5,439.2,51.5,0.402,0.69,3,1.42,62.8,9.76,2.57,10.43,45.1,44.47,1214.1,2025,536,0.456,35.7,0.768,-0.641,6.01,11.33,12.777585,33.26959847,99.22936524,94.82863517,97.47515717,9.869632382,18.2318612,33.08943218,15.41735016,0.502799238,0.413357775,0.23720905,1.151443763
7103970,0.05365612,29.2,170.6,153.3,1,25.98666667,730,1.038455483,0.242707673,1,1,5.2619,1.070175745,1,25.98666667,65.4,14.48266739,99.34343434,97.82828283,85.4040404,2.41,466,56.93,51.8,81.4,505.6,18.5,0.31,0.66,3,1.89,50.7,11.24,7.39,13.91,32.09,54,2352.6,2941,1907,0.431,10.8,-0.999,0.044,14.97,5.68,12.548144,92.99065421,99.79141318,99.26994612,89.65756996,0.854179079,1.403690987,,,-0.022841551,-0.078864281,-0.013511153,0.737907065
11143000,1.195129464,27.19798866,304.3,0,1,43,478,1.015888311,0.072363467,1,1,99.985297,0.997222043,1,43,304.3,27.19798866,99.34333959,97.56097561,89.86866792,2.74,120.6,116.26,67.4,72.8,639.5,3.4,0.654,0.98,4,1.47,40.3,10.29,4.14,14.13,31.45,54.42,779,1505,80,0.492,43.6,-0.447,-0.894,16.01,5.19,18.127121,8.879781421,99.34303144,97.55983107,89.86391366,33.21126627,44.52462687,86.30373134,57.91119403,-0.101820656,-0.155859565,-0.024091851,0.453496031
11148900,0.063932151,50.16096213,253.6,12.1,1,36.83333333,431,1.144611133,0.457269372,1,1,20.792454,1.663208229,1,36.83333333,241.1,50.16096213,99.3413831,99.94511526,83.53457739,1.48,403.5,69.16,62.7,52.5,745.3,1.5,0.653,0.99,5,1.22,31.2,11.37,2.86,22.94,36.87,40.19,551.8,1138,256,0.337,21.3,-0.586,0.81,16.23,3.24,16.11163,38.31417625,98.99849775,99.89984977,84.52679019,10.4699498,15.43271375,20.74907063,12.52795539,-0.107023555,-0.283922824,-0.128400629,0.498664892
10313400,0.052267746,9.69706698,89.7,38.7,1,26.5,1039,1.091090589,0.302150428,0.996515679,1,5.15123,0.339008335,1,26.5,46.2,6.898425189,99.33380084,99.15848527,71.52875175,1.46,184.2,59.75,52.5,86.4,442,59.1,0.251,0.74,4,1.26,66.9,10.37,1.2,26.77,42.68,30.55,2263.6,3213,1812,0.322,27.7,-0.966,-0.258,11.34,3.55,16.866536,67.09677419,99.14965986,97.02380952,81.48384354,2.537673867,1.995439739,,,0.000764306,0.004371526,-0.004954015,1.006267636
11042900,0.076932972,9.799597561,128.3,31.4,1,62.75,93,1.007925622,0.063755969,1,1,6.890085,1.723145088,1,62.75,111.6,8.799782317,99.33333333,94.93333333,97.86666667,1.45,227.1,38.42,52.1,30.4,862.2,0.2,0.588,1,3,1.35,24,11.73,2.76,18.12,34.83,47.04,611.1,1381,325,0.274,8.4,-0.245,-0.97,18.79,1.8,16.576693,79.9086758,99.1186839,94.59459459,98.11985899,1.886222907,1.07675033,,,,,,
11172945,0.170030962,9.79997561,114.1,26.5,1,35.875,434,0.971854288,0.083739103,1,1,98.034239,1.017024877,1,35.875,114.1,9.79997561,99.33046389,96.31755141,86.80057389,1.9,87.1,62.38,62.8,59.5,791,4.1,0.574,1.07,3,1.31,29.5,10.31,2.21,25.08,45.14,29.79,814.2,1161,297,0.599,26.7,-0.303,-0.953,16.7,3.83,17.898739,56.84713376,99.33078394,96.31931166,86.80688337,16.30612818,27.85556831,,,-0.006291511,-0.101135562,-0.073177418,0.72189765
11046100,0.112766097,11.799385,152.1,108.9,2,55.75,567,1.06434308,0.181495185,1,1,61.385841,1.075061642,1,55.75,151.9,11.799385,99.32985853,95.01116902,98.06403574,2.11,67.8,40.34,64.9,35,816,0,0.655,0.95,3,1.15,23,11.12,2.52,22.77,32.67,44.56,187.1,676,13,0.264,14.1,-0.987,-0.159,12.99,9.03,16.06083,96.72131148,99.35530086,94.98567335,98.13753582,4.915239878,3.734070796,30.20707965,9.995575221,-0.009020446,-0.030167361,-0.006053146,0.750923007
11128250,0.331130292,19.19914737,199.7,100.9,2,82,529,1.03049411,0.081702808,1,1,37.41514,,1,82,194.2,19.19914737,99.31693989,98.01912568,99.52185792,1.19,73.8,63.62,64.2,39.5,751,0.3,0.688,1.15,4,1.4,24.8,11.06,2.09,25.37,39.2,35.43,511,1369,172,0.283,19,-0.632,-0.775,11.66,13.59,18.11282,91.66666667,99.29123711,97.4871134,99.54896907,2.221412774,5.613414634,,,0.015336952,-0.005065252,-0.003970342,
11204100,0.163694182,20,217.7,2.4,2,67.83333333,203,1.088110202,0.204321479,1,1,14.215553,0.967391659,1,67.83333333,156.9,16.58907491,99.29843497,97.13977334,97.40960604,2.9,249.1,79.83,55.9,53.1,703.2,25.2,0.595,0.74,4,1.36,65.9,9.43,2.64,18.72,31.31,49.98,1348.7,2824,292,0.417,34.4,0.119,-0.993,6.92,15.82,17.505672,42.01183432,99.57142857,97.04761905,97.71428571,1.184458719,2.632436772,48.9626656,16.38281815,0.352794745,0.197325331,0.02549359,0.986911753
11148900,0.526334943,9.299383623,243.8,73.5,2,74,220,1.104392177,0.321182408,1,1,21.611762,1.082710122,1,74,156.3,6.999852036,99.29487179,83.3974359,97.37179487,1.48,403.5,69.16,62.7,52.5,745.3,1.5,0.653,0.99,5,1.22,31.2,11.37,2.86,22.94,36.87,40.19,551.8,1138,256,0.337,21.3,-0.586,0.81,12.18,3.6,16.11163,72.4137931,98.94842263,81.57235854,97.94692038,3.551364882,3.720446097,20.74907063,12.52795539,0.011650047,0.018126958,0.004527401,1.04596501
11065000,0.210415635,33.99720315,393.4,42.9,2,95.85722222,881,0.980112291,0.261250798,1,1,33.742927,1.953161117,1,95.85722222,335.1,33.694375,99.28756477,98.25129534,99.12564767,1.55,364.7,81.4,47.7,43.6,701.5,4.2,0.649,1.11,5,1.12,49.6,10,6.62,10.83,28.51,60.66,1250.1,3059,313,0.343,27.3,-0.675,0.738,6.97,17.4,19.024359,70.54545455,98.94291755,96.40591966,99.28646934,9.084707504,11.94332328,33.44313134,17.52322457,0.084418299,-0.035580624,-0.099919284,0.745010548
11148900,0.701779923,17.69851429,268.5,0,2,64.875,490,1.100776276,0.310957879,1,1,20.792454,1.663208229,1,64.875,238.9,15.79802506,99.28649835,93.41383095,96.37760703,1.48,403.5,69.16,62.7,52.5,745.3,1.5,0.653,0.99,5,1.22,31.2,11.37,2.86,22.94,36.87,40.19,551.8,1138,256,0.337,21.3,-0.586,0.81,8.75,10.52,16.11163,9.195402299,99.24887331,93.59038558,96.64496745,10.4699498,15.43271375,20.74907063,12.52795539,-0.107023555,-0.283922824,-0.128400629,0.498664892
11025500,0.784671144,27.86724,191.7,47,2,39,252,1.016822919,0.095963583,1,1,7.499671,0.63456728,1,39,164.8,23.395365,99.26764314,99.20106525,86.11850866,1.59,288.7,61.83,49,43.1,760.7,1.6,0.57,0.88,4,1.39,32.2,10.45,3.04,16.47,31.29,52.24,891.8,1731,269,0.428,20.2,-0.631,-0.776,10.28,13.15,16.426629,79.45205479,99.07264297,99.33024214,89.1550747,5.200985221,3.255836508,,,-0.074054021,-0.169407355,0.0000527,
11169800,0.309292943,15.89314029,157.4,0,1,30.98055556,771,0.925757052,0.175510016,1,1,19.710195,1.254471196,1,30.98055556,120.7,11.49969576,99.26624738,97.48427673,81.44654088,1.22,282.9,60.85,63.3,56.7,817.9,1.8,0.626,0.99,4,1.41,31.7,10.98,2.22,23.01,45.71,31.28,604,1101,244,0.421,25.6,-0.968,-0.251,16.87,3.29,15.108,8.385093168,99.3485342,98.83666822,83.52722196,8.512952968,12.39353128,,,-0.05197041,-0.089555726,-0.018581726,0.693486301
11274500,0.038265973,10.99974649,119.1,0,1,31.97083333,771,1.028546478,0.133052537,1,1,27.069601,1.263529895,1,31.97083333,115.8,10.99974649,99.26547744,96.85204617,83.94543547,1.48,347.8,45.32,61.6,45.7,861,1.4,0.624,1.05,4,1.63,30.1,10.73,1.77,24.88,42.82,32.31,475.6,1155,62,0.378,24.4,-0.349,0.937,17.56,2.29,18.273952,3.47826087,99.19759278,96.58976931,84.60381143,7.729944851,9.815899942,,,-0.038463304,-0.06331748,-0.014461163,0.693667672
11063510,0.101901359,32.89481177,326.8,36.1,2,95.8,881,0.941928882,0.221741188,1,1,75.044644,1.007263416,1,95.8,309.8,32.8944,99.25046846,98.25109307,99.62523423,2.04,144.5,66.42,46,40.7,690.4,4.5,0.635,0.96,4,1.54,50.7,9.96,6.14,10.54,26.94,62.52,1273.4,2542,794,0.272,22.4,-0.728,0.686,6.53,14.09,18.45637,69.66292135,99.30232558,97.84883721,99.65116279,20.60685912,23.61986159,74.67695502,36.88442907,0.082420918,-0.038169893,-0.099867697,0.741913803
9430600,0.133928896,9.390092754,135.5,16.2,1,77.66666667,859,1.011819955,0.239263416,1,1,91.945834,1.032051864,1,77.66666667,134.3,9.390092754,99.2449031,93.63201611,99.16939341,1.85,190.5,67.41,44.7,72,593.8,14,0.222,0.58,3,1.32,53.1,9.96,2.05,31.86,33.61,34.53,2371.3,3268,1694,0.444,40.6,-0.973,-0.231,15.89,7.73,15.895541,38.82352941,99.22403004,93.59198999,99.17396746,15.38212465,16.98897638,91.38944882,35.34944882,-0.033410195,-0.0663011,-0.011012309,0.650067681
11463200,0.924238441,18.49607411,296.4,126,1,57.88916667,731,1.012478624,0.101033693,1,1,26.99712,1.422792662,1,57.88916667,263.7,17.29328818,99.24276169,97.32739421,93.67483296,2.22,220.9,130.76,61.7,78,793.4,1.1,0.617,0.65,4,1.29,31.1,10.07,1.12,28.01,43.94,28.05,641.5,1364,128,0.429,28.1,-0.469,-0.883,16.58,6.23,12.856578,95.63492063,99.25434963,97.18309859,94.11764706,8.36721598,13.11946582,,,0.068603409,-0.054718704,-0.102410332,0.639128666
11014000,0.23675229,14.0993958,138,2.6,2,48.66666667,634,1.044810797,0.126832999,1,1,5.043274,0.752773408,1,48.66666667,93.2,10.29810021,99.23488906,97.16908952,94.18515685,2.91,181.8,44.33,55.8,42.1,846.3,0,0.609,1.26,5,1.39,33.8,10.3,3.01,18.77,38.69,42.55,490.9,1128,158,0.343,19.4,-0.048,-0.999,11.77,8.75,16.12831,37.94117647,99.4047619,97.67857143,95.47619048,1.534653813,2.248514851,,,0.108115657,-0.065945541,-0.170737304,1.025194801
9510200,0.00274313,15.49773565,204.7,0.9,2,72,558,1.049572,0.162318333,1,1,13.021051,1.954168424,1,72,161.9,15.499688,99.23076923,97.60683761,98.76068376,1.74,425.3,61.33,36.1,50,956.2,2.1,0.215,1.04,5,1.39,30.1,10.19,4.14,15.96,29.86,54.17,1161.3,2161,545,0.383,21.4,-0.57,-0.822,11.67,5.66,17.785195,23.61623616,99.31605472,95.64434845,98.95608351,2.9162357,3.650787679,51.02477531,24.56769952,-0.010580844,-0.053186635,-0.012575144,0.712944338
10260950,0.05789504,31.49794653,316.4,24.6,2,95.5,890,1.020411552,0.14625654,1,1,10.926878,0.653202168,1,95.5,207,26.383657,99.22540666,98.76065066,99.22540666,2.1,175.1,66.31,43.9,49,724,6.7,0.611,0.97,4,1.24,39.2,10.29,5.47,13.39,28.27,58.34,1271.7,1862,921,0.362,20.2,0.925,0.379,6.25,13.76,18.304836,70.93023256,99.09529554,97.22557298,99.39686369,7.69524916,7.127527127,10.63038264,5.662649914,0.078235695,-0.10005319,-0.114749105,0.605979138
11162500,0.361998034,11.99003077,209.6,8.7,2,61.9,483,1.038576034,0.110446669,1,1,22.750724,1.087061052,1,61.9,186.1,9.4996533,99.22018349,88.89908257,96.60550459,1.88,118.9,92.36,68.6,71.5,669.9,1,0.604,1.01,3,2.02,35.8,10.37,2.8,19.69,37.08,43.23,346.3,814,30,0.407,26.7,0.507,-0.862,10.08,13.2,15.086714,35.56701031,99.03930131,90.34934498,96.76855895,0.682512861,7.404373423,,,0.005048371,-0.134611667,-0.134314605,0.885783407
9430600,0.477149564,6.297877895,119.4,53.4,1,92.5,455,1.090185695,0.237858224,1,1,51.133435,1.205781063,1,92.5,115.5,6.59772,99.21375267,89.76545842,99.46695096,1.85,190.5,67.41,44.7,72,593.8,14,0.222,0.58,3,1.32,53.1,9.96,2.05,31.86,33.61,34.53,2371.3,3268,1694,0.444,40.6,-0.973,-0.231,18.25,10.8,15.895541,72,99.04881101,87.28410513,99.49937422,11.52470622,12.07322835,91.38944882,35.34944882,-0.06560322,-0.150798354,-0.047865587,0.617887885
11138500,0.253293546,39.9,426,204.8,2,92,529,1.073002381,0.275394576,1,1,5.562678,0.956816384,1,92,270.6,27.89657692,99.20977011,98.85057471,98.41954023,2,728.9,69.82,57.6,39.6,665.2,7.1,0.686,1.16,5,1.44,28.2,9.8,1.39,21.86,41.68,36.45,994.2,2081,193,0.424,34.2,0.199,-0.98,9.16,14.96,16.60856,92.94117647,99.13232104,98.64425163,98.80694143,2.132233872,2.931760187,,,-0.033507168,-0.096675648,-0.012337169,
11077500,0.215198424,28.09230769,245.3,25.8,2,40,53,1.072801652,0.254227934,1,1,9.037622,0.870950945,1,40,133.4,17.99748783,99.20913884,98.94551845,89.4112478,1.28,240.8,51.01,60.8,37.1,825.6,0,0.654,1.13,5,1.61,20.2,10.37,1.7,25.4,46.19,28.41,553.2,1719,35,0.308,25.4,-0.221,-0.975,12.94,6.47,17.754193,62.61261261,99.29757344,98.65900383,92.11366539,1.787458233,3.162707641,,,-0.011651957,-0.022716912,-0.005185183,
11055800,0.479984116,31.59877273,232.1,0,2,22.75,856,1.061290286,0.181424186,1,1,84.009376,1.028498129,1,22.75,232.1,31.59877273,99.2,98.27692308,69.41538462,2.27,50.5,78.15,44,42.4,729.1,7.1,0.609,1.21,3,1.35,32.7,9.72,5.91,13.16,30.59,56.25,1197,1962,488,0.48,34.4,-0.802,-0.597,7.24,17.52,21.01686,13.25757576,99.19901417,98.27479975,69.37769563,69.21590056,59.36613861,,,-0.06861585,-0.100423765,-0.020662158,0.809620196
11274630,0.022665544,9.896704595,90,1.5,2,31,543,1.022652325,0.105295309,1,1,14.544513,0.969698236,1,31,82.9,9.499267168,99.18367347,98.19241983,82.41982507,1.77,187.4,43.32,61.7,49.1,799,2.1,0.604,1.08,4,1.42,30.9,10.3,1.62,26.46,42.13,31.41,559.2,1116,65,0.472,26.1,-0.722,0.692,7.89,8.15,18.975462,18.77637131,98.0188212,96.33481922,84.96780584,2.596224212,4.075933831,,,-0.045234715,-0.097401651,-0.006249959,0.568651794
11451715,0.686502976,32.2,263.9,28.5,2,87.5,200,1.03990308,0.104756824,1,1,24.133838,1.666551161,1,87.5,233.5,31.7,99.17315175,99.8540856,97.85992218,0.9,247.9,70.02,59.6,55.5,854.4,1,0.615,0.96,4,1.19,43.2,10.66,0.49,37.34,42.78,19.88,560.5,1162,264,0.34,18.2,-0.265,0.964,8.75,13.34,18.827651,52.08333333,99.33035714,99.86607143,98.03571429,2.888346264,4.86014522,23.98777733,10.34183138,0.14819574,-0.007832966,-0.033504715,0.809356648
11169800,0.12211566,9.99407619,154.8,57.2,2,68.96777778,531,1.042513735,0.112554716,1,1,19.710195,1.254471196,1,68.96777778,117.9,8.098313865,99.16142558,92.61006289,97.90356394,1.22,282.9,60.85,63.3,56.7,817.9,1.8,0.626,0.99,4,1.41,31.7,10.98,2.22,23.01,45.71,31.28,604,1101,244,0.421,25.6,-0.968,-0.251,9.29,13.42,15.108,76.39751553,99.20893439,93.62494183,98.13866915,8.512952968,12.39353128,,,-0.080944275,-0.139187398,-0.020343577,0.568156639
7104905,0.177701315,44.390415,199.2,27.8,1,15.875,425,1.128232305,0.389731376,1,1,5.351106,0.612912952,1,15.875,68.3,15.7960101,99.15418076,98.42919285,64.93475109,2.32,613.5,54.77,51.4,80.5,521.8,16.6,0.322,0.71,3,1.84,50.4,11.26,7.38,13.5,29.69,56.81,2279.5,2941,1822,0.411,10.1,-1,0.006,17.56,8.62,13.421778,37.98342541,99.87958025,99.86237743,72.23464648,3.217745165,3.097555012,4.981222494,2.570904645,,,,0.544737842
11152050,0.009653044,57.62794286,338.3,28.7,1,37.94138889,431,1.191740276,0.590892148,1,1,12.095121,1.606303196,1,37.94138889,310.2,57.68624,99.14938862,99.84051037,80.59542796,1.67,771.5,74.52,63.7,58.2,676.7,2.4,0.652,1.04,6,2.02,38.4,10.1,2.9,21.11,35.63,43.26,674.8,1785,52,0.359,31.4,0.227,0.974,16.51,3.19,17.029979,47.08737864,99.12883998,99.86244842,83.17285649,9.186214151,9.799792612,12.12311082,8.239170447,-0.124185954,-0.333706557,-0.13432245,0.476982831
13161500,0.007207709,7.298255102,116.8,103.2,1,89,690,0.997506926,0.253657753,0.999346405,1,31.768989,0.560078772,1,89,74.6,6.398314972,99.14808319,95.31445753,99.36106239,1.32,986.1,44.45,54.8,77.6,465.9,54.4,0.192,0.86,5,1.74,66.8,11.01,2.56,25.21,39.54,35.25,2045,3004,1542,0.359,20.2,-0.041,0.999,12.48,3.05,19.045598,94.3977591,99.62609057,94.78604071,99.47029497,16.85526168,20.90015211,,,-0.01590447,-0.045636148,-0.003244067,0.904966847
8380500,0.051459138,10.19789292,85.8,117.3,1,27.93333333,80,1.012335698,0.075075282,1,1,99.368957,1.001978058,1,27.93333333,85.8,10.19789292,99.14346895,91.32762313,91.57744468,2.1,198.1,68.57,50.8,80.7,464.5,19.2,0.221,0.66,4,1.18,58,10.64,1.87,31.03,41.4,27.57,2652.5,3551,2136,0.381,25,-0.636,0.772,14.27,5.71,17.995738,86.52849741,99.10921076,91.19900232,91.59094958,30.00276242,42.76158506,96.58440182,48.47415447,0.009804609,0.004280286,0.019648497,1.00779206
11055800,0.026354268,31.39864056,228.1,60.1,1,39,360,1.053491708,0.17082567,1,1,84.009376,1.028498129,1,39,228.1,31.39864056,99.13846154,98.15384615,91.66153846,2.27,50.5,78.15,44,42.4,729.1,7.1,0.609,1.21,3,1.35,32.7,9.72,5.91,13.16,30.59,56.25,1197,1962,488,0.48,34.4,-0.802,-0.597,15.1,3.42,21.01686,84.46969697,99.13739988,98.21318546,91.65126309,69.21590056,59.36613861,,,-0.120560791,-0.203675686,-0.024018882,0.531261529
9484000,0.85196218,5.797716642,131.4,2.1,2,71,604,1.089115384,0.258629089,1,1,85.517068,1.046778775,1,71,131.1,5.797716642,99.12826899,74.84433375,99.05043587,2.39,103.7,75.97,43.3,71.1,767.1,3.1,0.167,0.8,3,1.52,9.5,9.14,1.65,18.36,43.38,38.26,1878.8,2788,872,0.534,35.6,-0.977,-0.213,5.78,6.97,17.656755,18.7628866,99.13070475,74.72834523,99.0530891,21.59321881,31.624108,59.10578592,25.9246866,-0.075001263,-0.13012394,-0.017316944,0.572519765
11159200,0.191836484,25.38676229,237.9,76.5,2,67,607,1.087103869,0.25761191,1,1,12.563615,1.632601188,1,67,231.3,25.38665429,99.11764706,97.99019608,97.54901961,1.76,71,84.62,68.1,68.6,691.1,0.1,0.629,0.85,3,1.21,34.5,10.12,2.59,21.18,36.59,42.23,305.2,863,27,0.333,21,-0.996,-0.089,9.86,16.46,16.438445,77.91479821,99.15413534,97.83834586,97.65037594,0.115679955,6.346901408,,,-0.065019601,-0.122480704,-0.014327841,0.614253963
11128250,0.316166119,29.998875,187.5,305.1,2,59.5,470,1.063077817,0.148683492,1,1,37.41514,,1,59.5,187.4,29.998875,99.11202186,99.93169399,96.99453552,1.19,73.8,63.62,64.2,39.5,751,0.3,0.688,1.15,4,1.4,24.8,11.06,2.09,25.37,39.2,35.43,511,1369,172,0.283,19,-0.632,-0.775,10.49,13.31,18.11282,100,98.96907216,99.80670103,97.16494845,2.221412774,5.613414634,,,0.015336952,-0.005065252,-0.003970342,
11059300,0.181095941,22.88593,335.9,0,2,88.66666667,430,1.085720851,0.32472037,1,1,10.204954,0.671506587,1,88.66666667,269.5,18.294428,99.10083494,94.47655748,97.81631342,1.38,946,67.84,42.5,47.8,641.9,27.6,0.57,1.05,5,1.86,28.1,10.09,7.16,11.69,29.16,59.16,1661,3477,292,0.43,26,0.124,-0.992,4.66,8.01,19.036583,13.69863014,98.97913893,94.62938304,98.49090102,5.853874082,5.295634249,5.803953488,2.260084567,-0.084515517,-0.142665696,-0.020310006,0.682674413
11129800,0.161004193,16.39936883,186.3,89.7,2,82,529,1.032345366,0.078437864,1,1,19.694249,2.110868413,1,82,178.2,16.49936883,99.09533751,97.2164231,99.51287404,0.98,85.3,58.44,66.4,39.6,749.9,0.1,0.68,0.97,3,1.28,24.6,11.29,2.31,24.04,39.55,36.41,443.7,1306,157,0.254,20,-0.839,-0.544,11.75,12.6,15.248683,85.56701031,99.08496732,96.66666667,99.54248366,0.276776534,1.44021102,,,0.026378043,0.019077106,0.000568816,
8380500,0.093198216,36.18359778,83.8,182,1,10.99333333,117,1.046059332,0.553897805,1,1,99.368957,1.001978058,1,10.99333333,83.8,36.18359778,99.07209136,99.82155603,59.082798,2.1,198.1,68.57,50.8,80.7,464.5,19.2,0.221,0.66,4,1.18,58,10.64,1.87,31.03,41.4,27.57,2652.5,3551,2136,0.381,25,-0.636,0.772,15.49,10.72,17.995738,96.71848014,99.00231605,99.82184215,59.1305897,30.00276242,42.76158506,96.58440182,48.47415447,0.009804609,0.004280286,0.019648497,1.00779206
7103700,0.005723384,10.19965,110.8,0.8,1,40,319,1.015367987,0.18479336,1,1,10.334753,0.918584336,1,40,62,9.1985,99.07173963,95.59935824,95.57643823,2.23,264.2,59.97,52.8,94.9,393.5,27.6,0.361,0.86,4,1.42,49.5,10.03,9,11.62,33.61,54.77,2775.2,4300,1873,0.373,26.9,0.329,0.944,7.25,7.11,15.226314,6.673407482,99.59125644,93.33570286,96.53456549,5.396997417,6.578652536,9.350870553,5.675132475,,,,0.397808237
11118500,0.932816797,33.78165444,485.3,76.7,2,71.5,423,1.102161954,0.240085617,1,1,82.190611,1.092289043,1,71.5,484.8,33.7714471,99.0700558,97.64414135,96.09423435,2.11,485.7,69.88,51.4,33.4,711.7,1.4,0.702,1.2,6,1.39,38.3,10.32,1.3,23.76,41.87,34.37,702.1,1835,78,0.36,29.1,-0.979,-0.203,9.82,18.25,16.615606,74.61928934,99.06947891,97.6426799,96.09181141,33.83108468,42.24663372,80.03368334,50.47848466,0.124952005,-0.160521487,-0.114735616,0.588751203
9430600,0.024675024,6.799109187,119.5,105.2,1,111,399,1.044764209,0.138434076,1,1,51.133435,1.205781063,1,111,111,6.798978562,99.06716418,90.27185501,99.81343284,1.85,190.5,67.41,44.7,72,593.8,14,0.222,0.58,3,1.32,53.1,9.96,2.05,31.86,33.61,34.53,2371.3,3268,1694,0.444,40.6,-0.973,-0.231,18.21,2.4,15.895541,92,99.0738423,88.83604506,99.82478098,11.52470622,12.07322835,91.38944882,35.34944882,-0.06560322,-0.150798354,-0.047865587,0.617887885
11149900,0.161330552,9.599422869,243.4,26.1,2,76.83333333,220,1.155196453,0.349319747,1,1,12.824107,0.507351319,1,76.83333333,140.2,6.299881307,99.06479626,82.56513026,97.12758851,1.56,556.4,63.26,62,54,737.5,1.5,0.659,1.13,4,1.35,33.5,10.91,2.31,24.37,37.78,37.85,533.4,1785,248,0.186,19.5,-0.995,-0.102,12.47,3.3,16.227347,47.21115538,98.8136431,82.99555116,97.8744439,0.822336042,1.076312006,28.84609993,15.65149173,0.019497291,0.027794087,0.004308875,1.178214387
11143000,1.547328716,30.08492857,331.2,200.1,2,87,471,1.059711384,0.199308847,1,1,13.697515,0.363115177,1,87,197.6,17.99862545,99.04509284,96.76392573,98.75331565,2.74,120.6,116.26,67.4,72.8,639.5,3.4,0.654,0.98,4,1.47,40.3,10.29,4.14,14.13,31.45,54.42,779,1505,80,0.492,43.6,-0.447,-0.894,8.68,23.37,18.127121,96.44808743,99.48381042,98.45143125,98.89723135,0.979707657,4.544776119,86.30373134,57.91119403,-0.06088307,-0.108076154,-0.019716675,
11129800,0.162332063,28.28661333,176.4,292.5,2,59.5,470,1.063141705,0.131256637,1,1,19.694249,2.110868413,1,59.5,176.9,28.4,99.02574809,99.79123173,97.14683368,0.98,85.3,58.44,66.4,39.6,749.9,0.1,0.68,0.97,3,1.28,24.6,11.29,2.31,24.04,39.55,36.41,443.7,1306,157,0.254,20,-0.839,-0.544,10.42,11.75,15.248683,98.96907216,98.95424837,99.67320261,97.32026144,0.276776534,1.44021102,,,0.026378043,0.019077106,0.000568816,
11014000,0.278806973,5.099783239,106.8,70.4,2,100,439,1.030655898,0.106641051,1,1,34.921161,0.643563446,1,100,102.5,5.099897143,99.01120633,81.60843771,99.73632169,2.91,181.8,44.33,55.8,42.1,846.3,0,0.609,1.26,5,1.39,33.8,10.3,3.01,18.77,38.69,42.55,490.9,1128,158,0.343,19.4,-0.048,-0.999,11.13,8.78,16.12831,90,98.75,80.83333333,99.76190476,24.61891647,27.06188119,,,-0.057379198,-0.140391987,-0.024227996,0.841697022
11176400,0.047668598,23.69309444,142,34.1,2,50.75,846,1.09112524,0.211898997,1,1,74.095967,1.41581736,1,50.75,139.7,23.69309444,99.00756144,99.57466919,93.6436673,1.46,338.6,57.45,62.2,56.1,798.4,4,0.599,1.02,5,1.51,31.3,10.82,2.16,22.41,45.93,31.66,753.8,1238,230,0.52,23.4,-0.069,-0.998,7.92,7.81,17.721231,56.08974359,99.06846763,99.53423381,93.73544481,21.07161609,32.61317188,,,-0.03497482,-0.126304897,-0.086885329,0.674537193
11015000,0.130526598,7.499597368,173.1,0,1,105,358,0.970326214,0.072164508,1,1,81.490142,1.480326105,1,105,170.3,7.397938207,99.00314795,82.89611752,99.73767051,1.44,117.8,76.11,45.5,48.7,677.6,11.1,0.564,0.71,3,1.32,40,10.19,5.47,12.93,24.7,62.37,1330.9,1942,1002,0.351,17.6,-0.501,-0.865,14.89,3.5,15.126983,9.322033898,99.0078329,83.02872063,99.73890339,64.84675838,71.42852292,,,-0.09802169,-0.192878786,-0.023272728,0.608571175
7103700,0.037941538,46.89374364,76.7,149.3,1,6.9,751,1.034807147,0.641013769,1,1,10.334753,0.918584336,1,6.9,60.7,43.60733945,98.9915196,99.97707999,23.35548934,2.23,264.2,59.97,52.8,94.9,393.5,27.6,0.361,0.86,4,1.42,49.5,10.03,9,11.62,33.61,54.77,2775.2,4300,1873,0.373,26.9,0.329,0.944,15.24,9.63,15.226314,96.46107179,98.68491203,99.98222854,33.15265683,5.396997417,6.578652536,9.350870553,5.675132475,-0.073427221,-0.138797398,-0.02782991,0.527450528
11073300,0.51823845,21.49918289,284.7,0.2,2,45,430,1.037865037,0.159867348,1,1,30.521869,0.844669747,1,45,235.1,17.89904462,98.97750511,94.13769598,90.76346285,0.81,83.6,90.33,49.8,53.3,682.5,5.3,0.643,1.21,3,1.12,50,9.57,6.38,11.96,34.18,53.86,1477.5,3059,222,0.443,40.8,-0.829,-0.56,6.64,12,20.142177,31.56682028,98.27873404,93.39255969,92.25430316,17.99244488,18.93767943,,,-0.094432774,-0.154988647,-0.020724766,0.607662358
11073360,0.639964411,21.49822521,285,0.2,2,45.5,430,1.062203814,0.162643181,1,1,20.134001,,1,45.5,235.1,17.89904462,98.97400821,94.11764706,90.73187415,0.95,132.3,74.76,53,45.8,744.3,3.4,0.65,0.9,3,1.12,44.1,10.29,6.95,11.8,32.18,56.02,1050.4,3059,211,0.295,27.1,-0.86,-0.509,8.73,9.83,14.250404,21.85628743,98.29389103,93.45074298,92.32250963,16.06905269,12.00204082,,,-0.092496442,-0.15177602,-0.020368538,0.608914885
11458500,1.270867915,33.29891818,196.8,43.8,2,46.66666667,491,1.015181918,0.059851817,1,1,63.695385,1.042728974,1,46.66666667,189.8,31.59742727,98.96685321,99.87085665,91.79939733,2.59,150.4,107.96,63.9,77.4,739.6,1.4,0.626,0.64,3,1.77,23.2,10.42,1.81,24.93,43.89,31.18,301.1,824,39,0.336,17.6,-0.861,-0.509,9.57,20.48,19.519202,63.35877863,98.97915781,99.78732454,91.91833262,10.35774737,23.62679521,,,0.19127005,-0.008569863,-0.068260773,0.620423687
10173450,0.007624976,17.2786853,91.2,57.8,1,24.96666667,37,1.075695941,0.277960153,1,1,6.679829,1.245462034,1,24.96166667,86.4,17.2786853,98.96644295,99.62416107,79.86577181,1.98,268.5,65.03,54.7,80.9,402.2,53.1,0.149,0.42,3,1.28,76.9,10.8,2.1,22.73,38.73,38.54,2753.9,3446,2223,0.435,10.7,-0.338,0.941,14.31,4.35,13.380851,79.52898551,98.74113069,99.29045548,82.55893797,1.866059457,3.819553073,6.772960894,2.88603352,-0.005617561,-0.008663143,-0.000435514,1.025728165
11022480,0.061170983,7.797312144,217.7,0,1,127,358,1.104111003,0.237159017,1,1,79.360851,1.036983012,1,127,217.2,7.797312144,98.96319336,81.70036288,99.74079834,1.63,953.6,51.86,51.9,43.3,807.8,2.2,0.585,0.84,5,1.19,31,10.52,3.4,17.08,31.75,51.17,640.4,1967,89,0.294,18.5,0.017,-1,17.82,2.22,15.3664,13.73626374,98.87295082,81.81352459,99.74385246,57.24252031,58.6542156,,,-0.06719382,-0.136575236,-0.023271114,0.762980732
11143000,0.073727044,34.99208,271.5,13.9,2,50.9,859,1.065530733,0.257957191,1,1,86.219962,1.022908078,1,50.9,263.3,33.49259429,98.96030246,98.96030246,94.42344045,2.74,120.6,116.26,67.4,72.8,639.5,3.4,0.654,0.98,4,1.47,40.3,10.29,4.14,14.13,31.45,54.42,779,1505,80,0.492,43.6,-0.447,-0.894,11.4,13.95,18.127121,39.61748634,98.96762084,99.06147349,94.46269357,14.47744466,22.15223881,86.30373134,57.91119403,0.261123308,0.099905718,-0.020401351,0.780523961
11014000,0.089093625,14.79348222,102.1,0,2,37.75,429,1.024799197,0.140164671,1,1,34.921161,0.643563446,1,37.75,99.7,14.79348222,98.94528675,98.15425181,88.89255109,2.91,181.8,44.33,55.8,42.1,846.3,0,0.609,1.26,5,1.39,33.8,10.3,3.01,18.77,38.69,42.55,490.9,1128,158,0.343,19.4,-0.048,-0.999,11.45,4.97,16.12831,11.76470588,98.45238095,97.79761905,89.91071429,24.61891647,27.06188119,,,-0.057379198,-0.140391987,-0.024227996,0.841697022
11173200,0.54045161,20.19912,126.9,38.5,2,50.8,846,1.045537001,0.125181044,1,1,87.006427,0.955234442,1,50.8,125.7,19.39948842,98.94266917,99.57706767,94.68984962,1.32,199.1,62.25,63.2,58.1,792.3,4.1,0.584,0.96,4,1.42,34.1,10.49,2.12,23.06,45.64,31.3,817,1309,248,0.536,26.7,0.459,-0.888,8.06,8.66,16.584267,62.83783784,98.8317757,99.6728972,94.71962617,21.85655409,36.6775992,,,-0.033136418,-0.134616752,-0.090553759,0.63793308
9484000,0.341331002,23.39072763,127.8,113.5,1,42,437,1.184818848,0.686367421,1,1,69.267296,1.388299086,1,42,125.9,23.39072763,98.93882647,98.37702871,94.36641698,2.39,103.7,75.97,43.3,71.1,767.1,3.1,0.167,0.8,3,1.52,9.5,9.14,1.65,18.36,43.38,38.26,1878.8,2788,872,0.534,35.6,-0.977,-0.213,21.03,13.39,17.656755,92.57731959,99.00651971,98.32350202,94.39615026,12.27435075,20.33982642,59.10578592,25.9246866,-0.029754246,-0.128262786,-0.044356359,0.620399768
14400000,2.15620533,22.69939559,527.8,291.2,1,53.66666667,633,1.075252221,0.182527824,1,1,81.178779,1.006824326,1,53.66666667,508.1,22.2,98.92311545,95.91785625,83.93438517,2.39,702.6,309.76,70.5,152.8,633.4,7.5,0.474,0.61,4,2.78,43.6,10.25,1.24,28.5,48.99,22.5,671.2,1535,17,0.431,36.5,-0.474,-0.88,8.79,23.56,12.840941,95.03816794,98.90818859,95.45905707,84.0942928,44.37615084,57.18138343,80.44816396,37.28364646,0.078783784,-0.17569168,-0.053358076,0.376428052
7103700,0.034511794,12.98570746,98.1,43.8,1,37,1045,0.95539957,0.225832449,1,1,10.334753,0.918584336,1,37,59.3,8.196367368,98.92275957,94.54503782,94.40751776,2.23,264.2,59.97,52.8,94.9,393.5,27.6,0.361,0.86,4,1.42,49.5,10.03,9,11.62,33.61,54.77,2775.2,4300,1873,0.373,26.9,0.329,0.944,7.25,7.11,15.226314,62.84125379,99.34245602,95.80593567,95.62822108,5.396997417,6.578652536,9.350870553,5.675132475,-0.033790108,-0.087202289,-0.017240366,0.648685697
8378500,0.023289789,9.793165523,117.8,126.4,1,42.75,80,1.014138693,0.104831176,1,1,24.394413,1.433035617,1,42.75,88.7,6.799001222,98.92207104,85.79254285,95.2906874,2.61,445,86.08,49.1,89.7,374.7,32.7,0.115,0.56,4,1.18,68.2,9.97,2.19,24.5,39.65,35.85,3073,3973,2288,0.466,26.5,-0.839,-0.545,11.47,6.05,14.557434,77.01149425,99.05422446,88.35119798,95.7834174,8.108731976,14.05597753,25.41377528,13.96395506,-0.035957506,-0.042651227,-0.010011272,0.93442821
11159200,0.244481839,9.999489474,229.1,10.4,2,69.8,940,1.087664545,0.245580667,1,1,12.563615,1.632601188,1,69.8,225.6,9.999489474,98.92156863,83.28431373,97.84313725,1.76,71,84.62,68.1,68.6,691.1,0.1,0.629,0.85,3,1.21,34.5,10.12,2.59,21.18,36.59,42.23,305.2,863,27,0.333,21,-0.996,-0.089,10.19,12.34,16.438445,34.08071749,99.06015038,83.27067669,97.93233083,0.115679955,6.346901408,,,-0.027017337,-0.065208871,-0.013067387,0.783301461
11152000,0.037915819,28.98844525,322.6,18.7,2,70.8,859,1.090892973,0.260846339,1,1,10.954941,1.60170771,1,70.8,268.3,23.19135294,98.91304348,96.6873706,95.7815735,2.07,625.1,80.89,63.9,60.5,663.8,2.9,0.654,1.03,5,2.35,38.3,10.02,3.14,20.17,34.81,45.02,759.1,1785,113,0.387,34.7,-0.132,0.991,11.39,9.04,17.294107,43.58208955,99.03002309,97.92147806,96.23556582,2.102052119,3.129195329,14.97461206,10.20955047,0.239470253,0.058363783,-0.063931071,0.893566341
11152050,0.745082883,26.19880577,304.1,0,1,45,478,1.119474688,0.334869154,1,1,31.232187,1.394009406,1,45,297,25.5989563,98.90818859,97.02233251,87.0471464,1.67,771.5,74.52,63.7,58.2,676.7,2.4,0.652,1.04,6,2.02,38.4,10.1,2.9,21.11,35.63,43.26,674.8,1785,52,0.359,31.4,0.227,0.974,16.51,3.19,17.029979,7.281553398,98.94543787,97.11141678,87.98716185,12.27500159,18.24777706,12.12311082,8.239170447,-0.106418682,-0.184356043,-0.025092694,0.456406466
9484000,0.154827742,19.38292346,125.7,0,2,43.95472222,910,1.114222045,0.368167411,1,1,69.267296,1.388299086,1,43.95472222,124.5,19.3874,98.90761548,97.12858926,95.06866417,2.39,103.7,75.97,43.3,71.1,767.1,3.1,0.167,0.8,3,1.52,9.5,9.14,1.65,18.36,43.38,38.26,1878.8,2788,872,0.534,35.6,-0.977,-0.213,5.25,6.72,17.656755,5.360824742,98.91338094,97.11269792,95.09469109,12.27435075,20.33982642,59.10578592,25.9246866,0.061976943,-0.000808491,-0.011439573,0.861433391
11160500,0.149900497,20.59444444,267.1,80.4,1,40.5,434,0.970848328,0.099783575,1,1,19.295537,0.992160412,1,40.5,263.1,20.59444444,98.9021043,94.87648673,88.38060384,2.46,275.8,118.78,67,68.2,703.2,0.7,0.632,0.89,4,1.34,42.1,10.75,3,18.37,36.19,45.44,364.3,980,76,0.323,25.1,-0.998,-0.056,16.75,6.22,15.363053,72.55717256,98.42150171,94.66723549,89.12116041,2.493591322,7.196736766,,,-0.022487058,-0.187511714,-0.163053542,0.533704057
10308794,0.007231994,5.799847033,121.3,12.4,1,51,111,0.991853847,0.127351685,1,1,32.861018,0.459593518,1,51,121.1,5.799847033,98.9010989,91.79748823,95.50627943,3.11,55.6,62.5,58.2,79.2,450.6,57.4,0.43,0.6,3,1.25,68.3,9.53,3.71,26.97,37.15,35.87,2326.8,2730,1929,0.507,21.5,0.942,0.336,6.49,4.05,16.384837,54.41176471,98.92473118,91.62826421,95.60291859,8.487101439,16.49784173,33.20719424,18.27769784,-0.176714517,-0.370711221,-0.043968304,0.60050444
11161000,0.129101157,20.59444444,267.2,80.4,1,40.5,434,0.987972945,0.103257771,1,1,18.338121,1.199590247,1,40.5,263.1,20.59444444,98.88940305,94.81721425,87.48264692,2.09,298.3,118.15,67.1,68.5,703.5,0.6,0.632,0.9,4,1.4,42,10.85,3,18.27,35.92,45.81,350.3,980,8,0.355,24.6,-0.996,0.09,16.73,6.17,15.746177,73.06889353,98.36699613,94.54232918,88.3326171,2.25540185,6.709420047,,,-0.020278057,-0.183563427,-0.161039514,0.536703619
11274630,0.043366741,7.599127842,111.5,39.5,2,72.5,988,1.076176867,0.193627729,1,1,13.905464,1.291954055,1,72.5,85.7,7.599030468,98.88765295,94.99443826,98.44271413,1.77,187.4,43.32,61.7,49.1,799,2.1,0.604,1.08,4,1.42,30.9,10.3,1.62,26.46,42.13,31.41,559.2,1116,65,0.472,26.1,-0.722,0.692,12.87,2.5,18.975462,69.62025316,99.05894007,92.42199108,98.61317484,4.696483564,5.048932764,,,-0.015101335,-0.017095875,-0.011952802,0.942822946
11028500,0.131422561,14.98989796,146,88.7,2,56,822,1.07759777,0.157210324,1,1,59.833561,1.393602004,1,56,145.8,14.98989796,98.87710543,98.00374298,95.50842171,1.75,146.3,47.31,53.2,40,817.6,0.1,0.607,0.82,3,1.39,26.8,11.3,2.46,16.66,32,51.34,561.3,994,400,0.27,8.7,-0.125,-0.992,10.7,9.2,15.589059,92.99065421,98.82716049,97.90123457,95.55555556,13.30200551,18.34757348,,,0.008513387,-0.004570397,-0.010924288,0.927810373
11042900,0.021945224,14.7,102.5,0,2,21,590,0.981352059,0.080934135,1,1,6.890085,1.723145088,1,21,84.3,13.19954335,98.86666667,98.13333333,62.26666667,1.45,227.1,38.42,52.1,30.4,862.2,0.2,0.588,1,3,1.35,24,11.73,2.76,18.12,34.83,47.04,611.1,1381,325,0.274,8.4,-0.245,-0.97,11.22,8.09,16.576693,13.24200913,98.35487662,97.70857814,64.89424207,1.886222907,1.07675033,,,,,,
11152000,0.154018857,19.49908178,301.7,0,2,133,968,1.107542799,0.34160587,1,1,38.563747,1.45200031,1,133,288.5,19.49908178,98.86419753,94.4691358,99.55555556,2.07,625.1,80.89,63.9,60.5,663.8,2.9,0.654,1.03,5,2.35,38.3,10.02,3.14,20.17,34.81,45.02,759.1,1785,113,0.387,34.7,-0.132,0.991,8.78,16.68,17.294107,6.417910448,98.89145497,94.36489607,99.58429561,14.91749383,22.51871701,14.97461206,10.20955047,-0.040209457,-0.070277138,-0.018460304,0.651840956
11152050,0.101668945,19.49908178,303,0,2,133,968,1.120815014,0.380906245,1,1,31.232187,1.394009406,1,133,288.5,19.49908178,98.85856079,94.44168734,99.55334988,1.67,771.5,74.52,63.7,58.2,676.7,2.4,0.652,1.04,6,2.02,38.4,10.1,2.9,21.11,35.63,43.26,674.8,1785,52,0.359,31.4,0.227,0.974,9.08,15.41,17.029979,7.281553398,98.89958735,94.40623567,99.58734525,12.27500159,18.24777706,12.12311082,8.239170447,-0.040209457,-0.070277138,-0.018460304,0.651840956
10258500,0.159465321,29.19977846,173,62.9,2,37,187,1.117391177,0.295905527,1,1,34.911598,1.024974947,1,37,142.3,23.699025,98.85386819,98.73925501,90.0286533,2,241.5,37.78,41.9,27.9,813.4,5.1,0.464,0.98,4,2.22,43.9,9.87,5.3,11.18,26.56,62.26,1195.3,2452,208,0.44,22.7,0.863,0.506,7.76,8.36,22.326342,86.79245283,99.08350305,99.13441955,91.08961303,14.07063824,14.53863354,,,-0.067585553,-0.149738128,-0.003304783,
11172945,0.305600582,17.09950649,103.4,26.6,2,50.66666667,846,1.037312662,0.081900925,1,1,98.034239,1.017024877,1,50.66666667,103.4,17.09950649,98.85222382,99.52175992,95.26542324,1.9,87.1,62.38,62.8,59.5,791,4.1,0.574,1.07,3,1.31,29.5,10.31,2.21,25.08,45.14,29.79,814.2,1161,297,0.599,26.7,-0.303,-0.953,8.19,8.49,17.898739,57.80254777,98.85277247,99.52198853,95.26768642,16.30612818,27.85556831,,,-0.014768005,-0.121371461,-0.072547675,0.663379039
14090350,0.262352784,12.99963704,238.4,7.5,1,62,477,1.062694123,0.251690467,1,1,7.771881,0.395126958,1,62,120.7,6.499714659,98.84928431,95.73393208,87.27196183,1.95,72.1,182.78,64.8,142.3,455.8,53.1,0.404,0.78,3,1.26,78.8,10.37,6.68,15.1,29.79,55.1,1566.6,3093,854,0.321,26.1,-0.809,0.588,6.18,15.45,16.829358,21.73913043,99.12938065,96.78201455,90.0044082,2.87103158,3.739805825,44.26407767,17.35811373,-0.082263341,-0.136519084,-0.020180943,
11059300,0.094289622,37.39734909,297.1,0,2,24.8,856,1.085722307,0.337862106,1,1,10.204954,0.671506587,1,24.8,250,31.59706818,98.84393064,98.07321773,64.61143224,1.38,946,67.84,42.5,47.8,641.9,27.6,0.57,1.05,5,1.86,28.1,10.09,7.16,11.69,29.16,59.16,1661,3477,292,0.43,26,0.124,-0.992,4.77,15.02,19.036583,13.69863014,98.71282734,98.13581891,73.5463826,5.853874082,5.295634249,5.803953488,2.260084567,-0.04443445,-0.057957017,-0.017113832,0.984463275
10260500,1.459629892,30.39864056,268.1,65.8,1,39,360,1.061355098,0.296112964,1,1,11.670864,0.93362125,1,39,202.3,26.19811964,98.84353741,97.68707483,83.97959184,1.66,349.2,58.83,40,50.2,614.2,29.5,0.571,1.07,4,1.96,33.1,10.18,7.95,11.93,24.18,63.89,1783.4,2570,952,0.526,18.9,0.47,-0.882,12.18,2.42,21.118823,80.61674009,99.03100775,97.72286822,88.08139535,4.82989193,5.76185567,,,-0.096872121,-0.159618578,-0.019322471,0.648942303
11023340,0.252164382,21.54137071,139.7,11.5,2,52,119,1.029888406,0.080493603,1,1,37.099197,1.443643241,1,52,118.1,21.54137071,98.83900929,99.69040248,94.19504644,2.81,109.6,39.02,60.2,39.8,841.8,0,0.626,1.08,3,1.17,24.2,11.67,2.82,23.07,37.6,39.33,263,808,116,0.251,12.8,-0.28,-0.96,12.68,7.97,14.786058,70.30716724,99.02255639,99.69924812,94.36090226,26.23438145,28.43786496,,,-0.015959233,-0.015997482,-0.002117241,1.554540454
11274630,0.040495772,9.699172632,119.5,9.6,2,66,575,1.071459235,0.198558032,1,1,13.905464,1.291954055,1,66,85.2,8.197058605,98.8320356,95.93993326,97.60845384,1.77,187.4,43.32,61.7,49.1,799,2.1,0.604,1.08,4,1.42,30.9,10.3,1.62,26.46,42.13,31.41,559.2,1116,65,0.472,26.1,-0.722,0.692,9.37,8.63,18.975462,37.13080169,99.35611689,96.23576028,97.87023279,4.696483564,5.048932764,,,-0.041494034,-0.069598546,-0.019274809,0.736767118
11160500,1.642745172,21.39935588,271.5,134.9,2,64.96444444,865,0.972613303,0.110134619,1,1,19.295537,0.992160412,1,64.96444444,259.9,21.4,98.81061299,95.65416285,96.88929552,2.46,275.8,118.78,67,68.2,703.2,0.7,0.632,0.89,4,1.34,42.1,10.75,3,18.37,36.19,45.44,364.3,980,76,0.323,25.1,-0.998,-0.056,9.9,16.89,15.363053,87.73388773,98.50682594,95.26450512,97.05631399,2.493591322,7.196736766,,,0.041837854,-0.112640495,-0.094277614,0.600181272
11451715,0.356387568,13.99960677,270.2,52.6,2,92,107,1.097555115,0.225160798,1,1,5.595129,0.165455251,1,92,142.1,9.999946154,98.79310345,97.06896552,97.84482759,0.9,247.9,70.02,59.6,55.5,854.4,1,0.615,0.96,4,1.19,43.2,10.66,0.49,37.34,42.78,19.88,560.5,1162,264,0.34,18.2,-0.265,0.964,7.69,10.4,18.827651,67.01388889,99.375,96.60714286,98.32589286,0.869588895,1.310246067,23.98777733,10.34183138,,,,1.003780864
11143000,1.042509788,18.59373636,273.1,101.2,2,80,155,1.026814703,0.144787994,1,1,29.9711,1.327452654,1,80,239,18.49563846,98.78345499,94.54987835,98.29683698,2.74,120.6,116.26,67.4,72.8,639.5,3.4,0.654,0.98,4,1.47,40.3,10.29,4.14,14.13,31.45,54.42,779,1505,80,0.492,43.6,-0.447,-0.894,8.68,23.37,18.127121,81.69398907,99.06147349,93.89957766,98.3575786,15.90995837,20.11791045,86.30373134,57.91119403,0.010770338,0.00564021,0.002104102,
11073360,1.010244822,23.4,235.3,86.3,1,40,360,1.146101205,0.315291092,1,1,20.134001,,1,40,211.3,21.9,98.76880985,96.03283174,87.72229822,0.95,132.3,74.76,53,45.8,744.3,3.4,0.65,0.9,3,1.12,44.1,10.29,6.95,11.8,32.18,56.02,1050.4,3059,211,0.295,27.1,-0.86,-0.509,16.03,2.66,14.250404,84.73053892,97.57842598,94.22124381,89.90093561,16.06905269,12.00204082,,,-0.092496442,-0.15177602,-0.020368538,0.608914885
14096850,0.035755088,6.998938016,55.4,30.1,1,41.5,656,1.011743139,0.20828322,1,1,12.034205,0.895706213,1,41.5,49.7,6.998072941,98.75730994,99.08625731,73.83040936,1.76,374.6,63.23,63.5,98.2,572.8,37.1,0.399,0.75,4,1.18,80.4,11.21,2.4,21.23,40.29,38.48,942.7,1698,688,0.253,10.6,-0.847,0.531,9.59,3.77,16.908903,57.33944954,93.78825663,96.28202222,82.90637044,2.433861199,2.671409503,,,-0.003372342,-0.020635102,-0.007849397,
11161000,1.61376446,21.39935588,271.7,134.9,2,64.96444444,865,0.989554079,0.113186457,1,1,18.338121,1.199590247,1,64.96444444,260.1,21.4,98.75057844,95.60388709,96.71448404,2.09,298.3,118.15,67.1,68.5,703.5,0.6,0.632,0.9,4,1.4,42,10.85,3,18.27,35.92,45.81,350.3,980,8,0.355,24.6,-0.996,0.09,9.89,16.79,15.746177,88.30897704,98.49591749,95.18693597,96.90588741,2.25540185,6.709420047,,,0.042935389,-0.110037503,-0.093250322,0.602883283
11274630,0.058023793,8.796633478,115.8,69.3,2,68,528,1.0720114,0.210448703,1,1,13.905464,1.291954055,1,68,84.7,6.49937605,98.74860957,92.26918799,97.96996663,1.77,187.4,43.32,61.7,49.1,799,2.1,0.604,1.08,4,1.42,30.9,10.3,1.62,26.46,42.13,31.41,559.2,1116,65,0.472,26.1,-0.722,0.692,8.59,5.71,18.975462,87.34177215,99.25705795,94.94799406,98.19217434,4.696483564,5.048932764,,,-0.041494034,-0.069598546,-0.019274809,0.736767118
11173510,0.071910749,20.19912,129.7,38.6,2,52.8,846,1.094451494,0.174165421,1,1,77.737397,1.168928262,1,52.8,127.9,19.39948842,98.74709977,99.58236659,94.59396752,1.34,360.7,62.25,63.9,58.9,792.6,3.7,0.583,1.01,4,1.32,32.1,10.44,2.07,24.39,45.37,30.25,741.8,1309,136,0.517,25.7,-0.113,-0.994,8.33,8.8,16.911694,63.1840796,98.67216117,99.63369963,94.66575092,17.24073271,29.29254228,,,-0.023534009,-0.127473949,-0.082824696,0.654213136
11173575,0.057603495,20.19912,130,38.6,2,52.8,846,1.095689518,0.190456094,1,1,73.616074,0.93656286,1,52.8,128.1,19.39948842,98.7459359,99.58197863,94.58894566,1.33,385.4,62.15,64.2,58.9,791.9,3.5,0.584,1.05,4,1.31,31.9,10.49,2.02,24.69,45.37,29.94,718.4,1309,104,0.514,25.8,-0.023,-1,8.39,8.83,17.382289,60.77981651,98.62574439,99.63353184,94.66330738,15.79414913,27.71761806,,,-0.023044884,-0.126801241,-0.082745987,0.65548461
11466170,0.682637623,31.19441119,149.8,29.5,2,37.75,491,1.021783338,0.074921111,1,1,22.469984,1.304360211,1,37.75,143.4,31.19525035,98.7394958,99.85994398,87.41830065,1.63,56,106,64.2,74.7,734.4,0.9,0.619,0.66,2,1.24,27,11.09,1.2,26.85,43.61,29.55,220.7,744,50,0.248,12.2,0.779,-0.627,9.94,19.59,16.615901,51.09489051,98.58594786,99.77905435,88.09102961,0.386782233,1.523571429,,,0.264541567,0.141533693,-0.032432584,0.840366825
11143000,0.652742615,10.1,258.3,232.4,2,72,136,0.98354756,0.090778046,1,1,29.9711,1.327452654,1,72,237.5,9.497977632,98.73479319,84.13625304,97.44525547,2.74,120.6,116.26,67.4,72.8,639.5,3.4,0.654,0.98,4,1.47,40.3,10.29,4.14,14.13,31.45,54.42,779,1505,80,0.492,43.6,-0.447,-0.894,8.33,25.11,18.127121,97.54098361,98.82684186,84.56123885,97.5363679,15.90995837,20.11791045,86.30373134,57.91119403,0.010770338,0.00564021,0.002104102,
11149900,0.278384265,20,207.3,1.5,2,37,861,1.090867869,0.20748115,1,1,12.824107,0.507351319,1,37,130,13.19970739,98.73079492,96.59318637,79.0247161,1.56,556.4,63.26,62,54,737.5,1.5,0.659,1.13,4,1.35,33.5,10.91,2.31,24.37,37.78,37.85,533.4,1785,248,0.186,19.5,-0.995,-0.102,8.3,13.77,16.227347,17.92828685,97.89915966,95.40286703,83.95946614,0.822336042,1.076312006,28.84609993,15.65149173,-0.013391784,-0.028371436,0.001328225,0.879304078
11148900,1.00354529,18.89990376,216.1,37.3,2,48.97916667,63,1.101659498,0.31529904,1,1,19.551763,1.597078602,1,48.97916667,196.6,18.19844211,98.72008904,95.15859766,91.70840289,1.48,403.5,69.16,62.7,52.5,745.3,1.5,0.653,0.99,5,1.22,31.2,11.37,2.86,22.94,36.87,40.19,551.8,1138,256,0.337,21.3,-0.586,0.81,8.75,10.52,16.11163,57.08812261,98.29744617,94.44166249,92.4887331,4.013803818,9.585947955,20.74907063,12.52795539,0.001441638,0.006985285,-0.000448274,
11073300,0.333298454,19.89716111,306,0.4,2,72.85722222,142,1.078808368,0.251024485,1,1,14.041929,0.918572705,1,72.85722222,209.7,19.89716111,98.71794872,95.51282051,98.00569801,0.81,83.6,90.33,49.8,53.3,682.5,5.3,0.643,1.21,3,1.12,50,9.57,6.38,11.96,34.18,53.86,1477.5,3059,222,0.443,40.8,-0.829,-0.56,6.54,20.46,20.142177,33.640553,98.83398112,92.72626319,98.44530816,2.357298929,3.695813397,,,-0.061335337,-0.073084818,-0.009951513,
11073360,0.340315523,19.89716111,314.8,0.4,2,72.85722222,142,1.165553444,0.337895938,1,1,8.872533,,1,72.85722222,209.7,19.89716111,98.71336669,95.49678342,97.99857041,0.95,132.3,74.76,53,45.8,744.3,3.4,0.65,0.9,3,1.12,44.1,10.29,6.95,11.8,32.18,56.02,1050.4,3059,211,0.295,27.1,-0.86,-0.509,8.84,17.06,14.250404,23.35329341,99.00935608,92.7903137,98.45899835,2.105303694,2.33537415,,,-0.061345468,-0.073095211,-0.009948306,
11123500,0.17863138,46.99936667,553,106.4,2,71.88916667,423,1.018600182,0.092138939,1,1,11.243107,1.233641415,1,71.88916667,336.7,30.69166667,98.71244635,97.56795422,96.78111588,1.89,718.1,79.99,52.6,34.3,660.8,3.8,0.712,1.27,5,1.39,25.8,9.92,1.14,22.63,41.55,35.82,934.1,2081,242,0.378,31.2,-0.578,-0.816,8.67,20.64,18.753658,76.38190955,99.6124031,98.94795127,97.50830565,7.582963909,7.580629439,16.02817156,5.57082579,0.091631876,-0.223591681,-0.115236239,0.553130696
11274630,0.011695421,5.9984088,101.2,8.6,2,49,483,1.024576139,0.126813012,1,1,85.565494,1.161792096,1,49,101,5.9984088,98.70903674,88.23237339,94.96027805,1.77,187.4,43.32,61.7,49.1,799,2.1,0.604,1.08,4,1.42,30.9,10.3,1.62,26.46,42.13,31.41,559.2,1116,65,0.472,26.1,-0.722,0.692,8.59,5.71,18.975462,36.28691983,98.71223378,88.21198613,94.97275879,28.65968365,39.2167556,,,-0.055945418,-0.19305785,-0.071589767,0.595692952
11138500,0.139078358,16.89565714,383,53.9,2,84,484,1.064324598,0.291438343,1,1,5.562678,0.956816384,1,84,233.5,8.396044201,98.70689655,83.04597701,97.98850575,2,728.9,69.82,57.6,39.6,665.2,7.1,0.686,1.16,5,1.44,28.2,9.8,1.39,21.86,41.68,36.45,994.2,2081,193,0.424,34.2,0.199,-0.98,8.07,14.16,16.60856,62.94117647,98.86117137,90.23861171,98.48156182,2.132233872,2.931760187,,,-0.033507168,-0.096675648,-0.012337169,
9508300,0.195477402,8.998018252,103.5,1.1,2,54.5,150,1.016329295,0.080371918,1,1,83.630661,1.091927993,1,54.5,102.1,8.698058353,98.69626498,91.57857646,98.00916138,1.24,93,61.67,39.9,60.5,779.9,8.4,0.144,0.7,3,1.58,36,10.05,2.68,22.26,37.89,39.84,1496.5,2272,712,0.503,27.8,0.203,-0.979,7.84,4.83,16.736963,23.57414449,98.74213836,92.03354298,98.02585604,25.49898573,26.68935484,,,-0.07765983,-0.144763968,-0.009734719,0.3593483
11143000,0.300543362,11.19814751,241.9,79.3,2,74,239,1.034491571,0.160820521,1,1,99.985297,0.997222043,1,74,242.3,11.19814751,98.68667917,86.16322702,97.74859287,2.74,120.6,116.26,67.4,72.8,639.5,3.4,0.654,0.98,4,1.47,40.3,10.29,4.14,14.13,31.45,54.42,779,1505,80,0.492,43.6,-0.447,-0.894,8.68,23.37,18.127121,76.2295082,98.68606288,86.15673393,97.74753637,33.21126627,44.52462687,86.30373134,57.91119403,-0.174384752,-0.24477222,-0.020714274,0.306190458
11458000,0.570036636,39.19870182,242.8,65.1,2,47.66666667,491,1.01164873,0.079723493,1,1,7.469418,0.749639592,1,47.66666667,189.8,28.79230769,98.6777669,99.80411361,87.90401567,1.81,566.3,96.01,63.5,67.6,752.1,1.4,0.629,0.68,4,1.21,26.8,11,1.67,26.49,45.86,27.64,276.3,1261,13,0.212,18.6,-0.834,0.552,9.47,18.58,16.230256,64.87252125,98.82638608,99.91906111,90.04451639,0.513073094,1.896309377,,,0.278941751,0.094248912,-0.0000965,0.659041598
11022480,0.083441971,14.99718,198.8,131.1,2,104,440,1.093131131,0.247014056,1,1,79.360851,1.036983012,1,104,197.9,14.99718,98.65215137,94.6086055,99.22239502,1.63,953.6,51.86,51.9,43.3,807.8,2.2,0.585,0.84,5,1.19,31,10.52,3.4,17.08,31.75,51.17,640.4,1967,89,0.294,18.5,0.017,-1,10.15,9.92,15.3664,94.50549451,98.66803279,94.67213115,99.23155738,57.24252031,58.6542156,,,-0.06719382,-0.136575236,-0.023271114,0.762980732
11169800,0.372352669,15.29583333,137.2,1,2,31.75,122,0.980975359,0.109409281,1,1,19.710195,1.254471196,1,31.75,107.3,12.99891667,98.63731656,98.84696017,82.1802935,1.22,282.9,60.85,63.3,56.7,817.9,1.8,0.626,0.99,4,1.41,31.7,10.98,2.22,23.01,45.71,31.28,604,1101,244,0.421,25.6,-0.968,-0.251,8.01,11.87,15.108,22.67080745,98.83666822,98.60400186,84.17868776,8.512952968,12.39353128,,,-0.020831647,-0.039457795,-0.000658374,0.883383447
11014000,0.176006636,10.19543478,104.6,91.2,2,35.5,1055,0.988506988,0.050355912,1,1,5.043274,0.752773408,1,35.5,76.3,7.299565222,98.62280031,91.73680184,85.57765876,2.91,181.8,44.33,55.8,42.1,846.3,0,0.609,1.26,5,1.39,33.8,10.3,3.01,18.77,38.69,42.55,490.9,1128,158,0.343,19.4,-0.048,-0.999,14.64,2.96,16.12831,94.70588235,98.63095238,93.63095238,88.42261905,1.534653813,2.248514851,,,0.157289317,-0.032558501,-0.135096931,1.360760596
11451715,0.287851497,23.09539773,225.8,0,2,32.5,885,1.055944306,0.157732756,1,1,5.595129,0.165455251,1,32.5,135.4,15.099775,98.62068966,99.36781609,73.79310345,0.9,247.9,70.02,59.6,55.5,854.4,1,0.615,0.96,4,1.19,43.2,10.66,0.49,37.34,42.78,19.88,560.5,1162,264,0.34,18.2,-0.265,0.964,8.75,13.34,18.827651,6.423611111,99.01785714,99.46428571,79.59821429,0.869588895,1.310246067,23.98777733,10.34183138,-0.012961866,-0.028181083,-0.023621235,0.712904405
9183500,0.009375421,5.399561759,75.8,0,1,29.94472222,501,1.146568544,0.271331115,1,1,9.554376,1.58693339,1,29.94472222,73.7,4.899734519,98.61830743,83.82268279,86.91709845,0.97,74.3,66.99,52.1,75.1,523.8,35.2,0.117,0.82,2,1.82,55.8,9.43,4.38,18.47,33.98,47.55,2553,3783,1677,0.424,25.3,-0.048,-0.999,7.27,6.93,20.493111,7.620320856,98.2296277,84.01457954,88.16714397,2.287409489,3.148183042,10.63889637,3.052489906,-0.037361461,-0.144543798,-0.048937443,0.683639915
11023340,0.788013693,7.998955122,125.9,34.7,2,80,484,1.010259383,0.068786974,1,1,37.099197,1.443643241,1,80,111.7,7.998955122,98.60681115,91.33126935,98.99380805,2.81,109.6,39.02,60.2,39.8,841.8,0,0.626,1.08,3,1.17,24.2,11.67,2.82,23.07,37.6,39.33,263,808,116,0.251,12.8,-0.28,-0.96,12.68,7.97,14.786058,88.73720137,98.72180451,90.82706767,99.02255639,26.23438145,28.43786496,,,-0.043319158,-0.108905474,-0.02265705,0.915032406
10260950,0.263600322,24.39921143,242.7,45.2,2,70.75,920,1.016883058,0.148143357,1,1,10.926878,0.653202168,1,70.75,156.9,17.99078022,98.60573199,96.20449264,97.59876065,2.1,175.1,66.31,43.9,49,724,6.7,0.611,0.97,4,1.24,39.2,10.29,5.47,13.39,28.27,58.34,1271.7,1862,921,0.362,20.2,0.925,0.379,7.19,15.35,18.304836,82.55813953,98.31121834,94.87334138,98.13027744,7.69524916,7.127527127,10.63038264,5.662649914,0.078235695,-0.10005319,-0.114749105,0.605979138
11022480,0.06651602,15.1972449,193.5,93.5,2,60.5,822,1.108855429,0.250419674,1,1,18.106704,1.206871256,1,60.5,146.8,13.49777436,98.59327217,96.08562691,94.49541284,1.63,953.6,51.86,51.9,43.3,807.8,2.2,0.585,0.84,5,1.19,31,10.52,3.4,17.08,31.75,51.17,640.4,1967,89,0.294,18.5,0.017,-1,10.15,9.92,15.3664,91.75824176,98.56557377,94.82581967,95.38934426,5.172206094,4.374381292,,,0.017516316,0.024627778,-0.009151997,1.066980112
11466320,0.673128016,32.29613427,184.5,44.7,2,47.85722222,491,1.027343008,0.110123015,1,1,11.48391,1.070572978,1,47.85722222,117.7,26.19371731,98.54417671,99.89959839,90.562249,1.27,199.4,102.63,64.2,72,732.8,1,0.622,0.67,4,1.3,28.7,12.14,1.14,27.37,43.92,28.71,204.1,780,19,0.243,12.2,-0.118,-0.993,9.84,19.44,16.638396,62.92428198,98.70455495,99.79105725,92.10196406,1.207236838,1.65330993,,,0.107350829,-0.005919632,-0.100306364,0.654534435
11014000,0.194697607,13.59591667,96.9,125.3,2,57,760,1.017365734,0.078495098,1,1,7.06468,1.142409136,1,57,77.1,13.09633167,98.52832965,98.16041207,96.46799117,2.91,181.8,44.33,55.8,42.1,846.3,0,0.609,1.26,5,1.39,33.8,10.3,3.01,18.77,38.69,42.55,490.9,1128,158,0.343,19.4,-0.048,-0.999,11.77,8.75,16.12831,97.05882353,98.27380952,97.20238095,97.08333333,6.01277364,6.221287129,,,-0.031159249,-0.061151788,-0.024314305,
11043000,0.182019035,12.69655172,165,0,2,50,429,0.942381141,0.268152829,1,1,7.514724,1.797661564,1,50,87.3,7.397060966,98.52289513,92.31905465,93.38995569,1.41,572.5,37.11,54,29.9,879.2,0.1,0.614,1.02,5,1.08,23.8,12.19,2.65,18.48,35.38,46.14,520.6,1381,303,0.207,8.3,-0.454,-0.891,11.37,3.76,16.167722,13.39285714,98.94561598,94.11764706,95.03329634,3.722381881,4.124593886,,,-0.033410288,-0.08991149,-0.016134402,1.053456228
11466200,0.594496772,32.29390769,178.5,40.1,2,47.8,491,1.027264049,0.101598658,1,1,7.676397,0.941665039,1,47.8,112.1,24.69611071,98.49170437,99.94972348,91.27702363,1.32,144.8,107.68,64.2,75.1,733.1,1.3,0.62,0.7,4,1.27,28.1,11.03,1.27,27,44.02,28.98,258.7,780,43,0.293,15.8,0.094,-0.996,9.74,20.11,17.015969,56.31768953,98.86744966,99.79026846,92.72231544,0.862305695,1.310220994,,,0.11286134,0.003010738,-0.118101618,0.654883262
11138500,0.262228748,59.29457857,385.7,592.5,2,97.83333333,470,1.073298574,0.319413374,1,1,5.562678,0.956816384,1,97.83333333,226.6,34.99291688,98.49137931,99.6408046,98.77873563,2,728.9,69.82,57.6,39.6,665.2,7.1,0.686,1.16,5,1.44,28.2,9.8,1.39,21.86,41.68,36.45,994.2,2081,193,0.424,34.2,0.199,-0.98,8.07,14.16,16.60856,100,98.96963124,99.94577007,99.07809111,2.132233872,2.931760187,,,-0.033507168,-0.096675648,-0.012337169,
9430600,0.015904985,15.49675908,113,117.6,1,44,775,0.975699349,0.083535,1,1,31.471915,0.982202585,1,44,89.5,10.29399841,98.47411444,95.88555858,91.63487738,1.85,190.5,67.41,44.7,72,593.8,14,0.222,0.58,3,1.32,53.1,9.96,2.05,31.86,33.61,34.53,2371.3,3268,1694,0.444,40.6,-0.973,-0.231,19.49,9.71,15.895541,94.58823529,98.87359199,98.02252816,92.31539424,5.696973135,9.305669291,91.38944882,35.34944882,-0.06664314,-0.115874287,-0.01842746,
13161500,0.014099542,9.498414553,82.2,34.1,1,29,699,1.030797611,0.270685043,0.999346405,1,31.768989,0.560078772,1,29,63.6,6.799004362,98.47156101,95.79052869,77.26133801,1.32,986.1,44.45,54.8,77.6,465.9,54.4,0.192,0.86,5,1.74,66.8,11.01,2.56,25.21,39.54,35.25,2045,3004,1542,0.359,20.2,-0.041,0.999,12.48,3.05,19.045598,66.10644258,98.44204404,97.23722476,81.00332364,16.85526168,20.90015211,,,-0.01590447,-0.045636148,-0.003244067,0.904966847
9484000,0.428711738,22.99225143,114.3,126.5,1,22.75,451,1.124037442,0.388728275,1,1,69.267296,1.388299086,1,22.75,111.2,22.98961727,98.47066167,98.25218477,74.07927591,2.39,103.7,75.97,43.3,71.1,767.1,3.1,0.167,0.8,3,1.52,9.5,9.14,1.65,18.36,43.38,38.26,1878.8,2788,872,0.534,35.6,-0.977,-0.213,21.03,13.39,17.656755,94.74226804,98.57187209,98.23036324,74.1850357,12.27435075,20.33982642,59.10578592,25.9246866,-0.029754246,-0.128262786,-0.044356359,0.620399768
11047300,0.299563213,21.78717859,226.8,70.4,2,49.75,162,1.118413702,0.256593432,1,1,11.921157,1.8590446,1,49.75,167.8,19.09985443,98.46743295,96.16858238,94.78927203,1.1,139.9,46.85,61.6,36.6,812.1,0,0.652,1.08,3,1.27,23.9,11.46,2.26,24.89,42.68,32.43,423.2,1729,25,0.234,19.1,-0.597,-0.802,12.34,9.9,13.66011,91.66666667,99.18533605,97.08078751,95.38357094,4.902997679,7.699857041,11.53209435,10.94796283,0.041259974,-0.235467907,-0.063706538,0.495678495
10173450,0.011495469,23.18025441,87.7,103.2,1,35.66666667,50,1.130803377,0.40961309,1,1,6.679829,1.245462034,1,35.66666667,69.8,23.07416618,98.45637584,99.89261745,89.23489933,1.98,268.5,65.03,54.7,80.9,402.2,53.1,0.149,0.42,3,1.28,76.9,10.8,2.1,22.73,38.73,38.54,2753.9,3446,2223,0.435,10.7,-0.338,0.941,13.46,5.66,13.380851,93.11594203,98.67246509,99.77111467,90.75303273,1.866059457,3.819553073,6.772960894,2.88603352,-0.005617561,-0.008663143,-0.000435514,1.025728165
11451715,0.580272066,11.19974054,205.1,0.2,2,74,212,1.049200697,0.139724234,1,1,24.133838,1.666551161,1,74,183.9,9.999786486,98.44357977,93.28793774,96.692607,0.9,247.9,70.02,59.6,55.5,854.4,1,0.615,0.96,4,1.19,43.2,10.66,0.49,37.34,42.78,19.88,560.5,1162,264,0.34,18.2,-0.265,0.964,8.75,13.34,18.827651,15.10416667,98.61607143,94.46428571,96.96428571,2.888346264,4.86014522,23.98777733,10.34183138,0.14819574,-0.007832966,-0.033504715,0.809356648
14316495,0.390700427,6.999333525,142.6,38.8,1,82,653,1.054976173,0.190786812,1,1,80.803082,0.9437644,1,82,141.8,6.999333525,98.43677088,92.95380308,96.72188521,3.22,79,151.17,69.9,146.8,566.3,31.2,0.389,0.75,3,1.19,69.4,9.42,2.92,17.72,48.53,33.75,1207.1,1856,526,0.522,37.4,-0.867,-0.499,13.12,5.58,16.174613,59.57446809,98.47715736,92.8241809,96.75819105,27.87378505,28.66556962,15.23164557,6.731772152,-0.096220797,-0.132680539,-0.016411018,0.50848164
8378500,0.047215911,40.67733333,77.1,272.4,1,9.75,117,1.062709363,0.57645894,1,1,24.394413,1.433035617,1,9.75,76.8,40.67733333,98.43611946,99.91164517,45.09630677,2.61,445,86.08,49.1,89.7,374.7,32.7,0.115,0.56,4,1.18,68.2,9.97,2.19,24.5,39.65,35.85,3073,3973,2288,0.466,26.5,-0.839,-0.545,12.72,12.04,14.557434,97.70114943,97.03656999,99.82660782,49.21185372,8.108731976,14.05597753,25.41377528,13.96395506,-0.035957506,-0.042651227,-0.010011272,0.93442821
9497980,0.088216099,13.89495627,177.1,0.2,1,40.66666667,267,0.959130257,0.221820285,1,1,7.772327,1.760716106,1,40.66666667,89.2,9.698823566,98.42797562,94.83477703,91.53031761,1.21,516.8,68.36,41,69.3,673.1,9.8,0.135,0.7,3,1.67,36.3,10.57,3.03,22.54,34.63,42.83,1688.6,2350,985,0.518,19.9,-0.996,0.089,6.65,8.46,17.814094,16.30236794,99.32221064,95.49009385,93.09176225,2.221099145,1.845975232,7.793188854,1.943034056,,,,0.49186069
11014000,0.010280034,12.09629333,119.6,16.2,2,61.96305556,368,1.056402428,0.169187629,1,1,7.06468,1.142409136,1,61.96305556,76.7,11.38893877,98.41795438,97.35099338,97.79249448,2.91,181.8,44.33,55.8,42.1,846.3,0,0.609,1.26,5,1.39,33.8,10.3,3.01,18.77,38.69,42.55,490.9,1128,158,0.343,19.4,-0.048,-0.999,11.13,8.78,16.12831,61.76470588,99.10714286,95.95238095,98.0952381,6.01277364,6.221287129,,,-0.048289863,-0.11733836,-0.017205663,
8405105,0.032272846,20.5,185.6,14.1,1,36,815,0.956305714,0.198552887,1,1,25.346613,0.9934997,1,36,99.3,9.452777778,98.35472195,84.76472524,93.51760448,2,843.2,45.1,50.1,51,797.4,2.1,0.465,1.03,6,2,15.9,11.31,1.46,24.88,44.89,30.23,1512.1,2198,1053,0.403,10.5,0.526,0.85,24.38,5.94,22.253605,33.09692671,99.27980795,93.1715124,94.7452654,18.45302136,15.1032851,,,,,,0.619136331
11152000,0.38006418,18.89852065,240.4,93.1,2,79,155,1.139129829,0.422923089,1,1,7.156277,1.825105706,1,79,221.9,18.89748812,98.34490123,95.03470368,97.38387613,2.07,625.1,80.89,63.9,60.5,663.8,2.9,0.654,1.03,5,2.35,38.3,10.02,3.14,20.17,34.81,45.02,759.1,1785,113,0.387,34.7,-0.132,0.991,8.78,16.68,17.294107,78.50746269,98.10623557,93.94919169,97.73672055,3.419893111,4.751959686,14.97461206,10.20955047,0.01157158,0.010173132,0.002783593,
11152000,0.534536034,30.39596188,287.3,177,2,51,935,1.072958421,0.24231126,1,1,10.954941,1.60170771,1,51,223.7,22.4978625,98.3436853,96.48033126,91.01966874,2.07,625.1,80.89,63.9,60.5,663.8,2.9,0.654,1.03,5,2.35,38.3,10.02,3.14,20.17,34.81,45.02,759.1,1785,113,0.387,34.7,-0.132,0.991,8.78,16.68,17.294107,94.02985075,98.75288684,98.19861432,91.98614319,2.102052119,3.129195329,14.97461206,10.20955047,0.239470253,0.058363783,-0.063931071,0.893566341
11152050,0.22572708,18.89852065,240.6,93.1,2,79,155,1.165045573,0.495113846,1,1,5.778692,1.628838967,1,79,221.9,18.89748812,98.33601718,95.00805153,97.31615674,1.67,771.5,74.52,63.7,58.2,676.7,2.4,0.652,1.04,6,2.02,38.4,10.1,2.9,21.11,35.63,43.26,674.8,1785,52,0.359,31.4,0.227,0.974,9.08,15.41,17.029979,77.42718447,98.07427785,93.99358093,97.70747364,2.814091554,3.832378483,12.12311082,8.239170447,0.01157158,0.010173132,0.002783593,
11152050,0.433102365,30.39596188,287.6,181.8,2,51,935,1.109155525,0.320734679,1,1,8.868908,1.491041107,1,51,223.4,22.4978625,98.33506764,96.46201873,90.7648283,1.67,771.5,74.52,63.7,58.2,676.7,2.4,0.652,1.04,6,2.02,38.4,10.1,2.9,21.11,35.63,43.26,674.8,1785,52,0.359,31.4,0.227,0.974,9.08,15.41,17.029979,92.23300971,98.76203576,98.21182944,91.86153141,1.729693567,2.523499676,12.12311082,8.239170447,0.239470253,0.058363783,-0.063931071,0.893566341
11148900,0.237903394,15.5,203.1,56.6,2,59,485,1.068807515,0.236355076,1,1,10.274829,1.729434032,1,59,182.7,15.49936739,98.32308552,93.79541643,95.05310229,1.48,403.5,69.16,62.7,52.5,745.3,1.5,0.653,0.99,5,1.22,31.2,11.37,2.86,22.94,36.87,40.19,551.8,1138,256,0.337,21.3,-0.586,0.81,8.56,15,16.11163,65.51724138,98.04707061,91.53730596,95.51827742,2.112819809,3.949739777,20.74907063,12.52795539,-0.089672211,-0.151613332,-0.019478339,
11274500,0.068797334,12.49460621,109.1,1.3,2,32.5,122,1.017730868,0.106301962,1,1,27.069601,1.263529895,1,32.5,98,11.29692513,98.32109129,97.06190976,84.52256034,1.48,347.8,45.32,61.6,45.7,861,1.4,0.624,1.05,4,1.63,30.1,10.73,1.77,24.88,42.82,32.31,475.6,1155,62,0.378,24.4,-0.349,0.937,8.1,9.04,18.273952,13.04347826,98.49548646,97.94383149,85.1554664,7.729944851,9.815899942,,,-0.019154762,-0.045495344,0.000196474,0.856351492
11014000,0.007865783,16.69618359,102.4,13.5,2,40.83333333,922,0.989882219,0.061579924,1,1,5.043274,0.752773408,1,40.83333333,71.8,15.795683,98.31675593,99.31140015,89.44146901,2.91,181.8,44.33,55.8,42.1,846.3,0,0.609,1.26,5,1.39,33.8,10.3,3.01,18.77,38.69,42.55,490.9,1128,158,0.343,19.4,-0.048,-0.999,14.22,4.05,16.12831,58.23529412,98.51190476,98.75,91.48809524,1.534653813,2.248514851,,,0.157289317,-0.032558501,-0.135096931,1.360760596
11383500,0.058752942,20.69984706,278.4,10.3,1,71,853,1.022623899,0.179231064,1,1,15.279904,1.201487848,1,71,258.4,19.49918526,98.31009717,98.60583016,89.69159273,1.18,539.8,148.35,51.6,86.3,606.3,32.5,0.527,0.62,4,1.49,64.2,10.29,2.55,21.19,39.81,39,1278.9,2387,161,0.504,23,-0.103,-0.995,11.91,8.86,15.939202,40.625,98.21688501,98.54439592,91.12081514,2.669585637,6.439551686,11.6002223,5.542645424,-0.093088912,-0.147086845,-0.016403308,0.537688566
11143000,0.784230336,19.89668116,219,40.1,2,48.91666667,52,1.00536012,0.10423595,1,1,13.697515,0.363115177,1,48.91666667,170,14.599622,98.30238727,94.37665782,92.65251989,2.74,120.6,116.26,67.4,72.8,639.5,3.4,0.654,0.98,4,1.47,40.3,10.29,4.14,14.13,31.45,54.42,779,1505,80,0.492,43.6,-0.447,-0.894,8.75,17.47,18.127121,60.10928962,98.26372595,94.6973252,93.52416706,0.979707657,4.544776119,86.30373134,57.91119403,0.014848658,0.011437441,0.000869751,
11451715,0.506024656,17.99643714,200.8,10.9,2,74.75,171,1.067015694,0.143818359,1,1,24.133838,1.666551161,1,74.75,175.3,17.998624,98.29766537,98.6381323,96.9114786,0.9,247.9,70.02,59.6,55.5,854.4,1,0.615,0.96,4,1.19,43.2,10.66,0.49,37.34,42.78,19.88,560.5,1162,264,0.34,18.2,-0.265,0.964,7.28,15.2,18.827651,33.15972222,98.57142857,98.48214286,97.16517857,2.888346264,4.86014522,23.98777733,10.34183138,0.14819574,-0.007832966,-0.033504715,0.809356648
11138500,0.020939451,27.6,304.4,0,2,58.5,201,1.027220993,0.265729874,1,1,43.010103,1.393757,1,58.5,289.2,26.89892308,98.2944855,96.47527004,93.80329733,2,728.9,69.82,57.6,39.6,665.2,7.1,0.686,1.16,5,1.44,28.2,9.8,1.39,21.86,41.68,36.45,994.2,2081,193,0.424,34.2,0.199,-0.98,8.07,14.16,16.60856,8.529411765,98.37310195,96.69197397,94.08893709,32.67864011,35.43658938,,,-0.079948795,-0.1583225,-0.003626793,0.635399474
7103970,0.125177358,13.49937363,101.2,86.9,1,31.66666667,707,0.957488233,0.210848468,1,1,5.2619,1.070175745,1,31.66666667,47.1,9.49819339,98.28282828,94.64646465,89.20454545,2.41,466,56.93,51.8,81.4,505.6,18.5,0.31,0.66,3,1.89,50.7,11.24,7.39,13.91,32.09,54,2352.6,2941,1907,0.431,10.8,-0.999,0.044,9.85,7.43,12.548144,77.92056075,99.35685729,94.48983139,92.4300365,0.854179079,1.403690987,,,-0.022841551,-0.078864281,-0.013511153,0.737907065
9512280,0.00570238,35.38898473,117.8,49.1,1,25.5,762,1.01389215,0.104299002,1,1,77.294582,1.157801676,1,25.5,99.5,35.35805745,98.28030954,99.74204643,85.0171969,2.43,188.7,50.78,38.1,53.2,973.2,0.5,0.208,0.98,4,1.51,22.7,10.42,5.25,18.83,28.78,52.39,1150.1,1637,693,0.484,21.1,-0.665,-0.747,27.52,3.99,17.665115,88.0794702,98.9024905,99.70451667,85.28915154,26.94965959,28.43465819,,,-0.005889694,-0.027469315,-0.008661002,0.780488717
8380500,0.150089151,33.79147727,69.9,166.5,1,5.923333333,119,1.325335629,0.793384757,0.930313589,1,99.368957,1.001978058,0.929824561,5.923333333,69.2,33.79147727,98.2690935,99.73233405,28.93468951,2.1,198.1,68.57,50.8,80.7,464.5,19.2,0.221,0.66,4,1.18,58,10.64,1.87,31.03,41.4,27.57,2652.5,3551,2136,0.381,25,-0.636,0.772,15.49,10.72,17.995738,94.81865285,98.23623731,99.73276323,28.99518974,30.00276242,42.76158506,96.58440182,48.47415447,0.009804609,0.004280286,0.019648497,1.00779206
11453500,2.316304287,18.69943982,219.1,105.6,2,65,482,0.989090492,0.046064373,1,1,68.402353,0.917637249,1,65,218.7,18.795,98.25218477,97.46150645,95.6096546,1.47,293.4,112.6,63,63.1,752.4,2,0.624,0.62,3,1.5,36.4,10.72,0.99,28.71,44.41,26.88,554.7,1432,273,0.243,19.3,-0.169,0.986,7.16,23.78,17.47691,79.5620438,98.07228916,97.06827309,95.76305221,38.71637619,46.98312883,,,-0.106642653,-0.150364536,-0.029878285,0.389033416
11451715,0.31298139,17.09868343,193.5,188.1,2,108,1003,1.037602783,0.180092475,1,1,11.655139,0.944331954,1,108,152.2,14.1926453,98.25119237,97.88023317,98.86062533,0.9,247.9,70.02,59.6,55.5,854.4,1,0.615,0.96,4,1.19,43.2,10.66,0.49,37.34,42.78,19.88,560.5,1162,264,0.34,18.2,-0.265,0.964,10.43,10.33,18.827651,96.52777778,98.48214286,98.16964286,99.04017857,2.304121352,5.157482856,23.98777733,10.34183138,-0.020201164,-0.037042487,-0.012948582,0.829864732
11466800,0.203627546,36.49232222,225.4,64.7,2,47.85722222,491,0.995107774,0.091131257,1,1,12.714225,1.001456134,1,47.85722222,140,26.6,98.25072886,99.75704568,88.72691934,2.06,652.2,100.52,64.6,68.1,730.4,0.8,0.63,0.68,4,1.71,30,13.03,1.22,29.33,42.59,28.08,155.1,780,16,0.185,9.2,-0.054,-0.999,9.93,19.46,16.611166,73.125,98.88659794,99.87628866,90.35051546,3.097905528,3.795124195,,,0.138750571,-0.02055757,-0.092766442,0.594232737
11173575,0.03401839,9.79998,117.5,29,1,35.875,434,0.93419956,0.168524799,1,1,73.616074,0.93656286,1,35.875,117.1,9.79998,98.2350209,94.42638179,84.23130516,1.33,385.4,62.15,64.2,58.9,791.9,3.5,0.584,1.05,4,1.31,31.9,10.49,2.02,24.69,45.37,29.94,718.4,1309,104,0.514,25.8,-0.023,-1,16.68,3.67,17.382289,52.29357798,98.12185066,94.04489235,84.44800733,15.79414913,27.71761806,,,-0.032382521,-0.140382283,-0.082930973,0.668678281
11176400,0.015387758,9.999567633,120,27,1,35.88916667,434,0.895470511,0.216700093,1,1,74.095967,1.41581736,1,35.88916667,118,9.999567633,98.20415879,94.65973535,84.02646503,1.46,338.6,57.45,62.2,56.1,798.4,4,0.599,1.02,5,1.51,31.3,10.82,2.16,22.41,45.93,31.66,753.8,1238,230,0.52,23.4,-0.069,-0.998,16.76,3.05,17.721231,50.32051282,98.18351188,94.64368887,84.25710293,21.07161609,32.61317188,,,-0.067347092,-0.20950784,-0.078053436,0.604649115
11042900,0.075561395,8.299606952,108,0,2,37.9525,164,0.972744399,0.098767209,1,1,6.890085,1.723145088,1,37.9525,72.3,6.49937619,98.2,91.53333333,89.6,1.45,227.1,38.42,52.1,30.4,862.2,0.2,0.588,1,3,1.35,24,11.73,2.76,18.12,34.83,47.04,611.1,1381,325,0.274,8.4,-0.245,-0.97,11.07,3.91,16.576693,13.24200913,98.76615746,92.94947121,90.71680376,1.886222907,1.07675033,,,,,,
9353800,0.002057535,10.79917857,108.3,28.1,1,33.88916667,817,1.02717869,0.139062782,1,1,14.01843,0.732598338,1,33.88916667,76.4,9.499206015,98.17961165,97.42718447,74.02912621,1.26,880.8,84.75,52.5,111.4,398.1,46.2,0.068,0.52,4,1.22,64.3,9.73,2.39,20.87,37.37,41.76,3029.5,4273,2030,0.446,33.4,-0.998,-0.061,8.93,7.18,9.979675,44.96124031,97.79464286,96.41071429,80.60714286,3.604967791,8.226089918,,,-0.086886425,-0.16967405,-0.019807659,
10234500,0.046236432,11.09901513,74.9,20.5,1,15.97305556,1081,1.064036099,0.280050369,1,1,5.250666,1.203551382,1,15.97305556,58.7,11.09762696,98.17687075,98.01360544,54.31292517,2.34,236.4,75.93,50.3,90.9,430.1,56.6,0.152,0.87,4,1.39,70,9.81,2.33,19.31,43.36,37.33,2819.1,3695,1916,0.512,24.2,0.053,-0.999,15.24,4.51,18.085888,52.36907731,97.92219275,95.97701149,59.41644562,0.599881048,1.215989848,8.83286802,1.319162437,0.220365727,-0.052977803,-0.048208249,0.80010705
11124500,1.508258815,25.49398667,265.4,413.5,2,53.85722222,206,1.066206194,0.191872056,1,1,71.062545,1.035623791,1,53.85722222,264.1,25.584,98.15774324,95.79735176,95.19286126,2.37,191.5,83.1,54.6,38.1,636.9,4.5,0.711,1.17,4,1.85,23.3,9.72,1.35,23.93,41.12,34.95,1023.6,1999,256,0.444,33.5,-0.78,-0.626,7.6,19.21,17.185694,98.43137255,98.19004525,95.81447964,95.19230769,68.62677395,63.6551436,,,-0.118361646,-0.255882945,-0.008246482,0.648680925
11143000,0.295847372,20.3995,225.1,93.6,2,76,130,1.018880306,0.070892981,1,1,29.9711,1.327452654,1,76,197.3,17.19967033,98.15085158,93.91727494,97.78588808,2.74,120.6,116.26,67.4,72.8,639.5,3.4,0.654,0.98,4,1.47,40.3,10.29,4.14,14.13,31.45,54.42,779,1505,80,0.492,43.6,-0.447,-0.894,8.33,25.11,18.127121,80.32786885,98.49835758,94.93195683,97.86485218,15.90995837,20.11791045,86.30373134,57.91119403,0.010770338,0.00564021,0.002104102,
11042400,0.002565229,20.09869091,188.2,16.8,2,22.5,881,1.002363664,0.193695653,1,1,5.418644,1.623115625,1,22.5,104.2,14.99800714,98.14932993,97.57498405,60.9444799,2.17,342.2,45.9,47.5,35.2,738.3,4.5,0.519,0.92,4,1.33,34.5,10.18,6.63,11.08,22.22,66.7,1119.3,1870,508,0.457,17,0.473,-0.881,11.49,3.72,17.322787,68.05555556,99.10994764,98.16753927,64.65968586,2.08734395,4.6735827,,,-0.023759569,-0.085498497,-0.017434759,
11173510,0.048359193,9.79998,116.6,28.5,1,35.875,434,0.918283935,0.174042508,1,1,77.737397,1.168928262,1,35.875,116.3,9.79998,98.14385151,94.43155452,84.43155452,1.34,360.7,62.25,63.9,58.9,792.6,3.7,0.583,1.01,4,1.32,32.1,10.44,2.07,24.39,45.37,30.25,741.8,1309,136,0.517,25.7,-0.113,-0.994,16.63,3.69,16.911694,53.23383085,98.07692308,94.09340659,84.63827839,17.24073271,29.29254228,,,-0.03302541,-0.141543883,-0.082939116,0.666629687
9497980,0.03906713,25.09667,137.6,65.5,1,17,441,1.229112178,0.50626006,1,1,7.772327,1.760716106,1,17,85,17.19295195,98.13923645,98.9412897,62.09496311,1.21,516.8,68.36,41,69.3,673.1,9.8,0.135,0.7,3,1.67,36.3,10.57,3.03,22.54,34.63,42.83,1688.6,2350,985,0.518,19.9,-0.996,0.089,21.95,9.19,17.814094,70.49180328,98.77476538,99.16579771,66.2278415,2.221099145,1.845975232,7.793188854,1.943034056,,,,0.49186069
11274538,0.034385572,12.49460621,109.8,1.3,2,32.5,122,1.046524496,0.165871047,1,1,20.054364,1.350921136,1,32.5,98,11.29692513,98.13631523,97.01810437,83.41320554,1.27,469.4,42.12,61.9,44.8,864.4,1.3,0.619,0.06,4,1.31,29.8,10.95,1.77,24.47,43.22,32.31,405.1,1155,19,0.34,20.9,-0.28,0.96,8.08,8.42,18.511698,24.75961538,98.35082459,97.95102449,84.33283358,5.650655605,7.274584576,,,-0.019154762,-0.045495344,0.000196474,0.856351492
9508300,0.797742668,9.897176387,87.4,0,2,25.5,216,1.039556197,0.126197395,1,1,83.630661,1.091927993,1,25.5,86.3,9.897176387,98.13248767,94.08033827,87.08597604,1.24,93,61.67,39.9,60.5,779.9,8.4,0.144,0.7,3,1.58,36,10.05,2.68,22.26,37.89,39.84,1496.5,2272,712,0.503,27.8,0.203,-0.979,3.78,7.12,16.736963,8.365019011,98.09573725,93.92033543,87.19426974,25.49898573,26.68935484,,,-0.07765983,-0.144763968,-0.009734719,0.3593483
11028500,0.048194724,10.29882667,122.8,4.3,2,74.66666667,421,1.015363917,0.096309951,1,1,59.833561,1.393602004,1,74.66666667,121.9,10.29882667,98.12850905,93.51216469,98.75233936,1.75,146.3,47.31,53.2,40,817.6,0.1,0.607,0.82,3,1.39,26.8,11.3,2.46,16.66,32,51.34,561.3,994,400,0.27,8.7,-0.125,-0.992,11.06,4.92,15.589059,41.35514019,98.08641975,93.51851852,98.7654321,13.30200551,18.34757348,,,-0.001277412,-0.010668693,-0.007411574,0.873161756
9484000,0.42598109,75.85287862,102.9,55.3,1,13.5,430,1.173917685,0.693873893,1,1,69.267296,1.388299086,1,13.5,102.8,75.85287862,98.12734082,100,57.70911361,2.39,103.7,75.97,43.3,71.1,767.1,3.1,0.167,0.8,3,1.52,9.5,9.14,1.65,18.36,43.38,38.26,1878.8,2788,872,0.534,35.6,-0.977,-0.213,21.03,13.39,17.656755,73.19587629,98.09065508,100,57.9012729,12.27435075,20.33982642,59.10578592,25.9246866,-0.029754246,-0.128262786,-0.044356359,0.620399768
11138500,0.083913199,27.58932857,276.5,462.1,2,56.8,206,1.089242545,0.31843895,1,1,43.010103,1.393757,1,56.8,266.2,27.58780879,98.12393405,96.64582149,93.29164298,2,728.9,69.82,57.6,39.6,665.2,7.1,0.686,1.16,5,1.44,28.2,9.8,1.39,21.86,41.68,36.45,994.2,2081,193,0.424,34.2,0.199,-0.98,8.07,14.16,16.60856,98.82352941,98.15618221,96.63774403,93.60086768,32.67864011,35.43658938,,,-0.079948795,-0.1583225,-0.003626793,0.635399474
11025500,0.268749867,19.39852502,158.1,1.6,2,61.5,232,1.074008786,0.184882292,1,1,7.499671,0.63456728,1,61.5,115.3,16.898464,98.10252996,97.80292943,97.10386152,1.59,288.7,61.83,49,43.1,760.7,1.6,0.57,0.88,4,1.39,32.2,10.45,3.04,16.47,31.29,52.24,891.8,1731,269,0.428,20.2,-0.631,-0.776,9.46,12.2,16.426629,28.76712329,98.40288511,97.42400824,97.75888717,5.200985221,3.255836508,,,-0.074054021,-0.169407355,0.0000527,
14182500,0.697059793,6.898879933,202.6,105.8,1,117.9233333,627,1.03966815,0.102358518,1,1,94.322738,0.972852816,1,117.9233333,202.4,6.898879933,98.09608147,86.05268984,97.89683418,1.73,286.8,224.25,70.2,175.5,549.7,22.8,0.386,0.68,3,1.26,56.8,10.1,2.57,20.62,47.93,31.45,818.3,1661,209,0.42,35.9,-0.784,-0.621,9.26,14.36,13.492479,82.24043716,98.03791887,85.95679012,97.90564374,74.72694879,73.6289749,93.98661088,73.25648536,-0.244625316,-0.502415227,-0.227598821,0.304124638
11022480,0.05374732,21.39924167,169.8,0,2,52.90916667,430,1.117674394,0.299146942,1,1,79.360851,1.036983012,1,52.90916667,169.7,21.39924167,98.08190772,97.97822706,93.3125972,1.63,953.6,51.86,51.9,43.3,807.8,2.2,0.585,0.84,5,1.19,31,10.52,3.4,17.08,31.75,51.17,640.4,1967,89,0.294,18.5,0.017,-1,10.6,5.73,15.3664,13.73626374,98.1045082,97.95081967,93.34016393,57.24252031,58.6542156,,,-0.06719382,-0.136575236,-0.023271114,0.762980732
11152000,0.175762696,11.59949706,236.7,84.6,2,75,239,1.109043331,0.324963278,1,1,38.563747,1.45200031,1,75,227.7,10.99947636,98.07407407,85.77777778,96.9382716,2.07,625.1,80.89,63.9,60.5,663.8,2.9,0.654,1.03,5,2.35,38.3,10.02,3.14,20.17,34.81,45.02,759.1,1785,113,0.387,34.7,-0.132,0.991,8.78,16.68,17.294107,74.92537313,97.92147806,86.88221709,97.13625866,14.91749383,22.51871701,14.97461206,10.20955047,-0.172413345,-0.259903939,-0.017081463,0.414664174
11023340,0.32037278,5.99726163,93.7,0,1,125,358,1.062003945,0.188003148,1,1,37.099197,1.443643241,1,125,93.6,5.99726163,98.06501548,86.45510836,99.84520124,2.81,109.6,39.02,60.2,39.8,841.8,0,0.626,1.08,3,1.17,24.2,11.67,2.82,23.07,37.6,39.33,263,808,116,0.251,12.8,-0.28,-0.96,18.71,1.45,14.786058,18.77133106,97.89473684,85.41353383,99.84962406,26.23438145,28.43786496,,,-0.043319158,-0.108905474,-0.02265705,0.915032406
11152050,0.100934873,11.59949706,236.7,86.2,2,75,239,1.132789954,0.390029869,1,1,31.232187,1.394009406,1,75,227.7,10.99947636,98.06451613,85.70719603,96.87344913,1.67,771.5,74.52,63.7,58.2,676.7,2.4,0.652,1.04,6,2.02,38.4,10.1,2.9,21.11,35.63,43.26,674.8,1785,52,0.359,31.4,0.227,0.974,9.08,15.41,17.029979,75.72815534,97.89087575,86.84089867,97.11141678,12.27500159,18.24777706,12.12311082,8.239170447,-0.172413345,-0.259903939,-0.017081463,0.414664174
9497800,0.01557444,8.996952857,91.4,8.5,1,61,990,1.04624441,0.192140903,1,1,33.497407,1.389714454,1,61,86.3,8.996952857,98.05745554,92.80437756,97.71545828,1.91,750.9,58.79,40.7,71.3,676.3,12.1,0.147,0.83,4,1.76,37.1,10.42,0.91,29.33,42.37,28.3,1747.1,2298,991,0.582,19.4,-0.996,0.088,5.95,6.66,18.999934,32.17522659,97.69481333,90.00250564,97.90779253,23.5959096,23.57343188,,,-0.060114565,-0.112177631,-0.024849316,
9497980,0.001687612,10.1945555,128.8,29.3,1,38.90916667,865,0.88512345,0.325763078,1,1,9.741345,0.397009519,1,38.90916667,105.2,10.19395423,98.03854095,94.28768066,89.81417756,1.21,516.8,68.36,41,69.3,673.1,9.8,0.135,0.7,3,1.67,36.3,10.57,3.03,22.54,34.63,42.83,1688.6,2350,985,0.518,19.9,-0.996,0.089,13.27,5.46,17.814094,50.54644809,98.56621481,90.95411887,92.20542231,1.281628952,1.802612229,7.793188854,1.943034056,0.211745047,0.009936155,-0.042705119,0.6887004
11152000,0.234652259,37.690725,229.8,0,2,44.5,897,1.104869195,0.307920031,1,1,10.954941,1.60170771,1,44.5,204.1,33.39401818,98.03312629,99.37888199,86.46480331,2.07,625.1,80.89,63.9,60.5,663.8,2.9,0.654,1.03,5,2.35,38.3,10.02,3.14,20.17,34.81,45.02,759.1,1785,113,0.387,34.7,-0.132,0.991,8.25,16.63,17.294107,6.417910448,97.73672055,99.49191686,87.87528868,2.102052119,3.129195329,14.97461206,10.20955047,0.239470253,0.058363783,-0.063931071,0.893566341
9404450,0.072919479,12.7981842,76,36.7,1,67.92861111,419,1.018828696,0.061840158,1,1,14.12125,1.495243097,1,67.92861111,53.2,10.09853787,98.02364865,98.27702703,98.78378378,2.21,193,46.03,54.3,64.1,511.3,37.5,0.146,0.49,3,1.1,77.9,10.5,1.53,27.11,45.25,27.64,2214.5,2588,1800,0.528,23.3,-0.996,0.092,17.5,4.15,16.150084,81.93979933,98.89115845,98.89115845,98.94951853,4.678595116,7.601968912,13.95839378,7.030725389,,,,0.42238348
10258500,0.207539425,17.89906494,134.9,27.2,2,32.75,247,0.999992351,0.604418718,1,1,34.911598,1.024974947,1,32.75,112.4,16.89859545,98.02292264,96.61891117,86.67621777,2,241.5,37.78,41.9,27.9,813.4,5.1,0.464,0.98,4,2.22,43.9,9.87,5.3,11.18,26.56,62.26,1195.3,2452,208,0.44,22.7,0.863,0.506,9.65,6.02,22.326342,71.22641509,98.01425662,96.28309572,88.11099796,14.07063824,14.53863354,,,-0.067585553,-0.149738128,-0.003304783,
11152050,0.149750648,37.690725,230.8,0,2,44.5,897,1.134514438,0.382756501,1,1,8.868908,1.491041107,1,44.5,203.4,33.39352345,98.02289282,99.37565036,85.97814776,1.67,771.5,74.52,63.7,58.2,676.7,2.4,0.652,1.04,6,2.02,38.4,10.1,2.9,21.11,35.63,43.26,674.8,1785,52,0.359,31.4,0.227,0.974,8.44,15.13,17.029979,7.281553398,97.77624943,99.4956442,87.59743237,1.729693567,2.523499676,12.12311082,8.239170447,0.239470253,0.058363783,-0.063931071,0.893566341
11152000,0.159907814,25.59956211,268.2,106.6,2,41.90916667,836,1.109351707,0.36764656,1,1,14.964649,1.788935464,1,41.90916667,219.1,21.09968485,98.00942902,95.075956,84.49449974,2.07,625.1,80.89,63.9,60.5,663.8,2.9,0.654,1.03,5,2.35,38.3,10.02,3.14,20.17,34.81,45.02,759.1,1785,113,0.387,34.7,-0.132,0.991,8.57,12.76,17.294107,81.19402985,98.56812933,96.95150115,86.18937644,11.17292732,12.15683891,14.97461206,10.20955047,-0.010895146,-0.130627653,-0.118101051,0.66357975
11101250,0.581133219,6.599845392,176,13.7,2,77.66666667,453,1.136599257,0.259935572,1,1,9.043463,1.218738623,1,77.66666667,170.1,6.099847097,98,73.92857143,98.64285714,3.16,237.3,62.69,59.1,33.7,843.8,0.3,0.655,0.85,3,1.36,34,10.8,2.61,18.95,41.98,39.07,471.3,1852,65,0.228,19.6,-0.987,-0.161,11.31,13.13,13.411358,52.90519878,97.32753263,74.20758235,98.81914232,0,3.349683944,19.49397387,12.38921197,-0.042418249,-0.066936498,-0.019972415,
11159200,0.518476984,12.69935714,199,40.7,2,79,1031,1.05469156,0.162005248,1,1,12.563615,1.632601188,1,79,185.4,12.49944138,97.99019608,89.06862745,98.99509804,1.76,71,84.62,68.1,68.6,691.1,0.1,0.629,0.85,3,1.21,34.5,10.12,2.59,21.18,36.59,42.23,305.2,863,27,0.333,21,-0.996,-0.089,11.51,14.9,16.438445,59.64125561,98.21428571,89.42669173,99.03665414,0.115679955,6.346901408,,,-0.027017337,-0.065208871,-0.013067387,0.783301461
10234500,0.02120168,24.1994935,71.7,26,1,13.83333333,360,1.082625015,0.320500751,1,1,5.250666,1.203551382,1,13.83333333,57.5,21.19651842,97.97278912,99.89115646,49.04761905,2.34,236.4,75.93,50.3,90.9,430.1,56.6,0.152,0.87,4,1.39,70,9.81,2.33,19.31,43.36,37.33,2819.1,3695,1916,0.512,24.2,0.053,-0.999,14.22,6.48,18.085888,59.85037406,97.60167993,99.71264368,54.80769231,0.599881048,1.215989848,8.83286802,1.319162437,-0.003973069,-0.01073788,0.000597517,0.997725065
9510200,0.086555057,16.19521476,153.1,0,2,32,300,1.071053361,0.249057707,1,1,13.021051,1.954168424,1,32,105.5,16.1929971,97.97008547,97.90598291,85.06410256,1.74,425.3,61.33,36.1,50,956.2,2.1,0.215,1.04,5,1.39,30.1,10.19,4.14,15.96,29.86,54.17,1161.3,2161,545,0.383,21.4,-0.57,-0.822,11.26,8.96,17.785195,8.302583026,98.59611231,96.11231102,87.41900648,2.9162357,3.650787679,51.02477531,24.56769952,,,,0.342386832
11274630,0.006346352,7.097574005,96.2,0,2,40.9,952,1.107402883,0.271534898,1,1,13.905464,1.291954055,1,40.9,77.8,6.099385672,97.96996663,90.98998888,90.76751947,1.77,187.4,43.32,61.7,49.1,799,2.1,0.604,1.08,4,1.42,30.9,10.3,1.62,26.46,42.13,31.41,559.2,1116,65,0.472,26.1,-0.722,0.692,9.37,8.63,18.975462,5.696202532,98.41505696,91.2332838,91.77810797,4.696483564,5.048932764,,,-0.015101335,-0.017095875,-0.011952802,0.942822946
11451715,0.177051516,20.69882888,238.5,107.8,2,40.66666667,819,1.114781634,0.255164133,1,1,5.595129,0.165455251,1,40.66666667,108.8,13.79978182,97.95977011,98.96551724,81.98275862,0.9,247.9,70.02,59.6,55.5,854.4,1,0.615,0.96,4,1.19,43.2,10.66,0.49,37.34,42.78,19.88,560.5,1162,264,0.34,18.2,-0.265,0.964,7.69,10.4,18.827651,87.5,99.19642857,99.19642857,85.98214286,0.869588895,1.310246067,23.98777733,10.34183138,-0.012961866,-0.028181083,-0.023621235,0.712904405
11028500,0.055549742,9.397403846,115.9,36.8,2,55.66666667,97,1.101302041,0.198129249,1,1,59.833561,1.393602004,1,55.66666667,114.1,9.397403846,97.94135995,92.01497193,95.38365565,1.75,146.3,47.31,53.2,40,817.6,0.1,0.607,0.82,3,1.39,26.8,11.3,2.46,16.66,32,51.34,561.3,994,400,0.27,8.7,-0.125,-0.992,10.7,9.2,15.589059,79.90654206,97.96296296,91.97530864,95.43209877,13.30200551,18.34757348,,,-0.007998975,-0.01189086,0.000644096,0.929987858
11152000,0.154924851,9.5,207.5,215.6,2,73,136,1.113774784,0.340161298,1,1,7.156277,1.825105706,1,73,194.2,9.299681538,97.91777896,83.98291511,96.28937533,2.07,625.1,80.89,63.9,60.5,663.8,2.9,0.654,1.03,5,2.35,38.3,10.02,3.14,20.17,34.81,45.02,759.1,1785,113,0.387,34.7,-0.132,0.991,8.25,16.63,17.294107,97.31343284,97.13625866,82.67898383,96.78983834,3.419893111,4.751959686,14.97461206,10.20955047,0.01157158,0.010173132,0.002783593,
11149900,0.03190986,18.88706842,223.2,63.4,2,68,485,1.104030532,0.245193621,1,1,8.664033,1.715767974,1,68,201.5,17.69306667,97.91332263,93.90048154,96.36169074,1.56,556.4,63.26,62,54,737.5,1.5,0.659,1.13,4,1.35,33.5,10.91,2.31,24.37,37.78,37.85,533.4,1785,248,0.186,19.5,-0.995,-0.102,8.3,13.77,16.227347,65.73705179,98.22046466,94.66139397,96.58922392,1.544994989,3.774209202,28.84609993,15.65149173,-0.095944476,-0.147464849,-0.019542126,
10260950,0.174655428,26.49813571,198.6,23,2,47.75,909,0.998262383,0.128281803,1,1,10.926878,0.653202168,1,47.75,131.6,23.498975,97.90859799,98.14097599,91.01471727,2.1,175.1,66.31,43.9,49,724,6.7,0.611,0.97,4,1.24,39.2,10.29,5.47,13.39,28.27,58.34,1271.7,1862,921,0.362,20.2,0.925,0.379,7.19,15.35,18.304836,69.76744186,97.28588661,95.41616405,93.00361882,7.69524916,7.127527127,10.63038264,5.662649914,0.078235695,-0.10005319,-0.114749105,0.605979138
11152050,0.122957027,9.5,208.6,217.1,2,73,136,1.141196924,0.412034605,1,1,5.778692,1.628838967,1,73,194.2,9.299681538,97.90660225,83.89694042,96.26945786,1.67,771.5,74.52,63.7,58.2,676.7,2.4,0.652,1.04,6,2.02,38.4,10.1,2.9,21.11,35.63,43.26,674.8,1785,52,0.359,31.4,0.227,0.974,8.44,15.13,17.029979,96.60194175,97.20311784,82.53094911,96.81338835,2.814091554,3.832378483,12.12311082,8.239170447,0.01157158,0.010173132,0.002783593,
11123500,0.575721446,23.4997,288.1,481.1,2,55,206,1.042723527,0.171046864,1,1,47.106742,1.207876628,1,55,278.6,23.49686095,97.90454016,94.17927823,92.60768335,1.89,718.1,79.99,52.6,34.3,660.8,3.8,0.712,1.27,5,1.39,25.8,9.92,1.14,22.63,41.55,35.82,934.1,2081,242,0.378,31.2,-0.578,-0.816,8.31,17.22,18.753658,97.48743719,97.61904762,94.13067553,92.96788483,43.16949878,44.25628743,16.02817156,5.57082579,-0.080627628,-0.178775475,-0.002100091,0.737099819
11063510,0.005878925,18.39930239,197.4,37.4,1,38,846,0.869501434,0.377994273,1,1,15.999744,0.650293498,1,38,165.5,14.69955,97.8785662,91.80687637,85.95464521,2.04,144.5,66.42,46,40.7,690.4,4.5,0.635,0.96,4,1.54,50.7,9.96,6.14,10.54,26.94,62.52,1273.4,2542,794,0.272,22.4,-0.728,0.686,14.92,2.33,18.45637,71.34831461,97.96511628,93.89534884,88.72093023,3.489027728,3.731418685,74.67695502,36.88442907,-0.035891857,-0.049581941,-0.016637586,
11526500,0.058598982,13.09998756,209.6,60.6,1,63.9,411,1.165409761,0.392104928,1,1,55.076898,1.272480838,1,63.9,171.7,11.59970455,97.87234043,96.27659574,91.35638298,2.54,391.9,130.47,63.6,98.9,614.4,31.7,0.536,0.73,4,1.32,59.9,9.89,2.37,15.48,39.11,45.41,1335.3,2691,436,0.402,45.9,-0.912,-0.41,11.58,8.02,14.164304,82.53968254,97.74244833,95.86645469,91.73290938,11.45047532,20.11324317,13.59645318,3.990865017,-0.090299604,-0.132910637,-0.01497722,0.575001288
11149900,0.127232296,7.599450591,189.7,1.8,2,102.6666667,880,1.082325363,0.20754642,1,1,12.824107,0.507351319,1,102.6666667,118,6.197282105,97.86239145,81.49632599,99.19839679,1.56,556.4,63.26,62,54,737.5,1.5,0.659,1.13,4,1.35,33.5,10.91,2.31,24.37,37.78,37.85,533.4,1785,248,0.186,19.5,-0.995,-0.102,8.3,13.77,16.227347,19.12350598,97.38012852,77.40978744,99.35739001,0.822336042,1.076312006,28.84609993,15.65149173,-0.013391784,-0.028371436,0.001328225,0.879304078
11463900,0.048394215,23.99870167,175.4,36.7,2,37.97305556,38,1.004883775,0.05330727,1,1,78.702752,0.833942644,1,37.97305556,162.6,23.99755608,97.85621481,99.30705933,86.09787787,2.86,114.1,115.9,65.1,67.8,746.4,0.7,0.617,0.72,3,1.38,36.4,11.12,1.75,27.22,44.13,28.65,413,1316,58,0.282,23.9,-0.601,-0.799,11.17,16.56,15.761656,65.90909091,97.61705686,99.08026756,86.58026756,11.07121403,21.33260298,,,0.194109035,0.095483627,0.004804013,1.084489945
9497980,0.098626695,9.7964,130.3,5.4,1,48.875,1025,1.014621671,0.139047419,1,1,9.741345,0.397009519,1,48.875,96.5,8.097584532,97.83207158,90.19270475,94.85547144,1.21,516.8,68.36,41,69.3,673.1,9.8,0.135,0.7,3,1.67,36.3,10.57,3.03,22.54,34.63,42.83,1688.6,2350,985,0.518,19.9,-0.996,0.089,6.65,8.46,17.814094,28.05100182,98.59228363,90.27632951,96.07664234,1.281628952,1.802612229,7.793188854,1.943034056,0.211745047,0.009936155,-0.042705119,0.6887004
11143000,0.277063412,21.59596235,183.2,0.8,2,31.8,29,0.979197945,0.091396988,1,1,13.697515,0.363115177,1,31.8,154.7,19.99509091,97.82493369,97.93103448,79.54907162,2.74,120.6,116.26,67.4,72.8,639.5,3.4,0.654,0.98,4,1.47,40.3,10.29,4.14,14.13,31.45,54.42,779,1505,80,0.492,43.6,-0.447,-0.894,11.4,13.95,18.127121,19.67213115,97.18442046,95.63585171,81.8160488,0.979707657,4.544776119,86.30373134,57.91119403,0.014848658,0.011437441,0.000869751,
11149900,0.245812797,16.59801143,201.8,90,2,78,151,1.158243075,0.377747333,1,1,8.664033,1.715767974,1,78,200.2,16.59801143,97.80631354,92.72338149,97.94007491,1.56,556.4,63.26,62,54,737.5,1.5,0.659,1.13,4,1.35,33.5,10.91,2.31,24.37,37.78,37.85,533.4,1785,248,0.186,19.5,-0.995,-0.102,9.33,13.34,16.227347,77.29083665,97.72614928,92.83242709,98.09688581,1.544994989,3.774209202,28.84609993,15.65149173,0.015682926,0.015878051,0.003511839,
11063510,0.954345418,16.19825236,200.1,0,2,47,916,0.95667431,0.189106629,1,1,15.999744,0.650293498,1,47,161.9,12.49981379,97.80541331,90.1975128,91.69714704,2.04,144.5,66.42,46,40.7,690.4,4.5,0.635,0.96,4,1.54,50.7,9.96,6.14,10.54,26.94,62.52,1273.4,2542,794,0.272,22.4,-0.728,0.686,6.77,8.28,18.45637,15.16853933,98.13953488,92.55813953,93.31395349,3.489027728,3.731418685,74.67695502,36.88442907,-0.035891857,-0.049581941,-0.016637586,
11046100,0.047612352,4.899872629,77.4,0.4,2,53,201,1.050956283,0.179530044,1,1,29.358783,0.610628697,1,53,68.8,4.398263054,97.78656126,79.68379447,97.70750988,2.11,67.8,40.34,64.9,35,816,0,0.655,0.95,3,1.15,23,11.12,2.52,22.77,32.67,44.56,187.1,676,13,0.264,14.1,-0.987,-0.159,13.32,4.97,16.06083,23.36065574,97.56446991,79.65616046,97.9226361,18.68617244,18.06504425,30.20707965,9.995575221,-0.046766599,-0.132200582,-0.00342,0.493910212
8377900,0.038299008,7.09858242,69.1,114.1,1,28.96666667,80,1.000676775,0.040805256,1,1,65.272425,1.140346217,1,28.96305556,66.9,6.798724881,97.77567846,86.49948471,91.97870148,2.05,139,89.76,48.6,96.1,380.6,31.6,0.11,0.5,3,1.21,65.4,9.68,2.96,22.74,43.83,33.43,3141.5,3642,2423,0.593,24.8,0.023,-1,11.19,6.08,13.047006,82.48031496,97.88732394,86.61971831,92.16968478,25.24947925,36.74589928,66.46402878,35.36093525,-0.03378568,-0.041146736,-0.00861868,0.946858376
11057500,0.041485432,37.77590323,125.7,0,2,35.5,128,1.060475807,0.191176021,1,1,5.10267,0.753186471,1,35.5,67.6,22.87132,97.76632302,99.82817869,82.21649485,1.6,329,50.34,46.1,42.4,822.1,3.2,0.566,1.05,4,1.49,23.2,10.74,3.94,14.73,32.5,52.77,880.7,2686,317,0.238,13.8,-0.199,-0.98,9.16,10.07,19.193511,14.09090909,97.70713913,99.68733715,88.2751433,2.02402941,2.564042553,11.73519757,9.619696049,0.174898641,0.107719733,-0.133137495,1.434377001
11063510,0.299825152,23.99751143,176.8,76.7,2,43.66666667,911,0.969458913,0.18713394,1,1,75.044644,1.007263416,1,43.66666667,172.1,23.99751143,97.75140537,96.62710806,91.00562149,2.04,144.5,66.42,46,40.7,690.4,4.5,0.635,0.96,4,1.54,50.7,9.96,6.14,10.54,26.94,62.52,1273.4,2542,794,0.272,22.4,-0.728,0.686,7.51,15.53,18.45637,85.39325843,97.38372093,95.87209302,91.68604651,20.60685912,23.61986159,74.67695502,36.88442907,0.082420918,-0.038169893,-0.099867697,0.741913803
11372000,0.138247909,14.49964267,298.2,21.8,1,131.6666667,602,0.967694806,0.178300815,1,1,9.214676,0.866847706,1,131.6666667,186.8,9.499205492,97.74368231,93.90794224,98.01444043,1.46,589.9,149.15,61.6,92.2,773.2,13.3,0.544,0.71,4,1.55,62,10.11,2.48,20.64,39.59,39.77,857.8,1883,245,0.39,33.5,-0.806,0.592,9.94,9.97,14.264321,42.78481013,98.37947333,95.40850777,98.51451722,2.919026622,4.249025259,,,-0.094042702,-0.135672963,-0.02141936,0.525126425
14180300,0.467695224,4.799712365,155.2,73.4,1,110.75,626,1.007772405,0.038399411,1,1,8.351728,1.069416516,1,110.75,134.2,4.599565303,97.73391813,84.89278752,98.00194932,2.72,66.6,217.85,69,177.2,547.1,33.6,0.423,0.62,3,1.28,64.1,9.46,2.82,16.13,50.93,32.94,1027.9,1745,559,0.395,26.5,0.8,-0.6,8.96,12.8,13.559303,71.23893805,97.46295465,79.90570274,98.15895824,0.338613903,3.914864865,7.992792793,1.667267267,-0.005926427,-0.192881297,-0.113116426,0.687926088
11143000,0.434379078,24.99865,204.4,126.4,2,50,935,1.095039411,0.312808071,1,1,86.219962,1.022908078,1,50,199.1,24.99865,97.731569,96.83364839,94.18714556,2.74,120.6,116.26,67.4,72.8,639.5,3.4,0.654,0.98,4,1.47,40.3,10.29,4.14,14.13,31.45,54.42,779,1505,80,0.492,43.6,-0.447,-0.894,8.68,23.37,18.127121,85.51912568,97.79446269,96.80900985,94.22806194,14.47744466,22.15223881,86.30373134,57.91119403,0.261123308,0.099905718,-0.020401351,0.780523961
11372000,0.08880508,13.1,258.6,1.1,1,89,659,0.960657117,0.170299713,1,1,6.341896,0.624858698,1,89,233.2,11.99955871,97.69865393,93.57359965,94.39861051,1.46,589.9,149.15,61.6,92.2,773.2,13.3,0.544,0.71,4,1.55,62,10.11,2.48,20.64,39.59,39.77,857.8,1883,245,0.39,33.5,-0.806,0.592,9.94,9.97,14.264321,16.96202532,97.46792708,93.85550304,95.64483457,1.867578044,3.624563485,,,-0.121718287,-0.174870667,-0.022687286,0.503725216
10308200,0.070357258,9.699790698,168.4,45.5,1,41.75,483,1.041532213,0.108836447,1,1,10.319266,0.492347313,1,41.75,126.3,9.298915876,97.69408148,94.8501153,80.30361261,1.86,716.4,98.02,59.8,85.2,431.7,67.2,0.457,0.84,5,1.42,68.4,9.81,7.37,12.65,29.7,57.65,2410.5,3467,1645,0.42,29.6,0.895,0.445,6.01,5.87,17.280325,70.15873016,97.00109051,91.43947655,85.34623773,3.293936015,4.147236181,15.78961474,8.075935232,-0.057478481,-0.096990859,-0.01741291,0.619771212
8377900,0.615228749,41.16506579,68.1,219.8,1,10.66666667,116,1.061451372,0.486416304,1,1,65.272425,1.140346217,1,10.66666667,65.8,38.37876169,97.67262109,99.82823772,57.28272071,2.05,139,89.76,48.6,96.1,380.6,31.6,0.11,0.5,3,1.21,65.4,9.68,2.96,22.74,43.83,33.43,3141.5,3642,2423,0.593,24.8,0.023,-1,13.35,11.76,13.047006,98.81889764,97.80348759,99.91616365,58.19919517,25.24947925,36.74589928,66.46402878,35.36093525,-0.03378568,-0.041146736,-0.00861868,0.946858376
11065000,0.253896356,24.49924,211.1,94.5,2,43.8,911,0.986238614,0.212242365,1,1,33.742927,1.953161117,1,43.8,183.2,24.39498571,97.66839378,96.37305699,87.75906736,1.55,364.7,81.4,47.7,43.6,701.5,4.2,0.649,1.11,5,1.12,49.6,10,6.62,10.83,28.51,60.66,1250.1,3059,313,0.343,27.3,-0.675,0.738,7.67,19.01,19.024359,84.36363636,96.61733615,94.29175476,89.90486258,9.084707504,11.94332328,33.44313134,17.52322457,0.084418299,-0.035580624,-0.099919284,0.745010548
11015000,0.028845657,16.9,125.7,1.1,1,30,892,1.013859636,0.117145202,1,1,81.490142,1.480326105,1,30,125.7,16.9,97.66526758,96.48478489,84.94228751,1.44,117.8,76.11,45.5,48.7,677.6,11.1,0.564,0.71,3,1.32,40,10.19,5.47,12.93,24.7,62.37,1330.9,1942,1002,0.351,17.6,-0.501,-0.865,10.57,4.98,15.126983,29.44915254,97.65013055,96.44908616,85.01305483,64.84675838,71.42852292,,,-0.047403302,-0.083739091,-0.016223618,1.021402429
11148900,0.348082842,16.89936883,202.2,105.2,2,25.96,836,1.082297681,0.253290353,1,1,20.792454,1.663208229,1,25.96,169.3,13.09863714,97.63995609,90.55982437,71.62458836,1.48,403.5,69.16,62.7,52.5,745.3,1.5,0.653,0.99,5,1.22,31.2,11.37,2.86,22.94,36.87,40.19,551.8,1138,256,0.337,21.3,-0.586,0.81,8.75,10.52,16.11163,80.45977011,97.94692038,92.889334,73.5102654,10.4699498,15.43271375,20.74907063,12.52795539,-0.002503385,-0.124694363,-0.104185078,0.652189475
10309000,0.055997169,9.699790698,168.5,47.6,1,41.75,483,,0.179640336,1,1,8.083485,0.930221123,1,41.75,126.3,9.298915876,97.61811792,94.76766888,78.77782116,1.41,925.4,89.65,58.8,81.3,450,63.3,0.454,0.83,5,1.51,68.6,9.84,6.3,15.83,30.77,53.4,2325.5,3457,1546,0.415,27.7,0.995,0.101,6.49,5.45,17.09045,73.72881356,96.85722027,91.19479816,84.48929829,2.578302267,3.229263021,23.82247677,11.97263886,-0.057131073,-0.096480389,-0.01730306,0.62317111
11151870,0.377225826,25.59956211,267.6,105.8,2,41.90916667,836,1.065401091,0.235595897,1,1,32.792709,1.608096876,1,41.90916667,201.8,19.4,97.60448522,94.39347604,87.1049949,2.01,284.5,100.15,65.8,64.7,623,4,0.657,0.97,4,1.85,37.3,10.09,3.84,16.04,33.25,50.71,899.6,1785,292,0.427,39,0.12,0.993,8.24,15.57,16.869365,96.15384615,98.72941176,96.98823529,87.95294118,25.1431099,26.57483304,32.87514938,22.3427768,-0.010805522,-0.13047511,-0.118019925,0.663781512
11113000,0.008930689,29.19020567,343.2,0,2,63.8,159,1.075341476,0.222649677,1,1,12.968352,1.380960091,1,63.8,261.2,22.49504167,97.59780371,95.05833905,93.34248456,1.41,650,68.34,45.4,34.7,663.4,7.7,0.69,1.22,4,1.67,44.6,9.91,2,22.07,41.65,36.28,1251.5,2274,184,0.512,32.7,-1,0.016,10.02,5.32,16.054577,13.63636364,97.90286976,96.35761589,94.64679912,9.342552197,9.277615385,14.98787692,8.055507692,-0.140479958,-0.290401385,-0.017833839,
11152000,0.082445388,18.09945742,211.2,86.3,2,84,130,1.110111642,0.324713367,1,1,7.156277,1.825105706,1,84,187.8,16.398883,97.59743727,93.00587293,97.86438868,2.07,625.1,80.89,63.9,60.5,663.8,2.9,0.654,1.03,5,2.35,38.3,10.02,3.14,20.17,34.81,45.02,759.1,1785,113,0.387,34.7,-0.132,0.991,8.25,16.63,17.294107,76.11940299,97.27482679,93.34872979,98.15242494,3.419893111,4.751959686,14.97461206,10.20955047,0.01157158,0.010173132,0.002783593,
11023340,0.950783734,8.995792727,87.2,0,2,51.93333333,430,1.027460311,0.094693826,1,1,37.099197,1.443643241,1,51.93333333,84.3,8.999112,97.5619195,93.26625387,94.11764706,2.81,109.6,39.02,60.2,39.8,841.8,0,0.626,1.08,3,1.17,24.2,11.67,2.82,23.07,37.6,39.33,263,808,116,0.251,12.8,-0.28,-0.96,12.35,4.51,14.786058,18.77133106,97.40601504,92.55639098,94.28571429,26.23438145,28.43786496,,,-0.043319158,-0.108905474,-0.02265705,0.915032406
11022480,0.023547859,13.7999619,158.4,56.2,2,40,97,1.182454817,0.410722318,1,1,18.106704,1.206871256,1,40,117.7,10.69945455,97.55351682,92.90519878,84.18960245,1.63,953.6,51.86,51.9,43.3,807.8,2.2,0.585,0.84,5,1.19,31,10.52,3.4,17.08,31.75,51.17,640.4,1967,89,0.294,18.5,0.017,-1,10.15,9.92,15.3664,84.34065934,97.64344262,93.08401639,86.75717213,5.172206094,4.374381292,,,-0.002651266,0.004306109,-0.002820247,0.966853157
11138500,0.012004249,24.89506286,167.5,51.9,2,37,559,1.023689262,0.197793738,1,1,14.684484,0.673222561,1,37,130.1,24.89355238,97.54834254,99.24033149,79.86878453,2,728.9,69.82,57.6,39.6,665.2,7.1,0.686,1.16,5,1.44,28.2,9.8,1.39,21.86,41.68,36.45,994.2,2081,193,0.424,34.2,0.199,-0.98,8.21,17.01,16.60856,61.76470588,94.98373102,95.98698482,84.02928416,2.711386657,3.72223899,,,-0.017412532,-0.069081844,-0.02870181,0.694239571
11042400,0.148121296,27.89706,174.2,0,2,63.8,234,0.966033661,0.264236398,1,1,5.418644,1.623115625,1,63.8,86.3,11.49991895,97.51116784,95.53286535,97.76643267,2.17,342.2,45.9,47.5,35.2,738.3,4.5,0.519,0.92,4,1.33,34.5,10.18,6.63,11.08,22.22,66.7,1119.3,1870,508,0.457,17,0.473,-0.881,8.41,8.93,17.322787,12.5,98.69109948,99.31937173,98.16753927,2.08734395,4.6735827,,,-0.082501895,-0.21372596,-0.002731465,
11152050,0.077811611,25.59956211,268.7,106.6,2,41.90916667,836,1.127164902,0.406386717,1,1,12.095121,1.606303196,1,41.90916667,201.8,19.4,97.50132908,94.20520999,83.73205742,1.67,771.5,74.52,63.7,58.2,676.7,2.4,0.652,1.04,6,2.02,38.4,10.1,2.9,21.11,35.63,43.26,674.8,1785,52,0.359,31.4,0.227,0.974,8.75,11.74,17.029979,79.61165049,98.57863365,96.88216414,85.83218707,9.186214151,9.799792612,12.12311082,8.239170447,-0.010895146,-0.130627653,-0.118101051,0.66357975
12178100,0.73534353,16.49525382,211.5,51.7,1,62.5,799,1.006486266,0.058904866,1,1,5.210638,0.317886659,1,62.5,156.8,13.29180593,97.49012317,98.86125959,88.35696026,2.89,69.7,280.14,69.5,183.8,547.9,59.6,0.415,0.56,3,1.26,63.9,9.23,2.35,9.84,47.21,42.95,1300.6,2460,372,0.457,58.3,0.676,-0.737,5.37,25.6,13.27064,67.73255814,97.94534835,98.83187317,89.5494368,0.330902641,4.119081779,,,0.124252482,-0.203480564,-0.046794129,0.434996438
11113500,0.095942759,21.3994,180.6,98.1,2,102.9,828,1.054040533,0.15419345,1,1,85.14101,0.938475197,1,102.9,174.5,17.98586508,97.4829932,95.17006803,99.72789116,2.67,103.3,67.78,49.9,39.1,708.5,2.6,0.693,1.18,4,1.59,40.1,9.58,1.4,23.56,44.22,32.23,996,2039,186,0.437,34.4,-0.944,-0.329,9.53,12.82,15.259699,87.41258741,97.67596282,96.48074369,99.73439575,30.60330822,37.52207164,84.35972894,53.69332043,0.244986512,0.024449276,-0.077576051,0.956848087
11047300,0.307659516,14.09843873,148.9,0.8,2,65,478,1.078758854,0.17473213,1,1,11.921157,1.8590446,1,65,127.6,14.09910712,97.47126437,93.33333333,97.66283525,1.1,139.9,46.85,61.6,36.6,812.1,0,0.652,1.08,3,1.27,23.9,11.46,2.26,24.89,42.68,32.43,423.2,1729,25,0.234,19.1,-0.597,-0.802,15.5,3.68,13.66011,36.9047619,98.03122878,93.2790224,97.92939579,4.902997679,7.699857041,11.53209435,10.94796283,0.064649032,-0.160446952,-0.110397484,0.541141138
11124500,0.249897784,13.59827879,262.1,3.3,2,73.5,877,1.053523318,0.162357182,1,1,10.349061,0.625957006,1,73.5,168.4,9.998520036,97.45529574,84.73177442,98.00550206,2.37,191.5,83.1,54.6,38.1,636.9,4.5,0.711,1.17,4,1.85,23.3,9.72,1.35,23.93,41.12,34.95,1023.6,1999,256,0.444,33.5,-0.78,-0.626,7.9,21.39,17.185694,33.52941176,98.13348416,87.5,98.35972851,6.08393386,7.478694517,,,-0.008175472,-0.044646861,-0.00994041,
11042400,0.010260917,14.096436,101,14.9,2,54,627,1.017145267,0.136936156,1,1,5.418644,1.623115625,1,54,86.2,12.99800667,97.44735163,96.74537332,95.82003829,2.17,342.2,45.9,47.5,35.2,738.3,4.5,0.519,0.92,4,1.33,34.5,10.18,6.63,11.08,22.22,66.7,1119.3,1870,508,0.457,17,0.473,-0.881,9.43,8.76,17.322787,64.35185185,96.80628272,95.39267016,96.57068063,2.08734395,4.6735827,,,-0.013044584,-0.070847167,-0.014318167,
11025500,0.041195235,9.499260766,127.6,6.2,2,61.85722222,931,1.042259228,0.143908644,1,1,7.499671,0.63456728,1,61.85722222,104.3,8.09986,97.436751,89.34753662,97.27030626,1.59,288.7,61.83,49,43.1,760.7,1.6,0.57,0.88,4,1.39,32.2,10.45,3.04,16.47,31.29,52.24,891.8,1731,269,0.428,20.2,-0.631,-0.776,8.73,11.95,16.426629,42.46575342,97.52704791,88.71715611,97.83616692,5.200985221,3.255836508,,,0.005724847,-0.008200152,-0.023048129,
11043000,0.424875953,12.1,128.1,207.2,2,59.875,440,0.96949169,0.220502829,1,1,15.431556,1.785573251,1,59.875,70.9,7.399645129,97.41248097,92.84627093,95.62404871,1.41,572.5,37.11,54,29.9,879.2,0.1,0.614,1.02,5,1.08,23.8,12.19,2.65,18.48,35.38,46.14,520.6,1381,303,0.207,8.3,-0.454,-0.891,11.03,9.09,16.167722,99.55357143,97.83573807,93.67369589,96.809101,1.382765683,3.507877729,,,0.003075695,0.016354704,-0.015242001,
10257600,0.009022367,9.499695135,113,0,2,23.85722222,509,1.089797549,0.245154991,1,1,70.099582,0.942865524,1,23.85722222,104.4,8.699829382,97.40990991,89.13288288,78.29391892,1.68,92.9,55.02,38.1,39.9,737.5,7.4,0.582,0.91,3,1.32,44,9.6,5.01,12.16,30.05,57.78,1746.6,2915,731,0.466,38.3,-0.947,0.322,7.66,3.52,18.430912,10.48387097,97.23382046,88.88308977,79.87995825,34.09728829,40.43799785,21.86157158,3.477933262,-0.065405744,-0.143502026,-0.004785318,0.459862484
11200800,0.031257971,15.19929565,129.9,44.4,2,53.75,423,1.124716317,0.32361268,1,1,37.21031,1.51904651,1,53.75,129.9,15.19929565,97.40577582,95.25208027,95.69260891,2.53,214.7,72.15,53.2,42.8,740.6,18.4,0.594,0.64,3,1.41,65.7,9.77,2.77,17.27,29.31,53.42,1214.9,2492,303,0.417,30.8,-0.155,-0.988,8.59,7.54,15.133741,73.05122494,97.3358706,95.33777355,95.81351094,23.12020326,27.05533302,40.09669306,23.41741966,-0.253323206,-0.479090627,-0.159625748,0.40057673
11372000,0.051842966,13.79911194,259.3,0,1,64,479,0.967363263,0.209619699,1,1,6.341896,0.624858698,1,64,228.3,13.49946462,97.39470256,94.83282675,87.53799392,1.46,589.9,149.15,61.6,92.2,773.2,13.3,0.544,0.71,4,1.55,62,10.11,2.48,20.64,39.59,39.77,857.8,1883,245,0.39,33.5,-0.806,0.592,14.22,7.61,14.264321,6.582278481,97.53544902,94.42943957,90.27683997,1.867578044,3.624563485,,,-0.121718287,-0.174870667,-0.022687286,0.503725216
9484000,0.41232785,59.16721053,95.3,254.5,1,10.88916667,416,1.1126631,0.59664547,1,1,69.267296,1.388299086,1,10.88916667,95.2,59.16721053,97.39388265,99.90636704,49.12609238,2.39,103.7,75.97,43.3,71.1,767.1,3.1,0.167,0.8,3,1.52,9.5,9.14,1.65,18.36,43.38,38.26,1878.8,2788,872,0.534,35.6,-0.977,-0.213,22.08,10.6,17.656755,99.79381443,97.39211425,99.90686122,49.36355169,12.27435075,20.33982642,59.10578592,25.9246866,-0.029754246,-0.128262786,-0.044356359,0.620399768
11148900,0.145970224,14.99811429,178.5,66.6,2,81.5,126,1.129392726,0.356603003,1,1,10.274829,1.729434032,1,81.5,157.1,14.599472,97.37283399,92.90106205,98.37898267,1.48,403.5,69.16,62.7,52.5,745.3,1.5,0.653,0.99,5,1.22,31.2,11.37,2.86,22.94,36.87,40.19,551.8,1138,256,0.337,21.3,-0.586,0.81,8.56,15,16.11163,70.49808429,97.19579369,90.93640461,98.54782173,2.112819809,3.949739777,20.74907063,12.52795539,0.006038307,0.003284054,0.005339703,
11143000,0.511862914,22.4993,223.2,17.8,2,78,841,1.045141867,0.163095739,1,1,13.697515,0.363115177,1,78,137.2,16.09855455,97.34748011,95.75596817,97.98408488,2.74,120.6,116.26,67.4,72.8,639.5,3.4,0.654,0.98,4,1.47,40.3,10.29,4.14,14.13,31.45,54.42,779,1505,80,0.492,43.6,-0.447,-0.894,8.68,23.37,18.127121,43.98907104,98.31065228,96.05818864,98.21679962,0.979707657,4.544776119,86.30373134,57.91119403,-0.02982169,-0.041495503,-0.00798715,
11128250,0.038753371,14.69149905,116.1,106.5,2,39,466,1.073597045,0.160133533,1,1,37.41514,,1,39,116.1,14.69149905,97.33606557,95.49180328,91.56420765,1.19,73.8,63.62,64.2,39.5,751,0.3,0.688,1.15,4,1.4,24.8,11.06,2.09,25.37,39.2,35.43,511,1369,172,0.283,19,-0.632,-0.775,10.49,13.31,18.11282,92.26190476,97.10051546,95.23195876,92.04252577,2.221412774,5.613414634,,,0.015336952,-0.005065252,-0.003970342,
11046100,0.020047306,21.39955806,72.5,0.2,2,24,565,1.061146726,0.175177649,1,1,61.385841,1.075061642,1,24,72.2,21.39955806,97.3194341,98.95755771,81.49664929,2.11,67.8,40.34,64.9,35,816,0,0.655,0.95,3,1.15,23,11.12,2.52,22.77,32.67,44.56,187.1,676,13,0.264,14.1,-0.987,-0.159,12.99,9.03,16.06083,21.72131148,97.20630372,98.85386819,82.1991404,4.915239878,3.734070796,30.20707965,9.995575221,-0.009020446,-0.030167361,-0.006053146,0.750923007
11042900,0.125935659,11.19486545,77.5,43.7,2,38,435,1.007671975,0.072476321,1,1,15.117915,0.970781969,1,38,64.9,9.499824737,97.26651481,96.27942293,88.6864085,1.45,227.1,38.42,52.1,30.4,862.2,0.2,0.588,1,3,1.35,24,11.73,2.76,18.12,34.83,47.04,611.1,1381,325,0.274,8.4,-0.245,-0.97,10.65,8.7,16.576693,84.93150685,96.94477086,96.00470035,90.95182139,2.290242769,3.785468956,,,,,,
11152000,0.593425597,32.2,209,74.9,2,91,212,1.029893314,0.150784536,1,1,10.954941,1.60170771,1,91,182.1,31.6,97.25672878,99.01656315,98.24016563,2.07,625.1,80.89,63.9,60.5,663.8,2.9,0.654,1.03,5,2.35,38.3,10.02,3.14,20.17,34.81,45.02,759.1,1785,113,0.387,34.7,-0.132,0.991,8.78,16.68,17.294107,72.23880597,97.22863741,98.56812933,98.4295612,2.102052119,3.129195329,14.97461206,10.20955047,0.008995308,0.013725339,0.004678276,1.119487192
11152050,0.447783802,32.2,212.9,77,2,91,212,1.054039742,0.193374031,1,1,8.868908,1.491041107,1,91,182.1,31.6,97.24245578,99.01144641,98.23100937,1.67,771.5,74.52,63.7,58.2,676.7,2.4,0.652,1.04,6,2.02,38.4,10.1,2.9,21.11,35.63,43.26,674.8,1785,52,0.359,31.4,0.227,0.974,9.08,15.41,17.029979,72.57281553,97.34066942,98.57863365,98.44108207,1.729693567,2.523499676,12.12311082,8.239170447,0.008995308,0.013725339,0.004678276,1.119487192
8378500,0.025198788,21.39166316,76.3,229.9,1,22,113,1.023147443,0.223562056,1,1,24.394413,1.433035617,1,22,64.2,21.48137412,97.23449373,98.79837427,77.4076692,2.61,445,86.08,49.1,89.7,374.7,32.7,0.115,0.56,4,1.18,68.2,9.97,2.19,24.5,39.65,35.85,3073,3973,2288,0.466,26.5,-0.839,-0.545,13.62,11.27,14.557434,94.41707718,96.98928121,97.73013871,78.68852459,8.108731976,14.05597753,25.41377528,13.96395506,-0.035957506,-0.042651227,-0.010011272,0.93442821
8377900,0.112248689,21.39166316,63.8,162.2,1,22,113,1.109614572,0.375308598,1,1,65.272425,1.140346217,1,22,61.4,21.392,97.22603916,98.79766403,81.27791137,2.05,139,89.76,48.6,96.1,380.6,31.6,0.11,0.5,3,1.21,65.4,9.68,2.96,22.74,43.83,33.43,3141.5,3642,2423,0.593,24.8,0.023,-1,13.35,11.76,13.047006,93.50393701,97.42622401,98.70892019,81.66498994,25.24947925,36.74589928,66.46402878,35.36093525,-0.03378568,-0.041146736,-0.00861868,0.946858376
11461000,0.09598922,50.49496,208.7,69.2,2,25.83333333,584,1.089502397,0.265115683,1,1,32.301184,1.065652935,1,25.83333333,131.2,32.9998013,97.22222222,99.92175274,70.16823161,1.95,259.6,118.6,63.1,81.2,730.9,3,0.607,0.95,4,1.1,36,11.3,1.16,28.24,42.59,29.17,448.3,1014,191,0.314,20.6,-0.997,0.077,14.78,3.73,15.086673,72.06823028,99.1559633,100,71.96330275,6.630779176,11.66221109,,,0.168591806,-0.024895358,-0.112839417,0.580309863
13237920,0.034635342,10.99999015,93.3,0,1,44.98861111,425,1.08679202,0.244663669,1,1,16.523208,1.145887299,1,44.98861111,74.6,8.999635116,97.21847151,98.19065622,84.71509587,1.39,874.8,83.69,62.5,104.6,503.1,59.5,0.33,0.83,4,1.38,70,10,12.3,6,20.88,73.13,1658.2,2583,924,0.445,29.1,-0.913,-0.407,6.73,5.1,18.310394,4.011461318,96.63387978,97.81420765,87.51912568,5.734983672,6.829526749,,,-0.070814074,-0.108628737,-0.011182635,0.641718065
11152000,0.088787341,32.49985,227,121.2,2,84.875,956,1.167430301,0.504115054,1,1,10.954941,1.60170771,1,84.875,182,32.49977895,97.20496894,99.22360248,97.98136646,2.07,625.1,80.89,63.9,60.5,663.8,2.9,0.654,1.03,5,2.35,38.3,10.02,3.14,20.17,34.81,45.02,759.1,1785,113,0.387,34.7,-0.132,0.991,9.53,13.87,17.294107,85.97014925,97.6443418,98.70669746,98.19861432,2.102052119,3.129195329,14.97461206,10.20955047,0.239470253,0.058363783,-0.063931071,0.893566341
14328000,0.052697064,14.498752,235.1,0,1,84.5,82,0.962363374,0.163993479,1,1,7.912191,1.566298837,1,84.5,117.8,8.094184127,97.20164609,96.15912209,94.43072702,1.83,811.4,147.44,69,133.7,447.7,46.1,0.425,0.73,4,1.72,75.7,10.51,5.3,12.53,41.24,46.24,1475.5,2457,809,0.408,15.7,0.192,-0.981,7.99,9.87,18.117595,2.802359882,99.32369403,98.9505597,95.26585821,2.887681573,4.609033769,,,0.345103977,0.114070472,-0.008618435,0.760863878
14400000,0.673058486,12.1998357,336.1,186.1,1,90,645,1.093681077,0.248910709,1,1,74.637963,1.39924243,1,90,336,12.1998357,97.20121029,83.25769037,95.08320726,2.39,702.6,309.76,70.5,152.8,633.4,7.5,0.474,0.61,4,2.78,43.6,10.25,1.24,28.5,48.99,22.5,671.2,1535,17,0.431,36.5,-0.474,-0.88,8.79,23.56,12.840941,81.10687023,97.19602978,83.22580645,95.16129032,29.09731652,38.27613151,80.44816396,37.28364646,-0.132597721,-0.179685023,-0.022756979,
11042900,0.067331936,16.99854286,90.8,7.8,2,42.88916667,475,0.957456771,0.163861135,1,1,15.117915,0.970781969,1,42.88916667,64.3,12.19969231,97.19058466,98.17767654,90.96431283,1.45,227.1,38.42,52.1,30.4,862.2,0.2,0.588,1,3,1.35,24,11.73,2.76,18.12,34.83,47.04,611.1,1381,325,0.274,8.4,-0.245,-0.97,11.22,8.09,16.576693,56.16438356,97.70857814,98.76615746,92.77320799,2.290242769,3.785468956,,,,,,
11057500,0.02831682,12.99167586,139.2,96.8,2,86.66666667,948,1.041830855,0.160372935,1,1,5.10267,0.753186471,1,86.66666667,58.1,4.797029933,97.16494845,84.87972509,99.31271478,1.6,329,50.34,46.1,42.4,822.1,3.2,0.566,1.05,4,1.49,23.2,10.74,3.94,14.73,32.5,52.77,880.7,2686,317,0.238,13.8,-0.199,-0.98,13.43,2.94,19.193511,95.15151515,97.96769151,92.91297551,99.53100573,2.02402941,2.564042553,11.73519757,9.619696049,0.124387617,0.004133387,-0.131043916,1.193373124
11044800,0.095714163,17.19813549,122.1,29.1,2,62.85722222,126,1.012968032,0.07073952,1,1,5.29932,0.732504198,1,62.85722222,82.7,9.987811333,97.15447154,91.95121951,98.04878049,1.68,85.5,40.9,59,33,853.1,0,0.666,0.86,3,1.19,26.7,10.3,3.33,15.97,31.55,52.47,405.4,859,100,0.415,18.9,-0.922,0.386,12.71,10.4,15.319151,70.70063694,97.87234043,96.43102265,98.2841455,2.005988961,2.867368421,,,-0.01646926,-0.029844553,-0.003557036,
11152050,0.057257601,32.49985,228.1,122.1,2,84.875,956,1.217190504,0.634713344,1,1,8.868908,1.491041107,1,84.875,181.4,32.49977895,97.1383975,99.21956296,97.97086368,1.67,771.5,74.52,63.7,58.2,676.7,2.4,0.652,1.04,6,2.02,38.4,10.1,2.9,21.11,35.63,43.26,674.8,1785,52,0.359,31.4,0.227,0.974,9.8,12.93,17.029979,83.00970874,97.66162311,98.71618524,98.21182944,1.729693567,2.523499676,12.12311082,8.239170447,0.239470253,0.058363783,-0.063931071,0.893566341
11173200,1.301350588,8,95.3,75.8,2,48,865,0.961635075,0.159332672,1,1,87.006427,0.955234442,1,48,94.5,8,97.13345865,91.21240602,93.93796992,1.32,199.1,62.25,63.2,58.1,792.3,4.1,0.584,0.96,4,1.42,34.1,10.49,2.12,23.06,45.64,31.3,817,1309,248,0.536,26.7,0.459,-0.888,8.06,8.66,16.584267,87.16216216,97.10280374,91.02803738,93.97196262,21.85655409,36.6775992,,,-0.033136418,-0.134616752,-0.090553759,0.63793308
11152000,0.539066,36.19832,212,112.2,2,64,862,1.177025607,0.518367323,1,1,14.964649,1.788935464,1,64,194.4,36.19832,97.11891042,99.31901519,94.13305395,2.07,625.1,80.89,63.9,60.5,663.8,2.9,0.654,1.03,5,2.35,38.3,10.02,3.14,20.17,34.81,45.02,759.1,1785,113,0.387,34.7,-0.132,0.991,8.57,12.76,17.294107,83.88059701,97.36720554,99.35334873,94.82678984,11.17292732,12.15683891,14.97461206,10.20955047,-0.010895146,-0.130627653,-0.118101051,0.66357975
14179000,0.315901404,7.4,180,0.2,1,115,662,1.010224131,0.100854501,1,1,77.381654,1.177119032,1,115,171.5,7.497486638,97.11517287,87.91015195,97.84188505,1.73,272.5,205.35,67.6,161.7,519,44.6,0.425,0.85,4,1.29,71.1,10.13,5.02,13.2,43.79,43.02,1149.5,2134,525,0.401,34.9,0.483,-0.876,11.81,7.41,13.481528,7.1278826,97.14347079,87.30670103,97.895189,50.11100534,49.83555963,77.26253211,38.73291743,-0.1573705,-0.40774215,-0.175289699,0.368718803
11042900,0.154614076,21.69590909,96.4,0.3,2,30.75,501,0.992837127,0.137451336,1,1,15.117915,0.970781969,1,30.75,63.8,14.09668778,97.11465452,98.93697798,82.61199696,1.45,227.1,38.42,52.1,30.4,862.2,0.2,0.588,1,3,1.35,24,11.73,2.76,18.12,34.83,47.04,611.1,1381,325,0.274,8.4,-0.245,-0.97,12.22,7.24,16.576693,29.9086758,98.00235018,99.58871915,86.13396005,2.290242769,3.785468956,,,,,,
11200800,0.058163566,11.6,123,0,2,23.66666667,473,1.090630153,0.245509711,1,1,37.21031,1.51904651,1,23.66666667,123,11.6,97.11209006,90.7978463,68.9916789,2.53,214.7,72.15,53.2,42.8,740.6,18.4,0.594,0.64,3,1.41,65.7,9.77,2.77,17.27,29.31,53.42,1214.9,2492,303,0.417,30.8,-0.155,-0.988,5.44,9.36,15.133741,11.46993318,97.14557564,90.91341579,69.86203616,23.12020326,27.05533302,40.09669306,23.41741966,-0.253323206,-0.479090627,-0.159625748,0.40057673
11453500,0.701647174,14.598128,184.1,92.4,2,54.9525,920,1.028953674,0.11825042,1,1,68.402353,0.917637249,1,54.9525,174.6,14.598128,97.10778194,94.46525177,93.21681232,1.47,293.4,112.6,63,63.1,752.4,2,0.624,0.62,3,1.5,36.4,10.72,0.99,28.71,44.41,26.88,554.7,1432,273,0.243,19.3,-0.169,0.986,9.9,16.96,17.47691,74.81751825,97.14859438,93.85542169,93.45381526,38.71637619,46.98312883,,,0.098622258,-0.053867392,-0.128054236,0.478776431
11451715,0.453480335,8.698930286,95.8,153.5,2,40,530,0.938603817,0.144853635,1,1,11.690112,0.296371599,1,40,91.7,8.698930286,97.10227273,95.51136364,81.78977273,0.9,247.9,70.02,59.6,55.5,854.4,1,0.615,0.96,4,1.19,43.2,10.66,0.49,37.34,42.78,19.88,560.5,1162,264,0.34,18.2,-0.265,0.964,7.28,15.2,18.827651,94.44444444,94.50892857,89.24107143,85.64732143,1.945488238,3.78987495,23.98777733,10.34183138,-0.028831435,-0.039762042,-0.011139522,0.691053957
8377900,0.050522096,17.1952197,67.8,61,1,11.95,94,0.984956784,0.285968606,1,1,65.272425,1.140346217,1,11.95,60.4,17.1952197,97.09721745,97.8014428,62.70182068,2.05,139,89.76,48.6,96.1,380.6,31.6,0.11,0.5,3,1.21,65.4,9.68,2.96,22.74,43.83,33.43,3141.5,3642,2423,0.593,24.8,0.023,-1,13.35,11.76,13.047006,59.3503937,97.78672032,97.65258216,63.48926895,25.24947925,36.74589928,66.46402878,35.36093525,-0.03378568,-0.041146736,-0.00861868,0.946858376
11077500,0.032456156,14.99905,136.3,6.6,2,46.5,704,1.107469382,0.367042887,1,1,11.126418,1.048190759,1,46.5,85.8,9.499366316,97.09302326,91.77740864,92.44186047,1.28,240.8,51.01,60.8,37.1,825.6,0,0.654,1.13,5,1.61,20.2,10.37,1.7,25.4,46.19,28.41,553.2,1719,35,0.308,25.4,-0.221,-0.975,15.6,3.86,17.754193,45.94594595,97.50957854,93.550447,94.12515964,2.324327314,4.497757475,,,-0.025541878,-0.032130577,-0.095557387,0.773881984
11123500,0.003403066,12.99977389,247.7,0,1,65,831,1.038174913,0.192937771,1,1,47.106742,1.207876628,1,65,245.2,12.99977389,97.08963912,85.62281723,95.57625146,1.89,718.1,79.99,52.6,34.3,660.8,3.8,0.712,1.27,5,1.39,25.8,9.92,1.14,22.63,41.55,35.82,934.1,2081,242,0.378,31.2,-0.578,-0.816,15.62,2.42,18.753658,6.532663317,96.73311185,85.27131783,95.79180509,43.16949878,44.25628743,16.02817156,5.57082579,-0.041739968,-0.117735286,-0.025034786,0.578338332
10258500,0.002345078,11.5,118.4,8.4,2,51.93333333,926,1.002928153,0.28949612,1,1,34.911598,1.024974947,1,51.93333333,93.8,11.5,97.0773639,92.83667622,96.79083095,2,241.5,37.78,41.9,27.9,813.4,5.1,0.464,0.98,4,2.22,43.9,9.87,5.3,11.18,26.56,62.26,1195.3,2452,208,0.44,22.7,0.863,0.506,7.76,8.36,22.326342,46.22641509,97.45417515,91.19144603,97.14867617,14.07063824,14.53863354,,,-0.03430361,-0.072449092,-0.013696117,
11173510,0.391740869,9.29926015,102.6,79,2,48.5,865,0.983511147,0.139481372,1,1,77.737397,1.168928262,1,48.5,101.5,9.29926015,97.07656613,93.31786543,93.0162413,1.34,360.7,62.25,63.9,58.9,792.6,3.7,0.583,1.01,4,1.32,32.1,10.44,2.07,24.39,45.37,30.25,741.8,1309,136,0.517,25.7,-0.113,-0.994,8.33,8.8,16.911694,85.07462687,97.09249084,92.99450549,93.10897436,17.24073271,29.29254228,,,-0.023534009,-0.127473949,-0.082824696,0.654213136
11162500,0.08692716,27.59993143,148.6,41.9,2,49,846,1.037640635,0.107461498,1,1,22.750724,1.087061052,1,49,122.2,21.59995294,97.06422018,98.94495413,93.96788991,1.88,118.9,92.36,68.6,71.5,669.9,1,0.604,1.01,3,2.02,35.8,10.37,2.8,19.69,37.08,43.23,346.3,814,30,0.407,26.7,0.507,-0.862,10.08,13.2,15.086714,64.94845361,97.46724891,99.43231441,94.25764192,0.682512861,7.404373423,,,0.06537559,-0.072736527,-0.070542539,0.994619154
11138500,0.115380649,21.09905,281.8,5.5,2,82.985,877,1.039548487,0.207181406,1,1,5.562678,0.956816384,1,82.985,145.1,10.99341028,97.0545977,88.07471264,97.77298851,2,728.9,69.82,57.6,39.6,665.2,7.1,0.686,1.16,5,1.44,28.2,9.8,1.39,21.86,41.68,36.45,994.2,2081,193,0.424,34.2,0.199,-0.98,8.21,17.01,16.60856,30.58823529,98.21041215,93.70932755,98.31887202,2.132233872,2.931760187,,,0.003977115,-0.021846194,-0.005142232,
11027000,0.033814759,8.299660542,91.5,23.8,2,44.9475,98,1.084400077,0.204500385,1,1,50.900245,0.591991427,1,44.9475,88.9,8.299660542,97.05102717,91.18621604,93.17428761,1.62,58.2,51.93,53.2,38.8,797.9,0.2,0.625,1,3,1.16,28.6,11.16,2.59,16.4,30.84,52.76,653.6,1276,217,0.433,13,-0.467,-0.884,9.92,11.16,15.624757,76.05633803,96.94267516,90.1910828,93.43949045,10.30581508,11.12010309,,,-0.00933244,-0.026663326,0.000626046,0.906814577
11453500,1.380131304,14.19933908,180.3,0,2,47.66666667,515,0.998260198,0.03835117,1,1,68.402353,0.917637249,1,47.66666667,174.3,13.8,97.04535997,93.92426134,90.11652102,1.47,293.4,112.6,63,63.1,752.4,2,0.624,0.62,3,1.5,36.4,10.72,0.99,28.71,44.41,26.88,554.7,1432,273,0.243,19.3,-0.169,0.986,8.43,19.97,17.47691,5.109489051,96.94779116,93.41365462,90.52208835,38.71637619,46.98312883,,,-0.106642653,-0.150364536,-0.029878285,0.389033416
11173510,0.03603388,6.299264618,101.7,13.9,2,58,483,1.150620659,0.277754321,1,1,77.737397,1.168928262,1,58,100.7,6.29956612,97.03016241,84.45475638,95.87006961,1.34,360.7,62.25,63.9,58.9,792.6,3.7,0.583,1.01,4,1.32,32.1,10.44,2.07,24.39,45.37,30.25,741.8,1309,136,0.517,25.7,-0.113,-0.994,8.33,8.8,16.911694,35.82089552,97.02380952,84.02014652,95.92490842,17.24073271,29.29254228,,,-0.03302541,-0.141543883,-0.082939116,0.666629687
11173575,0.026230163,6.299264618,102.5,13.9,2,58,483,1.141465232,0.285970614,1,1,73.616074,0.93656286,1,58,101.4,6.29956612,97.02740362,84.44031584,95.86623316,1.33,385.4,62.15,64.2,58.9,791.9,3.5,0.584,1.05,4,1.31,31.9,10.49,2.02,24.69,45.37,29.94,718.4,1309,104,0.514,25.8,-0.023,-1,8.39,8.83,17.382289,36.69724771,97.02244617,84.10444343,95.92304169,15.79414913,27.71761806,,,-0.032382521,-0.140382283,-0.082930973,0.668678281
11143000,0.335763287,18.69673333,186.9,56.6,2,57,489,1.031917228,0.09236577,1,1,29.9711,1.327452654,1,57,167.2,16.59985748,97.00729927,93.57664234,95.57177616,2.74,120.6,116.26,67.4,72.8,639.5,3.4,0.654,0.98,4,1.47,40.3,10.29,4.14,14.13,31.45,54.42,779,1505,80,0.492,43.6,-0.447,-0.894,8.33,25.11,18.127121,68.57923497,97.32519944,94.13420929,95.72970436,15.90995837,20.11791045,86.30373134,57.91119403,-0.136880481,-0.207611445,-0.024214942,
11028500,0.001887143,19.49855,98.1,0.9,2,18,778,1.110470033,0.216802068,1,1,59.833561,1.393602004,1,18,98.1,19.49855,97.00561447,98.87710543,56.36306925,1.75,146.3,47.31,53.2,40,817.6,0.1,0.607,0.82,3,1.39,26.8,11.3,2.46,16.66,32,51.34,561.3,994,400,0.27,8.7,-0.125,-0.992,11.06,4.92,15.589059,29.90654206,96.85185185,98.88888889,56.45061728,13.30200551,18.34757348,,,0.008513387,-0.004570397,-0.010924288,0.927810373
11101250,1.646743003,33.29065758,169.4,42.5,2,37,499,1.114396986,0.235407119,1,1,9.043463,1.218738623,1,37,148,29.59863385,97,98.71428571,87.96428571,3.16,237.3,62.69,59.1,33.7,843.8,0.3,0.655,0.85,3,1.36,34,10.8,2.61,18.95,41.98,39.07,471.3,1852,65,0.228,19.6,-0.987,-0.161,12.98,12.65,13.411358,71.86544343,96.95463021,98.81914232,89.52765693,0,3.349683944,19.49397387,12.38921197,-0.042418249,-0.066936498,-0.019972415,
11123500,0.209783431,37.79249231,241.4,240,2,26.5,407,1.005544882,0.128740901,1,1,11.243107,1.233641415,1,26.5,218.1,35.99264571,96.99570815,98.42632332,66.91702432,1.89,718.1,79.99,52.6,34.3,660.8,3.8,0.712,1.27,5,1.39,25.8,9.92,1.14,22.63,41.55,35.82,934.1,2081,242,0.378,31.2,-0.578,-0.816,8.31,17.22,18.753658,91.95979899,96.56699889,98.17275748,73.42192691,7.582963909,7.580629439,16.02817156,5.57082579,0.091631876,-0.223591681,-0.115236239,0.553130696
11113000,0.771088788,38.99382857,345.3,130.7,2,44,125,1.095270479,0.221334084,1,1,12.550943,0.240796008,1,44,159.3,26.49444571,96.99306091,99.15188897,81.80416345,1.41,650,68.34,45.4,34.7,663.4,7.7,0.69,1.22,4,1.67,44.6,9.91,2,22.07,41.65,36.28,1251.5,2274,184,0.512,32.7,-1,0.016,7.03,17.46,16.054577,88.63636364,97.9580574,98.67549669,86.58940397,8.618055904,10.59078462,14.98787692,8.055507692,-0.003564655,-0.007694585,0.00085488,1.626622216
8380500,0.052745616,24.67028491,56.7,132.2,1,8.964444444,112,1.275180102,0.824819529,1,1,99.368957,1.001978058,1,8.964444444,56.7,24.67028491,96.98429693,99.08993576,49.34867951,2.1,198.1,68.57,50.8,80.7,464.5,19.2,0.221,0.66,4,1.18,58,10.64,1.87,31.03,41.4,27.57,2652.5,3551,2136,0.381,25,-0.636,0.772,16.47,10.22,17.995738,90.67357513,96.93568502,99.03794762,49.39426332,30.00276242,42.76158506,96.58440182,48.47415447,0.009804609,0.004280286,0.019648497,1.00779206
11014000,0.008566695,8.499669103,86.7,47.8,2,37.5,755,1.007282981,0.072568397,1,1,7.06468,1.142409136,1,37.5,67.4,7.99967,96.98307579,92.93598234,87.67476085,2.91,181.8,44.33,55.8,42.1,846.3,0,0.609,1.26,5,1.39,33.8,10.3,3.01,18.77,38.69,42.55,490.9,1128,158,0.343,19.4,-0.048,-0.999,11.77,8.75,16.12831,84.41176471,97.67857143,91.01190476,89.73214286,6.01277364,6.221287129,,,-0.031159249,-0.061151788,-0.024314305,
8294195,0.007205298,15.69725604,57.6,76.5,1,10.93333333,782,0.990841237,0.195692294,1,1,17.374893,0.678045527,1,10.92333333,39.9,13.79859629,96.97148244,98.13810983,55.86848928,2.27,78.6,73.93,49.1,74.6,399.9,36.7,0.115,0.4,2,1.21,73.1,9.46,3.82,21.29,50.78,27.93,2909.1,3843,2113,0.463,34.2,0.36,-0.933,14.07,10.23,13.3997,82.93650794,97.72554244,97.48762847,61.49600305,7.408677581,8.567175573,6.818708651,2.85470229,-0.073493588,-0.117281151,-0.017968705,0.709969796
11149900,0.080410811,8.799352106,196.3,2.1,2,93.85722222,922,1.032714541,0.140604619,1,1,21.73561,1.616261858,1,93.85722222,156.5,8.699324224,96.93121693,82.01058201,98.99470899,1.56,556.4,63.26,62,54,737.5,1.5,0.659,1.13,4,1.35,33.5,10.91,2.31,24.37,37.78,37.85,533.4,1785,248,0.186,19.5,-0.995,-0.102,8.45,9.76,16.227347,20.11952191,97.57785467,80.77113198,99.06080079,8.848335816,13.12359813,28.84609993,15.65149173,-0.018115559,-0.040637275,-0.022927574,0.784858977
11152050,0.357860005,36.19832,212,112.2,2,64,862,1.199335836,0.596078821,1,1,12.095121,1.606303196,1,64,186.9,36.19832,96.91653376,99.30887826,93.91281233,1.67,771.5,74.52,63.7,58.2,676.7,2.4,0.652,1.04,6,2.02,38.4,10.1,2.9,21.11,35.63,43.26,674.8,1785,52,0.359,31.4,0.227,0.974,8.75,11.74,17.029979,80.58252427,97.24896836,99.35809262,94.75011463,9.186214151,9.799792612,12.12311082,8.239170447,-0.010895146,-0.130627653,-0.118101051,0.66357975
11372000,0.045890625,26.09611429,239.1,0,1,43.94472222,296,0.985590691,0.152236273,1,1,91.657499,0.929124384,1,43.94472222,232.7,26.09611429,96.88811189,99.26573427,79.58041958,1.46,589.9,149.15,61.6,92.2,773.2,13.3,0.544,0.71,4,1.55,62,10.11,2.48,20.64,39.59,39.77,857.8,1883,245,0.39,33.5,-0.806,0.592,14.62,6.38,14.264321,6.582278481,97.02903444,99.22349764,80.2498312,51.50065731,67.58848957,,,0.208107421,0.058257862,0.006654826,0.705512305
11274630,0.011937187,6.993924,79,23.4,2,54.75,610,1.088457143,0.230123136,1,1,13.905464,1.291954055,1,54.75,67.2,5.799788398,96.88542825,89.93325918,95.82869855,1.77,187.4,43.32,61.7,49.1,799,2.1,0.604,1.08,4,1.42,30.9,10.3,1.62,26.46,42.13,31.41,559.2,1116,65,0.472,26.1,-0.722,0.692,10.16,8.15,18.975462,55.2742616,96.63199604,90.98563645,96.28528975,4.696483564,5.048932764,,,-0.041494034,-0.069598546,-0.019274809,0.736767118
11176400,1.078815643,9.499066165,101.5,78.4,2,48,865,0.955879135,0.1047974,1,1,74.095967,1.41581736,1,48,98.9,9.498976842,96.88090737,93.95085066,92.55671078,1.46,338.6,57.45,62.2,56.1,798.4,4,0.599,1.02,5,1.51,31.3,10.82,2.16,22.41,45.93,31.66,753.8,1238,230,0.52,23.4,-0.069,-0.998,7.92,7.81,17.721231,87.98076923,96.83278994,93.80530973,92.66418258,21.07161609,32.61317188,,,-0.03497482,-0.126304897,-0.086885329,0.674537193
11143000,0.246539477,40.691,176.2,136.1,2,70.5,957,1.119456734,0.344704361,1,1,86.219962,1.022908078,1,70.5,175.2,40.67722791,96.88090737,99.66918715,97.18809074,2.74,120.6,116.26,67.4,72.8,639.5,3.4,0.654,0.98,4,1.47,40.3,10.29,4.14,14.13,31.45,54.42,779,1505,80,0.492,43.6,-0.447,-0.894,9.44,19.35,18.127121,87.15846995,96.80900985,99.67151572,97.20788362,14.47744466,22.15223881,86.30373134,57.91119403,0.261123308,0.099905718,-0.020401351,0.780523961
11148900,0.708797723,12.49986345,154.5,82.7,2,77,151,1.102983444,0.316868331,1,1,10.274829,1.729434032,1,77,144.7,12.49986345,96.86975964,89.82671884,97.93180548,1.48,403.5,69.16,62.7,52.5,745.3,1.5,0.653,0.99,5,1.22,31.2,11.37,2.86,22.94,36.87,40.19,551.8,1138,256,0.337,21.3,-0.586,0.81,9.43,14.72,16.11163,75.4789272,95.84376565,87.63144717,98.14722083,2.112819809,3.949739777,20.74907063,12.52795539,0.006038307,0.003284054,0.005339703,
9361000,0.012585253,5.899932719,66,27.7,1,37.5,784,1.033612738,0.166060317,1,1,43.599514,0.591947759,1,37.5,59.2,5,96.84970466,93.2618683,83.90942901,2.08,436.5,85.38,49.5,108.6,401.4,45.1,0.12,0.54,4,1.3,62.2,10.02,1.23,23.43,44.06,32.51,2924.2,3815,2055,0.497,33.4,-0.916,0.4,13.57,6.29,10.527019,62.5,95.86417469,91.65433013,86.1861584,14.8159509,13.19154639,42.72953036,13.19221077,0.197596159,-0.079090577,-0.03381068,0.661908379
11057500,0.042087918,9.991277778,109.4,0,2,39,474,1.084691194,0.273732651,1,1,11.248274,1.350759162,1,39,105,8.992366552,96.84633028,88.70412844,89.50688073,1.6,329,50.34,46.1,42.4,822.1,3.2,0.566,1.05,4,1.49,23.2,10.74,3.94,14.73,32.5,52.77,880.7,2686,317,0.238,13.8,-0.199,-0.98,9.81,5.41,19.193511,14.09090909,96.5607087,89.78634706,90.46378322,6.522506043,7.626474164,11.73519757,9.619696049,-0.17479477,-0.361559937,-0.105857091,0.402129986
11113000,1.942969489,27.39695385,401.2,46,2,75.5,893,1.181912699,0.373126769,1,1,12.550943,0.240796008,1,75.5,155.8,9.697665535,96.83885891,85.58211257,95.18118736,1.41,650,68.34,45.4,34.7,663.4,7.7,0.69,1.22,4,1.67,44.6,9.91,2,22.07,41.65,36.28,1251.5,2274,184,0.512,32.7,-1,0.016,10.45,3.09,16.054577,69.09090909,98.73068433,95.52980132,96.55077263,8.618055904,10.59078462,14.98787692,8.055507692,-0.025422236,-0.026393799,-0.019054104,1.216620088
11463200,0.711445679,29.9898,201.2,9.5,2,32.8,44,1.018490815,0.096941616,1,1,26.99712,1.422792662,1,32.8,144.4,28.66974564,96.83741648,99.77728285,78.17371938,2.22,220.9,130.76,61.7,78,793.4,1.1,0.617,0.65,4,1.29,31.1,10.07,1.12,28.01,43.94,28.05,641.5,1364,128,0.429,28.1,-0.469,-0.883,7.95,18.09,12.856578,45.23809524,98.13587407,99.66859983,79.70173985,8.36721598,13.11946582,,,0.231294047,0.156152215,0.036997093,1.070844877
11042900,0.225686676,7.899976982,66.6,40.8,2,32.5,441,1.011730872,0.07355324,1,1,15.117915,0.970781969,1,32.5,61.2,7.399983365,96.81093394,93.24221716,84.32042521,1.45,227.1,38.42,52.1,30.4,862.2,0.2,0.588,1,3,1.35,24,11.73,2.76,18.12,34.83,47.04,611.1,1381,325,0.274,8.4,-0.245,-0.97,10.65,8.7,16.576693,84.01826484,95.71092832,92.30317274,87.4559342,2.290242769,3.785468956,,,,,,
11073300,0.701146139,19.69473684,167.1,0,1,36,367,1.054157281,0.217117128,1,1,30.521869,0.844669747,1,36,145.2,17.09545455,96.79618269,93.38786639,84.86707566,0.81,83.6,90.33,49.8,53.3,682.5,5.3,0.643,1.21,3,1.12,50,9.57,6.38,11.96,34.18,53.86,1477.5,3059,222,0.443,40.8,-0.829,-0.56,14.25,3.33,20.142177,14.74654378,94.7806774,92.61521377,87.45141588,17.99244488,18.93767943,,,-0.094432774,-0.154988647,-0.020724766,0.607662358
11073360,0.753402918,19.69473684,168,0,1,36,367,1.142984781,0.314622039,1,1,20.134001,,1,36,145.2,17.09545455,96.78522572,93.36525308,84.50752394,0.95,132.3,74.76,53,45.8,744.3,3.4,0.65,0.9,3,1.12,44.1,10.29,6.95,11.8,32.18,56.02,1050.4,3059,211,0.295,27.1,-0.86,-0.509,16.03,2.66,14.250404,10.17964072,94.88167309,92.68024216,87.31425427,16.06905269,12.00204082,,,-0.092496442,-0.15177602,-0.020368538,0.608914885
11118500,0.775403963,37.69318974,269.2,214.6,2,26.88916667,407,1.119349368,0.294267937,1,1,82.190611,1.092289043,1,26.88916667,267.9,37.69318974,96.77619343,98.32610043,75.51146931,2.11,485.7,69.88,51.4,33.4,711.7,1.4,0.702,1.2,6,1.39,38.3,10.32,1.3,23.76,41.87,34.37,702.1,1835,78,0.36,29.1,-0.979,-0.203,9.39,15.31,16.615606,93.40101523,96.83622829,98.32506203,75.49627792,33.83108468,42.24663372,80.03368334,50.47848466,0.124952005,-0.160521487,-0.114735616,0.588751203
11022480,0.035336636,12.69922857,130.7,0,1,75,1093,1.074174004,0.182486949,1,1,18.106704,1.206871256,1,75,100.4,10.39342207,96.75840979,92.29357798,97.70642202,1.63,953.6,51.86,51.9,43.3,807.8,2.2,0.585,0.84,5,1.19,31,10.52,3.4,17.08,31.75,51.17,640.4,1967,89,0.294,18.5,0.017,-1,17.82,2.22,15.3664,13.73626374,96.46516393,91.75204918,98.07889344,5.172206094,4.374381292,,,0.039978733,0.071939763,-0.007222953,1.333102535
13310700,0.058419415,11,95.6,0,1,47.98861111,94,1.111296609,0.290228896,1,1,41.922359,1.133538529,1,47.98861111,93.2,11,96.75,98.77272727,86.13636364,1.58,853.1,99.75,62.5,123.4,436.6,66.6,0.305,0.86,5,1.41,68.8,9.9,12.31,5.96,23.99,70.05,1943.6,2775,1146,0.492,32.1,0.998,0.07,3.9,6.33,16.387158,3.529411765,96.71291355,98.52721451,86.97972252,22.38671005,21.4991443,,,-0.043559185,-0.056567658,-0.002514274,0.716790316
10260500,0.268409719,24.89718857,201.9,0,1,52,367,1.045124179,0.308516528,1,1,11.670864,0.93362125,1,52,133.7,21.89985147,96.73469388,96.80272109,92.65306122,1.66,349.2,58.83,40,50.2,614.2,29.5,0.571,1.07,4,1.96,33.1,10.18,7.95,11.93,24.18,63.89,1783.4,2570,952,0.526,18.9,0.47,-0.882,12.18,2.42,21.118823,12.99559471,98.01356589,96.46317829,94.76744186,4.82989193,5.76185567,,,-0.096872121,-0.159618578,-0.019322471,0.648942303
11461000,1.101694457,15.695625,133.2,176.7,2,16.91666667,505,1.039561244,0.123304539,1,1,32.301184,1.065652935,1,16.91666667,125,14.596297,96.73317684,96.28325509,46.63536776,1.95,259.6,118.6,63.1,81.2,730.9,3,0.607,0.95,4,1.1,36,11.3,1.16,28.24,42.59,29.17,448.3,1014,191,0.314,20.6,-0.997,0.077,8.13,21.77,15.086673,95.94882729,96.7706422,96.69724771,48.99082569,6.630779176,11.66221109,,,0.168591806,-0.024895358,-0.112839417,0.580309863
11043000,0.32347948,24.39834286,136.7,79.6,2,38,435,0.963875619,0.258903252,1,1,15.431556,1.785573251,1,38,65,9.499824737,96.72754947,95.89041096,85.84474886,1.41,572.5,37.11,54,29.9,879.2,0.1,0.614,1.02,5,1.08,23.8,12.19,2.65,18.48,35.38,46.14,520.6,1381,303,0.207,8.3,-0.454,-0.891,11.03,9.09,16.167722,90.17857143,98.00221976,98.89012209,89.17869034,1.382765683,3.507877729,,,0.003075695,0.016354704,-0.015242001,
9342500,0.02173722,32.99434286,161.9,27.3,1,40.66666667,821,1.035615265,0.276341849,1,1,10.452957,1.515753581,1,40.66666667,91.8,20.19955418,96.72371088,99.36951137,78.70975006,2,726.9,99.32,50.6,102.4,399.5,54.9,0.122,0.66,4,1.3,63.2,9.73,5.26,19.93,41.58,38.49,2968.1,4027,2154,0.436,31.2,-0.871,-0.491,9.26,7.87,11.980939,45.80712788,98.31017649,99.73713857,82.05031919,3.405147869,4.768551383,,,-0.025874019,-0.126403499,-0.011865462,0.768926331
11124500,0.007023754,18.89197825,218.2,0,2,75.90916667,582,1.069495862,0.201730389,1,1,71.062545,1.035623791,1,75.90916667,195.6,18.87898526,96.71848014,91.94012666,98.67587795,2.37,191.5,83.1,54.6,38.1,636.9,4.5,0.711,1.17,4,1.85,23.3,9.72,1.35,23.93,41.12,34.95,1023.6,1999,256,0.444,33.5,-0.78,-0.626,7.9,21.39,17.185694,11.17647059,97.28506787,92.13800905,98.69909502,68.62677395,63.6551436,,,-0.09435575,-0.192078714,-0.024127768,0.395823123
11274538,0.033601339,10.49835315,83.7,44.8,2,36.66666667,173,1.143551401,0.382655623,1,1,20.054364,1.350921136,1,36.66666667,77.3,8.099711045,96.69861555,93.23748669,86.84771033,1.27,469.4,42.12,61.9,44.8,864.4,1.3,0.619,0.06,4,1.31,29.8,10.95,1.77,24.47,43.22,32.31,405.1,1155,19,0.34,20.9,-0.28,0.96,9.82,8.8,18.511698,78.36538462,96.90154923,96.20189905,87.6061969,5.650655605,7.274584576,,,-0.019154762,-0.045495344,0.000196474,0.856351492
11022480,0.046323657,13.19835417,187.7,8.6,2,97,421,0.948849984,0.218526405,1,1,18.106704,1.206871256,1,97,99.9,8.099916364,96.69724771,88.13455657,98.71559633,1.63,953.6,51.86,51.9,43.3,807.8,2.2,0.585,0.84,5,1.19,31,10.52,3.4,17.08,31.75,51.17,640.4,1967,89,0.294,18.5,0.017,-1,10.6,5.73,15.3664,57.82967033,98.30942623,92.26434426,98.92418033,5.172206094,4.374381292,,,0.00258652,0.008179256,-0.005844803,0.958418601
11101250,0.557267379,15.19882296,162.6,97.6,2,43.5,493,1.023933978,0.217430222,1,1,9.043463,1.218738623,1,43.5,138.9,13.19895054,96.67857143,89.85714286,91.10714286,3.16,237.3,62.69,59.1,33.7,843.8,0.3,0.655,0.85,3,1.36,34,10.8,2.61,18.95,41.98,39.07,471.3,1852,65,0.228,19.6,-0.987,-0.161,12.98,12.65,13.411358,85.93272171,96.76817899,90.615289,92.2622747,0,3.349683944,19.49397387,12.38921197,-0.042418249,-0.066936498,-0.019972415,
11044800,0.16625782,9.396998154,106,17.5,2,45.83333333,899,1.014010661,0.08822605,1,1,5.29932,0.732504198,1,45.83333333,79,6.899156205,96.66666667,85.04065041,93.90243902,1.68,85.5,40.9,59,33,853.1,0,0.666,0.86,3,1.19,26.7,10.3,3.33,15.97,31.55,52.47,405.4,859,100,0.415,18.9,-0.922,0.386,12.79,9.41,15.319151,62.42038217,97.32326699,88.94989705,94.78380233,2.005988961,2.867368421,,,-0.034260791,-0.085538764,-0.020799185,
11451715,0.011285606,17.39748,152.4,6,1,43,853,1.107236531,0.317466197,1,1,11.655139,0.944331954,1,43,113.3,17.09794286,96.66136725,98.7281399,85.5590885,0.9,247.9,70.02,59.6,55.5,854.4,1,0.615,0.96,4,1.19,43.2,10.66,0.49,37.34,42.78,19.88,560.5,1162,264,0.34,18.2,-0.265,0.964,17.68,3.6,18.827651,27.08333333,97.58928571,98.34821429,87.83482143,2.304121352,5.157482856,23.98777733,10.34183138,-0.020201164,-0.037042487,-0.012948582,0.829864732
11113000,0.527128494,36.18155294,265.4,260.3,2,27.9375,407,1.081354855,0.197738205,1,1,18.928716,1.316921813,1,27.9375,240.5,36.19742745,96.65856622,98.29890644,71.14216282,1.41,650,68.34,45.4,34.7,663.4,7.7,0.69,1.22,4,1.67,44.6,9.91,2,22.07,41.65,36.28,1251.5,2274,184,0.512,32.7,-1,0.016,6.44,14.64,16.054577,95.90909091,97.13024283,98.23399558,73.56512141,6.141831074,9.616984615,14.98787692,8.055507692,0.164198315,-0.115015669,-0.082551455,0.693251489
11043000,0.245330003,16.99921455,102.6,9.1,2,42.90916667,475,0.965777064,0.152051935,1,1,15.431556,1.785573251,1,42.90916667,64.5,12.19969231,96.65144597,97.94520548,88.28006088,1.41,572.5,37.11,54,29.9,879.2,0.1,0.614,1.02,5,1.08,23.8,12.19,2.65,18.48,35.38,46.14,520.6,1381,303,0.207,8.3,-0.454,-0.891,11.66,7.87,16.167722,50.22321429,96.55937847,97.28079911,90.89900111,1.382765683,3.507877729,,,0.003075695,0.016354704,-0.015242001,
9513780,0.12953948,12.79147764,84.7,47.8,2,41.8,191,0.98261074,0.078207788,1,1,17.300814,0.890020873,1,41.8,59.2,7.794678261,96.63887441,91.45388223,93.7467431,2.34,177.5,52.71,40,52.6,949,0.8,0.196,0.87,3,1.36,22.1,10.1,3.45,30.93,30.45,38.62,1208.9,1783,721,0.467,22.5,-0.241,-0.97,10.41,6.71,18.230644,81.3559322,97.25409836,95,94.95901639,1.899924102,1.168225352,16.69070423,2.558647887,0.086675247,0.036335539,-0.064603922,1.158136717
11148900,0.863189306,10.29988,192,63.5,2,49.5,873,1.014200109,0.172616489,1,1,6.063932,1.901817314,1,49.5,139.5,6.29938504,96.6367713,74.4955157,91.8441704,1.48,403.5,69.16,62.7,52.5,745.3,1.5,0.653,0.99,5,1.22,31.2,11.37,2.86,22.94,36.87,40.19,551.8,1138,256,0.337,21.3,-0.586,0.81,9.43,14.72,16.11163,68.58237548,97.54631948,83.42513771,92.66399599,1.860832125,3.682081784,20.74907063,12.52795539,-0.028729434,-0.048945195,-0.013939367,0.763799659
11077500,0.054446377,14.09754342,158.2,0.8,2,49.5,779,1.0649513,0.22456185,1,1,11.075228,0.62641764,1,49.5,72.7,11.18995626,96.60944206,94.50643777,94.42060086,1.28,240.8,51.01,60.8,37.1,825.6,0,0.654,1.13,5,1.61,20.2,10.37,1.7,25.4,46.19,28.41,553.2,1719,35,0.308,25.4,-0.221,-0.975,15.6,3.86,17.754193,34.23423423,98.08429119,92.59259259,95.84929757,2.800140695,1.788413621,,,0.182826607,0.004510949,-0.111629493,1.107408824
11161000,0.187006823,31.89795099,203.8,72.3,2,49.75,846,0.988194244,0.115631302,1,1,18.338121,1.199590247,1,49.75,171.2,27.99838462,96.59879685,98.4729292,92.94308191,2.09,298.3,118.15,67.1,68.5,703.5,0.6,0.632,0.9,4,1.4,42,10.85,3,18.27,35.92,45.81,350.3,980,8,0.355,24.6,-0.996,0.09,9.89,16.79,15.746177,70.14613779,97.03480877,98.88268156,93.44649764,2.25540185,6.709420047,,,0.042935389,-0.110037503,-0.093250322,0.602883283
11118500,0.150416709,19.19893333,255.7,129.4,2,103.9666667,828,1.079890622,0.189506755,1,1,82.190611,1.092289043,1,103.9666667,250.9,19.19893333,96.59020459,90.51456913,98.57408555,2.11,485.7,69.88,51.4,33.4,711.7,1.4,0.702,1.2,6,1.39,38.3,10.32,1.3,23.76,41.87,34.37,702.1,1835,78,0.36,29.1,-0.979,-0.203,10.63,13.74,16.615606,85.78680203,96.58808933,90.50868486,98.51116625,33.83108468,42.24663372,80.03368334,50.47848466,0.252358865,0.015863939,-0.088528978,0.913104719
11128250,0.120480778,9.997478182,100.5,19.9,2,38.5,525,1.05690073,0.135441902,1,1,37.41514,,1,38.5,100.6,9.997478182,96.58469945,89.3442623,90.98360656,1.19,73.8,63.62,64.2,39.5,751,0.3,0.688,1.15,4,1.4,24.8,11.06,2.09,25.37,39.2,35.43,511,1369,172,0.283,19,-0.632,-0.775,11.66,13.59,18.11282,47.61904762,96.2628866,88.40206186,91.49484536,2.221412774,5.613414634,,,0.015336952,-0.005065252,-0.003970342,
11152000,0.096941281,18.19264138,211.3,67.2,2,59,489,1.052436702,0.204942646,1,1,7.156277,1.825105706,1,59,163.6,16.49985748,96.58302189,93.16604378,93.00587293,2.07,625.1,80.89,63.9,60.5,663.8,2.9,0.654,1.03,5,2.35,38.3,10.02,3.14,20.17,34.81,45.02,759.1,1785,113,0.387,34.7,-0.132,0.991,8.25,16.63,17.294107,70.44776119,97.32101617,93.44110855,93.94919169,3.419893111,4.751959686,14.97461206,10.20955047,-0.144762853,-0.216354713,-0.026505137,
8294195,0.008466225,9.19991,42.9,99.3,1,21.5,673,1.001204465,0.055453063,1,1,6.622959,0.594145955,1,21.5,30.7,7.99996,96.57626208,94.97851772,79.65896885,2.27,78.6,73.93,49.1,74.6,399.9,36.7,0.115,0.4,2,1.21,73.1,9.46,3.82,21.29,50.78,27.93,2909.1,3843,2113,0.463,34.2,0.36,-0.933,13.07,4.42,13.3997,91.66666667,95.22268748,92.19642177,82.59421393,0.743431314,2.016412214,6.818708651,2.85470229,-0.028225705,-0.226721244,-0.093833455,0.691626384
11152050,0.035015225,18.38651128,216.8,68.4,2,59,489,1.076787138,0.257275519,1,1,5.778692,1.628838967,1,59,163.6,16.49985748,96.56468062,93.12936125,92.75362319,1.67,771.5,74.52,63.7,58.2,676.7,2.4,0.652,1.04,6,2.02,38.4,10.1,2.9,21.11,35.63,43.26,674.8,1785,52,0.359,31.4,0.227,0.974,8.44,15.13,17.029979,69.41747573,97.478221,93.62677671,93.81017882,2.814091554,3.832378483,12.12311082,8.239170447,-0.144762853,-0.216354713,-0.026505137,
8380500,0.098487072,15.49707264,54.2,93.6,1,10.90916667,94,1.08968262,0.364532558,1,1,99.368957,1.001978058,1,10.90916667,53.8,15.29518585,96.55603141,95.94932191,58.24411135,2.1,198.1,68.57,50.8,80.7,464.5,19.2,0.221,0.66,4,1.18,58,10.64,1.87,31.03,41.4,27.57,2652.5,3551,2136,0.381,25,-0.636,0.772,16.47,10.22,17.995738,78.92918826,96.58827721,96.04489578,58.29324782,30.00276242,42.76158506,96.58440182,48.47415447,0.009804609,0.004280286,0.019648497,1.00779206
11022480,0.032070224,11.19688889,130.3,185.1,2,46.94138889,436,1.033853672,0.163252117,1,1,79.360851,1.036983012,1,46.94138889,128.8,10.69708105,96.55261794,89.21721099,89.99481597,1.63,953.6,51.86,51.9,43.3,807.8,2.2,0.585,0.84,5,1.19,31,10.52,3.4,17.08,31.75,51.17,640.4,1967,89,0.294,18.5,0.017,-1,10.15,9.92,15.3664,97.25274725,96.46516393,89.95901639,90.11270492,57.24252031,58.6542156,,,-0.06719382,-0.136575236,-0.023271114,0.762980732
11453500,1.997812447,14.297696,162,219.1,2,42,485,0.992770341,0.056875221,1,1,68.402353,0.917637249,1,42,160.2,14.297696,96.54598419,94.13233458,86.89138577,1.47,293.4,112.6,63,63.1,752.4,2,0.624,0.62,3,1.5,36.4,10.72,0.99,28.71,44.41,26.88,554.7,1432,273,0.243,19.3,-0.169,0.986,7.16,23.78,17.47691,94.89051095,96.26506024,93.45381526,87.34939759,38.71637619,46.98312883,,,-0.106642653,-0.150364536,-0.029878285,0.389033416
11073495,1.011897887,22.99375,188.5,0,1,36,371,1.18622292,0.484330532,1,1,26.085866,1.717892731,1,36,186.3,22.99375,96.53937947,94.2124105,86.93317422,2.67,208.2,61.85,53.7,37.7,823.2,0.2,0.66,0.75,4,1.15,47.4,10.92,8.04,10,27.26,62.74,638.5,2692,199,0.176,13.5,-0.99,-0.14,18,2.08,10.502607,12.19512195,96.24927871,93.94114253,87.36295441,21.64413972,15.30172911,,,-0.100140609,-0.156993692,-0.019652861,0.478553645
11113500,0.953945143,25.38962,150.6,133.4,2,27.91666667,407,1.058567975,0.168396794,1,1,85.14101,0.938475197,1,27.91666667,148.2,25.39660143,96.53061224,98.23129252,80.68027211,2.67,103.3,67.78,49.9,39.1,708.5,2.6,0.693,1.18,4,1.59,40.1,9.58,1.4,23.56,44.22,32.23,996,2039,186,0.437,34.4,-0.944,-0.329,8.24,15.01,15.259699,90.90909091,96.34794157,98.07436919,81.14209827,30.60330822,37.52207164,84.35972894,53.69332043,0.13520071,-0.143701071,-0.106993406,0.625855641
11143000,0.396811158,7.3,169,4.6,2,72.96888889,253,0.999477743,0.028333646,1,1,99.985297,0.997222043,1,72.96888889,169.1,7.3,96.52908068,76.92307692,97.65478424,2.74,120.6,116.26,67.4,72.8,639.5,3.4,0.654,0.98,4,1.47,40.3,10.29,4.14,14.13,31.45,54.42,779,1505,80,0.492,43.6,-0.447,-0.894,9.44,19.35,18.127121,29.3715847,96.5274519,76.9591741,97.65368372,33.21126627,44.52462687,86.30373134,57.91119403,-0.174384752,-0.24477222,-0.020714274,0.306190458
11055800,0.422229018,31.99976923,129.3,43.4,2,35,799,1.077728881,0.21311175,1,1,84.009376,1.028498129,1,35,129.3,31.99976923,96.52307692,98.33846154,89.04615385,2.27,50.5,78.15,44,42.4,729.1,7.1,0.609,1.21,3,1.35,32.7,9.72,5.91,13.16,30.59,56.25,1197,1962,488,0.48,34.4,-0.802,-0.597,6.33,15.75,21.01686,79.54545455,96.51879236,98.39802834,89.03265558,69.21590056,59.36613861,,,-0.06861585,-0.100423765,-0.020662158,0.809620196
7103700,0.00674159,9.3,56.9,119.3,1,27.96166667,386,0.966949398,0.186378282,1,1,10.334753,0.918584336,1,27.96166667,33.9,8.289543605,96.5046986,94.63671785,89.98395599,2.23,264.2,59.97,52.8,94.9,393.5,27.6,0.361,0.86,4,1.42,49.5,10.03,9,11.62,33.61,54.77,2775.2,4300,1873,0.373,26.9,0.329,0.944,15.24,9.63,15.226314,92.61880688,97.4409099,92.12724365,92.19832948,5.396997417,6.578652536,9.350870553,5.675132475,,,,0.397808237
10258500,0.003400363,10.59917152,89.9,3.1,2,29.83333333,579,1.043866132,0.310348545,1,1,34.911598,1.024974947,1,29.83333333,86.9,10.59909721,96.50429799,91.40401146,84.49856734,2,241.5,37.78,41.9,27.9,813.4,5.1,0.464,0.98,4,2.22,43.9,9.87,5.3,11.18,26.56,62.26,1195.3,2452,208,0.44,22.7,0.863,0.506,7.76,8.36,22.326342,36.79245283,95.97759674,90.0712831,86.15071283,14.07063824,14.53863354,,,-0.03407223,-0.088554207,-0.01303173,
11451715,0.001416412,14.09929231,122.2,0,1,46,478,1.01132613,0.192087742,1,1,11.655139,0.944331954,1,46,112.5,13.59009,96.50238474,97.45627981,87.49337573,0.9,247.9,70.02,59.6,55.5,854.4,1,0.615,0.96,4,1.19,43.2,10.66,0.49,37.34,42.78,19.88,560.5,1162,264,0.34,18.2,-0.265,0.964,17.68,3.6,18.827651,6.423611111,96.07142857,96.74107143,89.46428571,2.304121352,5.157482856,23.98777733,10.34183138,-0.053507114,-0.11941711,-0.015162012,0.608025122
11143000,0.300543362,22.08597082,170.1,0,2,60,63,1.001682518,0.118081069,1,1,13.697515,0.363115177,1,60,124.3,17.39493143,96.49867374,96.49867374,95.80901857,2.74,120.6,116.26,67.4,72.8,639.5,3.4,0.654,0.98,4,1.47,40.3,10.29,4.14,14.13,31.45,54.42,779,1505,80,0.492,43.6,-0.447,-0.894,8.75,17.47,18.127121,8.879781421,96.5274519,95.87048334,96.29282027,0.979707657,4.544776119,86.30373134,57.91119403,0.014848658,0.011437441,0.000869751,
11466170,0.824221722,14.29606538,96.3,27.8,2,14.9525,454,1.034672374,0.100951567,1,1,22.469984,1.304360211,1,14.9525,94.3,14.29606538,96.49859944,97.99253035,50.42016807,1.63,56,106,64.2,74.7,734.4,0.9,0.619,0.66,2,1.24,27,11.09,1.2,26.85,43.61,29.55,220.7,744,50,0.248,12.2,0.779,-0.627,8.29,21.98,16.615901,50,95.75784357,96.59743703,52.09898365,0.386782233,1.523571429,,,0.264541567,0.141533693,-0.032432584,0.840366825
9510200,0.043943337,9.498790977,109.4,0.3,2,32.8,559,1.096526875,0.227911044,1,1,51.64207,0.937840864,1,32.8,91.5,8.099136364,96.49262654,86.64806696,86.44878438,1.74,425.3,61.33,36.1,50,956.2,2.1,0.215,1.04,5,1.39,30.1,10.19,4.14,15.96,29.86,54.17,1161.3,2161,545,0.383,21.4,-0.57,-0.822,7.77,5.8,17.785195,18.63468635,96.95824334,88.33693305,87.76097912,13.07368334,14.52337174,51.02477531,24.56769952,0.021089831,-0.083028358,-0.053698101,0.855361738
11172945,0.102733813,4.998690323,75.4,11,2,42.8,483,1.082450761,0.18105897,1,1,98.034239,1.017024877,1,42.8,75.4,4.998690323,96.48493544,81.68340507,91.70253467,1.9,87.1,62.38,62.8,59.5,791,4.1,0.574,1.07,3,1.31,29.5,10.31,2.21,25.08,45.14,29.79,814.2,1161,297,0.599,26.7,-0.303,-0.953,8.19,8.49,17.898739,35.03184713,96.41491396,81.69216061,91.70650096,16.30612818,27.85556831,,,-0.006291511,-0.101135562,-0.073177418,0.72189765
11456000,0.861642283,35,180.8,54.4,2,39.66666667,491,0.98946148,0.058389025,1,1,8.882523,2.160787162,1,39.66666667,136.2,33.79434,96.47597254,99.81693364,86.79633867,1.79,212.3,104.44,64,69.8,743.7,1.5,0.624,0.68,4,1.39,28.5,10.89,2.14,24.23,44.57,31.21,305.3,1261,75,0.209,20.9,-0.876,0.483,9.41,19.91,16.071526,63.53276353,98.20840198,99.83525535,88.1383855,1.060217481,3.36895902,,,0.151115828,-0.041238275,-0.085423292,0.601416408
11059300,0.136794785,17.09834107,259.3,134.4,2,84.5,484,1.061916475,0.260484733,1,1,10.204954,0.671506587,1,84.5,148.1,14.39061846,96.46756583,91.32947977,97.43095697,1.38,946,67.84,42.5,47.8,641.9,27.6,0.57,1.05,5,1.86,28.1,10.09,7.16,11.69,29.16,59.16,1661,3477,292,0.43,26,0.124,-0.992,4.77,15.02,19.036583,89.38356164,98.18020417,91.12294718,98.22458944,5.853874082,5.295634249,5.803953488,2.260084567,-0.084515517,-0.142665696,-0.020310006,0.682674413
9484000,0.241389284,6.798426834,83.9,57.5,2,71.9,565,1.077374174,0.229199494,1,1,85.517068,1.046778775,1,71.9,83.5,6.798426834,96.46637609,79.32752179,99.15940224,2.39,103.7,75.97,43.3,71.1,767.1,3.1,0.167,0.8,3,1.52,9.5,9.14,1.65,18.36,43.38,38.26,1878.8,2788,872,0.534,35.6,-0.977,-0.213,4.8,7.13,17.656755,74.02061856,96.44520335,79.23005278,99.16175101,21.59321881,31.624108,59.10578592,25.9246866,-0.075001263,-0.13012394,-0.017316944,0.572519765
11118500,0.351555331,30.59451818,246.8,1.2,2,34.90916667,34,1.131754029,0.32019089,1,1,82.190611,1.092289043,1,34.90916667,246.7,30.59460519,96.46621203,96.83818971,81.71109733,2.11,485.7,69.88,51.4,33.4,711.7,1.4,0.702,1.2,6,1.39,38.3,10.32,1.3,23.76,41.87,34.37,702.1,1835,78,0.36,29.1,-0.979,-0.203,9.39,15.31,16.615606,26.64974619,96.46401985,96.83622829,81.63771712,33.83108468,42.24663372,80.03368334,50.47848466,0.331314345,0.123299966,-0.014966023,1.109881426
11466170,0.672524473,18.88845858,95.5,30.7,2,20.98222222,464,1.037171026,0.109246206,1,1,22.469984,1.304360211,1,20.98222222,94,18.88228009,96.4519141,99.15966387,63.7254902,1.63,56,106,64.2,74.7,734.4,0.9,0.619,0.66,2,1.24,27,11.09,1.2,26.85,43.61,29.55,220.7,744,50,0.248,12.2,0.779,-0.627,8.29,21.98,16.615901,52.91970803,95.62527618,98.71851525,64.78126381,0.386782233,1.523571429,,,0.264541567,0.141533693,-0.032432584,0.840366825
11478500,0.154347446,13.99951795,261.1,0,1,123.9,434,0.979375248,0.052790109,1,1,12.895813,1.546514251,1,123.9,179.9,11.0969697,96.440247,90.77370142,98.18379949,1.44,572.4,186.88,62.5,90.6,614.2,24.9,0.537,0.86,6,1.67,36.7,10.37,1.41,23.84,42.24,33.92,923,1788,120,0.484,25.8,0.884,-0.467,13.6,11.98,14.61381,3.898635478,98.073936,93.94221808,98.44672258,1.95071882,5.137264151,8.748707198,1.959399022,-0.086162704,-0.125107951,-0.015183729,0.585520602
11065000,0.047518217,20.69766667,185.6,1.5,2,42.96166667,841,1.040743893,0.267860443,1,1,33.742927,1.953161117,1,42.96166667,156.4,20.69632,96.43782383,94.88341969,87.43523316,1.55,364.7,81.4,47.7,43.6,701.5,4.2,0.649,1.11,5,1.12,49.6,10,6.62,10.83,28.51,60.66,1250.1,3059,313,0.343,27.3,-0.675,0.738,7.23,10.24,19.024359,31.81818182,95.13742072,92.54756871,89.64059197,9.084707504,11.94332328,33.44313134,17.52322457,0.084418299,-0.035580624,-0.099919284,0.745010548
11101250,0.576360051,17.59892437,161.9,17.7,2,47.66666667,792,1.220395321,0.378417884,1,1,19.467814,0.2812935,1,47.66666667,153.5,17.59904462,96.4332893,92.8665786,93.52708058,3.16,237.3,62.69,59.1,33.7,843.8,0.3,0.655,0.85,3,1.36,34,10.8,2.61,18.95,41.98,39.07,471.3,1852,65,0.228,19.6,-0.987,-0.161,14.86,4.6,13.411358,55.96330275,96.76817899,92.66625233,93.97141081,15.93946448,13.65322377,19.49397387,12.38921197,-0.040271181,-0.19425095,-0.101413102,0.55475962
7103970,0.035426408,30.69956,142.1,167.2,1,10,758,1.00312092,0.327199691,1,1,5.2619,1.070175745,1,10,36.2,17.68850683,96.42676768,98.73737374,39.87373737,2.41,466,56.93,51.8,81.4,505.6,18.5,0.31,0.66,3,1.89,50.7,11.24,7.39,13.91,32.09,54,2352.6,2941,1907,0.431,10.8,-0.999,0.044,18.24,7.78,12.548144,94.50934579,99.704502,99.47853294,52.18147054,0.854179079,1.403690987,,,-0.022841551,-0.078864281,-0.013511153,0.737907065
11124500,0.025285515,25.89345934,202.2,212.7,2,39,466,1.056462517,0.173954186,1,1,10.349061,0.625957006,1,39,144.2,19.19529655,96.42365887,94.77303989,87.62035763,2.37,191.5,83.1,54.6,38.1,636.9,4.5,0.711,1.17,4,1.85,23.3,9.72,1.35,23.93,41.12,34.95,1023.6,1999,256,0.444,33.5,-0.78,-0.626,7.6,19.21,17.185694,95.29411765,97.05882353,95.92760181,89.70588235,6.08393386,7.478694517,,,-0.039576332,-0.11144761,-0.016184922,
14096850,0.11490007,7.299685125,117.7,31.8,1,87.92861111,605,1.225054289,0.477852884,1,1,12.847491,0.829376028,1,87.92861111,34.6,1.699453344,96.4015833,78.26556315,95.9697733,1.76,374.6,63.23,63.5,98.2,572.8,37.1,0.399,0.75,4,1.18,80.4,11.21,2.4,21.23,40.29,38.48,942.7,1698,688,0.253,10.6,-0.847,0.531,5.94,4.02,16.908903,59.63302752,99.02516436,96.48605758,97.43822263,1.827171922,2.088788041,,,0.087349021,-0.036028167,-0.127932333,0.745379826
11057500,0.022291965,9.599014054,101.8,5.9,2,45.5,793,1.072205196,0.275531946,1,1,11.248274,1.350759162,1,45.5,100.1,9.598914924,96.38761468,89.96559633,92.60321101,1.6,329,50.34,46.1,42.4,822.1,3.2,0.566,1.05,4,1.49,23.2,10.74,3.94,14.73,32.5,52.77,880.7,2686,317,0.238,13.8,-0.199,-0.98,12.8,3.44,19.193511,52.42424242,96.09171443,89.42157374,93.27774883,6.522506043,7.626474164,11.73519757,9.619696049,-0.110660722,-0.244874442,-0.100588062,0.506879596
11025500,0.022951631,22.39896974,108.3,0.1,2,18,778,1.023728093,0.133890421,1,1,57.038453,0.63853309,1,18,98,19.89873913,96.37931034,98.27586207,55.22988506,1.59,288.7,61.83,49,43.1,760.7,1.6,0.57,0.88,4,1.39,32.2,10.45,3.04,16.47,31.29,52.24,891.8,1731,269,0.428,20.2,-0.631,-0.776,9.34,6.58,16.426629,20.77625571,96.29057187,98.19680577,57.85677486,35.29497486,34.52483547,,,0.004601165,-0.01412555,-0.015278874,0.884453394
7104905,0.199394722,28,73.8,299.6,1,16,752,1.163315213,0.747803961,1,1,5.351106,0.612912952,1,16,35.2,20.37202838,96.37506042,99.32334461,66.03431609,2.32,613.5,54.77,51.4,80.5,521.8,16.6,0.322,0.71,3,1.84,50.4,11.26,7.38,13.5,29.69,56.81,2279.5,2941,1822,0.411,10.1,-1,0.006,18.71,7.64,13.421778,99.03314917,97.53999656,98.89901944,73.0603819,3.217745165,3.097555012,4.981222494,2.570904645,-0.064060833,-0.128927104,-0.023282184,0.56043363
9510200,0.022304572,15.29625,138.8,62,1,20.96666667,405,1.110411064,0.293083857,1,1,51.64207,0.937840864,1,20.96666667,90.1,12.99471746,96.37305699,94.61937027,65.80310881,1.74,425.3,61.33,36.1,50,956.2,2.1,0.215,1.04,5,1.39,30.1,10.19,4.14,15.96,29.86,54.17,1161.3,2161,545,0.383,21.4,-0.57,-0.822,27.56,4.68,17.785195,78.96678967,98.23614111,95.42836573,68.1425486,13.07368334,14.52337174,51.02477531,24.56769952,-0.052821781,-0.210129636,-0.058818677,0.567500373
11022480,0.05374732,14.296904,127.3,0.2,2,47.90916667,496,0.990516128,0.144417443,1,1,79.360851,1.036983012,1,47.90916667,124.8,14.09339487,96.37117678,93.62363919,91.39450492,1.63,953.6,51.86,51.9,43.3,807.8,2.2,0.585,0.84,5,1.19,31,10.52,3.4,17.08,31.75,51.17,640.4,1967,89,0.294,18.5,0.017,-1,11.62,11.2,15.3664,30.90659341,96.41393443,93.54508197,91.39344262,57.24252031,58.6542156,,,-0.06719382,-0.136575236,-0.023271114,0.762980732
11148900,0.700376364,9.09990122,196.9,40.7,2,88,537,1.00956435,0.186780824,1,1,10.274829,1.729434032,1,88,135.6,6.29993902,96.3666853,75.12576859,98.68641699,1.48,403.5,69.16,62.7,52.5,745.3,1.5,0.653,0.99,5,1.22,31.2,11.37,2.86,22.94,36.87,40.19,551.8,1138,256,0.337,21.3,-0.586,0.81,10.3,11.45,16.11163,58.23754789,97.79669504,81.22183275,98.82323485,2.112819809,3.949739777,20.74907063,12.52795539,-0.089672211,-0.151613332,-0.019478339,
11114495,1.355471267,37.69318974,219.7,181.4,2,26.88916667,407,1.039853634,0.136578794,1,1,99.929207,1.004411539,1,26.88916667,220.2,37.69318974,96.33995037,98.2630273,78.97022333,2.46,124.3,88.3,49.7,35.9,606.1,3.8,0.706,1.05,4,1.37,38.6,9.71,1.12,21.93,42.54,35.53,1162,1835,429,0.521,38.3,-0.875,0.484,6.78,18.37,13.969926,89.58333333,96.33540373,98.26086957,78.94409938,72.44200871,74.63990346,91.62960579,77.48479485,0.109225139,-0.198628136,-0.101844596,0.531856898
11451715,0.003278309,21.39975132,232.9,74.4,2,78,143,1.095007447,0.256817475,1,1,11.690112,0.296371599,1,78,82.3,15.59198235,96.33522727,99.48863636,96.84659091,0.9,247.9,70.02,59.6,55.5,854.4,1,0.615,0.96,4,1.19,43.2,10.66,0.49,37.34,42.78,19.88,560.5,1162,264,0.34,18.2,-0.265,0.964,7.69,10.4,18.827651,78.81944444,99.10714286,99.28571429,97.52232143,1.945488238,3.78987495,23.98777733,10.34183138,-0.03605718,-0.06584007,0.002251203,0.654581878
8294195,0.008286092,13.49745577,44.1,29.6,1,8.5,372,1.026206263,0.248164076,1,1,17.374893,0.678045527,1,8.5,36.2,13.29784444,96.33514023,97.92599576,44.7442847,2.27,78.6,73.93,49.1,74.6,399.9,36.7,0.115,0.4,2,1.21,73.1,9.46,3.82,21.29,50.78,27.93,2909.1,3843,2113,0.463,34.2,0.36,-0.933,13.07,4.42,13.3997,53.57142857,95.66044918,96.49790636,51.44651694,7.408677581,8.567175573,6.818708651,2.85470229,-0.039297524,-0.049703246,-0.002356364,0.726785306
8294195,0.01549139,24.3937989,40.6,81,1,11,423,0.933488681,0.425511502,1,1,17.374893,0.678045527,1,11,36.2,24.39716584,96.33514023,99.67004478,57.27079896,2.27,78.6,73.93,49.1,74.6,399.9,36.7,0.115,0.4,2,1.21,73.1,9.46,3.82,21.29,50.78,27.93,2909.1,3843,2113,0.463,34.2,0.36,-0.933,14.07,10.23,13.3997,84.92063492,94.67072707,99.27674153,62.70460601,7.408677581,8.567175573,6.818708651,2.85470229,-0.039297524,-0.049703246,-0.002356364,0.726785306
9484000,0.215175064,17.99059376,81.2,19.1,1,75,421,1.066476854,0.264094823,1,1,85.517068,1.046778775,1,75,80.6,17.99059376,96.29514321,96.57534247,99.39290162,2.39,103.7,75.97,43.3,71.1,767.1,3.1,0.167,0.8,3,1.52,9.5,9.14,1.65,18.36,43.38,38.26,1878.8,2788,872,0.534,35.6,-0.977,-0.213,21.03,13.39,17.656755,41.44329897,96.27444893,96.49177274,99.39459795,21.59321881,31.624108,59.10578592,25.9246866,-0.074892772,-0.116415733,-0.009778556,0.427145513
11274500,0.284959372,8.2,78.7,65.3,2,58,865,1.102060746,0.259114557,1,1,91.144936,0.968114006,1,58,78.7,8.2,96.28700452,93.02558956,96.63823382,1.48,347.8,45.32,61.6,45.7,861,1.4,0.624,1.05,4,1.63,30.1,10.73,1.77,24.88,42.82,32.31,475.6,1155,62,0.378,24.4,-0.349,0.937,8.71,5.88,18.273952,78.69565217,96.2888666,92.97893681,96.63991976,28.95967613,36.63890167,,,-0.021923601,-0.068777694,-0.074957301,0.708413297
11169800,0.04854598,6.799013062,92.1,24.7,2,76.66666667,829,1.012771845,0.108571063,1,1,19.710195,1.254471196,1,76.66666667,71.5,5.799356824,96.278826,85.8490566,98.58490566,1.22,282.9,60.85,63.3,56.7,817.9,1.8,0.626,0.99,4,1.41,31.7,10.98,2.22,23.01,45.71,31.28,604,1101,244,0.421,25.6,-0.968,-0.251,8.67,8.1,15.108,50.31055901,96.64960447,85.48161936,98.74360168,8.512952968,12.39353128,,,-0.05197041,-0.089555726,-0.018581726,0.693486301
11027000,0.008271236,4.499800862,86.2,6.1,2,52.5,866,0.993339492,0.056410779,1,1,70.526293,1.115871643,1,52.5,83.2,4.499800862,96.26769627,75.41827542,96.46074646,1.62,58.2,51.93,53.2,38.8,797.9,0.2,0.625,1,3,1.16,28.6,11.16,2.59,16.4,30.84,52.76,653.6,1276,217,0.433,13,-0.467,-0.884,11.4,11.03,15.624757,54.92957746,96.62420382,75.0955414,96.49681529,49.6480909,49.63608247,,,-0.025618471,-0.03325335,-0.013415509,1.239786878
7104905,0.096004866,27.19263636,52.1,134.7,1,10.5,412,0.765635195,0.781147632,1,1,5.351106,0.612912952,1,10.5,35,24.38530296,96.26631223,99.68583857,39.93475109,2.32,613.5,54.77,51.4,80.5,521.8,16.6,0.322,0.71,3,1.84,50.4,11.26,7.38,13.5,29.69,56.81,2279.5,2941,1822,0.411,10.1,-1,0.006,17.56,8.62,13.421778,85.84254144,94.93376914,98.77859969,52.17615689,3.217745165,3.097555012,4.981222494,2.570904645,,,,0.544737842
9430600,0.008413291,8.699510714,65.1,66.3,1,49.66666667,396,1.01932854,0.077463354,1,1,51.133435,1.205781063,1,49.66666667,61.2,8.997168889,96.24200426,94.29637527,95.49573561,1.85,190.5,67.41,44.7,72,593.8,14,0.222,0.58,3,1.32,53.1,9.96,2.05,31.86,33.61,34.53,2371.3,3268,1694,0.444,40.6,-0.973,-0.231,18.21,2.4,15.895541,77.76470588,95.51939925,92.59073842,95.76971214,11.52470622,12.07322835,91.38944882,35.34944882,-0.06560322,-0.150798354,-0.047865587,0.617887885
11458500,0.79641056,17.5971513,121.2,42.7,2,15.95666667,454,1.002404052,0.04101822,1,1,63.695385,1.042728974,1,15.95666667,118.9,15.89454691,96.23331898,96.98665519,52.73353422,2.59,150.4,107.96,63.9,77.4,739.6,1.4,0.626,0.64,3,1.77,23.2,10.42,1.81,24.93,43.89,31.18,301.1,824,39,0.336,17.6,-0.861,-0.509,8.12,22.19,19.519202,62.21374046,96.12930668,97.66056997,52.99872395,10.35774737,23.62679521,,,0.19127005,-0.008569863,-0.068260773,0.620423687
11027000,0.209213618,7.29894026,83.2,60.8,2,41,77,1.084424616,0.201342324,1,1,50.900245,0.591991427,1,41,77.5,6.799596092,96.22266402,87.27634195,91.68323393,1.62,58.2,51.93,53.2,38.8,797.9,0.2,0.625,1,3,1.16,28.6,11.16,2.59,16.4,30.84,52.76,653.6,1276,217,0.433,13,-0.467,-0.884,9.92,11.16,15.624757,88.73239437,96.21019108,87.6433121,92.00636943,10.30581508,11.12010309,,,-0.00933244,-0.026663326,0.000626046,0.906814577
11124500,0.007777884,11.19747727,164.1,0.5,1,43,832,1.061630043,0.178753466,1,1,71.062545,1.035623791,1,43,183.4,12.59692053,96.20034542,85.89522165,91.4507772,2.37,191.5,83.1,54.6,38.1,636.9,4.5,0.711,1.17,4,1.85,23.3,9.72,1.35,23.93,41.12,34.95,1023.6,1999,256,0.444,33.5,-0.78,-0.626,15.28,2.54,17.185694,25.29411765,95.30542986,84.04977376,91.60067873,68.62677395,63.6551436,,,-0.043692357,-0.109650374,-0.026983016,0.583171137
11152050,0.055789457,8.499860465,189.9,6.2,2,93.8,909,1.08576348,0.278161143,1,1,31.232187,1.394009406,1,93.8,173,8.299602041,96.17866005,79.70223325,98.51116625,1.67,771.5,74.52,63.7,58.2,676.7,2.4,0.652,1.04,6,2.02,38.4,10.1,2.9,21.11,35.63,43.26,674.8,1785,52,0.359,31.4,0.227,0.974,8.75,11.74,17.029979,26.94174757,96.65291151,79.87161852,98.62448418,12.27500159,18.24777706,12.12311082,8.239170447,-0.040209457,-0.070277138,-0.018460304,0.651840956
11022480,0.027467553,11.99909212,119,51.8,2,41,77,1.155747764,0.366891238,1,1,18.106704,1.206871256,1,41,90.2,8.699365714,96.14678899,89.29663609,84.80122324,1.63,953.6,51.86,51.9,43.3,807.8,2.2,0.585,0.84,5,1.19,31,10.52,3.4,17.08,31.75,51.17,640.4,1967,89,0.294,18.5,0.017,-1,10.15,9.92,15.3664,82.69230769,95.95286885,90.72745902,87.26946721,5.172206094,4.374381292,,,-0.002651266,0.004306109,-0.002820247,0.966853157
11143000,0.885194121,27.49285714,213,405.8,2,47.5,475,1.062474736,0.206786619,1,1,13.697515,0.363115177,1,47.5,119.7,15.39573,96.12732095,95.0132626,91.64456233,2.74,120.6,116.26,67.4,72.8,639.5,3.4,0.654,0.98,4,1.47,40.3,10.29,4.14,14.13,31.45,54.42,779,1505,80,0.492,43.6,-0.447,-0.894,8.68,23.37,18.127121,100,98.1698733,97.79446269,92.60910371,0.979707657,4.544776119,86.30373134,57.91119403,-0.06088307,-0.108076154,-0.019716675,
11458500,1.154136343,20.09595607,119.7,45.9,2,21.98527778,464,1.012303605,0.058283227,1,1,63.695385,1.042728974,1,21.98527778,117.8,20.09918605,96.12569953,98.92380542,64.57167456,2.59,150.4,107.96,63.9,77.4,739.6,1.4,0.626,0.64,3,1.77,23.2,10.42,1.81,24.93,43.89,31.18,301.1,824,39,0.336,17.6,-0.861,-0.509,8.12,22.19,19.519202,63.74045802,95.95916631,98.46873671,64.78094428,10.35774737,23.62679521,,,0.19127005,-0.008569863,-0.068260773,0.620423687
13313000,0.037544102,9.999830918,84.9,0,1,47.98722222,94,1.087279577,0.208290214,1,1,67.907053,1.093125598,1,47.98722222,84.8,9.999830918,96.10347086,98.23182711,88.05937568,2.37,561.9,111.97,63.9,127.1,412.2,72.3,0.331,0.76,4,1.26,70.8,10.51,12.33,5.96,24.01,70.04,2180.4,2779,1439,0.559,25,0.842,-0.539,2.78,6.82,16.262621,4.50928382,96.12293658,98.2406603,88.11902693,22.36864148,29.52989856,13.92731803,7.197579641,-0.047968396,-0.058560431,0.000389738,0.750534669
11143000,1.159909539,38.196769,165.8,61.7,2,57.5,212,1.008785082,0.122843218,1,1,86.219962,1.022908078,1,57.5,161.8,36.996769,96.07750473,99.38563327,95.77032136,2.74,120.6,116.26,67.4,72.8,639.5,3.4,0.654,0.98,4,1.47,40.3,10.29,4.14,14.13,31.45,54.42,779,1505,80,0.492,43.6,-0.447,-0.894,8.68,23.37,18.127121,71.03825137,96.19896762,99.48381042,95.80009385,14.47744466,22.15223881,86.30373134,57.91119403,-0.031238989,-0.040315131,0.002169895,1.009060924
11113000,0.207801894,29.1979,225.5,3.3,2,40,886,1.056813971,0.179026867,1,1,12.550943,0.240796008,1,40,135.9,19.49227692,96.06784888,97.14726291,78.83577487,1.41,650,68.34,45.4,34.7,663.4,7.7,0.69,1.22,4,1.67,44.6,9.91,2,22.07,41.65,36.28,1251.5,2274,184,0.512,32.7,-1,0.016,8.13,13.21,16.054577,38.63636364,95.86092715,96.46799117,84.40949227,8.618055904,10.59078462,14.98787692,8.055507692,-0.025422236,-0.026393799,-0.019054104,1.216620088
10321590,0.000540669,3.198551678,30.9,9.9,1,36.66666667,801,1.025765283,0.11147703,1,1,10.934387,0.579158788,1,36.66666667,23.6,2.499682927,96.05776737,87.97814208,90.96409055,1.45,476.6,31.03,52.6,69.9,545.9,39,0.172,1.1,4,1.34,63.8,11.2,2.06,27.06,43.56,29.38,1821.7,2574,1498,0.301,12.2,-0.936,0.351,8.07,2.33,21.107389,44.05940594,95.04744958,87.30723606,93.14946619,4.108979966,3.921023919,,,0.02983174,0.041453002,0.00478053,
11057500,0.039247629,13.0903203,97.4,18.6,2,24,817,1.040334597,0.147484092,1,1,5.10267,0.753186471,1,24,52.8,9.596738475,96.04810997,95.79037801,67.6975945,1.6,329,50.34,46.1,42.4,822.1,3.2,0.566,1.05,4,1.49,23.2,10.74,3.94,14.73,32.5,52.77,880.7,2686,317,0.238,13.8,-0.199,-0.98,12.8,3.44,19.193511,65.60606061,95.51849922,93.01719646,78.66076081,2.02402941,2.564042553,11.73519757,9.619696049,0.124387617,0.004133387,-0.131043916,1.193373124
7103700,0.155410253,23.4896,51.5,91.7,1,9.75,412,0.928266417,0.363545779,1,1,10.334753,0.918584336,1,9.75,32.2,21.89346324,96.04629842,99.58743983,41.84047674,2.23,264.2,59.97,52.8,94.9,393.5,27.6,0.361,0.86,4,1.42,49.5,10.03,9,11.62,33.61,54.77,2775.2,4300,1873,0.373,26.9,0.329,0.944,14.17,10.32,15.226314,85.33872599,96.87222321,99.04034121,50.99520171,5.396997417,6.578652536,9.350870553,5.675132475,,,,0.397808237
11160500,0.265919375,17.59775584,172.6,0,2,64.9775,493,0.965550083,0.107854276,1,1,19.295537,0.992160412,1,64.9775,156.6,13.69912727,96.04300091,87.28270814,96.93504117,2.46,275.8,118.78,67,68.2,703.2,0.7,0.632,0.89,4,1.34,42.1,10.75,3,18.37,36.19,45.44,364.3,980,76,0.323,25.1,-0.998,-0.056,9.9,16.89,15.363053,6.444906445,96.11774744,91.7662116,97.14163823,2.493591322,7.196736766,,,-0.022487058,-0.187511714,-0.163053542,0.533704057
11129800,0.027885262,8.495260504,89.3,17,2,38.5,525,1.066834283,0.129849569,1,1,19.694249,2.110868413,1,38.5,89.8,8.495260504,96.03340292,86.91718859,90.91858038,0.98,85.3,58.44,66.4,39.6,749.9,0.1,0.68,0.97,3,1.28,24.6,11.29,2.31,24.04,39.55,36.41,443.7,1306,157,0.254,20,-0.839,-0.544,11.75,12.6,15.248683,37.11340206,95.4248366,86.07843137,91.47058824,0.276776534,1.44021102,,,0.026378043,0.019077106,0.000568816,
11077500,0.066323449,17.89864835,109.3,10.1,2,31,375,1.078396286,0.269684932,1,1,11.126418,1.048190759,1,31,72.5,12.59883117,96.01328904,95.0166113,83.43023256,1.28,240.8,51.01,60.8,37.1,825.6,0,0.654,1.13,5,1.61,20.2,10.37,1.7,25.4,46.19,28.41,553.2,1719,35,0.308,25.4,-0.221,-0.975,12.94,6.47,17.754193,50,96.10472542,95.40229885,87.13282248,2.324327314,4.497757475,,,-0.055828124,-0.094919846,-0.082280639,0.664035711
11025500,0.004217607,12.99924848,112.4,4.8,2,27,879,1.000300665,0.13425954,1,1,7.499671,0.63456728,1,27,85.7,12.29847672,96.00532623,95.20639148,73.90146471,1.59,288.7,61.83,49,43.1,760.7,1.6,0.57,0.88,4,1.39,32.2,10.45,3.04,16.47,31.29,52.24,891.8,1731,269,0.428,20.2,-0.631,-0.776,12.27,5.34,16.426629,39.7260274,96.80577022,93.81761978,79.54662545,5.200985221,3.255836508,,,0.005724847,-0.008200152,-0.023048129,
11461500,0.918190976,11.79979273,143.4,0.2,2,48,212,1.023237634,0.103509732,1,1,23.026463,1.979605621,1,48,98,9.694144985,95.99659284,93.56899489,89.92759796,2.19,238.7,114.45,62.5,77.8,761.6,2,0.595,1.06,4,1.35,37.3,11.11,0.92,28.71,43.04,28.25,497.3,1167,258,0.27,20.9,-0.276,-0.961,8.11,20.37,16.250428,13.2798574,98.11391928,94.60580913,91.04111656,5.04689448,7.209426058,23.12739841,8.386175115,0.247462344,0.074943405,0.002092771,0.783055803
11274630,0.022514441,5.299549217,78.1,30.1,2,66.75,537,1.046602166,0.145797788,1,1,13.905464,1.291954055,1,66.75,59.8,3.999568696,95.99555061,82.42491657,97.74749722,1.77,187.4,43.32,61.7,49.1,799,2.1,0.604,1.08,4,1.42,30.9,10.3,1.62,26.46,42.13,31.41,559.2,1116,65,0.472,26.1,-0.722,0.692,7.89,8.15,18.975462,62.44725738,96.43387816,85.2897474,97.99405646,4.696483564,5.048932764,,,-0.041494034,-0.069598546,-0.019274809,0.736767118
11113000,0.005097028,18.89890105,180.9,0,1,84,724,0.844889688,0.378973637,1,1,12.550943,0.240796008,1,84,133.8,17.995644,95.99074788,96.37625289,96.6075559,1.41,650,68.34,45.4,34.7,663.4,7.7,0.69,1.22,4,1.67,44.6,9.91,2,22.07,41.65,36.28,1251.5,2274,184,0.512,32.7,-1,0.016,14.72,2.17,16.054577,13.63636364,94.64679912,91.11479029,97.57174393,8.618055904,10.59078462,14.98787692,8.055507692,-0.025422236,-0.026393799,-0.019054104,1.216620088
7103970,0.140368785,64.25872,168.5,52.9,1,11.99083333,396,0.820614825,0.868478207,1,1,5.2619,1.070175745,1,11.99083333,34.2,9.298296923,95.97222222,94.34343434,49.84848485,2.41,466,56.93,51.8,81.4,505.6,18.5,0.31,0.66,3,1.89,50.7,11.24,7.39,13.91,32.09,54,2352.6,2941,1907,0.431,10.8,-0.999,0.044,18.24,7.78,12.548144,60.68925234,99.77403094,100,61.0637928,0.854179079,1.403690987,,,-0.045625292,-0.111324372,-0.010237437,0.616935612
10260950,0.013454937,25.89390261,153.2,0,2,36,519,1.018789992,0.105762097,1,1,10.926878,0.653202168,1,36,102.8,16.19472679,95.97211464,95.35243997,82.14562355,2.1,175.1,66.31,43.9,49,724,6.7,0.611,0.97,4,1.24,39.2,10.29,5.47,13.39,28.27,58.34,1271.7,1862,921,0.362,20.2,0.925,0.379,6.25,13.76,18.304836,15.69767442,95.65741858,95.29553679,86.03739445,7.69524916,7.127527127,10.63038264,5.662649914,0.042976842,-0.190861365,-0.11174412,0.534681546
11451715,0.288993765,9.796718693,125.5,130.1,2,67.66666667,571,1.009537866,0.087658714,1,1,11.690112,0.296371599,1,67.66666667,79.9,5.799821905,95.96590909,88.35227273,94.60227273,0.9,247.9,70.02,59.6,55.5,854.4,1,0.615,0.96,4,1.19,43.2,10.66,0.49,37.34,42.78,19.88,560.5,1162,264,0.34,18.2,-0.265,0.964,8.75,13.34,18.827651,91.66666667,96.36160714,91.69642857,95.75892857,1.945488238,3.78987495,23.98777733,10.34183138,-0.028831435,-0.039762042,-0.011139522,0.691053957
11372000,0.051842966,18.2,227.4,0,1,61.9,853,1.01576486,0.127243234,1,1,6.341896,0.624858698,1,61.9,193.2,15.99401408,95.96178897,97.04732957,86.58271819,1.46,589.9,149.15,61.6,92.2,773.2,13.3,0.544,0.71,4,1.55,62,10.11,2.48,20.64,39.59,39.77,857.8,1883,245,0.39,33.5,-0.806,0.592,14.22,7.61,14.264321,6.582278481,96.65766374,97.77177583,89.53409858,1.867578044,3.624563485,,,-0.101866292,-0.146039188,-0.019165427,0.556108781
11046250,0.047151757,10.48849412,84.6,4,2,48,479,1.059671418,0.163622561,1,1,14.830853,1.562492382,1,48,79.7,9.99996,95.95310136,90.46898638,95.31013616,2.14,109.9,44.67,63.3,35,819.1,0,0.651,0.91,3,1.21,21.3,10.53,2.35,22.35,34.44,43.22,322.5,958,5,0.333,18.1,-0.472,-0.882,13.06,10.26,15.647458,48.38709677,96.1722488,90.90909091,95.7621326,5.815160593,5.688262056,,,-0.07217237,-0.131841652,-0.01744988,1.040754556
11065000,0.13354793,25.69712364,199.2,0,2,21.66666667,860,0.964192397,0.309209242,1,1,24.135281,0.744402096,1,21.66666667,198.4,25.69457818,95.95166163,94.32024169,52.99093656,1.55,364.7,81.4,47.7,43.6,701.5,4.2,0.649,1.11,5,1.12,49.6,10,6.62,10.83,28.51,60.66,1250.1,3059,313,0.343,27.3,-0.675,0.738,7.67,19.01,19.024359,11.81818182,95.87737844,94.60887949,55.44397463,10.41161438,14.07153825,33.44313134,17.52322457,-0.06041197,-0.08610189,-0.015125256,0.79787982
9508300,0.316661212,12.19979707,61,0,2,19.66666667,303,1.054583529,0.151788986,1,1,83.630661,1.091927993,1,19.66666667,60.3,12.19979707,95.9478506,96.05355884,72.21634954,1.24,93,61.67,39.9,60.5,779.9,8.4,0.144,0.7,3,1.58,36,10.05,2.68,22.26,37.89,39.84,1496.5,2272,712,0.503,27.8,0.203,-0.979,11.42,3,16.736963,8.365019011,95.87700908,96.08665269,72.44933613,25.49898573,26.68935484,,,-0.07765983,-0.144763968,-0.009734719,0.3593483
11204100,0.089349741,12.39176928,125.4,0,2,23.92861111,473,1.092174883,0.218553918,1,1,45.981764,1.33889849,1,23.92861111,125.3,12.39176928,95.933366,90.44585987,70.35766781,2.9,249.1,79.83,55.9,53.1,703.2,25.2,0.595,0.74,4,1.36,65.9,9.43,2.64,18.72,31.31,49.98,1348.7,2824,292,0.417,34.4,0.119,-0.993,5.19,10.48,17.505672,14.79289941,96.04761905,90.57142857,71.0952381,14.70255814,23.47442794,48.9626656,16.38281815,-0.176420369,-0.332865736,-0.145271664,0.486976376
11161000,0.243963215,17.59775584,172.9,0,2,64.9775,493,0.982270255,0.108808144,1,1,18.338121,1.199590247,1,64.9775,157,13.69912727,95.9278112,87.04303563,96.76075891,2.09,298.3,118.15,67.1,68.5,703.5,0.6,0.632,0.9,4,1.4,42,10.85,3,18.27,35.92,45.81,350.3,980,8,0.355,24.6,-0.996,0.09,9.89,16.79,15.746177,6.680584551,96.08938547,91.49119037,96.99183498,2.25540185,6.709420047,,,-0.020278057,-0.183563427,-0.161039514,0.536703619
11015000,0.026922613,14.59566036,98.7,0,1,24,496,0.987874154,0.10058567,1,1,81.490142,1.480326105,1,24,93.9,14.69473228,95.90766002,95.17313746,78.93494229,1.44,117.8,76.11,45.5,48.7,677.6,11.1,0.564,0.71,3,1.32,40,10.19,5.47,12.93,24.7,62.37,1330.9,1942,1002,0.351,17.6,-0.501,-0.865,7.93,16.06,15.126983,9.322033898,96.10966057,95.03916449,79.03394256,64.84675838,71.42852292,,,-0.09802169,-0.192878786,-0.023272728,0.608571175
11461500,0.882602179,11.99740475,120.6,143.4,2,43.9,214,1.013028341,0.057388634,1,1,23.026463,1.979605621,1,43.9,97.6,10.28904275,95.89011925,94.67632027,86.96763203,2.19,238.7,114.45,62.5,77.8,761.6,2,0.595,1.06,4,1.35,37.3,11.11,0.92,28.71,43.04,28.25,497.3,1167,258,0.27,20.9,-0.276,-0.961,8.11,20.37,16.250428,93.76114082,96.64277631,94.68125236,88.30629951,5.04689448,7.209426058,23.12739841,8.386175115,0.247462344,0.074943405,0.002092771,0.783055803
11149900,0.158276977,8.699828571,157.1,190.6,2,73,132,1.162324846,0.361505792,1,1,8.664033,1.715767974,1,73,149.3,8.699828571,95.88014981,80.57784912,97.35152488,1.56,556.4,63.26,62,54,737.5,1.5,0.659,1.13,4,1.35,33.5,10.91,2.31,24.37,37.78,37.85,533.4,1785,248,0.186,19.5,-0.995,-0.102,8.3,13.77,16.227347,94.42231076,95.8971824,80.5239743,97.5531389,1.544994989,3.774209202,28.84609993,15.65149173,0.015682926,0.015878051,0.003511839,
9510200,0.419459124,6.8,91.4,0,2,39.875,874,1.033210892,0.13782873,1,1,38.424484,0.967102488,1,39.875,80.9,6.8,95.87542088,83.29124579,90.10942761,1.74,425.3,61.33,36.1,50,956.2,2.1,0.215,1.04,5,1.39,30.1,10.19,4.14,15.96,29.86,54.17,1161.3,2161,545,0.383,21.4,-0.57,-0.822,7.77,5.8,17.785195,8.302583026,95.53635709,80.34557235,91.50467963,16.38612732,18.54300494,51.02477531,24.56769952,-0.018953429,-0.046296014,-0.012013773,0.868715379
11149900,0.154714473,8.199533643,193.4,72,2,49.66666667,984,1.009648417,0.148468965,1,1,21.73561,1.616261858,1,49.66666667,138.4,6.299798458,95.87301587,73.54497354,92.22222222,1.56,556.4,63.26,62,54,737.5,1.5,0.659,1.13,4,1.35,33.5,10.91,2.31,24.37,37.78,37.85,533.4,1785,248,0.186,19.5,-0.995,-0.102,9.33,13.34,16.227347,71.11553785,97.52842313,79.04102818,92.68413248,8.848335816,13.12359813,28.84609993,15.65149173,-0.018115559,-0.040637275,-0.022927574,0.784858977
11149900,0.246830655,32.88664848,150.7,87.1,2,44.5,863,1.259644186,0.620742036,1,1,28.802865,1.62219344,1,44.5,150.7,32.88664848,95.86135541,99.06880497,89.13605794,1.56,556.4,63.26,62,54,737.5,1.5,0.659,1.13,4,1.35,33.5,10.91,2.31,24.37,37.78,37.85,533.4,1785,248,0.186,19.5,-0.995,-0.102,8.45,9.76,16.227347,76.09561753,95.65002472,99.11023233,89.52051409,15.62239126,19.76732566,28.84609993,15.65149173,-0.010138407,-0.106039938,-0.106604941,0.675502193
11148900,0.507386885,9.797258145,163.1,51.5,2,39.5,826,1.040843827,0.189071607,1,1,6.063932,1.901817314,1,39.5,126.9,8.999426038,95.85201794,83.91255605,85.17376682,1.48,403.5,69.16,62.7,52.5,745.3,1.5,0.653,0.99,5,1.22,31.2,11.37,2.86,22.94,36.87,40.19,551.8,1138,256,0.337,21.3,-0.586,0.81,8.56,15,16.11163,62.06896552,96.59489234,82.47371057,86.30445669,1.860832125,3.682081784,20.74907063,12.52795539,-0.028729434,-0.048945195,-0.013939367,0.763799659
11453500,0.148629525,21.19454225,181.4,60.2,2,56.8,99,1.04343702,0.170826443,1,1,68.402353,0.917637249,1,56.8,145.6,15.79738538,95.83853516,95.67207657,93.88264669,1.47,293.4,112.6,63,63.1,752.4,2,0.624,0.62,3,1.5,36.4,10.72,0.99,28.71,44.41,26.88,554.7,1432,273,0.243,19.3,-0.169,0.986,7.46,18.15,17.47691,60.40145985,97.00803213,98.03212851,94.09638554,38.71637619,46.98312883,,,-0.005397959,-0.024779725,-0.001144985,0.927361723
11148900,0.284922649,14.09856,149.5,0,2,38,114,1.161358652,0.43035882,1,1,21.611762,1.082710122,1,38,94.9,8.699701863,95.83333333,88.07692308,81.95512821,1.48,403.5,69.16,62.7,52.5,745.3,1.5,0.653,0.99,5,1.22,31.2,11.37,2.86,22.94,36.87,40.19,551.8,1138,256,0.337,21.3,-0.586,0.81,8.75,10.52,16.11163,9.195402299,95.6434652,90.08512769,85.30295443,3.551364882,3.720446097,20.74907063,12.52795539,0.011650047,0.018126958,0.004527401,1.04596501
11152050,0.21765229,11.09981679,186.5,4.9,2,81,1000,1.065966931,0.235389725,1,1,31.232187,1.394009406,1,81,166.3,11.09326324,95.83126551,85.95533499,97.69230769,1.67,771.5,74.52,63.7,58.2,676.7,2.4,0.652,1.04,6,2.02,38.4,10.1,2.9,21.11,35.63,43.26,674.8,1785,52,0.359,31.4,0.227,0.974,9.8,12.93,17.029979,24.75728155,96.4695094,85.8780376,97.86795048,12.27500159,18.24777706,12.12311082,8.239170447,-0.040209457,-0.070277138,-0.018460304,0.651840956
11047300,0.49185041,20.99485714,110.4,0,2,42,608,1.132041638,0.288539058,1,1,11.921157,1.8590446,1,42,97.7,21.07944,95.82375479,96.7816092,91.4559387,1.1,139.9,46.85,61.6,36.6,812.1,0,0.652,1.08,3,1.27,23.9,11.46,2.26,24.89,42.68,32.43,423.2,1729,25,0.234,19.1,-0.597,-0.802,14.87,2.27,13.66011,14.88095238,96.87712152,96.94501018,92.36252546,4.902997679,7.699857041,11.53209435,10.94796283,0.064649032,-0.160446952,-0.110397484,0.541141138
11113000,0.109782133,25.59333333,259.9,0.3,2,56.5,316,1.191880931,0.39573829,1,1,12.968352,1.380960091,1,56.5,177.5,20.499125,95.81331503,94.02882636,91.11187371,1.41,650,68.34,45.4,34.7,663.4,7.7,0.69,1.22,4,1.67,44.6,9.91,2,22.07,41.65,36.28,1251.5,2274,184,0.512,32.7,-1,0.016,10.45,3.09,16.054577,27.72727273,96.96467991,95.03311258,92.85320088,9.342552197,9.277615385,14.98787692,8.055507692,-0.140479958,-0.290401385,-0.017833839,
9484000,0.06198571,3.999447273,76.6,30.9,2,54,260,1.032361065,0.162148582,1,1,85.517068,1.046778775,1,54,76.4,3.999447273,95.81257783,66.00249066,97.74283935,2.39,103.7,75.97,43.3,71.1,767.1,3.1,0.167,0.8,3,1.52,9.5,9.14,1.65,18.36,43.38,38.26,1878.8,2788,872,0.534,35.6,-0.977,-0.213,7.6,7.3,17.656755,53.81443299,95.56038497,65.84911518,97.74914623,21.59321881,31.624108,59.10578592,25.9246866,-0.074892772,-0.116415733,-0.009778556,0.427145513
11148900,0.306677827,7.798314894,136.3,178.5,2,72.66666667,132,1.126977604,0.34464536,1,1,10.274829,1.729434032,1,72.66666667,125.8,7.799821051,95.80771381,80.54779206,97.54052543,1.48,403.5,69.16,62.7,52.5,745.3,1.5,0.653,0.99,5,1.22,31.2,11.37,2.86,22.94,36.87,40.19,551.8,1138,256,0.337,21.3,-0.586,0.81,8.56,15,16.11163,93.8697318,94.8422634,76.96544817,97.79669504,2.112819809,3.949739777,20.74907063,12.52795539,0.006038307,0.003284054,0.005339703,
11461000,0.230155971,29.39077792,152.2,0,2,36.66666667,453,1.015834748,0.062504342,1,1,32.301184,1.065652935,1,36.66666667,109.7,14.29515579,95.7942097,95.97026604,82.15962441,1.95,259.6,118.6,63.1,81.2,730.9,3,0.607,0.95,4,1.1,36,11.3,1.16,28.24,42.59,29.17,448.3,1014,191,0.314,20.6,-0.997,0.077,6.98,23.46,15.086673,4.371002132,97.68807339,99.63302752,83.2293578,6.630779176,11.66221109,,,0.168591806,-0.024895358,-0.112839417,0.580309863
11057500,0.038645143,10.1995161,96.4,0.4,2,36,946,0.998344921,0.136557551,1,1,5.10267,0.753186471,1,36,51.9,10.09923733,95.79037801,96.30584192,82.86082474,1.6,329,50.34,46.1,42.4,822.1,3.2,0.566,1.05,4,1.49,23.2,10.74,3.94,14.73,32.5,52.77,880.7,2686,317,0.238,13.8,-0.199,-0.98,13.43,2.94,19.193511,32.12121212,95.3621678,90.46378322,88.71808233,2.02402941,2.564042553,11.73519757,9.619696049,0.124387617,0.004133387,-0.131043916,1.193373124
11073300,0.319411019,23.89801143,200.3,0,2,22,856,1.079625062,0.246337757,1,1,30.521869,0.844669747,1,22,134,15.69797863,95.7736878,92.0927062,58.07770961,0.81,83.6,90.33,49.8,53.3,682.5,5.3,0.643,1.21,3,1.12,50,9.57,6.38,11.96,34.18,53.86,1477.5,3059,222,0.443,40.8,-0.829,-0.56,6.54,20.46,20.142177,14.74654378,96.50194336,94.50305386,60.24430872,17.99244488,18.93767943,,,-0.040385227,-0.049763671,-0.021835675,0.961353526
11451715,0.056085351,7.997317309,156.8,0,1,86.8,658,1.146142374,0.411217596,1,1,11.655139,0.944331954,1,86.8,101,7.3994375,95.76046635,88.92421834,97.56226815,0.9,247.9,70.02,59.6,55.5,854.4,1,0.615,0.96,4,1.19,43.2,10.66,0.49,37.34,42.78,19.88,560.5,1162,264,0.34,18.2,-0.265,0.964,13.19,3.31,18.827651,6.423611111,97.8125,87.23214286,97.94642857,2.304121352,5.157482856,23.98777733,10.34183138,-0.053507114,-0.11941711,-0.015162012,0.608025122
7103700,0.027545128,17.4984127,53.3,33.9,1,13.88916667,1083,1.077798449,0.301720572,1,1,10.334753,0.918584336,1,13.88916667,31.3,11.09443983,95.7597983,97.04331882,63.7520055,2.23,264.2,59.97,52.8,94.9,393.5,27.6,0.361,0.86,4,1.42,49.5,10.03,9,11.62,33.61,54.77,2775.2,4300,1873,0.373,26.9,0.329,0.944,12.27,5.93,15.226314,55.40950455,97.10325218,97.831882,69.70854807,5.396997417,6.578652536,9.350870553,5.675132475,-0.033790108,-0.087202289,-0.017240366,0.648685697
11073360,0.395964602,23.89801143,200.5,0,2,23,856,1.143001894,0.297487829,1,1,20.134001,,1,23,134,15.69797863,95.75923393,92.06566347,61.14911081,0.95,132.3,74.76,53,45.8,744.3,3.4,0.65,0.9,3,1.12,44.1,10.29,6.95,11.8,32.18,56.02,1050.4,3059,211,0.295,27.1,-0.86,-0.509,8.84,17.06,14.250404,10.17964072,96.53274629,94.55145845,64.85965878,16.06905269,12.00204082,,,-0.03889716,-0.047009512,-0.021770958,0.962903443
11466320,0.214435296,6.39491708,116.5,11.4,2,50.90916667,441,1.061456914,0.186525669,1,1,24.946189,1.516647465,1,50.90916667,108.3,5.497813948,95.75429088,74.66124661,92.77326107,1.27,199.4,102.63,64.2,72,732.8,1,0.622,0.67,4,1.3,28.7,12.14,1.14,27.37,43.92,28.71,204.1,780,19,0.243,12.2,-0.118,-0.993,8.61,15.5,16.638396,36.2924282,95.69577936,76.93272043,93.27204346,13.68925187,13.95090271,,,-0.164623234,-0.334630793,-0.174980231,0.362440977
11042900,0.026434019,7.4,79.1,1.5,2,35.75,626,0.946832942,0.13394826,1,1,6.890085,1.723145088,1,35.75,51.4,5.099904,95.73333333,87.73333333,87.8,1.45,227.1,38.42,52.1,30.4,862.2,0.2,0.588,1,3,1.35,24,11.73,2.76,18.12,34.83,47.04,611.1,1381,325,0.274,8.4,-0.245,-0.97,14.75,2.16,16.576693,38.35616438,97.06227967,91.48061105,89.13043478,1.886222907,1.07675033,,,,,,
11113500,0.279604611,18.2855127,135.1,0,2,31,852,1.061995991,0.183062508,1,1,85.14101,0.938475197,1,31,134.1,18.19795698,95.71428571,95.37414966,83.46938776,2.67,103.3,67.78,49.9,39.1,708.5,2.6,0.693,1.18,4,1.59,40.1,9.58,1.4,23.56,44.22,32.23,996,2039,186,0.437,34.4,-0.944,-0.329,11.81,2.95,15.259699,13.63636364,95.61752988,95.01992032,83.86454183,30.60330822,37.52207164,84.35972894,53.69332043,0.244986512,0.024449276,-0.077576051,0.956848087
11172945,0.438894453,11.09769351,67.2,0,2,47.91666667,493,1.088344491,0.18950109,1,1,98.034239,1.017024877,1,47.91666667,67.3,11.09769351,95.69583931,97.41750359,94.06982305,1.9,87.1,62.38,62.8,59.5,791,4.1,0.574,1.07,3,1.31,29.5,10.31,2.21,25.08,45.14,29.79,814.2,1161,297,0.599,26.7,-0.303,-0.953,8.19,8.49,17.898739,6.210191083,95.69789675,97.3709369,94.07265774,16.30612818,27.85556831,,,-0.006291511,-0.101135562,-0.073177418,0.72189765
11028500,0.006290476,9.498246566,84.7,0,2,58,473,1.000634965,0.098545749,1,1,59.833561,1.393602004,1,58,82.5,9.498246566,95.6955708,92.26450405,96.10106051,1.75,146.3,47.31,53.2,40,817.6,0.1,0.607,0.82,3,1.39,26.8,11.3,2.46,16.66,32,51.34,561.3,994,400,0.27,8.7,-0.125,-0.992,11.32,9.59,15.589059,11.21495327,95.74074074,92.22222222,96.14197531,13.30200551,18.34757348,,,-0.001277412,-0.010668693,-0.007411574,0.873161756
11025500,0.008111538,9.498246566,97.7,0,2,57,473,0.963274576,0.184034196,1,1,57.038453,0.63853309,1,57,89.6,9.498246566,95.68965517,90.34482759,96.43678161,1.59,288.7,61.83,49,43.1,760.7,1.6,0.57,0.88,4,1.39,32.2,10.45,3.04,16.47,31.29,52.24,891.8,1731,269,0.428,20.2,-0.631,-0.776,9.46,12.2,16.426629,10.0456621,95.77537352,88.61411643,96.80577022,35.29497486,34.52483547,,,-0.015297496,-0.059713898,-0.012677003,0.765479793
11451715,0.319834997,6.499922132,108.5,8.4,2,46,581,1.051521931,0.169920206,1,1,11.655139,0.944331954,1,46,100,5.399912291,95.68097509,80.4981452,87.49337573,0.9,247.9,70.02,59.6,55.5,854.4,1,0.615,0.96,4,1.19,43.2,10.66,0.49,37.34,42.78,19.88,560.5,1162,264,0.34,18.2,-0.265,0.964,7.28,15.2,18.827651,29.51388889,95.35714286,82.5,89.46428571,2.304121352,5.157482856,23.98777733,10.34183138,-0.053507114,-0.11941711,-0.015162012,0.608025122
11453500,1.051988197,12.09772632,146.6,104.3,2,64,458,0.998700077,0.031138536,1,1,68.402353,0.917637249,1,64,142.1,10.79599752,95.67207657,89.30503537,95.35996671,1.47,293.4,112.6,63,63.1,752.4,2,0.624,0.62,3,1.5,36.4,10.72,0.99,28.71,44.41,26.88,554.7,1432,273,0.243,19.3,-0.169,0.986,7.46,18.15,17.47691,78.83211679,95.50200803,90.76305221,95.52208835,38.71637619,46.98312883,,,-0.106642653,-0.150364536,-0.029878285,0.389033416
11451715,0.478610228,9.297118828,84,86.9,2,47,557,0.955938674,0.141201825,1,1,11.690112,0.296371599,1,47,78.5,8.999052857,95.65340909,96.25,87.1875,0.9,247.9,70.02,59.6,55.5,854.4,1,0.615,0.96,4,1.19,43.2,10.66,0.49,37.34,42.78,19.88,560.5,1162,264,0.34,18.2,-0.265,0.964,8.75,13.34,18.827651,82.63888889,92.65625,90.84821429,89.91071429,1.945488238,3.78987495,23.98777733,10.34183138,-0.028831435,-0.039762042,-0.011139522,0.691053957
14092750,0.112774813,5.697442172,114,18.1,1,54.5,84,0.99683691,0.190884967,1,1,75.667468,0.940114363,1,54.5,114,5.697442172,95.6405694,85.9430605,86.92170819,2.64,57.5,157.25,64.1,149.6,492.3,49.5,0.401,0.84,3,1.26,78.7,9.59,6.55,15.23,29.88,54.88,1477.3,2096,1096,0.381,24.7,-0.096,0.995,6.45,14.53,17.677713,33.04042179,95.6415388,85.9239493,86.92461641,44.33923818,46.90643478,99.52765217,38.0013913,,,,0.695871882
11028500,0.020129523,7.299552795,81.7,42.4,2,41,77,1.077987218,0.153492677,1,1,59.833561,1.393602004,1,41,81.4,7.299552795,95.63318777,87.96007486,89.08296943,1.75,146.3,47.31,53.2,40,817.6,0.1,0.607,0.82,3,1.39,26.8,11.3,2.46,16.66,32,51.34,561.3,994,400,0.27,8.7,-0.125,-0.992,10.7,9.2,15.589059,82.71028037,95.37037037,87.90123457,89.19753086,13.30200551,18.34757348,,,-0.007998975,-0.01189086,0.000644096,0.929987858
11466800,0.072072863,6.799050566,129.7,14.5,2,50.9475,441,1.028473793,0.143269579,1,1,13.403992,2.005967198,1,50.9475,109.4,5.497813948,95.6258725,73.47603537,90.9260121,2.06,652.2,100.52,64.6,68.1,730.4,0.8,0.63,0.68,4,1.71,30,13.03,1.22,29.33,42.59,28.08,155.1,780,16,0.185,9.2,-0.054,-0.999,8.57,15.04,16.611166,42.5,95.46391753,76.12371134,91.91752577,7.269984253,7.898942042,,,-0.163675891,-0.34676178,-0.176813006,0.374861895
11456000,0.230749404,8.19844697,123.5,113.5,2,59.93333333,823,0.939547762,0.172951799,1,1,60.472826,0.901596113,1,59.93333333,117.2,8.296005582,95.61888558,85.580604,95.70395576,1.79,212.3,104.44,64,69.8,743.7,1.5,0.624,0.68,4,1.39,28.5,10.89,2.14,24.23,44.57,31.21,305.3,1261,75,0.209,20.9,-0.876,0.483,8.25,16.25,16.071526,85.47008547,95.46952224,83.27841845,95.84019769,22.62324764,34.12581253,,,-0.086844868,-0.252784243,-0.136107724,0.462245909
11070465,0.010740151,7.499705696,69,0.9,2,48,63,1.0474663,0.164710864,1,1,12.744957,1.953907238,1,48,52.1,4.997799254,95.61290323,86.25806452,95.29032258,0.92,274.2,33.63,52.5,30.5,879.8,0.1,0.581,0.62,3,1.31,19,12.47,3.62,16.87,32.2,50.94,555.4,1359,430,0.135,7.7,0.456,-0.89,13.88,2.11,9.933606,44.73684211,96.30271519,91.45002889,95.78278452,8.348999102,5.762035011,,,-0.052103119,-0.12307969,-0.000263395,0.729581126
11152000,0.205660474,6.998113208,163.1,12.5,2,65.92333333,253,1.082104893,0.235295956,1,1,38.563747,1.45200031,1,65.92333333,157.5,6.998113208,95.60493827,75.55555556,95.03703704,2.07,625.1,80.89,63.9,60.5,663.8,2.9,0.654,1.03,5,2.35,38.3,10.02,3.14,20.17,34.81,45.02,759.1,1785,113,0.387,34.7,-0.132,0.991,9.53,13.87,17.294107,36.41791045,95.42725173,75.47344111,95.35796767,14.91749383,22.51871701,14.97461206,10.20955047,-0.172413345,-0.259903939,-0.017081463,0.414664174
9484000,0.275795449,6.498590802,75.6,12.5,2,33.5,573,1.023976085,0.184658362,1,1,69.267296,1.388299086,1,33.5,75.1,6.498590802,95.59925094,78.12109863,91.10486891,2.39,103.7,75.97,43.3,71.1,767.1,3.1,0.167,0.8,3,1.52,9.5,9.14,1.65,18.36,43.38,38.26,1878.8,2788,872,0.534,35.6,-0.977,-0.213,5.25,6.72,17.656755,34.02061856,95.4672462,78.0813412,91.15181621,12.27435075,20.33982642,59.10578592,25.9246866,0.032199617,-0.082769652,-0.028765416,0.762986287
11022480,0.025656179,18.38810925,116.1,3.8,2,23.985,551,1.018654016,0.205619926,1,1,79.360851,1.036983012,1,23.985,115.2,18.38810925,95.5935718,96.63037843,70.45101089,1.63,953.6,51.86,51.9,43.3,807.8,2.2,0.585,0.84,5,1.19,31,10.52,3.4,17.08,31.75,51.17,640.4,1967,89,0.294,18.5,0.017,-1,13.9,3.58,15.3664,47.93956044,95.6454918,96.67008197,70.74795082,57.24252031,58.6542156,,,-0.06719382,-0.136575236,-0.023271114,0.762980732
12178100,0.816596959,21.69587059,144.5,250.3,1,39,802,1.007976285,0.065785976,1,1,5.210638,0.317886659,1,39,110.6,15.19766,95.58447595,99.34929119,73.56495468,2.89,69.7,280.14,69.5,183.8,547.9,59.6,0.415,0.56,3,1.26,63.9,9.23,2.35,9.84,47.21,42.95,1300.6,2460,372,0.457,58.3,0.676,-0.737,5.37,25.6,13.27064,99.12790698,95.93241552,99.60367126,76.25156446,0.330902641,4.119081779,,,0.124252482,-0.203480564,-0.046794129,0.434996438
11152050,0.12002074,6.998113208,163.6,12.5,2,65.92333333,253,1.119009146,0.328578013,1,1,31.232187,1.394009406,1,65.92333333,157.5,6.998113208,95.58312655,75.43424318,94.91315136,1.67,771.5,74.52,63.7,58.2,676.7,2.4,0.652,1.04,6,2.02,38.4,10.1,2.9,21.11,35.63,43.26,674.8,1785,52,0.359,31.4,0.227,0.974,9.8,12.93,17.029979,33.49514563,95.50664833,75.42411738,95.30032095,12.27500159,18.24777706,12.12311082,8.239170447,-0.172413345,-0.259903939,-0.017081463,0.414664174
8294195,0.018949933,5.299915669,41.2,129.4,1,15,678,1.053568485,0.14614274,1,1,6.622959,0.594145955,1,15,27.7,5.299791588,95.58270677,89.63480129,67.84371643,2.27,78.6,73.93,49.1,74.6,399.9,36.7,0.115,0.4,2,1.21,73.1,9.46,3.82,21.29,50.78,27.93,2909.1,3843,2113,0.463,34.2,0.36,-0.933,13.07,4.42,13.3997,96.42857143,94.74685954,82.1850019,73.64864865,0.743431314,2.016412214,6.818708651,2.85470229,-0.028225705,-0.226721244,-0.093833455,0.691626384
11113500,0.304275606,25.89777606,137.8,166.5,2,36.66666667,425,1.05199994,0.152338901,1,1,85.14101,0.938475197,1,36.66666667,131.4,25.89773714,95.57823129,98.29931973,87.68707483,2.67,103.3,67.78,49.9,39.1,708.5,2.6,0.693,1.18,4,1.59,40.1,9.58,1.4,23.56,44.22,32.23,996,2039,186,0.437,34.4,-0.944,-0.329,8.56,17.65,15.259699,95.1048951,95.68393094,98.20717131,88.04780876,30.60330822,37.52207164,84.35972894,53.69332043,0.13520071,-0.143701071,-0.106993406,0.625855641
11016200,0.00259933,7.7990501,91.7,16.8,2,48,793,1.041490245,0.092998437,1,1,6.759844,0.629284484,1,48,66.5,6.1,95.55069292,87.23559446,91.75784099,1.09,338.8,59.38,48.9,45.4,776.4,4.1,0.579,0.76,4,1.44,36.1,10.29,4,14.98,28.89,56.13,907.1,1967,174,0.417,17.9,-0.03,-1,12.42,5.38,15.671068,71.11111111,94.72322814,83.44542162,94.10243145,2.568444526,4.396664699,6.931168831,4.65487013,-0.047674535,-0.166095255,-0.095980763,0.698077254
11148900,0.047791213,11.69224095,148.6,96.5,2,81.66666667,43,1.146921357,0.407378532,1,1,19.551763,1.597078602,1,81.66666667,125.9,11.5978444,95.54813578,88.42515303,98.44184752,1.48,403.5,69.16,62.7,52.5,745.3,1.5,0.653,0.99,5,1.22,31.2,11.37,2.86,22.94,36.87,40.19,551.8,1138,256,0.337,21.3,-0.586,0.81,11.7,7.38,16.11163,80.07662835,95.59339009,85.82874311,98.59789685,4.013803818,9.585947955,20.74907063,12.52795539,0.001441638,0.006985285,-0.000448274,
11169800,0.121114712,6.799948718,83.2,15.7,1,32.8,434,1.03245647,0.128588707,1,1,36.191218,1.399114615,1,32.8,73,6.1,95.54777389,85.49274637,84.0170085,1.22,282.9,60.85,63.3,56.7,817.9,1.8,0.626,0.99,4,1.41,31.7,10.98,2.22,23.01,45.71,31.28,604,1101,244,0.421,25.6,-0.968,-0.251,16.87,3.29,15.108,44.09937888,95.85853886,85.9004188,85.13261982,13.56218898,17.84697773,,,-0.082744059,-0.225169293,-0.088574681,0.566077478
11453500,0.340689756,8.598783537,142.5,41.5,2,35,849,1.027767686,0.117969253,1,1,68.402353,0.917637249,1,35,140.5,8.599206098,95.54723263,84.14481898,81.39825218,1.47,293.4,112.6,63,63.1,752.4,2,0.624,0.62,3,1.5,36.4,10.72,0.99,28.71,44.41,26.88,554.7,1432,273,0.243,19.3,-0.169,0.986,7.16,23.78,17.47691,50.72992701,95.18072289,82.69076305,82.04819277,38.71637619,46.98312883,,,0.098622258,-0.053867392,-0.128054236,0.478776431
11143000,0.17422123,8.199659091,138.5,172.1,2,76,447,0.994081777,0.070240494,1,1,13.697515,0.363115177,1,76,112.1,6.299857053,95.54376658,77.5066313,97.5862069,2.74,120.6,116.26,67.4,72.8,639.5,3.4,0.654,0.98,4,1.47,40.3,10.29,4.14,14.13,31.45,54.42,779,1505,80,0.492,43.6,-0.447,-0.894,8.33,25.11,18.127121,92.62295082,94.65039887,79.63397466,97.86485218,0.979707657,4.544776119,86.30373134,57.91119403,-0.06088307,-0.108076154,-0.019716675,
11458000,0.47503053,20.59919333,174.9,76.8,2,34.98333333,464,1.005461003,0.061339476,1,1,7.469418,0.749639592,1,34.98333333,118.7,20.59802222,95.54358472,98.97159647,77.91380999,1.81,566.3,96.01,63.5,67.6,752.1,1.4,0.629,0.68,4,1.21,26.8,11,1.67,26.49,45.86,27.64,276.3,1261,13,0.212,18.6,-0.834,0.552,7.91,19.59,16.230256,69.12181303,97.00526103,98.09793606,81.62687171,0.513073094,1.896309377,,,0.278941751,0.094248912,-0.0000965,0.659041598
11274500,0.063179564,7.4963147,73,68.3,2,65,496,1.08362009,0.22457874,1,1,91.144936,0.968114006,1,65,72.9,7.4963147,95.5343703,91.06874059,97.81736076,1.48,347.8,45.32,61.6,45.7,861,1.4,0.624,1.05,4,1.63,30.1,10.73,1.77,24.88,42.82,32.31,475.6,1155,62,0.378,24.4,-0.349,0.937,8.71,5.88,18.273952,80.86956522,95.53660983,91.07321966,97.81845537,28.95967613,36.63890167,,,-0.049693472,-0.162895641,-0.067747282,0.614993088
11462500,0.295325095,21.19612773,216.1,119.2,2,33.9775,173,0.995742473,0.145490937,1,1,5.854759,1.781748803,1,33.9775,99.8,11.39438,95.51282051,96.24542125,71.1996337,1.8,938.7,115.58,63.2,79.6,757,2,0.605,1.01,5,1.18,36.1,11.16,1.09,26.66,42.65,30.69,465.2,1187,159,0.299,21.1,-0.76,-0.649,7.16,22.52,15.801847,80.21505376,98.50852273,98.11789773,77.20170455,1.319662649,1.833269415,5.881016299,2.132502397,0.247462344,0.074943405,0.002092771,0.783055803
11124500,0.152304567,24.89653383,170.9,165.2,2,38.5,930,1.032372573,0.120815996,1,1,71.062545,1.035623791,1,38.5,168.9,24.89653383,95.50949914,95.33678756,89.00402994,2.37,191.5,83.1,54.6,38.1,636.9,4.5,0.711,1.17,4,1.85,23.3,9.72,1.35,23.93,41.12,34.95,1023.6,1999,256,0.444,33.5,-0.78,-0.626,7.6,19.21,17.185694,92.94117647,95.58823529,95.47511312,89.19683258,68.62677395,63.6551436,,,-0.043692357,-0.109650374,-0.026983016,0.583171137
8380500,0.070184546,27.39766316,49,187.8,1,8.666666667,124,1.238912253,0.644467977,1,1,99.368957,1.001978058,1,8.666666667,49,27.39766316,95.50321199,99.4289793,46.96645253,2.1,198.1,68.57,50.8,80.7,464.5,19.2,0.221,0.66,4,1.18,58,10.64,1.87,31.03,41.4,27.57,2652.5,3551,2136,0.381,25,-0.636,0.772,15.49,10.72,17.995738,97.40932642,95.47479066,99.4120791,47.01585605,30.00276242,42.76158506,96.58440182,48.47415447,0.009804609,0.004280286,0.019648497,1.00779206
11063510,0.489910379,16.59830286,134.3,2.1,2,59.75,156,0.994370326,0.046654891,1,1,75.044644,1.007263416,1,59.75,131.2,15.99843226,95.50281074,93.12929419,97.25171768,2.04,144.5,66.42,46,40.7,690.4,4.5,0.635,0.96,4,1.54,50.7,9.96,6.14,10.54,26.94,62.52,1273.4,2542,794,0.272,22.4,-0.728,0.686,6.53,14.09,18.45637,38.48314607,95.1744186,92.79069767,97.44186047,20.60685912,23.61986159,74.67695502,36.88442907,-0.009704062,-0.01753329,-0.004633778,0.798144832
11152000,0.76556432,33.39966434,182.3,220.6,2,34.66666667,908,1.080126627,0.258140638,1,1,10.954941,1.60170771,1,34.66666667,141.5,23.89665548,95.49689441,96.99792961,78.39026915,2.07,625.1,80.89,63.9,60.5,663.8,2.9,0.654,1.03,5,2.35,38.3,10.02,3.14,20.17,34.81,45.02,759.1,1785,113,0.387,34.7,-0.132,0.991,8.25,16.63,17.294107,97.6119403,96.35103926,98.93764434,80.66974596,2.102052119,3.129195329,14.97461206,10.20955047,0.239470253,0.058363783,-0.063931071,0.893566341
9430600,0.120550871,7.298268178,65,11.9,1,33.83333333,501,1.037574864,0.166556388,1,1,51.133435,1.205781063,1,33.83333333,55.7,7.298751927,95.49573561,91.28464819,86.75373134,1.85,190.5,67.41,44.7,72,593.8,14,0.222,0.58,3,1.32,53.1,9.96,2.05,31.86,33.61,34.53,2371.3,3268,1694,0.444,40.6,-0.973,-0.231,10.97,6.38,15.895541,34.23529412,95.49436796,89.91239049,87.55944931,11.52470622,12.07322835,91.38944882,35.34944882,0.045692369,0.00555586,-0.002151291,0.813182192
11027000,0.054492849,6.897882642,75.3,2.8,2,44,474,1.015152806,0.057594932,1,1,70.526293,1.115871643,1,44,74.7,6.897882642,95.4954955,86.22908623,92.98584299,1.62,58.2,51.93,53.2,38.8,797.9,0.2,0.625,1,3,1.16,28.6,11.16,2.59,16.4,30.84,52.76,653.6,1276,217,0.433,13,-0.467,-0.884,10.64,10.81,15.624757,42.25352113,95.54140127,85.98726115,93.05732484,49.6480909,49.63608247,,,-0.054529609,-0.124406041,-0.022378064,0.864126498
9484000,0.145270474,16.09764427,75.7,212.1,1,38.88916667,433,1.060626221,0.351125284,1,1,69.267296,1.388299086,1,38.88916667,74.5,16.09764427,95.47440699,95.38077403,93.16479401,2.39,103.7,75.97,43.3,71.1,767.1,3.1,0.167,0.8,3,1.52,9.5,9.14,1.65,18.36,43.38,38.26,1878.8,2788,872,0.534,35.6,-0.977,-0.213,21.03,13.39,17.656755,99.3814433,95.52933871,95.34306116,93.2008693,12.27435075,20.33982642,59.10578592,25.9246866,-0.029754246,-0.128262786,-0.044356359,0.620399768
11152050,0.568905649,33.39966434,182.8,225.6,2,34.66666667,908,1.108499431,0.320752768,1,1,8.868908,1.491041107,1,34.66666667,141.5,23.89665548,95.47346514,97.03433923,77.8616025,1.67,771.5,74.52,63.7,58.2,676.7,2.4,0.652,1.04,6,2.02,38.4,10.1,2.9,21.11,35.63,43.26,674.8,1785,52,0.359,31.4,0.227,0.974,8.44,15.13,17.029979,97.57281553,96.37780834,98.94543787,80.44475011,1.729693567,2.523499676,12.12311082,8.239170447,0.239470253,0.058363783,-0.063931071,0.893566341
11042400,0.024742049,3.699791361,84.7,11.4,2,63,213,0.982071484,0.138983649,1,1,5.418644,1.623115625,1,63,64.5,2.8,95.46904914,68.60242502,97.60689215,2.17,342.2,45.9,47.5,35.2,738.3,4.5,0.519,0.92,4,1.33,34.5,10.18,6.63,11.08,22.22,66.7,1119.3,1870,508,0.457,17,0.473,-0.881,7.88,8.66,17.322787,60.18518519,95.18324607,70.10471204,98.03664921,2.08734395,4.6735827,,,-0.082501895,-0.21372596,-0.002731465,
11149900,0.138937668,6.599908831,166.1,35.7,2,88,537,1.047284407,0.132437405,1,1,8.664033,1.715767974,1,88,141.3,6.499934545,95.45211343,73.94328518,98.82289995,1.56,556.4,63.26,62,54,737.5,1.5,0.659,1.13,4,1.35,33.5,10.91,2.31,24.37,37.78,37.85,533.4,1785,248,0.186,19.5,-0.995,-0.102,10.24,10.95,16.227347,52.98804781,96.49036085,74.19673752,98.91250618,1.544994989,3.774209202,28.84609993,15.65149173,-0.095944476,-0.147464849,-0.019542126,
11014000,0.281922134,7.298485173,69.3,87.4,2,42.97166667,485,0.983847528,0.133816488,1,1,34.921161,0.643563446,1,42.97166667,60.6,6.298385862,95.45154911,86.48648649,91.562294,2.91,181.8,44.33,55.8,42.1,846.3,0,0.609,1.26,5,1.39,33.8,10.3,3.01,18.77,38.69,42.55,490.9,1128,158,0.343,19.4,-0.048,-0.999,11.77,8.75,16.12831,94.11764706,95.6547619,89.22619048,92.26190476,24.61891647,27.06188119,,,-0.057379198,-0.140391987,-0.024227996,0.841697022
11025500,0.002452097,4.999725316,108.2,20.8,2,53.75,866,0.984557589,0.106940873,1,1,16.382785,0.674671611,1,53.75,81,4.399755556,95.44287548,73.74839538,95.08985879,1.59,288.7,61.83,49,43.1,760.7,1.6,0.57,0.88,4,1.39,32.2,10.45,3.04,16.47,31.29,52.24,891.8,1731,269,0.428,20.2,-0.631,-0.776,10.28,13.15,16.426629,62.55707763,96.23905204,73.57032457,96.05873261,11.15906388,12.28919293,,,-0.027877997,-0.041292397,-0.019523264,1.382956825
7103700,0.023472307,23.477862,32.4,101.8,1,4.833333333,382,0.991723278,0.705875712,1,1,10.334753,0.918584336,1,4.833333333,30.3,23.38824678,95.43891818,99.65619986,10.41714417,2.23,264.2,59.97,52.8,94.9,393.5,27.6,0.361,0.86,4,1.42,49.5,10.03,9,11.62,33.61,54.77,2775.2,4300,1873,0.373,26.9,0.329,0.944,15.24,9.63,15.226314,88.67542973,91.75404301,99.02256975,18.28683135,5.396997417,6.578652536,9.350870553,5.675132475,,,,0.397808237
11043000,0.133051957,13.59996322,118.4,23.8,2,37,495,0.970245489,0.227861136,1,1,15.431556,1.785573251,1,37,57.9,5.999856923,95.43378995,89.19330289,84.85540335,1.41,572.5,37.11,54,29.9,879.2,0.1,0.614,1.02,5,1.08,23.8,12.19,2.65,18.48,35.38,46.14,520.6,1381,303,0.207,8.3,-0.454,-0.891,12.65,6.95,16.167722,64.73214286,97.55826859,94.8390677,88.42952275,1.382765683,3.507877729,,,0.003075695,0.016354704,-0.015242001,
9497800,0.025039777,8.795314943,59.6,75.9,1,24.85722222,405,1.167316955,0.517156279,1,1,33.497407,1.389714454,1,24.85722222,57.5,7.8,95.43091655,90.99863201,81.27222982,1.91,750.9,58.79,40.7,71.3,676.3,12.1,0.147,0.83,4,1.76,37.1,10.42,0.91,29.33,42.37,28.3,1747.1,2298,991,0.582,19.4,-0.996,0.088,22.3,5.81,18.999934,77.64350453,94.07416688,89.77699825,82.79879729,23.5959096,23.57343188,,,-0.111285231,-0.185539706,-0.015133042,
10260950,0.228022365,17.19849172,140.3,110.8,2,43,168,1.010871537,0.177383587,1,1,10.926878,0.653202168,1,43,94.2,10.49965059,95.4298993,90.24012393,87.87761425,2.1,175.1,66.31,43.9,49,724,6.7,0.611,0.97,4,1.24,39.2,10.29,5.47,13.39,28.27,58.34,1271.7,1862,921,0.362,20.2,0.925,0.379,6.25,13.76,18.304836,97.6744186,95.05428227,91.97828709,90.50060314,7.69524916,7.127527127,10.63038264,5.662649914,-0.010153694,-0.015770832,-0.004230654,0.796029693
11027000,0.056925566,7.499810526,83.7,88.2,2,49.5,782,1.089898548,0.209713727,1,1,50.900245,0.591991427,1,49.5,69.4,6.299879624,95.42743539,85.48707753,95.16235918,1.62,58.2,51.93,53.2,38.8,797.9,0.2,0.625,1,3,1.16,28.6,11.16,2.59,16.4,30.84,52.76,653.6,1276,217,0.433,13,-0.467,-0.884,10.43,5.43,15.624757,97.18309859,96.36942675,88.21656051,95.35031847,10.30581508,11.12010309,,,0.010100541,-0.003177161,-0.009773989,0.978380779
11043000,0.05341863,10.79616811,124.3,19.9,2,52,118,0.984083663,0.199474956,1,1,7.514724,1.797661564,1,52,53.8,9.795647826,95.42097489,95.56868538,94.16543575,1.41,572.5,37.11,54,29.9,879.2,0.1,0.614,1.02,5,1.08,23.8,12.19,2.65,18.48,35.38,46.14,520.6,1381,303,0.207,8.3,-0.454,-0.891,11.66,7.87,16.167722,63.16964286,97.75249723,92.06437292,95.61598224,3.722381881,4.124593886,,,-0.010855484,-0.00442999,-0.004773296,1.717087019
11044800,1.109489435,12.79682517,85.8,140.6,2,31.875,157,1.013113991,0.083180114,1,1,5.29932,0.732504198,1,31.875,70.5,9.998184615,95.40650407,92.19512195,87.07317073,1.68,85.5,40.9,59,33,853.1,0,0.666,0.86,3,1.19,26.7,10.3,3.33,15.97,31.55,52.47,405.4,859,100,0.415,18.9,-0.922,0.386,12.79,9.41,15.319151,96.81528662,95.81331503,93.75428964,89.01853123,2.005988961,2.867368421,,,-0.01646926,-0.029844553,-0.003557036,
11025500,0.027659658,13.19606667,93.1,41.7,2,31,198,1.042627506,0.141200064,1,1,7.499671,0.63456728,1,31,80.6,10.49928669,95.40612517,93.20905459,78.86151798,1.59,288.7,61.83,49,43.1,760.7,1.6,0.57,0.88,4,1.39,32.2,10.45,3.04,16.47,31.29,52.24,891.8,1731,269,0.428,20.2,-0.631,-0.776,8.73,11.95,16.426629,75.79908676,95.36321484,93.92065945,83.48789284,5.200985221,3.255836508,,,-0.074054021,-0.169407355,0.0000527,
11143000,0.121626142,8.799665556,146.8,22.2,2,80.66666667,519,1.028582546,0.16875226,1,1,29.9711,1.327452654,1,80.66666667,138.5,8.099732536,95.40145985,80.53527981,98.34549878,2.74,120.6,116.26,67.4,72.8,639.5,3.4,0.654,0.98,4,1.47,40.3,10.29,4.14,14.13,31.45,54.42,779,1505,80,0.492,43.6,-0.447,-0.894,8.68,23.37,18.127121,47.81420765,95.16658846,81.55795401,98.40450493,15.90995837,20.11791045,86.30373134,57.91119403,-0.136880481,-0.207611445,-0.024214942,
11169800,0.233220892,6.799910377,76.3,80.3,2,78.5,496,1.002709514,0.076504736,1,1,36.191218,1.399114615,1,78.5,71.9,6.799910377,95.39769885,88.64432216,98.84942471,1.22,282.9,60.85,63.3,56.7,817.9,1.8,0.626,0.99,4,1.41,31.7,10.98,2.22,23.01,45.71,31.28,604,1101,244,0.421,25.6,-0.968,-0.251,8.67,8.1,15.108,87.57763975,95.02093997,85.85388553,98.92973476,13.56218898,17.84697773,,,-0.082744059,-0.225169293,-0.088574681,0.566077478
11466200,0.310937456,7.399858,106.6,111.1,2,59.88916667,823,1.057259484,0.168864289,1,1,34.361034,1.403707824,1,59.88916667,98.2,7.399243443,95.38393253,83.71060808,96.18286729,1.32,144.8,107.68,64.2,75.1,733.1,1.3,0.62,0.7,4,1.27,28.1,11.03,1.27,27,44.02,28.98,258.7,780,43,0.293,15.8,0.094,-0.996,8.63,16.48,17.015969,85.92057762,95.42785235,81.87919463,96.39261745,18.43726499,19.21139503,,,-0.091751365,-0.258643229,-0.140740718,0.419742642
11059300,0.064356409,48.7985,175.2,43.6,2,35,799,1.119325305,0.414808309,1,1,10.204954,0.671506587,1,35,131.3,32.16676923,95.37572254,98.1374438,75.88310854,1.38,946,67.84,42.5,47.8,641.9,27.6,0.57,1.05,5,1.86,28.1,10.09,7.16,11.69,29.16,59.16,1661,3477,292,0.43,26,0.124,-0.992,4.14,13.57,19.036583,70.89041096,95.87217044,99.11229472,82.29027963,5.853874082,5.295634249,5.803953488,2.260084567,-0.04443445,-0.057957017,-0.017113832,0.984463275
9430600,0.124118344,5.999081096,62.7,28.5,1,45.5,471,1.039874459,0.164212971,1,1,91.945834,1.032051864,1,45.5,62.5,5.999081096,95.36873899,86.6347848,92.61263529,1.85,190.5,67.41,44.7,72,593.8,14,0.222,0.58,3,1.32,53.1,9.96,2.05,31.86,33.61,34.53,2371.3,3268,1694,0.444,40.6,-0.973,-0.231,18.25,10.8,15.895541,49.41176471,95.34418023,86.40801001,92.65331665,15.38212465,16.98897638,91.38944882,35.34944882,,,,0.435482093
11059300,0.078425019,17.98629925,231.8,33.7,2,49.83333333,793,1.059924834,0.440529193,1,1,5.629999,1.029095619,1,49.83333333,124.1,11.29973214,95.31782066,88.36549376,90.57888763,1.38,946,67.84,42.5,47.8,641.9,27.6,0.57,1.05,5,1.86,28.1,10.09,7.16,11.69,29.16,59.16,1661,3477,292,0.43,26,0.124,-0.992,7.62,4.9,19.036583,68.32191781,97.42565468,91.83311141,92.63204616,2.3244573,3.185200846,5.803953488,2.260084567,-0.0923077,-0.24121637,-0.098027383,0.553018781
11113500,0.342652709,19.4,125.1,41.4,2,29.75,423,1.041791911,0.12638524,1,1,85.14101,0.938475197,1,29.75,123.5,19.4,95.30612245,95.85034014,82.04081633,2.67,103.3,67.78,49.9,39.1,708.5,2.6,0.693,1.18,4,1.59,40.1,9.58,1.4,23.56,44.22,32.23,996,2039,186,0.437,34.4,-0.944,-0.329,8.56,17.65,15.259699,68.53146853,95.15272244,95.61752988,82.47011952,30.60330822,37.52207164,84.35972894,53.69332043,0.13520071,-0.143701071,-0.106993406,0.625855641
11123500,0.027681949,18.49609474,284.9,154.8,2,102.9644444,828,1.019805513,0.080907928,1,1,11.243107,1.233641415,1,102.9644444,171.9,17.49891779,95.27896996,91.13018598,99.07010014,1.89,718.1,79.99,52.6,34.3,660.8,3.8,0.712,1.27,5,1.39,25.8,9.92,1.14,22.63,41.55,35.82,934.1,2081,242,0.378,31.2,-0.578,-0.816,9.59,16.27,18.753658,84.42211055,97.56367663,90.91915836,99.28017719,7.582963909,7.580629439,16.02817156,5.57082579,0.229292474,0.028243746,-0.09941149,0.921230013
11467200,1.057091616,29.49009231,156.6,3.9,2,20.5,862,1.012605834,0.091293384,1,1,32.048365,1.410971875,1,20.5,145.4,28.39305714,95.25274725,98.24175824,56.92307692,2.33,162.6,162.49,65.6,81.3,700.8,0.6,0.627,0.81,4,1.32,36,10.95,2.58,24.92,42.04,33.04,308.2,735,20,0.403,28.9,-1,0.009,8.42,27.19,14.168797,26.81992337,95.16329062,97.93303018,58.24720959,16.10916175,18.79649446,,,-0.028145637,-0.222645853,-0.137522546,0.460838018
11204100,0.007377606,17.09888955,173.8,6.3,2,39.8,132,1.069540694,0.163452086,1,1,14.215553,0.967391659,1,39.8,92.3,12.99922857,95.25094441,94.71127901,86.18456557,2.9,249.1,79.83,55.9,53.1,703.2,25.2,0.595,0.74,4,1.36,65.9,9.43,2.64,18.72,31.31,49.98,1348.7,2824,292,0.417,34.4,0.119,-0.993,4.92,15.35,17.505672,47.92899408,98.71428571,95.66666667,87.76190476,1.184458719,2.632436772,48.9626656,16.38281815,0.352794745,0.197325331,0.02549359,0.986911753
11065000,0.138206579,27.19909486,250.9,0,2,46,262,0.939800706,0.355615178,1,1,7.378567,1.615275352,1,46,128.3,16.39798322,95.23809524,92.13907785,87.37717309,1.55,364.7,81.4,47.7,43.6,701.5,4.2,0.649,1.11,5,1.12,49.6,10,6.62,10.83,28.51,60.66,1250.1,3059,313,0.343,27.3,-0.675,0.738,8.63,16.46,19.024359,11.81818182,97.35729387,94.92600423,90.85623679,1.590212935,1.93646833,33.44313134,17.52322457,-0.091922443,-0.176545355,-0.007113512,
9430600,0.150131171,6.598506818,58.4,34.6,1,28.5,140,1.036068356,0.177897186,1,1,31.471915,0.982202585,1,28.5,55.3,6.499884286,95.23160763,90.4359673,83.03814714,1.85,190.5,67.41,44.7,72,593.8,14,0.222,0.58,3,1.32,53.1,9.96,2.05,31.86,33.61,34.53,2371.3,3268,1694,0.444,40.6,-0.973,-0.231,10.97,6.38,15.895541,58,94.70588235,88.36045056,84.41802253,5.696973135,9.305669291,91.38944882,35.34944882,-0.11240761,-0.147432748,-0.018447388,
11113000,0.32324739,26.19971282,227.7,0.6,2,31.875,852,1.094994949,0.280087249,1,1,18.928716,1.316921813,1,31.875,195.5,24.49859286,95.2308627,94.53219927,75.5164034,1.41,650,68.34,45.4,34.7,663.4,7.7,0.69,1.22,4,1.67,44.6,9.91,2,22.07,41.65,36.28,1251.5,2274,184,0.512,32.7,-1,0.016,10.45,3.09,16.054577,29.09090909,96.0816777,95.41942605,77.59381898,6.141831074,9.616984615,14.98787692,8.055507692,0.266680581,0.059727096,-0.059527782,0.966690077
11169800,0.089885134,8.999912381,96.9,1.5,2,39.66666667,951,0.989792729,0.111897244,1,1,19.710195,1.254471196,1,39.66666667,66.6,5.798409286,95.23060797,85.6918239,88.75786164,1.22,282.9,60.85,63.3,56.7,817.9,1.8,0.626,0.99,4,1.41,31.7,10.98,2.22,23.01,45.71,31.28,604,1101,244,0.421,25.6,-0.968,-0.251,12,3.95,15.108,25.46583851,96.97533737,92.04281061,90.08841322,8.512952968,12.39353128,,,-0.05197041,-0.089555726,-0.018581726,0.693486301
11466320,0.296801172,7.399858,106.9,112.3,2,59.88916667,823,1.062097972,0.185489973,1,1,24.946189,1.516647465,1,59.88916667,98.2,7.399243443,95.21228546,83.42366757,95.66395664,1.27,199.4,102.63,64.2,72,732.8,1,0.622,0.67,4,1.3,28.7,12.14,1.14,27.37,43.92,28.71,204.1,780,19,0.243,12.2,-0.118,-0.993,8.61,15.5,16.638396,89.81723238,94.98537401,81.36230673,95.98829921,13.68925187,13.95090271,,,-0.091766525,-0.258672788,-0.140744604,0.419628041
9513780,0.459450374,13.99860364,78.1,3.7,2,32.9,86,1.092737027,0.245632663,1,1,17.300814,0.890020873,1,32.9,49.8,12.99766667,95.20583637,97.18603439,89.52579468,2.34,177.5,52.71,40,52.6,949,0.8,0.196,0.87,3,1.36,22.1,10.1,3.45,30.93,30.45,38.62,1208.9,1783,721,0.467,22.5,-0.241,-0.97,11.19,4.44,18.230644,41.86440678,96.8852459,96.10655738,91.59836066,1.899924102,1.168225352,16.69070423,2.558647887,0.086675247,0.036335539,-0.064603922,1.158136717
11153000,0.146336256,7.999665455,75.3,50.9,2,37,173,1.064966529,0.206551989,1,1,10.488957,2.512752181,1,37,63.4,6.89191195,95.20356944,90.79754601,85.75013943,1.11,375.4,52.87,62.6,46.9,835.2,1.3,0.643,1.11,5,1.85,28.4,10.45,2.08,24.44,44.87,30.7,424.1,1045,74,0.363,20.9,-0.996,-0.088,10.04,11.66,15.589845,60.21505376,94.84936832,89.99028183,87.58503401,3.405985647,4.396909963,,,-0.017526788,-0.036764162,-0.000810826,0.88266913
11143000,0.584650759,28.99411429,144.7,145.9,2,26.85722222,908,1.071161281,0.263492385,1,1,86.219962,1.022908078,1,26.85722222,145.1,28.99450667,95.20321361,98.39319471,76.79584121,2.74,120.6,116.26,67.4,72.8,639.5,3.4,0.654,0.98,4,1.47,40.3,10.29,4.14,14.13,31.45,54.42,779,1505,80,0.492,43.6,-0.447,-0.894,8.33,25.11,18.127121,89.3442623,95.02580948,98.26372595,76.9591741,14.47744466,22.15223881,86.30373134,57.91119403,0.261123308,0.099905718,-0.020401351,0.780523961
11149900,0.076848307,17.3982,178.5,0.1,2,38,114,1.194886718,0.429422546,1,1,12.824107,0.507351319,1,38,83.8,7.599769231,95.19038076,86.70674683,80.16032064,1.56,556.4,63.26,62,54,737.5,1.5,0.659,1.13,4,1.35,33.5,10.91,2.31,24.37,37.78,37.85,533.4,1785,248,0.186,19.5,-0.995,-0.102,8.45,9.76,16.227347,13.14741036,96.93524469,93.47503707,84.84923381,0.822336042,1.076312006,28.84609993,15.65149173,0.019497291,0.027794087,0.004308875,1.178214387
11143000,0.502470934,18.09929091,148.5,82.4,2,55.83333333,814,1.020459654,0.111765142,1,1,29.9711,1.327452654,1,55.83333333,137,16.39931818,95.18248175,93.33333333,95.37712895,2.74,120.6,116.26,67.4,72.8,639.5,3.4,0.654,0.98,4,1.47,40.3,10.29,4.14,14.13,31.45,54.42,779,1505,80,0.492,43.6,-0.447,-0.894,8.75,17.47,18.127121,78.00546448,95.40122008,93.80572501,95.54199906,15.90995837,20.11791045,86.30373134,57.91119403,-0.074426019,-0.115714332,-0.013921207,
11143000,0.565866799,9.699570526,127.5,197.9,2,49.88916667,98,0.983685428,0.088206548,1,1,13.697515,0.363115177,1,49.88916667,108.5,8,95.17241379,83.28912467,93.31564987,2.74,120.6,116.26,67.4,72.8,639.5,3.4,0.654,0.98,4,1.47,40.3,10.29,4.14,14.13,31.45,54.42,779,1505,80,0.492,43.6,-0.447,-0.894,8.33,25.11,18.127121,95.90163934,93.85265134,83.52885969,94.08728297,0.979707657,4.544776119,86.30373134,57.91119403,0.014848658,0.011437441,0.000869751,
11458000,0.129008291,20.69499548,166,143.1,2,59.94138889,823,0.976746801,0.16890638,1,1,23.054366,1.506954112,1,59.94138889,117.2,8.296005582,95.17148014,84.92779783,94.31407942,1.81,566.3,96.01,63.5,67.6,752.1,1.4,0.629,0.68,4,1.21,26.8,11,1.67,26.49,45.86,27.64,276.3,1261,13,0.212,18.6,-0.834,0.552,8.25,14.98,16.230256,88.101983,96.76244435,98.1384055,94.90084986,8.493122166,12.92929543,,,-0.086210229,-0.251361333,-0.135603123,0.464030472
9508300,0.678994714,10.99873405,54.2,37.4,2,14.88916667,240,1.030437735,0.090575257,1,1,83.630661,1.091927993,1,14.88916667,54.1,10.99870727,95.13742072,95.06694856,64.04157858,1.24,93,61.67,39.9,60.5,779.9,8.4,0.144,0.7,3,1.58,36,10.05,2.68,22.26,37.89,39.84,1496.5,2272,712,0.503,27.8,0.203,-0.979,5.2,6.96,16.736963,69.20152091,94.96855346,94.86373166,64.3431167,25.49898573,26.68935484,,,-0.07765983,-0.144763968,-0.009734719,0.3593483
9484000,0.516092475,27.59483459,72.1,70.3,1,6.958333333,412,0.987984768,0.306272115,1,1,69.267296,1.388299086,1,6.958333333,71.8,27.59483459,95.13108614,99.00124844,31.6011236,2.39,103.7,75.97,43.3,71.1,767.1,3.1,0.167,0.8,3,1.52,9.5,9.14,1.65,18.36,43.38,38.26,1878.8,2788,872,0.534,35.6,-0.977,-0.213,22.08,10.6,17.656755,80,95.00155231,98.91338094,31.80689227,12.27435075,20.33982642,59.10578592,25.9246866,-0.029754246,-0.128262786,-0.044356359,0.620399768
11124500,0.275035431,46.98919365,163,35.1,2,31,928,1.060771746,0.173336025,1,1,71.062545,1.035623791,1,31,164.3,47.65588714,95.10650547,99.07887162,83.67875648,2.37,191.5,83.1,54.6,38.1,636.9,4.5,0.711,1.17,4,1.85,23.3,9.72,1.35,23.93,41.12,34.95,1023.6,1999,256,0.444,33.5,-0.78,-0.626,7.6,19.21,17.185694,56.07843137,95.24886878,99.15158371,83.96493213,68.62677395,63.6551436,,,-0.043692357,-0.109650374,-0.026983016,0.583171137
11149900,0.288562848,10.29905765,147.6,46.5,2,39.66666667,937,1.049043729,0.15699345,1,1,21.73561,1.616261858,1,39.66666667,129.1,10.29905765,95.07936508,85.82010582,85.07936508,1.56,556.4,63.26,62,54,737.5,1.5,0.659,1.13,4,1.35,33.5,10.91,2.31,24.37,37.78,37.85,533.4,1785,248,0.186,19.5,-0.995,-0.102,8.3,13.77,16.227347,59.3625498,95.4275828,84.13247652,85.9614434,8.848335816,13.12359813,28.84609993,15.65149173,-0.018115559,-0.040637275,-0.022927574,0.784858977
11143000,0.050481893,8.196444827,137,188.9,2,85,32,0.988981078,0.074662728,1,1,13.697515,0.363115177,1,85,108.2,6.071869786,95.066313,75.91511936,98.56763926,2.74,120.6,116.26,67.4,72.8,639.5,3.4,0.654,0.98,4,1.47,40.3,10.29,4.14,14.13,31.45,54.42,779,1505,80,0.492,43.6,-0.447,-0.894,11.4,13.95,18.127121,94.26229508,94.55654622,79.58704833,98.73298921,0.979707657,4.544776119,86.30373134,57.91119403,0.014848658,0.011437441,0.000869751,
11025500,0.04560901,7.299922209,82.1,5.8,2,56,473,0.989238494,0.133555997,1,1,16.382785,0.674671611,1,56,78.4,7.299931789,95.05776637,86.521181,95.66752246,1.59,288.7,61.83,49,43.1,760.7,1.6,0.57,0.88,4,1.39,32.2,10.45,3.04,16.47,31.29,52.24,891.8,1731,269,0.428,20.2,-0.631,-0.776,9.46,12.2,16.426629,41.55251142,94.12673879,82.94693457,96.52241113,11.15906388,12.28919293,,,-0.072404985,-0.159021569,-0.025886188,0.818166877
11025500,0.026188399,7.896447957,99,108.5,2,49.75,782,1.054298575,0.169226393,1,1,57.038453,0.63853309,1,49.75,81.8,6.799646684,95.05747126,84.31034483,94.1954023,1.59,288.7,61.83,49,43.1,760.7,1.6,0.57,0.88,4,1.39,32.2,10.45,3.04,16.47,31.29,52.24,891.8,1731,269,0.428,20.2,-0.631,-0.776,9.34,6.58,16.426629,94.52054795,95.82689335,84.49252962,94.79649665,35.29497486,34.52483547,,,0.004601165,-0.01412555,-0.015278874,0.884453394
9510200,0.061054606,8.597576486,86.5,2,2,36,932,1.164761704,0.404298954,1,1,38.424484,0.967102488,1,36,74.4,7.097106548,95.03367003,84.38552189,88.13131313,1.74,425.3,61.33,36.1,50,956.2,2.1,0.215,1.04,5,1.39,30.1,10.19,4.14,15.96,29.86,54.17,1161.3,2161,545,0.383,21.4,-0.57,-0.822,9.07,7.1,17.785195,26.93726937,94.99640029,86.17710583,89.81281497,16.38612732,18.54300494,51.02477531,24.56769952,-0.018953429,-0.046296014,-0.012013773,0.868715379
11124500,0.004583924,41.9965,170.4,415.6,2,16,469,1.069211246,0.197826697,1,1,10.349061,0.625957006,1,16,118.9,31.19383824,95.01375516,98.62448418,45.35763411,2.37,191.5,83.1,54.6,38.1,636.9,4.5,0.711,1.17,4,1.85,23.3,9.72,1.35,23.93,41.12,34.95,1023.6,1999,256,0.444,33.5,-0.78,-0.626,7.6,19.21,17.185694,98.82352941,95.53167421,98.75565611,49.51923077,6.08393386,7.478694517,,,-0.039576332,-0.11144761,-0.016184922,
11169800,0.805763168,8.999823913,78.3,65.9,2,48,865,1.025563727,0.097554933,1,1,36.191218,1.399114615,1,48,68.6,7.89988,94.99749875,91.49574787,94.3971986,1.22,282.9,60.85,63.3,56.7,817.9,1.8,0.626,0.99,4,1.41,31.7,10.98,2.22,23.01,45.71,31.28,604,1101,244,0.421,25.6,-0.968,-0.251,8.67,8.1,15.108,80.1242236,95.16053979,91.94974407,94.78827362,13.56218898,17.84697773,,,-0.027252546,-0.102754136,-0.097116277,0.690304803
11129800,0.052782818,10.29977205,81,45.6,2,32,543,1.066944226,0.132026173,1,1,19.694249,2.110868413,1,32,81.2,10.49992222,94.98956159,91.37091162,86.22129436,0.98,85.3,58.44,66.4,39.6,749.9,0.1,0.68,0.97,3,1.28,24.6,11.29,2.31,24.04,39.55,36.41,443.7,1306,157,0.254,20,-0.839,-0.544,11.75,12.6,15.248683,69.07216495,94.50980392,90.19607843,87.05882353,0.276776534,1.44021102,,,0.026378043,0.019077106,0.000568816,
11274538,0.001146186,4.599607692,65,31.7,2,52,231,1.152555325,0.423269553,1,1,21.29077,1.252220249,1,52,60.8,4.599593407,94.98910675,81.48148148,94.88017429,1.27,469.4,42.12,61.9,44.8,864.4,1.3,0.619,0.06,4,1.31,29.8,10.95,1.77,24.47,43.22,32.31,405.1,1155,19,0.34,20.9,-0.28,0.96,9.82,8.8,18.511698,69.71153846,94.50274863,79.86006997,95.30234883,8.636513396,9.777673626,,,-0.061436979,-0.126443083,0.002099572,0.611608627
11113000,0.679603678,28.39725538,242.7,0,2,30.83333333,858,1.132653181,0.29333831,1,1,12.550943,0.240796008,1,30.83333333,115.5,11.7957854,94.98843485,89.8997687,68.23438705,1.41,650,68.34,45.4,34.7,663.4,7.7,0.69,1.22,4,1.67,44.6,9.91,2,22.07,41.65,36.28,1251.5,2274,184,0.512,32.7,-1,0.016,7.03,17.46,16.054577,13.63636364,96.46799117,95.97130243,76.54525386,8.618055904,10.59078462,14.98787692,8.055507692,-0.025422236,-0.026393799,-0.019054104,1.216620088
8377900,0.040743626,9.797492,48.4,166.4,1,16,87,1.100536354,0.278330733,1,1,65.272425,1.140346217,1,16,46.8,9.997998667,94.95877705,92.545517,73.62590175,2.05,139,89.76,48.6,96.1,380.6,31.6,0.11,0.5,3,1.21,65.4,9.68,2.96,22.74,43.83,33.43,3141.5,3642,2423,0.593,24.8,0.023,-1,13.35,11.76,13.047006,94.29133858,94.96981891,91.8175721,74.18678739,25.24947925,36.74589928,66.46402878,35.36093525,-0.03378568,-0.041146736,-0.00861868,0.946858376
11065000,0.078420587,18.68382,141.7,2.1,2,59.875,156,1.03836846,0.137305563,1,1,33.742927,1.953161117,1,59.875,132.3,15.99795718,94.94818653,92.55181347,95.5634715,1.55,364.7,81.4,47.7,43.6,701.5,4.2,0.649,1.11,5,1.12,49.6,10,6.62,10.83,28.51,60.66,1250.1,3059,313,0.343,27.3,-0.675,0.738,6.97,17.4,19.024359,34,93.18181818,91.1205074,96.3794926,9.084707504,11.94332328,33.44313134,17.52322457,-0.009785177,-0.017146948,-0.004747299,0.8073376
11274630,0.027349757,11.99917895,59.1,41.7,2,33,894,1.058466137,0.158842957,1,1,13.905464,1.291954055,1,33,52,10.19933962,94.93882091,98.10901001,85.15016685,1.77,187.4,43.32,61.7,49.1,799,2.1,0.604,1.08,4,1.42,30.9,10.3,1.62,26.46,42.13,31.41,559.2,1116,65,0.472,26.1,-0.722,0.692,8.59,5.71,18.975462,72.57383966,94.22981674,98.11788014,86.72610203,4.696483564,5.048932764,,,-0.015101335,-0.017095875,-0.011952802,0.942822946
11204100,0.006797856,7.097385754,136.6,0.5,2,68.85722222,819,1.092032211,0.212577568,1,1,14.215553,0.967391659,1,68.85722222,89.4,5.099868693,94.92714517,72.36913114,97.62547221,2.9,249.1,79.83,55.9,53.1,703.2,25.2,0.595,0.74,4,1.36,65.9,9.43,2.64,18.72,31.31,49.98,1348.7,2824,292,0.417,34.4,0.119,-0.993,8.18,8.1,17.505672,39.64497041,96.71428571,77.42857143,97.9047619,1.184458719,2.632436772,48.9626656,16.38281815,0.301182649,0.096928178,-0.011631839,0.837459498
11109600,0.044658193,10.29975103,150,131.2,2,37,507,0.978427783,0.289052236,1,1,41.681744,1.066478672,1,37,126.9,9.999121951,94.90713002,86.21929299,82.47453565,1.66,963.8,55.61,42.7,35,676,11.8,0.673,1.1,5,2.08,52.1,10.21,5.72,18.55,37.45,44,1385.2,2691,325,0.448,26,-0.765,0.644,5.21,11.63,16.693884,89.18918919,95.38834951,86.40776699,84.16936354,12.52429966,19.22524383,6.542218303,3.126727537,-0.088556875,-0.173314458,-0.010977479,0.46186249
11458500,0.352077482,9.499881579,109,116.9,2,59.875,823,1.000129255,0.085514356,1,1,14.134659,1.872868589,1,59.875,94.4,7.498778182,94.89420423,84.36062557,95.95216191,2.59,150.4,107.96,63.9,77.4,739.6,1.4,0.626,0.64,3,1.77,23.2,10.42,1.81,24.93,43.89,31.18,301.1,824,39,0.336,17.6,-0.861,-0.509,8.48,16.55,19.519202,87.78625954,95.23606976,87.36707784,96.25691195,0.499796572,1.447539894,,,0.00757648,-0.088562317,-0.065355154,0.608562146
10321590,0.000594142,2.399973,34.8,10.3,1,41.95,270,0.991036799,0.118579362,1,1,24.500089,1.286795577,1,41.9375,26.3,1.9,94.88881513,75.50614006,94.82243611,1.45,476.6,31.03,52.6,69.9,545.9,39,0.172,1.1,4,1.34,63.8,11.2,2.06,27.06,43.56,29.38,1821.7,2574,1498,0.301,12.2,-0.936,0.351,5.48,2.71,21.107389,46.78217822,96.08540925,80.69395018,95.37366548,11.0869995,10.16682753,,,-0.031596847,-0.081830034,0.01077188,0.81610328
8380500,0.019297177,10.49637244,45.7,24.7,1,12.92333333,133,1.16798877,0.441571308,1,1,99.368957,1.001978058,1,12.92333333,45.7,10.49637244,94.8875803,91.68451106,65.77444682,2.1,198.1,68.57,50.8,80.7,464.5,19.2,0.221,0.66,4,1.18,58,10.64,1.87,31.03,41.4,27.57,2652.5,3551,2136,0.381,25,-0.636,0.772,15.49,10.72,17.995738,34.71502591,94.79779084,91.60876537,65.811509,30.00276242,42.76158506,96.58440182,48.47415447,0.009804609,0.004280286,0.019648497,1.00779206
11152000,0.387312126,12.48178627,148.1,114.5,2,66,183,1.027117801,0.124687718,1,1,10.954941,1.60170771,1,66,136.5,12.49109724,94.8757764,89.59627329,94.95341615,2.07,625.1,80.89,63.9,60.5,663.8,2.9,0.654,1.03,5,2.35,38.3,10.02,3.14,20.17,34.81,45.02,759.1,1785,113,0.387,34.7,-0.132,0.991,8.25,16.63,17.294107,84.47761194,94.61893764,87.89838337,95.4965358,2.102052119,3.129195329,14.97461206,10.20955047,0.008995308,0.013725339,0.004678276,1.119487192
11063510,0.109543961,12.29819069,124.4,55.3,2,57.9375,69,1.007101916,0.173629103,1,1,19.701106,0.914667921,1,57.9375,122.4,12.09819069,94.85677083,89.6484375,96.875,2.04,144.5,66.42,46,40.7,690.4,4.5,0.635,0.96,4,1.54,50.7,9.96,6.14,10.54,26.94,62.52,1273.4,2542,794,0.272,22.4,-0.728,0.686,6.77,8.28,18.45637,80.33707865,94.56395349,89.06976744,97.20930233,6.090614167,8.283114187,74.67695502,36.88442907,0.003303807,-0.006704234,-0.005119741,0.927332981
11152050,0.257292168,12.48178627,151.2,115.5,2,66,183,1.053061954,0.171955123,1,1,8.868908,1.491041107,1,66,136.5,12.49109724,94.8491155,89.5421436,94.82310094,1.67,771.5,74.52,63.7,58.2,676.7,2.4,0.652,1.04,6,2.02,38.4,10.1,2.9,21.11,35.63,43.26,674.8,1785,52,0.359,31.4,0.227,0.974,8.44,15.13,17.029979,82.03883495,94.86474094,87.94131133,95.43787254,1.729693567,2.523499676,12.12311082,8.239170447,0.008995308,0.013725339,0.004678276,1.119487192
11475800,0.6879651,15.69282759,155.1,49.5,1,63,584,1.006233787,0.086259631,1,1,7.751945,0.72069388,1,63,135.5,14.49968441,94.83896003,93.32557237,92.35545208,2.23,642.1,206.67,64.8,106,657.8,7.2,0.589,0.89,5,1.8,28.1,11.21,2.07,25.53,42.82,31.65,626.1,1289,239,0.382,26.8,-0.449,-0.893,8.47,31.48,16.808763,48.5915493,93.50953496,91.10070258,93.40916695,1.088201084,1.580221149,,,-0.084355112,-0.115455323,-0.012523929,0.650926216
11466800,0.14805329,15.98761039,136.4,0,2,45,178,0.985244576,0.089549219,1,1,12.714225,1.001456134,1,45,93.6,9.298610769,94.82507289,90.03887269,86.61321672,2.06,652.2,100.52,64.6,68.1,730.4,0.8,0.63,0.68,4,1.71,30,13.03,1.22,29.33,42.59,28.08,155.1,780,16,0.185,9.2,-0.054,-0.999,12.84,5.4,16.611166,10.9375,96,95.87628866,88.43298969,3.097905528,3.795124195,,,0.312025727,0.18382691,0.033137834,1.066667466
11274630,0.315806583,5.799098901,61.8,64.2,2,47.5,865,1.103098541,0.257321966,1,1,85.565494,1.161792096,1,47.5,61.8,5.799098901,94.81132075,87.43793446,94.24031778,1.77,187.4,43.32,61.7,49.1,799,2.1,0.604,1.08,4,1.42,30.9,10.3,1.62,26.46,42.13,31.41,559.2,1116,65,0.472,26.1,-0.722,0.692,8.59,5.71,18.975462,84.38818565,94.79940565,87.41951461,94.25458148,28.65968365,39.2167556,,,-0.030486399,-0.11608702,-0.079228316,0.670603252
11077500,0.033632103,19.89913889,125.5,0,2,43,909,1.083802049,0.277816601,1,1,11.075228,0.62641764,1,43,57.9,9.69893396,94.80686695,93.39055794,91.37339056,1.28,240.8,51.01,60.8,37.1,825.6,0,0.654,1.13,5,1.61,20.2,10.37,1.7,25.4,46.19,28.41,553.2,1719,35,0.308,25.4,-0.221,-0.975,14.86,2.53,17.754193,14.18918919,96.99872286,96.42401022,93.26309068,2.800140695,1.788413621,,,0.182826607,0.004510949,-0.111629493,1.107408824
11451715,0.202181409,10.99952513,80.7,3,2,41,219,1.002650775,0.033693224,1,1,11.690112,0.296371599,1,41,69.8,10.59996739,94.80113636,97.84090909,82.84090909,0.9,247.9,70.02,59.6,55.5,854.4,1,0.615,0.96,4,1.19,43.2,10.66,0.49,37.34,42.78,19.88,560.5,1162,264,0.34,18.2,-0.265,0.964,10.43,10.33,18.827651,22.22222222,92.03125,93.97321429,86.47321429,1.945488238,3.78987495,23.98777733,10.34183138,-0.03605718,-0.06584007,0.002251203,0.654581878
11014000,0.056695943,15.49989983,70.4,8.8,2,36.75,435,1.02315964,0.099067655,1,1,34.921161,0.643563446,1,36.75,56.4,15.49883,94.79235333,98.54976928,88.13447594,2.91,181.8,44.33,55.8,42.1,846.3,0,0.609,1.26,5,1.39,33.8,10.3,3.01,18.77,38.69,42.55,490.9,1128,158,0.343,19.4,-0.048,-0.999,11.13,8.78,16.12831,50,95.95238095,98.39285714,89.22619048,24.61891647,27.06188119,,,-0.057379198,-0.140391987,-0.024227996,0.841697022
11101250,0.58709968,20.69597419,143.7,20.1,2,57.8,867,1.092037683,0.329786401,1,1,9.043463,1.218738623,1,57.8,116.5,15.99594217,94.78571429,92.78571429,96.28571429,3.16,237.3,62.69,59.1,33.7,843.8,0.3,0.655,0.85,3,1.36,34,10.8,2.61,18.95,41.98,39.07,471.3,1852,65,0.228,19.6,-0.987,-0.161,12.98,12.65,13.411358,58.10397554,95.52517091,94.90366687,96.76817899,0,3.349683944,19.49397387,12.38921197,-0.011973347,-0.025141766,-0.011421131,
11138500,0.003251636,28.38173,161.8,0,2,44,166,1.051966834,0.246209186,1,1,43.010103,1.393757,1,44,157.4,28.39559,94.76975554,96.87322342,87.94769756,2,728.9,69.82,57.6,39.6,665.2,7.1,0.686,1.16,5,1.44,28.2,9.8,1.39,21.86,41.68,36.45,994.2,2081,193,0.424,34.2,0.199,-0.98,8.18,9.48,16.60856,8.529411765,94.76681128,96.90889371,88.34056399,32.67864011,35.43658938,,,-0.079948795,-0.1583225,-0.003626793,0.635399474
11113000,1.34178162,23.8968,244.3,521.2,2,51.66666667,509,1.142280699,0.327929041,1,1,34.168763,0.626898493,1,51.66666667,140.1,10.69318568,94.76127321,84.41644562,89.85411141,1.41,650,68.34,45.4,34.7,663.4,7.7,0.69,1.22,4,1.67,44.6,9.91,2,22.07,41.65,36.28,1251.5,2274,184,0.512,32.7,-1,0.016,6.44,14.64,16.054577,98.63636364,96.60596026,94.20529801,91.61147903,19.70198669,21.99904615,14.98787692,8.055507692,-0.100884584,-0.203599969,-0.018163254,0.353398313
11077500,0.086667343,14.29472821,98.4,0,2,30,421,1.047835058,0.194495409,1,1,24.501378,1.161798467,1,30,90.6,12.59590637,94.76122594,91.4468995,84.53314326,1.28,240.8,51.01,60.8,37.1,825.6,0,0.654,1.13,5,1.61,20.2,10.37,1.7,25.4,46.19,28.41,553.2,1719,35,0.308,25.4,-0.221,-0.975,12.94,6.47,17.754193,14.18918919,95.21072797,92.91187739,86.14303959,9.989975637,12.6130814,,,-0.041399881,-0.062625955,-0.015173694,0.666868373
11466800,0.071204515,9.099591209,146.8,36.7,2,35,91,1.00967161,0.117158918,1,1,12.714225,1.001456134,1,35,93.5,7.799715193,94.75218659,86.44314869,78.27988338,2.06,652.2,100.52,64.6,68.1,730.4,0.8,0.63,0.68,4,1.71,30,13.03,1.22,29.33,42.59,28.08,155.1,780,16,0.185,9.2,-0.054,-0.999,8.21,20.47,16.611166,56.875,96.63917526,84.98969072,81.36082474,3.097905528,3.795124195,,,0.312025727,0.18382691,0.033137834,1.066667466
11143000,0.352199253,8.098551429,138.4,23.4,2,85,541,1.006598316,0.031887104,1,1,29.9711,1.327452654,1,85,131.1,7.798608221,94.74452555,79.27007299,98.68613139,2.74,120.6,116.26,67.4,72.8,639.5,3.4,0.654,0.98,4,1.47,40.3,10.29,4.14,14.13,31.45,54.42,779,1505,80,0.492,43.6,-0.447,-0.894,9.44,19.35,18.127121,49.45355191,94.60347255,79.39934303,98.73298921,15.90995837,20.11791045,86.30373134,57.91119403,-0.136880481,-0.207611445,-0.024214942,
11118500,0.268184829,22.896745,182.8,0.8,2,24.83333333,852,1.076940843,0.202214772,1,1,82.190611,1.092289043,1,24.83333333,183.5,22.896745,94.73031618,93.18040918,73.00061996,2.11,485.7,69.88,51.4,33.4,711.7,1.4,0.702,1.2,6,1.39,38.3,10.32,1.3,23.76,41.87,34.37,702.1,1835,78,0.36,29.1,-0.979,-0.203,12.56,3.19,16.615606,24.87309645,94.66501241,93.17617866,73.01488834,33.83108468,42.24663372,80.03368334,50.47848466,0.252358865,0.015863939,-0.088528978,0.913104719
9497800,0.055434446,20.571284,64.7,181.9,1,25,408,1.101364715,0.415146892,1,1,33.497407,1.389714454,1,25,53.3,20.39414545,94.71956224,99.4254446,81.61422709,1.91,750.9,58.79,40.7,71.3,676.3,12.1,0.147,0.83,4,1.76,37.1,10.42,0.91,29.33,42.37,28.3,1747.1,2298,991,0.582,19.4,-0.996,0.088,22.3,5.81,18.999934,97.88519637,95.03883738,98.72212478,83.112002,23.5959096,23.57343188,,,-0.111285231,-0.185539706,-0.015133042,
9484000,0.182680352,8.499136508,67.5,12.1,2,80.5,611,1.047463647,0.178203882,1,1,85.517068,1.046778775,1,80.5,67.2,8.499136508,94.6762142,84.27770859,99.53300125,2.39,103.7,75.97,43.3,71.1,767.1,3.1,0.167,0.8,3,1.52,9.5,9.14,1.65,18.36,43.38,38.26,1878.8,2788,872,0.534,35.6,-0.977,-0.213,5.78,6.97,17.656755,33.50515464,94.62899721,84.16640795,99.53430612,21.59321881,31.624108,59.10578592,25.9246866,-0.075001263,-0.13012394,-0.017316944,0.572519765
11274630,0.067845529,11.79684611,68.5,70.8,2,34.66666667,896,1.036061167,0.13508715,1,1,13.905464,1.291954055,1,34.66666667,50.9,8.494652101,94.66073415,96.44048943,86.17908788,1.77,187.4,43.32,61.7,49.1,799,2.1,0.604,1.08,4,1.42,30.9,10.3,1.62,26.46,42.13,31.41,559.2,1116,65,0.472,26.1,-0.722,0.692,7.89,8.15,18.975462,89.45147679,95.76523031,98.0188212,87.6919267,4.696483564,5.048932764,,,-0.015101335,-0.017095875,-0.011952802,0.942822946
11129800,0.003651641,22.89986974,79.3,212,2,16.5,469,1.091410696,0.164360474,1,1,19.694249,2.110868413,1,16.5,77.8,22.99076,94.64161447,99.09533751,57.37647878,0.98,85.3,58.44,66.4,39.6,749.9,0.1,0.68,0.97,3,1.28,24.6,11.29,2.31,24.04,39.55,36.41,443.7,1306,157,0.254,20,-0.839,-0.544,10.42,11.75,15.248683,97.93814433,93.92156863,99.08496732,58.79084967,0.276776534,1.44021102,,,0.026378043,0.019077106,0.000568816,
11143000,0.74901041,10.49748644,136.1,16,2,44,165,1.023914508,0.123192709,1,1,86.219962,1.022908078,1,44,135.5,10.49938286,94.61247637,85.34971645,90.26465028,2.74,120.6,116.26,67.4,72.8,639.5,3.4,0.654,0.98,4,1.47,40.3,10.29,4.14,14.13,31.45,54.42,779,1505,80,0.492,43.6,-0.447,-0.894,8.33,25.11,18.127121,41.66666667,94.5096199,85.12435476,90.33317691,14.47744466,22.15223881,86.30373134,57.91119403,-0.031238989,-0.040315131,0.002169895,1.009060924
11025500,0.112796477,4.799968615,94.6,9.9,2,64,211,1.05686184,0.170954447,1,1,7.499671,0.63456728,1,64,73.9,4.3,94.60719041,73.90146471,97.86950732,1.59,288.7,61.83,49,43.1,760.7,1.6,0.57,0.88,4,1.39,32.2,10.45,3.04,16.47,31.29,52.24,891.8,1731,269,0.428,20.2,-0.631,-0.776,8.73,11.95,16.426629,47.94520548,95.46625451,72.33384853,98.35136528,5.200985221,3.255836508,,,-0.074054021,-0.169407355,0.0000527,
11015000,0.024999569,15.99778462,81.7,2.9,1,22.97916667,551,0.9782976,0.11102204,1,1,81.490142,1.480326105,1,22.97916667,80.9,15.99828629,94.59601259,96.06505771,67.15634837,1.44,117.8,76.11,45.5,48.7,677.6,11.1,0.564,0.71,3,1.32,40,10.19,5.47,12.93,24.7,62.37,1330.9,1942,1002,0.351,17.6,-0.501,-0.865,10.57,4.98,15.126983,37.28813559,94.62140992,95.97911227,67.31070496,64.84675838,71.42852292,,,-0.09802169,-0.192878786,-0.023272728,0.608571175
11274630,0.011740752,2.4,61.9,0,2,79.66666667,561,1.056545627,0.159207024,1,1,14.544513,0.969698236,1,79.66666667,44.5,2.197556456,94.57725948,63.3819242,98.89212828,1.77,187.4,43.32,61.7,49.1,799,2.1,0.604,1.08,4,1.42,30.9,10.3,1.62,26.46,42.13,31.41,559.2,1116,65,0.472,26.1,-0.722,0.692,7.89,8.15,18.975462,5.696202532,94.87369985,62.40713224,99.05894007,2.596224212,4.075933831,,,-0.045234715,-0.097401651,-0.006249959,0.568651794
11063510,0.067411668,20.69633404,124.1,31,2,31.5,841,0.971887512,0.149898506,1,1,75.044644,1.007263416,1,31.5,118.9,20.69882308,94.56589631,95.50281074,83.35415365,2.04,144.5,66.42,46,40.7,690.4,4.5,0.635,0.96,4,1.54,50.7,9.96,6.14,10.54,26.94,62.52,1273.4,2542,794,0.272,22.4,-0.728,0.686,6.77,8.28,18.45637,65.73033708,94.47674419,94.8255814,84.50581395,20.60685912,23.61986159,74.67695502,36.88442907,0.082420918,-0.038169893,-0.099867697,0.741913803
11274630,0.041704601,4.9995,60.4,61.9,2,77,496,1.059592987,0.148809376,1,1,85.565494,1.161792096,1,77,60.4,4.9995,94.56305859,84.40913605,98.85799404,1.77,187.4,43.32,61.7,49.1,799,2.1,0.604,1.08,4,1.42,30.9,10.3,1.62,26.46,42.13,31.41,559.2,1116,65,0.472,26.1,-0.722,0.692,8.59,5.71,18.975462,82.48945148,94.52699356,84.39821694,98.86082219,28.65968365,39.2167556,,,-0.055945418,-0.19305785,-0.071589767,0.595692952
11451715,0.167913373,7.099614588,78.7,1.7,2,57,503,0.984983881,0.089946961,1,1,11.690112,0.296371599,1,57,69,6.79962,94.54545455,91.53409091,91.90340909,0.9,247.9,70.02,59.6,55.5,854.4,1,0.615,0.96,4,1.19,43.2,10.66,0.49,37.34,42.78,19.88,560.5,1162,264,0.34,18.2,-0.265,0.964,7.69,10.4,18.827651,20.83333333,91.51785714,84.73214286,93.63839286,1.945488238,3.78987495,23.98777733,10.34183138,-0.028831435,-0.039762042,-0.011139522,0.691053957
11123500,0.005402318,49.98736538,178.9,31.9,2,30.9375,928,1.037061723,0.149217692,1,1,47.106742,1.207876628,1,30.9375,173,49.98736538,94.52852154,99.35972061,77.12456345,1.89,718.1,79.99,52.6,34.3,660.8,3.8,0.712,1.27,5,1.39,25.8,9.92,1.14,22.63,41.55,35.82,934.1,2081,242,0.378,31.2,-0.578,-0.816,8.31,17.22,18.753658,47.2361809,94.18604651,99.2248062,78.23920266,43.16949878,44.25628743,16.02817156,5.57082579,-0.041739968,-0.117735286,-0.025034786,0.578338332
11176400,0.163913074,6.099628422,79.4,81.8,2,89,496,1.007261976,0.074737506,1,1,74.095967,1.41581736,1,89,75.8,5.39979021,94.51795841,81.89981096,98.67674858,1.46,338.6,57.45,62.2,56.1,798.4,4,0.599,1.02,5,1.51,31.3,10.82,2.16,22.41,45.93,31.66,753.8,1238,230,0.52,23.4,-0.069,-0.998,7.92,7.81,17.721231,90.38461538,94.64368887,84.86259898,98.69585468,21.07161609,32.61317188,,,-0.067347092,-0.20950784,-0.078053436,0.604649115
11077500,0.127002348,11.79771104,91.9,0,2,32,838,1.02965644,0.133486367,1,1,24.501378,1.161798467,1,32,88.4,11.5991,94.51176051,89.37990021,86.67141839,1.28,240.8,51.01,60.8,37.1,825.6,0,0.654,1.13,5,1.61,20.2,10.37,1.7,25.4,46.19,28.41,553.2,1719,35,0.308,25.4,-0.221,-0.975,12.34,11.9,17.754193,14.18918919,94.44444444,89.97445722,88.0587484,9.989975637,12.6130814,,,-0.026350686,-0.059067076,-0.018292824,0.675049737
11077500,0.021402248,15.49828348,169.6,128.7,2,71.8,482,1.090419613,0.304981698,1,1,11.075228,0.62641764,1,71.8,56.4,9.093686,94.50643777,92.53218884,98.71244635,1.28,240.8,51.01,60.8,37.1,825.6,0,0.654,1.13,5,1.61,20.2,10.37,1.7,25.4,46.19,28.41,553.2,1719,35,0.308,25.4,-0.221,-0.975,12.34,11.9,17.754193,94.59459459,98.46743295,93.8697318,99.04214559,2.800140695,1.788413621,,,0.051188561,-0.157130797,-0.11617759,0.627282338
11023340,0.224260946,6.499614796,66.6,10.4,2,42.75,436,1.012413158,0.051565999,1,1,37.099197,1.443643241,1,42.75,60.9,5.596568315,94.50464396,84.75232198,89.08668731,2.81,109.6,39.02,60.2,39.8,841.8,0,0.626,1.08,3,1.17,24.2,11.67,2.82,23.07,37.6,39.33,263,808,116,0.251,12.8,-0.28,-0.96,12.07,7.85,14.786058,69.62457338,94.88721805,87.51879699,89.39849624,26.23438145,28.43786496,,,-0.043319158,-0.108905474,-0.02265705,0.915032406
10260950,0.097515947,11.99664,110.8,1.4,2,59,165,1.003316658,0.104022176,1,1,10.926878,0.653202168,1,59,86.5,9.294125072,94.5003873,88.61347792,94.9651433,2.1,175.1,66.31,43.9,49,724,6.7,0.611,0.97,4,1.24,39.2,10.29,5.47,13.39,28.27,58.34,1271.7,1862,921,0.362,20.2,0.925,0.379,6.25,13.76,18.304836,44.76744186,93.12424608,87.39445115,96.07961399,7.69524916,7.127527127,10.63038264,5.662649914,-0.010153694,-0.015770832,-0.004230654,0.796029693
11063510,0.122673559,24.07762222,117.9,0,2,42,125,0.998244727,0.144614452,1,1,19.701106,0.914667921,1,42,115.9,24.0765,94.49869792,96.6796875,89.94140625,2.04,144.5,66.42,46,40.7,690.4,4.5,0.635,0.96,4,1.54,50.7,9.96,6.14,10.54,26.94,62.52,1273.4,2542,794,0.272,22.4,-0.728,0.686,7.51,15.53,18.45637,15.16853933,94.01162791,95.93023256,91.01744186,6.090614167,8.283114187,74.67695502,36.88442907,0.003303807,-0.006704234,-0.005119741,0.927332981
11118500,0.019355949,25.69897143,174.6,4.9,2,58,86,1.101082534,0.247832506,1,1,82.190611,1.092289043,1,58,177.6,25.69897143,94.48233106,95.04029758,93.7383757,2.11,485.7,69.88,51.4,33.4,711.7,1.4,0.702,1.2,6,1.39,38.3,10.32,1.3,23.76,41.87,34.37,702.1,1835,78,0.36,29.1,-0.979,-0.203,10.63,13.74,16.615606,40.35532995,94.29280397,95.03722084,93.73449132,33.83108468,42.24663372,80.03368334,50.47848466,0.331314345,0.123299966,-0.014966023,1.109881426
11014000,0.168218732,11.994825,57.6,29.8,2,19.5,484,0.975461598,0.137714424,1,1,34.921161,0.643563446,1,19.5,54.5,11.5953425,94.46275544,96.17666447,56.82267633,2.91,181.8,44.33,55.8,42.1,846.3,0,0.609,1.26,5,1.39,33.8,10.3,3.01,18.77,38.69,42.55,490.9,1128,158,0.343,19.4,-0.048,-0.999,11.77,8.75,16.12831,72.05882353,93.95833333,95.83333333,59.28571429,24.61891647,27.06188119,,,-0.057379198,-0.140391987,-0.024227996,0.841697022
11152000,0.221968353,16.69952273,144.4,66.5,2,55.875,814,1.109649129,0.31040789,1,1,7.156277,1.825105706,1,55.875,129.4,16.69940909,94.44741057,93.32621463,92.31179925,2.07,625.1,80.89,63.9,60.5,663.8,2.9,0.654,1.03,5,2.35,38.3,10.02,3.14,20.17,34.81,45.02,759.1,1785,113,0.387,34.7,-0.132,0.991,8.57,12.76,17.294107,70.14925373,94.27251732,92.19399538,93.34872979,3.419893111,4.751959686,14.97461206,10.20955047,-0.083696349,-0.130360625,-0.01582025,
11065000,0.026476654,16.49782463,186.9,86.6,2,65,69,0.994023482,0.366181565,1,1,8.140156,1.901694811,1,65,123,12.09819069,94.43312967,89.27359131,96.13034623,1.55,364.7,81.4,47.7,43.6,701.5,4.2,0.649,1.11,5,1.12,49.6,10,6.62,10.83,28.51,60.66,1250.1,3059,313,0.343,27.3,-0.675,0.738,7.23,10.24,19.024359,83.27272727,95.24312896,89.79915433,96.98731501,2.365863291,3.388017549,33.44313134,17.52322457,0.003139483,-0.006888002,-0.00523758,0.924603841
11466200,0.518229094,16.39712513,106.9,0,2,19.94472222,821,1.027212597,0.084510143,1,1,34.361034,1.403707824,1,19.94472222,91.1,13.49688333,94.42964936,96.18286729,59.07678651,1.32,144.8,107.68,64.2,75.1,733.1,1.3,0.62,0.7,4,1.27,28.1,11.03,1.27,27,44.02,28.98,258.7,780,43,0.293,15.8,0.094,-0.996,8.63,16.48,17.015969,6.678700361,95.51174497,97.56711409,60.65436242,18.43726499,19.21139503,,,-0.091751365,-0.258643229,-0.140740718,0.419742642
11456000,0.224080346,12.99639771,107.4,1.4,2,19.9375,821,0.962771921,0.094687865,1,1,60.472826,0.901596113,1,19.9375,102.7,12.99891691,94.42790302,95.15099957,59.80433858,1.79,212.3,104.44,64,69.8,743.7,1.5,0.624,0.68,4,1.39,28.5,10.89,2.14,24.23,44.57,31.21,305.3,1261,75,0.209,20.9,-0.876,0.483,8.25,16.25,16.071526,20.08547009,93.86326194,93.6985173,60.33772652,22.62324764,34.12581253,,,-0.086844868,-0.252784243,-0.136107724,0.462245909
14092750,0.212745499,13.49986736,99.7,9.7,1,61.99027778,54,0.995338708,0.187476863,1,1,98.92403,1.011426633,1,61.99027778,99.7,13.49986736,94.41850122,98.33222148,90.37135868,2.64,57.5,157.25,64.1,149.6,492.3,49.5,0.401,0.84,3,1.26,78.7,9.59,6.55,15.23,29.88,54.88,1477.3,2096,1096,0.381,24.7,-0.096,0.995,6.45,14.53,17.677713,22.84710018,94.41850122,98.33222148,90.37135868,42.71836711,42.4346087,99.52765217,38.0013913,0.162595413,0.097160528,0.02906728,1.03736107
11458500,0.47069182,15.18343116,112.6,0,2,19.92333333,821,0.99225714,0.076679772,1,1,14.134659,1.872868589,1,19.92333333,90,12.8864915,94.38822447,95.53817847,59.7976081,2.59,150.4,107.96,63.9,77.4,739.6,1.4,0.626,0.64,3,1.77,23.2,10.42,1.81,24.93,43.89,31.18,301.1,824,39,0.336,17.6,-0.861,-0.509,8.48,16.55,19.519202,7.824427481,95.61888558,95.83156104,61.63334751,0.499796572,1.447539894,,,0.00757648,-0.088562317,-0.065355154,0.608562146
11042400,0.009102426,11.79944,74.6,4.9,2,31.9475,586,1.007682211,0.197180183,1,1,5.418644,1.623115625,1,31.9475,59.1,9.296170566,94.38417358,92.85258456,82.76962348,2.17,342.2,45.9,47.5,35.2,738.3,4.5,0.519,0.92,4,1.33,34.5,10.18,6.63,11.08,22.22,66.7,1119.3,1870,508,0.457,17,0.473,-0.881,7.88,8.66,17.322787,45.83333333,94.13612565,93.66492147,85.81151832,2.08734395,4.6735827,,,-0.013044584,-0.070847167,-0.014318167,
11466200,0.623830494,15.49915217,106.8,32.6,2,15,454,1.036781513,0.126692172,1,1,7.676397,0.941665039,1,15,68.6,10.98981604,94.36902966,96.43036702,44.19306184,1.32,144.8,107.68,64.2,75.1,733.1,1.3,0.62,0.7,4,1.27,28.1,11.03,1.27,27,44.02,28.98,258.7,780,43,0.293,15.8,0.094,-0.996,8.23,21.97,17.015969,50.18050542,95.46979866,96.97986577,50.37751678,0.862305695,1.310220994,,,0.11286134,0.003010738,-0.118101618,0.654883262
11047300,0.368381789,11.5998125,105.1,146.5,2,56,611,1.054233563,0.156944562,1,1,11.921157,1.8590446,1,56,81.5,11.6906075,94.36781609,90.34482759,96.01532567,1.1,139.9,46.85,61.6,36.6,812.1,0,0.652,1.08,3,1.27,23.9,11.46,2.26,24.89,42.68,32.43,423.2,1729,25,0.234,19.1,-0.597,-0.802,14.87,2.27,13.66011,98.41269841,96.40190088,90.5634759,96.46978955,4.902997679,7.699857041,11.53209435,10.94796283,0.064649032,-0.160446952,-0.110397484,0.541141138
11451715,0.015649069,6.798922102,98.6,21.6,1,71,1076,0.945706299,0.244184476,1,1,11.655139,0.944331954,1,71,82.9,6.499083636,94.32962374,85.00264971,95.89295178,0.9,247.9,70.02,59.6,55.5,854.4,1,0.615,0.96,4,1.19,43.2,10.66,0.49,37.34,42.78,19.88,560.5,1162,264,0.34,18.2,-0.265,0.964,21.88,0.68,18.827651,47.22222222,94.86607143,82.94642857,96.54017857,2.304121352,5.157482856,23.98777733,10.34183138,-0.020201164,-0.037042487,-0.012948582,0.829864732
11109600,0.006522447,11.49908628,126.5,0,2,42,813,0.976774934,0.214688199,1,1,41.681744,1.066478672,1,42,119.6,11.49908628,94.30796884,88.37627322,85.85979629,1.66,963.8,55.61,42.7,35,676,11.8,0.673,1.1,5,2.08,52.1,10.21,5.72,18.55,37.45,44,1385.2,2691,325,0.448,26,-0.765,0.644,8.74,4.34,16.693884,14.32432432,94.44444444,87.97195254,87.21682848,12.52429966,19.22524383,6.542218303,3.126727537,-0.054237196,-0.108104837,-0.011410457,0.669482329
11042900,0.04264356,2.299276822,55,13.7,2,63,454,0.998214604,0.068177358,1,1,15.117915,0.970781969,1,63,46.7,2.099192,94.30523918,61.27562642,97.72209567,1.45,227.1,38.42,52.1,30.4,862.2,0.2,0.588,1,3,1.35,24,11.73,2.76,18.12,34.83,47.04,611.1,1381,325,0.274,8.4,-0.245,-0.97,10.65,8.7,16.576693,65.29680365,93.83078731,61.45710928,98.2373678,2.290242769,3.785468956,,,,,,
11025500,0.024030554,17.69694857,111.2,0.2,2,38.66666667,495,0.909929224,0.230775426,1,1,16.382785,0.674671611,1,38.66666667,71.4,13.0821665,94.28754814,95.8279846,85.75096277,1.59,288.7,61.83,49,43.1,760.7,1.6,0.57,0.88,4,1.39,32.2,10.45,3.04,16.47,31.29,52.24,891.8,1731,269,0.428,20.2,-0.631,-0.776,10.28,13.15,16.426629,22.14611872,96.54817105,96.80577022,88.61411643,11.15906388,12.28919293,,,-0.072404985,-0.159021569,-0.025886188,0.818166877
10260950,0.169803889,29.36652577,176.4,221.6,2,53.88916667,911,0.986610546,0.216616387,1,1,10.926878,0.653202168,1,53.88916667,83.2,10.59765509,94.2680093,90.31758327,93.49341596,2.1,175.1,66.31,43.9,49,724,6.7,0.611,0.97,4,1.24,39.2,10.29,5.47,13.39,28.27,58.34,1271.7,1862,921,0.362,20.2,0.925,0.379,7.19,15.35,18.304836,100,96.44149578,96.74306393,94.93365501,7.69524916,7.127527127,10.63038264,5.662649914,0.078235695,-0.10005319,-0.114749105,0.605979138
11138500,0.013130862,25.37731905,157.7,304.4,2,44.91666667,204,1.034870552,0.272535725,1,1,43.010103,1.393757,1,44.91666667,149.4,25.38793492,94.25810119,96.02046617,88.23194997,2,728.9,69.82,57.6,39.6,665.2,7.1,0.686,1.16,5,1.44,28.2,9.8,1.39,21.86,41.68,36.45,994.2,2081,193,0.424,34.2,0.199,-0.98,8.07,14.16,16.60856,97.64705882,94.52277657,96.09544469,88.61171367,32.67864011,35.43658938,,,-0.079948795,-0.1583225,-0.003626793,0.635399474
11077500,0.019520731,15.19374286,102.5,4.8,2,22.5,21,1.070290272,0.273040855,1,1,11.867328,0.9068181,1,22.5,61.9,13.995116,94.24040067,95.24207012,62.89649416,1.28,240.8,51.01,60.8,37.1,825.6,0,0.654,1.13,5,1.61,20.2,10.37,1.7,25.4,46.19,28.41,553.2,1719,35,0.308,25.4,-0.221,-0.975,12.34,11.9,17.754193,41.89189189,95.53001277,93.67816092,66.89016603,4.617074093,6.360921927,,,0.033667922,0.042852639,0.004524728,1.367628761
11372000,0.025105436,22.19915294,168,0.1,1,42.9525,621,0.999712465,0.143434518,1,1,91.657499,0.929124384,1,42.9525,165.3,22.19915294,94.23076923,98.74125874,78.91608392,1.46,589.9,149.15,61.6,92.2,773.2,13.3,0.544,0.71,4,1.55,62,10.11,2.48,20.64,39.59,39.77,857.8,1883,245,0.39,33.5,-0.806,0.592,9.94,9.97,14.264321,13.41772152,94.32815665,98.68332208,79.64213369,51.50065731,67.58848957,,,0.002635413,-0.271925171,-0.102547206,0.393701658
11044800,0.104325126,6.297884787,93.3,38.4,2,84,203,0.954629813,0.128637638,1,1,5.29932,0.732504198,1,84,64.9,4.697073873,94.22764228,75.6097561,99.59349593,1.68,85.5,40.9,59,33,853.1,0,0.666,0.86,3,1.19,26.7,10.3,3.33,15.97,31.55,52.47,405.4,859,100,0.415,18.9,-0.922,0.386,13.04,7.5,15.319151,75.15923567,96.56829101,81.05696637,99.6568291,2.005988961,2.867368421,,,-0.01646926,-0.029844553,-0.003557036,
11204100,0.016483095,30.789066,170.3,44.4,2,79,951,1.054643806,0.14264058,1,1,14.215553,0.967391659,1,79,83.8,9.794892435,94.22558014,89.63842418,98.92066919,2.9,249.1,79.83,55.9,53.1,703.2,25.2,0.595,0.74,4,1.36,65.9,9.43,2.64,18.72,31.31,49.98,1348.7,2824,292,0.417,34.4,0.119,-0.993,9.78,6.17,17.505672,75.14792899,98.61904762,99.52380952,99.04761905,1.184458719,2.632436772,48.9626656,16.38281815,0.301182649,0.096928178,-0.011631839,0.837459498
11063510,0.18596998,18.399595,131.9,0,1,35,853,0.868574043,0.375335115,1,1,15.999744,0.650293498,1,35,108.2,15.0985375,94.22092173,92.09948793,83.79663497,2.04,144.5,66.42,46,40.7,690.4,4.5,0.635,0.96,4,1.54,50.7,9.96,6.14,10.54,26.94,62.52,1273.4,2542,794,0.272,22.4,-0.728,0.686,14.92,2.33,18.45637,15.16853933,95.05813953,93.95348837,87.00581395,3.489027728,3.731418685,74.67695502,36.88442907,-0.035891857,-0.049581941,-0.016637586,
11059300,0.05747177,34.49828,191,117.8,2,69.96444444,514,1.130851472,0.372837664,1,1,10.204954,0.671506587,1,69.96444444,107.6,34.48818,94.21965318,98.52280026,95.37572254,1.38,946,67.84,42.5,47.8,641.9,27.6,0.57,1.05,5,1.86,28.1,10.09,7.16,11.69,29.16,59.16,1661,3477,292,0.43,26,0.124,-0.992,5.83,12.26,19.036583,87.32876712,96.58233466,97.7807368,96.67110519,5.853874082,5.295634249,5.803953488,2.260084567,-0.084515517,-0.142665696,-0.020310006,0.682674413
11274500,0.034032291,8.4988,61.9,25.9,2,47.75,493,1.080882973,0.203172591,1,1,91.144936,0.968114006,1,47.75,61.9,8.4988,94.20471651,93.57752132,94.15454089,1.48,347.8,45.32,61.6,45.7,861,1.4,0.624,1.05,4,1.63,30.1,10.73,1.77,24.88,42.82,32.31,475.6,1155,62,0.378,24.4,-0.349,0.937,8.71,5.88,18.273952,50.86956522,94.13239719,93.58074223,94.15747242,28.95967613,36.63890167,,,-0.049693472,-0.162895641,-0.067747282,0.614993088
11466320,0.484254543,16.39867166,108.1,0,2,19.95,821,1.031463902,0.092124628,1,1,24.946189,1.516647465,1,19.95,91.1,13.49688333,94.19602529,96.11562782,57.20415537,1.27,199.4,102.63,64.2,72,732.8,1,0.622,0.67,4,1.3,28.7,12.14,1.14,27.37,43.92,28.71,204.1,780,19,0.243,12.2,-0.118,-0.993,8.61,15.5,16.638396,8.093994778,95.15252821,97.28374425,59.31884664,13.68925187,13.95090271,,,-0.091766525,-0.258672788,-0.140744604,0.419628041
11152000,0.268627007,6.595752941,158.4,36.9,2,87,541,1.040443082,0.163474732,1,1,7.156277,1.825105706,1,87,126.6,6.29913931,94.18045916,74.58622531,98.02455953,2.07,625.1,80.89,63.9,60.5,663.8,2.9,0.654,1.03,5,2.35,38.3,10.02,3.14,20.17,34.81,45.02,759.1,1785,113,0.387,34.7,-0.132,0.991,9.53,13.87,17.294107,54.62686567,95.19630485,74.08775982,98.29099307,3.419893111,4.751959686,14.97461206,10.20955047,-0.144762853,-0.216354713,-0.026505137,
11123500,0.160886541,28.3958,180.3,178.9,2,47.75,930,1.015413141,0.125453544,1,1,47.106742,1.207876628,1,47.75,168.8,24.8973,94.17927823,94.99417928,90.04656577,1.89,718.1,79.99,52.6,34.3,660.8,3.8,0.712,1.27,5,1.39,25.8,9.92,1.14,22.63,41.55,35.82,934.1,2081,242,0.378,31.2,-0.578,-0.816,8.31,17.22,18.753658,86.4321608,94.2414175,96.23477298,90.53156146,43.16949878,44.25628743,16.02817156,5.57082579,-0.041739968,-0.117735286,-0.025034786,0.578338332
11451715,0.188474195,9.498673246,115.2,0,2,49.85722222,967,1.004272234,0.125972013,1,1,11.655139,0.944331954,1,49.85722222,82,7.897744804,94.17064123,90.2490726,89.77212507,0.9,247.9,70.02,59.6,55.5,854.4,1,0.615,0.96,4,1.19,43.2,10.66,0.49,37.34,42.78,19.88,560.5,1162,264,0.34,18.2,-0.265,0.964,8.75,13.34,18.827651,6.423611111,95.73660714,91.20535714,91.33928571,2.304121352,5.157482856,23.98777733,10.34183138,-0.020201164,-0.037042487,-0.012948582,0.829864732
11143000,0.181265215,16.9,134.1,49.8,2,45.88916667,164,1.058349764,0.197864647,1,1,29.9711,1.327452654,1,45.88916667,123.7,16.897,94.13625304,93.67396594,90.99756691,2.74,120.6,116.26,67.4,72.8,639.5,3.4,0.654,0.98,4,1.47,40.3,10.29,4.14,14.13,31.45,54.42,779,1505,80,0.492,43.6,-0.447,-0.894,8.68,23.37,18.127121,65.16393443,94.27498827,92.96105115,91.31862975,15.90995837,20.11791045,86.30373134,57.91119403,0.010770338,0.00564021,0.002104102,
8380500,0.301607723,9.196213942,43.2,167.4,1,14.9525,114,0.981551137,0.168795842,1,1,99.368957,1.001978058,1,14.9525,43.5,9.196213942,94.12919343,89.72162741,71.0028551,2.1,198.1,68.57,50.8,80.7,464.5,19.2,0.221,0.66,4,1.18,58,10.64,1.87,31.03,41.4,27.57,2652.5,3551,2136,0.381,25,-0.636,0.772,16.47,10.22,17.995738,94.99136442,94.0317121,89.5777659,71.03153394,30.00276242,42.76158506,96.58440182,48.47415447,0.009804609,0.004280286,0.019648497,1.00779206
11466320,0.617744065,15.49915652,108.3,34,2,16.66666667,454,1.04779205,0.147840216,1,1,11.48391,1.070572978,1,16.66666667,70.7,10.9884877,94.12650602,96.28514056,46.71184739,1.27,199.4,102.63,64.2,72,732.8,1,0.622,0.67,4,1.3,28.7,12.14,1.14,27.37,43.92,28.71,204.1,780,19,0.243,12.2,-0.118,-0.993,8.23,20.92,16.638396,54.6997389,95.19431676,96.78228165,52.54910155,1.207236838,1.65330993,,,0.107350829,-0.005919632,-0.100306364,0.654534435
9404450,0.114587753,17.49828,37.4,13.9,1,4.978333333,433,1.020127938,0.154455187,1,1,14.12125,1.495243097,1,4.978333333,31,17.49627589,94.12162162,99.76351351,16.31756757,2.21,193,46.03,54.3,64.1,511.3,37.5,0.146,0.49,3,1.1,77.9,10.5,1.53,27.11,45.25,27.64,2214.5,2588,1800,0.528,23.3,-0.996,0.092,13.41,3.77,16.150084,55.01672241,94.54333236,99.73737963,20.30930843,4.678595116,7.601968912,13.95839378,7.030725389,,,,0.42238348
11077500,0.041981332,13.69940379,138.4,33.1,2,62.90916667,87,1.070755686,0.276135605,1,1,9.037622,0.870950945,1,62.90916667,54.6,9.996734333,94.11247803,93.32161687,97.4516696,1.28,240.8,51.01,60.8,37.1,825.6,0,0.654,1.13,5,1.61,20.2,10.37,1.7,25.4,46.19,28.41,553.2,1719,35,0.308,25.4,-0.221,-0.975,12.07,11.6,17.754193,69.81981982,97.5734355,92.14559387,98.08429119,1.787458233,3.162707641,,,-0.011651957,-0.022716912,-0.005185183,
11143000,0.220007133,11.49568529,130.2,0,2,42.66666667,246,1.07761862,0.219067512,1,1,99.985297,0.997222043,1,42.66666667,130.2,11.49568529,94.09005629,86.86679174,89.77485929,2.74,120.6,116.26,67.4,72.8,639.5,3.4,0.654,0.98,4,1.47,40.3,10.29,4.14,14.13,31.45,54.42,779,1505,80,0.492,43.6,-0.447,-0.894,8.68,23.37,18.127121,8.879781421,94.04035664,86.86062881,89.770061,33.21126627,44.52462687,86.30373134,57.91119403,-0.174384752,-0.24477222,-0.020714274,0.306190458
11172945,0.373873053,6.999392821,56.4,0,2,22.95833333,863,1.028458026,0.063021278,1,1,98.034239,1.017024877,1,22.95833333,56.8,6.999392821,94.06982305,90.57867049,68.86657102,1.9,87.1,62.38,62.8,59.5,791,4.1,0.574,1.07,3,1.31,29.5,10.31,2.21,25.08,45.14,29.79,814.2,1161,297,0.599,26.7,-0.303,-0.953,8.19,8.49,17.898739,6.210191083,94.0248566,90.583174,68.88145315,16.30612818,27.85556831,,,-0.014768005,-0.121371461,-0.072547675,0.663379039
11014000,0.028815246,11.99786491,63.9,0,2,23,495,0.970915941,0.151010447,1,1,34.921161,0.643563446,1,23,53.7,11.99786491,94.06723797,96.63810152,65.12854318,2.91,181.8,44.33,55.8,42.1,846.3,0,0.609,1.26,5,1.39,33.8,10.3,3.01,18.77,38.69,42.55,490.9,1128,158,0.343,19.4,-0.048,-0.999,12.36,9.83,16.12831,11.76470588,94.88095238,95.89285714,67.5297619,24.61891647,27.06188119,,,-0.057379198,-0.140391987,-0.024227996,0.841697022
11449500,1.438126006,15.99933597,115.8,8.5,1,43,174,1.033105257,0.067023505,1,1,20.124733,1.609944458,1,43,114.7,16.38720364,94.05809859,96.17077465,88.46830986,1.81,95.3,148.47,60,80.8,774.8,1.3,0.621,0.7,3,1.52,33.3,10.94,1.18,24.63,43.26,32.11,804.1,1432,460,0.359,20,0.851,-0.526,9.33,21.02,16.804113,32.42574257,94.3858168,95.98986914,88.94048122,7.764004234,10.69045121,,,-0.006529944,-0.018189741,-0.000934813,0.82201641
11046100,0.008394809,7.59991,55.2,0,2,35,968,1.043283861,0.138206606,1,1,61.385841,1.075061642,1,35,55.1,7.59991,94.0431869,88.45867461,90.69247952,2.11,67.8,40.34,64.9,35,816,0,0.655,0.95,3,1.15,23,11.12,2.52,22.77,32.67,44.56,187.1,676,13,0.264,14.1,-0.987,-0.159,13.27,8.83,16.06083,9.836065574,93.83954155,88.75358166,91.04584527,4.915239878,3.734070796,30.20707965,9.995575221,0.004454934,0.018434641,-0.007547774,0.970007047
11138500,0.012431585,44.08816667,174,418.3,2,17,469,1.08758203,0.311047872,1,1,5.562678,0.956816384,1,17,97.8,25.37963429,94.03735632,98.27586207,39.9066092,2,728.9,69.82,57.6,39.6,665.2,7.1,0.686,1.16,5,1.44,28.2,9.8,1.39,21.86,41.68,36.45,994.2,2081,193,0.424,34.2,0.199,-0.98,8.07,14.16,16.60856,98.23529412,95.3362256,99.02386117,45.74295011,2.132233872,2.931760187,,,-0.033507168,-0.096675648,-0.012337169,
8380500,0.20297771,15.09877211,42.8,89.7,1,10.9,111,0.926904689,0.310561784,1,1,99.368957,1.001978058,1,10.9,43.2,15.49877211,94.02212705,96.10992148,58.12812277,2.1,198.1,68.57,50.8,80.7,464.5,19.2,0.221,0.66,4,1.18,58,10.64,1.87,31.03,41.4,27.57,2652.5,3551,2136,0.381,25,-0.636,0.772,16.47,10.22,17.995738,77.37478411,93.93372528,95.77765901,58.17744522,30.00276242,42.76158506,96.58440182,48.47415447,0.009804609,0.004280286,0.019648497,1.00779206
11372000,0.027409568,12.99435333,191.7,2.4,1,72,1058,0.929760437,0.249987327,1,1,6.341896,0.624858698,1,72,152.1,10.49827451,94.00781589,90.92488059,90.81632653,1.46,589.9,149.15,61.6,92.2,773.2,13.3,0.544,0.71,4,1.55,62,10.11,2.48,20.64,39.59,39.77,857.8,1883,245,0.39,33.5,-0.806,0.592,14.62,6.38,14.264321,22.02531646,95.25658339,93.55165429,92.85955436,1.867578044,3.624563485,,,-0.101866292,-0.146039188,-0.019165427,0.556108781
11138500,0.013830138,19.49098469,107.2,0,2,26,566,1.026493054,0.258349104,1,1,14.684484,0.673222561,1,26,82.2,13.99947385,93.99171271,94.47513812,67.29972376,2,728.9,69.82,57.6,39.6,665.2,7.1,0.686,1.16,5,1.44,28.2,9.8,1.39,21.86,41.68,36.45,994.2,2081,193,0.424,34.2,0.199,-0.98,8.21,17.01,16.60856,8.529411765,91.24186551,92.46203905,73.94251627,2.711386657,3.72223899,,,-0.017412532,-0.069081844,-0.02870181,0.694239571
11042900,0.023441489,11.69707045,48.1,11.6,2,34,533,1.041224106,0.174042617,1,1,6.890085,1.723145088,1,34,44.1,11.59682702,93.96666667,97.33333333,86.6,1.45,227.1,38.42,52.1,30.4,862.2,0.2,0.588,1,3,1.35,24,11.73,2.76,18.12,34.83,47.04,611.1,1381,325,0.274,8.4,-0.245,-0.97,10.65,8.7,16.576693,62.10045662,92.24441833,96.29847239,88.07285546,1.886222907,1.07675033,,,,,,
11101250,0.646764281,21.49763333,123.4,1.8,2,23.83333333,825,1.203107499,0.366980519,1,1,19.467814,0.2812935,1,23.83333333,117,20,93.95640687,94.84808454,73.84412153,3.16,237.3,62.69,59.1,33.7,843.8,0.3,0.655,0.85,3,1.36,34,10.8,2.61,18.95,41.98,39.07,471.3,1852,65,0.228,19.6,-0.987,-0.161,11.89,7.64,13.411358,34.55657492,94.25108763,95.3387197,75.38844002,15.93946448,13.65322377,19.49397387,12.38921197,-0.040271181,-0.19425095,-0.101413102,0.55475962
11173200,0.217602885,7.390312608,64,0,2,23.96166667,863,0.982194434,0.08822052,1,1,87.006427,0.955234442,1,23.96166667,62.8,7.390312608,93.93796992,89.33270677,74.34210526,1.32,199.1,62.25,63.2,58.1,792.3,4.1,0.584,0.96,4,1.42,34.1,10.49,2.12,23.06,45.64,31.3,817,1309,248,0.536,26.7,0.459,-0.888,8.06,8.66,16.584267,4.898648649,93.92523364,89.11214953,74.48598131,21.85655409,36.6775992,,,-0.033136418,-0.134616752,-0.090553759,0.63793308
11101250,0.508342405,24.4952825,149.4,35.6,2,33,474,1.054781004,0.537852631,1,1,9.043463,1.218738623,1,33,107.3,19.19623825,93.92857143,95.5,84.64285714,3.16,237.3,62.69,59.1,33.7,843.8,0.3,0.655,0.85,3,1.36,34,10.8,2.61,18.95,41.98,39.07,471.3,1852,65,0.228,19.6,-0.987,-0.161,12.07,15.17,13.411358,67.88990826,95.77377253,97.01678061,86.63766314,0,3.349683944,19.49397387,12.38921197,-0.042418249,-0.066936498,-0.019972415,
11159200,0.104094225,17.89071932,107.9,72.5,2,51.75,1002,1.083251533,0.249540169,1,1,12.563615,1.632601188,1,51.75,106.3,17.89071932,93.92156863,94.65686275,94.90196078,1.76,71,84.62,68.1,68.6,691.1,0.1,0.629,0.85,3,1.21,34.5,10.12,2.59,21.18,36.59,42.23,305.2,863,27,0.333,21,-0.996,-0.089,10.55,16.18,16.438445,74.88789238,93.93796992,94.54887218,95.11278195,0.115679955,6.346901408,,,-0.027017337,-0.065208871,-0.013067387,0.783301461
11458000,0.113007263,14.49998769,136.3,1.4,2,20.9375,821,0.976051402,0.128360628,1,1,23.054366,1.506954112,1,20.9375,102.7,12.99891691,93.90794224,94.90072202,55.23465704,1.81,566.3,96.01,63.5,67.6,752.1,1.4,0.629,0.68,4,1.21,26.8,11,1.67,26.49,45.86,27.64,276.3,1261,13,0.212,18.6,-0.834,0.552,8.25,14.98,16.230256,15.43909348,95.14366653,94.0509915,58.31647106,8.493122166,12.92929543,,,-0.086210229,-0.251361333,-0.135603123,0.464030472
11461000,0.193069227,28.862956,109.3,45.9,2,57,512,1.040830307,0.129174449,1,1,32.301184,1.065652935,1,57,92,27.09551071,93.89671362,99.64788732,93.91627543,1.95,259.6,118.6,63.1,81.2,730.9,3,0.607,0.95,4,1.1,36,11.3,1.16,28.24,42.59,29.17,448.3,1014,191,0.314,20.6,-0.997,0.077,9.33,18.36,15.086673,58.42217484,95.19266055,99.52293578,94.29357798,6.630779176,11.66221109,,,0.168591806,-0.024895358,-0.112839417,0.580309863
11065000,0.172370003,42.19296579,200.1,0,2,42,125,0.97775278,0.373184249,1,1,8.140156,1.901694811,1,42,116.6,24.19629714,93.89002037,96.67345553,86.18465716,1.55,364.7,81.4,47.7,43.6,701.5,4.2,0.649,1.11,5,1.12,49.6,10,6.62,10.83,28.51,60.66,1250.1,3059,313,0.343,27.3,-0.675,0.738,7.67,19.01,19.024359,11.81818182,95.93023256,97.72727273,89.1384778,2.365863291,3.388017549,33.44313134,17.52322457,0.003139483,-0.006888002,-0.00523758,0.924603841
11278300,0.007800645,17.68598923,142,11.7,1,49.83333333,791,1.061078889,0.175792602,1,1,23.425173,0.432281083,1,49.83333333,103.9,13.99675941,93.88160509,97.29837108,85.99523242,1.87,591.7,131.04,62.8,76.9,508.2,48.9,0.559,0.7,5,1.48,58.1,10.16,8.95,7.88,22.35,69.76,2204.3,3275,724,0.583,25.1,-0.658,-0.753,7.87,7.32,14.088632,37.66233766,95.40646721,97.79389544,89.25657298,7.381948655,10.43069123,21.92164948,10.37679567,-0.046235414,-0.089211392,-0.009066721,0.606999358
11025500,0.022461211,15.9995301,78.7,7.3,2,39.9375,584,1.018975967,0.121922722,1,1,7.499671,0.63456728,1,39.9375,66.3,10.49795031,93.87483356,93.1424767,86.68442077,1.59,288.7,61.83,49,43.1,760.7,1.6,0.57,0.88,4,1.39,32.2,10.45,3.04,16.47,31.29,52.24,891.8,1731,269,0.428,20.2,-0.631,-0.776,8.73,11.95,16.426629,44.29223744,93.81761978,96.03297269,89.5929933,5.200985221,3.255836508,,,0.008491982,-0.028601102,-0.009951843,
9430600,0.034634221,4.799875826,55.9,49.8,1,41.975,431,0.957608063,0.176541899,1,1,91.945834,1.032051864,1,41.975,53.6,4.299167464,93.85854518,78.27837906,91.46740498,1.85,190.5,67.41,44.7,72,593.8,14,0.222,0.58,3,1.32,53.1,9.96,2.05,31.86,33.61,34.53,2371.3,3268,1694,0.444,40.6,-0.973,-0.231,19.49,9.71,15.895541,70,94.15519399,81.27659574,91.51439299,15.38212465,16.98897638,91.38944882,35.34944882,,,,0.435482093
11077500,0.132882087,15.79729576,96.7,0.1,2,24.66666667,162,1.038836817,0.153985418,1,1,9.037622,0.870950945,1,24.66666667,53.4,9.994066154,93.84885764,93.14586995,74.07732865,1.28,240.8,51.01,60.8,37.1,825.6,0,0.654,1.13,5,1.61,20.2,10.37,1.7,25.4,46.19,28.41,553.2,1719,35,0.308,25.4,-0.221,-0.975,12.93,9.51,17.754193,29.05405405,94.79565773,94.06130268,80.45977011,1.787458233,3.162707641,,,-0.011651957,-0.022716912,-0.005185183,
11025500,0.018047436,12.49657258,103.4,0,1,37.66666667,891,1.049657906,0.156921597,1,1,16.382785,0.674671611,1,37.66666667,68.1,7.799706122,93.83825417,88.18998716,85.23748395,1.59,288.7,61.83,49,43.1,760.7,1.6,0.57,0.88,4,1.39,32.2,10.45,3.04,16.47,31.29,52.24,891.8,1731,269,0.428,20.2,-0.631,-0.776,12.79,4.12,16.426629,10.0456621,96.05873261,92.89026275,88.15043792,11.15906388,12.28919293,,,-0.027877997,-0.041292397,-0.019523264,1.382956825
11143000,0.168820842,34.89985974,118.1,13.3,2,21,468,0.989642573,0.064018698,1,1,13.697515,0.363115177,1,21,97.1,29.19992615,93.79310345,99.36339523,59.36339523,2.74,120.6,116.26,67.4,72.8,639.5,3.4,0.654,0.98,4,1.47,40.3,10.29,4.14,14.13,31.45,54.42,779,1505,80,0.492,43.6,-0.447,-0.894,8.33,25.11,18.127121,39.07103825,92.96105115,99.01454716,61.19192867,0.979707657,4.544776119,86.30373134,57.91119403,-0.06088307,-0.108076154,-0.019716675,
11025500,0.022657379,10.49631382,94.2,1.7,2,30,839,1.06180441,0.197871181,1,1,57.038453,0.63853309,1,30,71.4,7.79478796,93.79310345,86.6091954,80.48850575,1.59,288.7,61.83,49,43.1,760.7,1.6,0.57,0.88,4,1.39,32.2,10.45,3.04,16.47,31.29,52.24,891.8,1731,269,0.428,20.2,-0.631,-0.776,9.46,12.2,16.426629,29.6803653,95.41473467,90.72642968,82.50901597,35.29497486,34.52483547,,,0.004601165,-0.01412555,-0.015278874,0.884453394
9430600,0.068673862,9.197207692,53.6,8.3,1,25,514,1.028163988,0.104806253,1,1,51.133435,1.205781063,1,25,47.8,7.29845102,93.78997868,91.23134328,80.5836887,1.85,190.5,67.41,44.7,72,593.8,14,0.222,0.58,3,1.32,53.1,9.96,2.05,31.86,33.61,34.53,2371.3,3268,1694,0.444,40.6,-0.973,-0.231,10.97,6.38,15.895541,28.94117647,93.77972466,93.31664581,81.73967459,11.52470622,12.07322835,91.38944882,35.34944882,0.045692369,0.00555586,-0.002151291,0.813182192
11014000,0.257000841,8.999565652,69.1,58.2,2,32,775,1.015969323,0.071224629,1,1,7.06468,1.142409136,1,32,48.6,7.399843171,93.78219279,91.97939662,82.85504047,2.91,181.8,44.33,55.8,42.1,846.3,0,0.609,1.26,5,1.39,33.8,10.3,3.01,18.77,38.69,42.55,490.9,1128,158,0.343,19.4,-0.048,-0.999,11.77,8.75,16.12831,86.47058824,95.53571429,91.8452381,85.83333333,6.01277364,6.221287129,,,-0.031159249,-0.061151788,-0.024314305,
11023340,0.127115651,5.297214834,55.6,0.7,2,45,475,1.01790034,0.067771686,1,1,37.099197,1.443643241,1,45,54.4,5.297214834,93.76934985,82.89473684,89.82198142,2.81,109.6,39.02,60.2,39.8,841.8,0,0.626,1.08,3,1.17,24.2,11.67,2.82,23.07,37.6,39.33,263,808,116,0.251,12.8,-0.28,-0.96,12.68,7.97,14.786058,45.221843,93.15789474,82.18045113,90.11278195,26.23438145,28.43786496,,,-0.043319158,-0.108905474,-0.02265705,0.915032406
11451715,0.209035016,12.79658571,90.1,74.3,2,22.92333333,919,1.055847822,0.157414006,1,1,11.655139,0.944331954,1,22.92333333,80.8,10.59974332,93.74668786,94.54160042,57.33969263,0.9,247.9,70.02,59.6,55.5,854.4,1,0.615,0.96,4,1.19,43.2,10.66,0.49,37.34,42.78,19.88,560.5,1162,264,0.34,18.2,-0.265,0.964,7.69,10.4,18.827651,78.47222222,93.57142857,95.89285714,62.5,2.304121352,5.157482856,23.98777733,10.34183138,-0.020201164,-0.037042487,-0.012948582,0.829864732
11458000,0.009850633,14.09813932,132.4,0,1,37.96888889,583,1.025523566,0.120865803,1,1,7.469418,0.749639592,1,37.96888889,97.8,12.59990575,93.73163565,93.53574927,80.01958864,1.81,566.3,96.01,63.5,67.6,752.1,1.4,0.629,0.68,4,1.21,26.8,11,1.67,26.49,45.86,27.64,276.3,1261,13,0.212,18.6,-0.834,0.552,16.54,2.49,16.230256,5.382436261,94.81991097,93.68676649,83.40752732,0.513073094,1.896309377,,,0.278941751,0.094248912,-0.0000965,0.659041598
11466800,0.073375384,16.89794286,117.2,0.9,2,20,821,1.014185929,0.088922479,1,1,13.403992,2.005967198,1,20,93.5,13.59656842,93.71800838,95.81200558,51.74499767,2.06,652.2,100.52,64.6,68.1,730.4,0.8,0.63,0.68,4,1.71,30,13.03,1.22,29.33,42.59,28.08,155.1,780,16,0.185,9.2,-0.054,-0.999,8.57,15.04,16.611166,26.875,94.59793814,96.49484536,54.84536082,7.269984253,7.898942042,,,-0.090075087,-0.265432124,-0.142726116,0.426360756
11027000,0.045248527,6.997273435,62.8,0,2,36.66666667,891,1.033293574,0.087000884,1,1,70.526293,1.115871643,1,36.66666667,62.7,6.997273435,93.69369369,86.93693694,89.54311454,1.62,58.2,51.93,53.2,38.8,797.9,0.2,0.625,1,3,1.16,28.6,11.16,2.59,16.4,30.84,52.76,653.6,1276,217,0.433,13,-0.467,-0.884,13.53,3.36,15.624757,11.97183099,93.63057325,86.75159236,89.74522293,49.6480909,49.63608247,,,-0.025618471,-0.03325335,-0.013415509,1.239786878
11113000,0.027358404,20.55483871,228.2,103.5,2,57.99527778,731,0.908975594,0.23120642,1,1,18.928716,1.316921813,1,57.99527778,163.6,20.52428571,93.68165249,91.67679222,92.527339,1.41,650,68.34,45.4,34.7,663.4,7.7,0.69,1.22,4,1.67,44.6,9.91,2,22.07,41.65,36.28,1251.5,2274,184,0.512,32.7,-1,0.016,6.83,9.22,16.054577,84.09090909,96.13686534,91.83222958,93.21192053,6.141831074,9.616984615,14.98787692,8.055507692,0.266680581,0.059727096,-0.059527782,0.966690077
11169800,0.306290099,11.391045,75.6,65.3,2,31.97638889,547,1.08033411,0.25249829,1,1,19.710195,1.254471196,1,31.97638889,56.9,9.998051282,93.65828092,95.70230608,82.54716981,1.22,282.9,60.85,63.3,56.7,817.9,1.8,0.626,0.99,4,1.41,31.7,10.98,2.22,23.01,45.71,31.28,604,1101,244,0.421,25.6,-0.968,-0.251,9.94,10.2,15.108,79.50310559,94.78827362,95.39320614,84.50442066,8.512952968,12.39353128,,,-0.080944275,-0.139187398,-0.020343577,0.568156639
11023340,0.560652365,9.198945714,60.4,0,2,24,496,1.026713158,0.151159194,1,1,37.099197,1.443643241,1,24,54.2,9.198945714,93.65325077,93.57585139,73.64551084,2.81,109.6,39.02,60.2,39.8,841.8,0,0.626,1.08,3,1.17,24.2,11.67,2.82,23.07,37.6,39.33,263,808,116,0.251,12.8,-0.28,-0.96,13.45,8.4,14.786058,18.77133106,94.17293233,93.23308271,74.39849624,26.23438145,28.43786496,,,-0.043319158,-0.108905474,-0.02265705,0.915032406
11274500,0.008874449,6.697547807,59,0,2,24.85722222,863,1.040864464,0.144406718,1,1,91.144936,0.968114006,1,24.85722222,59,6.697547807,93.62769694,88.66031109,76.94430507,1.48,347.8,45.32,61.6,45.7,861,1.4,0.624,1.05,4,1.63,30.1,10.73,1.77,24.88,42.82,32.31,475.6,1155,62,0.378,24.4,-0.349,0.937,8.71,5.88,18.273952,3.47826087,93.53059178,88.66599799,76.9558676,28.95967613,36.63890167,,,-0.021923601,-0.068777694,-0.074957301,0.708413297
11025500,0.062969859,9.799548263,81.4,10.6,2,29,421,0.924658061,0.317305314,1,1,57.038453,0.63853309,1,29,70.3,8.197758261,93.62068966,88.44827586,79.71264368,1.59,288.7,61.83,49,43.1,760.7,1.6,0.57,0.88,4,1.39,32.2,10.45,3.04,16.47,31.29,52.24,891.8,1731,269,0.428,20.2,-0.631,-0.776,9.34,6.58,16.426629,49.08675799,94.12673879,89.64451314,81.8134982,35.29497486,34.52483547,,,-0.015297496,-0.059713898,-0.012677003,0.765479793
11073495,1.289353759,15.97913636,142,35,2,52,123,1.157379448,0.418751427,1,1,26.085866,1.717892731,1,52,128.1,15.97851136,93.61575179,89.49880668,95.64439141,2.67,208.2,61.85,53.7,37.7,823.2,0.2,0.66,0.75,4,1.15,47.4,10.92,8.04,10,27.26,62.74,638.5,2692,199,0.176,13.5,-0.99,-0.14,11.17,14.43,10.502607,66.20209059,93.94114253,89.38257357,95.78765147,21.64413972,15.30172911,,,0.000248828,-0.003468005,-0.000727216,1.361716462
11043000,0.056386331,4.798142481,92,22.1,2,67,454,0.960664777,0.233241724,1,1,15.431556,1.785573251,1,67,46.8,2.099192,93.60730594,60.88280061,97.52663623,1.41,572.5,37.11,54,29.9,879.2,0.1,0.614,1.02,5,1.08,23.8,12.19,2.65,18.48,35.38,46.14,520.6,1381,303,0.207,8.3,-0.454,-0.891,11.03,9.09,16.167722,63.83928571,95.92119867,76.8590455,98.19644839,1.382765683,3.507877729,,,0.003075695,0.016354704,-0.015242001,
11073300,0.355653839,4.999814,112.5,0,2,57,46,1.111793657,0.359306881,1,1,14.041929,0.918572705,1,57,105.1,4.999842105,93.58974359,69.44444444,95.22792023,0.81,83.6,90.33,49.8,53.3,682.5,5.3,0.643,1.21,3,1.12,50,9.57,6.38,11.96,34.18,53.86,1477.5,3059,222,0.443,40.8,-0.829,-0.56,9.71,6.03,20.142177,14.74654378,91.53248195,68.85063853,96.27984453,2.357298929,3.695813397,,,-0.061335337,-0.073084818,-0.009951513,
11025500,0.004119524,14.09736,67.4,19.7,2,29,799,1.026896114,0.225163541,1,1,16.382785,0.674671611,1,29,67.1,14.09736,93.58151476,96.46983312,77.40693196,1.59,288.7,61.83,49,43.1,760.7,1.6,0.57,0.88,4,1.39,32.2,10.45,3.04,16.47,31.29,52.24,891.8,1731,269,0.428,20.2,-0.631,-0.776,8.73,11.95,16.426629,61.18721461,91.70530654,94.64193715,81.8134982,11.15906388,12.28919293,,,-0.027877997,-0.041292397,-0.019523264,1.382956825
11451715,0.316408193,7.99904,76.2,172.7,2,45.5,560,0.983547252,0.081667475,1,1,11.690112,0.296371599,1,45.5,62.8,7.99904,93.57954545,94.43181818,86.02272727,0.9,247.9,70.02,59.6,55.5,854.4,1,0.615,0.96,4,1.19,43.2,10.66,0.49,37.34,42.78,19.88,560.5,1162,264,0.34,18.2,-0.265,0.964,8.75,13.34,18.827651,96.18055556,91.07142857,87.27678571,88.97321429,1.945488238,3.78987495,23.98777733,10.34183138,-0.028831435,-0.039762042,-0.011139522,0.691053957
11062000,0.113078028,14.09500993,168.9,23.3,1,38.8,896,1.051011136,0.324179568,1,1,45.631597,0.587979741,1,38.8,143.6,11.99954,93.56971154,84.375,86.89903846,1.97,119.7,109.2,48.3,52.3,619.9,7.1,0.655,0.94,4,1.19,53.5,9.25,6.33,11.52,31.03,57.45,1697.8,3059,730,0.416,43.5,-0.072,0.997,8.72,5.53,17.137994,53.66972477,94.65526456,87.17263495,88.34847675,20.85678981,29.43759398,4.942857143,3.360902256,-0.078821144,-0.112891637,-0.015407568,0.700665482
11173575,0.094046522,5.394887031,68.5,85,2,89,496,1.072278,0.158135856,1,1,73.616074,0.93656286,1,89,66.1,5.394887031,93.56711565,79.74918718,98.83882954,1.33,385.4,62.15,64.2,58.9,791.9,3.5,0.584,1.05,4,1.31,31.9,10.49,2.02,24.69,45.37,29.94,718.4,1309,104,0.514,25.8,-0.023,-1,8.39,8.83,17.382289,90.82568807,93.54099863,79.20293175,98.85478699,15.79414913,27.71761806,,,-0.032382521,-0.140382283,-0.082930973,0.668678281
11073360,0.423789141,4.999814,112.5,0,2,57,46,1.31439573,0.642526383,1,1,8.872533,,1,57,105.1,4.999842105,93.56683345,69.33523946,94.92494639,0.95,132.3,74.76,53,45.8,744.3,3.4,0.65,0.9,3,1.12,44.1,10.29,6.95,11.8,32.18,56.02,1050.4,3059,211,0.295,27.1,-0.86,-0.509,11.76,5.12,14.250404,10.17964072,91.49697303,68.90478811,96.0924601,2.105303694,2.33537415,,,-0.061345468,-0.073095211,-0.009948306,
11173510,0.120112932,5.394887031,68.1,84.4,2,89,496,1.075106171,0.152956114,1,1,77.737397,1.168928262,1,89,65.6,5.394887031,93.54988399,79.72157773,98.83990719,1.34,360.7,62.25,63.9,58.9,792.6,3.7,0.583,1.01,4,1.32,32.1,10.44,2.07,24.39,45.37,30.25,741.8,1309,136,0.517,25.7,-0.113,-0.994,8.33,8.8,16.911694,88.55721393,93.54395604,79.16666667,98.85531136,17.24073271,29.29254228,,,-0.03302541,-0.141543883,-0.082939116,0.666629687
9430600,0.014433403,5.298325294,52.5,0,1,43,882,1.012040638,0.275782697,1,1,91.945834,1.032051864,1,43,52.1,5.298325294,93.54392147,83.31235842,92.07148251,1.85,190.5,67.41,44.7,72,593.8,14,0.222,0.58,3,1.32,53.1,9.96,2.05,31.86,33.61,34.53,2371.3,3268,1694,0.444,40.6,-0.973,-0.231,10.97,6.38,15.895541,7.176470588,93.59198999,83.25406758,92.11514393,15.38212465,16.98897638,91.38944882,35.34944882,-0.029561039,-0.05982341,-0.011440032,0.684575503
11176400,0.063056356,7.299703297,66.7,0,2,23.9525,863,1.034920221,0.09100973,1,1,74.095967,1.41581736,1,23.9525,66.7,7.299703297,93.52551985,88.98865784,71.69187146,1.46,338.6,57.45,62.2,56.1,798.4,4,0.599,1.02,5,1.51,31.3,10.82,2.16,22.41,45.93,31.66,753.8,1238,230,0.52,23.4,-0.069,-0.998,7.92,7.81,17.721231,5.608974359,93.29296693,88.6818817,72.1006055,21.07161609,32.61317188,,,-0.03497482,-0.126304897,-0.086885329,0.674537193
10258500,0.023099021,8.799840418,76.2,8.5,2,56.83333333,227,1.011105437,0.303175752,1,1,34.911598,1.024974947,1,56.83333333,64.3,8.799914286,93.5243553,88.59598854,97.53581662,2,241.5,37.78,41.9,27.9,813.4,5.1,0.464,0.98,4,2.22,43.9,9.87,5.3,11.18,26.56,62.26,1195.3,2452,208,0.44,22.7,0.863,0.506,8.35,6.88,22.326342,46.69811321,94.09368635,86.7107943,97.81059063,14.07063824,14.53863354,,,-0.067585553,-0.149738128,-0.003304783,
11204100,0.105832836,12.49703103,120.2,43.6,2,25.9,550,1.108453825,0.256927172,1,1,14.215553,0.967391659,1,25.9,79.4,11.19529133,93.52401511,92.33675121,70.858068,2.9,249.1,79.83,55.9,53.1,703.2,25.2,0.595,0.74,4,1.36,65.9,9.43,2.64,18.72,31.31,49.98,1348.7,2824,292,0.417,34.4,0.119,-0.993,6.92,15.82,17.505672,73.37278107,95.61904762,90.71428571,74.23809524,1.184458719,2.632436772,48.9626656,16.38281815,0.233425458,0.031386928,-0.05449696,0.690050419
11113500,0.015899086,17.80947867,110.9,73.7,2,52.99444444,731,1.060161696,0.198481131,1,1,85.14101,0.938475197,1,52.99444444,101.1,17.81005025,93.46938776,95.03401361,94.82993197,2.67,103.3,67.78,49.9,39.1,708.5,2.6,0.693,1.18,4,1.59,40.1,9.58,1.4,23.56,44.22,32.23,996,2039,186,0.437,34.4,-0.944,-0.329,8.69,8.85,15.259699,80.41958042,93.89110226,94.82071713,94.95351926,30.60330822,37.52207164,84.35972894,53.69332043,0.244986512,0.024449276,-0.077576051,0.956848087
11148900,0.347381062,17.48914286,113.8,268.5,2,32,493,1.160786421,0.427904276,1,1,20.792454,1.663208229,1,32,102.4,10.49991584,93.4687157,86.16904501,78.75960483,1.48,403.5,69.16,62.7,52.5,745.3,1.5,0.653,0.99,5,1.22,31.2,11.37,2.86,22.94,36.87,40.19,551.8,1138,256,0.337,21.3,-0.586,0.81,8.75,10.52,16.11163,99.23371648,93.23985979,93.34001002,80.07010516,10.4699498,15.43271375,20.74907063,12.52795539,-0.107023555,-0.283922824,-0.128400629,0.498664892
11148900,0.281413749,11.69950154,118.6,17.5,2,49.5,495,1.09976466,0.294348481,1,1,6.063932,1.901817314,1,49.5,99,10.99897192,93.44170404,87.38789238,91.8441704,1.48,403.5,69.16,62.7,52.5,745.3,1.5,0.653,0.99,5,1.22,31.2,11.37,2.86,22.94,36.87,40.19,551.8,1138,256,0.337,21.3,-0.586,0.81,9.43,14.72,16.11163,45.21072797,93.84076114,86.12919379,92.66399599,1.860832125,3.682081784,20.74907063,12.52795539,-0.090459047,-0.151929141,-0.023852705,0.554964854
11113000,0.397306765,25.59622857,175.2,79.2,2,36.88916667,435,1.055745268,0.14666727,1,1,18.928716,1.316921813,1,36.88916667,158.9,25.59467563,93.43863913,95.018226,79.64763062,1.41,650,68.34,45.4,34.7,663.4,7.7,0.69,1.22,4,1.67,44.6,9.91,2,22.07,41.65,36.28,1251.5,2274,184,0.512,32.7,-1,0.016,7.03,17.46,16.054577,80.90909091,94.0397351,95.08830022,81.34657837,6.141831074,9.616984615,14.98787692,8.055507692,0.164198315,-0.115015669,-0.082551455,0.693251489
11143000,0.120452144,10.9979645,117.2,0,2,54,521,1.000291361,0.040228888,1,1,13.697515,0.363115177,1,54,93.9,8.498536547,93.39522546,84.56233422,94.58885942,2.74,120.6,116.26,67.4,72.8,639.5,3.4,0.654,0.98,4,1.47,40.3,10.29,4.14,14.13,31.45,54.42,779,1505,80,0.492,43.6,-0.447,-0.894,9.44,19.35,18.127121,8.879781421,92.8671985,85.87517597,95.21351478,0.979707657,4.544776119,86.30373134,57.91119403,-0.06088307,-0.108076154,-0.019716675,
9484000,0.041778915,6.192088116,59.6,3.6,2,36.96777778,289,1.004624417,0.13001096,1,1,85.517068,1.046778775,1,36.96777778,59.6,6.192088116,93.38418431,76.83686177,92.59028643,2.39,103.7,75.97,43.3,71.1,767.1,3.1,0.167,0.8,3,1.52,9.5,9.14,1.65,18.36,43.38,38.26,1878.8,2788,872,0.534,35.6,-0.977,-0.213,11.47,2.39,17.656755,22.68041237,93.35610059,76.77739832,92.61099038,21.59321881,31.624108,59.10578592,25.9246866,-0.074892772,-0.116415733,-0.009778556,0.427145513
11065000,0.100937389,14.09500993,168.9,23.3,2,38.8,896,0.950333899,0.520587005,1,1,24.135281,0.744402096,1,38.8,143.6,11.99954,93.3836858,84.47129909,84.83383686,1.55,364.7,81.4,47.7,43.6,701.5,4.2,0.649,1.11,5,1.12,49.6,10,6.62,10.83,28.51,60.66,1250.1,3059,313,0.343,27.3,-0.675,0.738,11.2,4.11,19.024359,56.72727273,94.397463,87.26215645,86.73361522,10.41161438,14.07153825,33.44313134,17.52322457,-0.06041197,-0.08610189,-0.015125256,0.79787982
11113000,0.025223752,17.69770667,175.7,1.9,2,31.83333333,358,1.048024812,0.212853489,1,1,18.928716,1.316921813,1,31.83333333,158,17.69381143,93.37788578,89.97569866,75.45565006,1.41,650,68.34,45.4,34.7,663.4,7.7,0.69,1.22,4,1.67,44.6,9.91,2,22.07,41.65,36.28,1251.5,2274,184,0.512,32.7,-1,0.016,10.02,5.32,16.054577,35.22727273,94.15011038,90.01103753,77.53863135,6.141831074,9.616984615,14.98787692,8.055507692,0.164198315,-0.115015669,-0.082551455,0.693251489
11065000,0.020187478,17.9943975,135.4,0,2,42.8,931,0.992763212,0.326802156,1,1,33.742927,1.953161117,1,42.8,111.8,17.09462888,93.32901554,93.2642487,87.30569948,1.55,364.7,81.4,47.7,43.6,701.5,4.2,0.649,1.11,5,1.12,49.6,10,6.62,10.83,28.51,60.66,1250.1,3059,313,0.343,27.3,-0.675,0.738,8.63,16.46,19.024359,11.81818182,92.97040169,90.80338266,89.53488372,9.084707504,11.94332328,33.44313134,17.52322457,0.084418299,-0.035580624,-0.099919284,0.745010548
11123500,0.088329866,22.09282092,165.6,28.2,2,31,968,1.020723213,0.121390205,1,1,47.106742,1.207876628,1,31,154.8,22.09400915,93.30616997,93.36437718,77.53201397,1.89,718.1,79.99,52.6,34.3,660.8,3.8,0.712,1.27,5,1.39,25.8,9.92,1.14,22.63,41.55,35.82,934.1,2081,242,0.378,31.2,-0.578,-0.816,8.67,20.64,18.753658,44.22110553,93.41085271,93.35548173,78.62679956,43.16949878,44.25628743,16.02817156,5.57082579,-0.041739968,-0.117735286,-0.025034786,0.578338332
11118500,0.383037897,28.59718462,162.7,68.1,2,33.99,435,1.079840089,0.210493121,1,1,82.190611,1.092289043,1,33.99,162.3,28.59718462,93.30440174,95.97024179,81.15313081,2.11,485.7,69.88,51.4,33.4,711.7,1.4,0.702,1.2,6,1.39,38.3,10.32,1.3,23.76,41.87,34.37,702.1,1835,78,0.36,29.1,-0.979,-0.203,9.82,18.25,16.615606,71.06598985,93.30024814,95.96774194,81.14143921,33.83108468,42.24663372,80.03368334,50.47848466,0.124952005,-0.160521487,-0.114735616,0.588751203
9183500,0.111666598,4.799765705,44.4,66.3,1,13.85722222,432,1.165940841,0.341699974,1,1,9.554376,1.58693339,1,13.85722222,40.9,3.999516364,93.29303397,78.23834197,52.34599885,0.97,74.3,66.99,52.1,75.1,523.8,35.2,0.117,0.82,2,1.82,55.8,9.43,4.38,18.47,33.98,47.55,2553,3783,1677,0.424,25.3,-0.048,-0.999,17.24,5.5,20.493111,90.37433155,92.84040614,80.68211403,55.76672741,2.287409489,3.148183042,10.63889637,3.052489906,-0.068280905,-0.240527158,-0.071704447,0.696418606
11466320,0.511236468,19.69556356,107,45.6,2,20.98277778,464,1.054999542,0.171593016,1,1,11.48391,1.070572978,1,20.98277778,65.3,13.79943111,93.27309237,98.4437751,56.72690763,1.27,199.4,102.63,64.2,72,732.8,1,0.622,0.67,4,1.3,28.7,12.14,1.14,27.37,43.92,28.71,204.1,780,19,0.243,12.2,-0.118,-0.993,8.23,20.92,16.638396,63.7075718,95.04805683,98.45382365,61.05307146,1.207236838,1.65330993,,,0.107350829,-0.005919632,-0.100306364,0.654534435
11274630,0.013508664,5.999925517,52.5,0,2,24.875,863,1.046399356,0.113656649,1,1,85.565494,1.161792096,1,24.875,52.5,5.999925517,93.24726912,88.28202582,78.79841112,1.77,187.4,43.32,61.7,49.1,799,2.1,0.604,1.08,4,1.42,30.9,10.3,1.62,26.46,42.13,31.41,559.2,1116,65,0.472,26.1,-0.722,0.692,8.59,5.71,18.975462,5.696202532,93.26399208,88.31104507,78.8509163,28.65968365,39.2167556,,,-0.030486399,-0.11608702,-0.079228316,0.670603252
11143000,0.055882281,9.497092308,120.5,0,1,71,84,1.010890556,0.102534745,1,1,86.219962,1.022908078,1,71,119.6,9.099123878,93.24196597,82.56143667,97.32986767,2.74,120.6,116.26,67.4,72.8,639.5,3.4,0.654,0.98,4,1.47,40.3,10.29,4.14,14.13,31.45,54.42,779,1505,80,0.492,43.6,-0.447,-0.894,16.01,5.19,18.127121,8.879781421,93.2426091,82.82496481,97.3486626,14.47744466,22.15223881,86.30373134,57.91119403,-0.031238989,-0.040315131,0.002169895,1.009060924
11372000,0.103685932,7.799939925,162.9,13.9,1,74,276,0.976823205,0.16551892,1,1,9.214676,0.866847706,1,74,111.3,5.299908174,93.23104693,79.96389892,91.15523466,1.46,589.9,149.15,61.6,92.2,773.2,13.3,0.544,0.71,4,1.55,62,10.11,2.48,20.64,39.59,39.77,857.8,1883,245,0.39,33.5,-0.806,0.592,14.62,6.38,14.264321,38.2278481,94.0243079,83.72721134,93.38284943,2.919026622,4.249025259,,,-0.006716886,-0.011902042,-0.000515611,0.77243096
11025500,0.026776903,9.696996491,78.6,13.5,2,35.5,484,1.01523011,0.13163374,1,1,57.038453,0.63853309,1,35.5,68.1,8.199754545,93.2183908,88.62068966,84.88505747,1.59,288.7,61.83,49,43.1,760.7,1.6,0.57,0.88,4,1.39,32.2,10.45,3.04,16.47,31.29,52.24,891.8,1731,269,0.428,20.2,-0.631,-0.776,9.46,12.2,16.426629,54.79452055,93.66306028,89.23235446,86.45028336,35.29497486,34.52483547,,,-0.015297496,-0.059713898,-0.012677003,0.765479793
11065000,0.032843474,17.49957714,174.9,16.7,2,63.88916667,532,1.036573444,0.506982417,1,1,8.140156,1.901694811,1,63.88916667,108.1,11.99953032,93.21113374,89.20570265,95.85879158,1.55,364.7,81.4,47.7,43.6,701.5,4.2,0.649,1.11,5,1.12,49.6,10,6.62,10.83,28.51,60.66,1250.1,3059,313,0.343,27.3,-0.675,0.738,8.63,16.46,19.024359,53.09090909,94.71458774,90.32769556,96.77589852,2.365863291,3.388017549,33.44313134,17.52322457,-0.045784416,-0.085541489,-0.017990704,0.672484666
11114495,0.189310357,19.09987368,142.4,0.6,2,24.75,852,1.019003611,0.091275137,1,1,99.929207,1.004411539,1,24.75,142.9,19.09918526,93.20719603,90.63275434,76.05459057,2.46,124.3,88.3,49.7,35.9,606.1,3.8,0.706,1.05,4,1.37,38.6,9.71,1.12,21.93,42.54,35.53,1162,1835,429,0.521,38.3,-0.875,0.484,10.28,4.12,13.969926,30.20833333,93.16770186,90.62111801,76.02484472,72.44200871,74.63990346,91.62960579,77.48479485,0.239729372,0.026164334,-0.081860101,0.853478916
9510200,0.002064005,24.89702182,79,48,1,24,17,0.850356941,0.359738317,1,1,38.424484,0.967102488,1,24,60.9,18.9934,93.16077441,98.10606061,77.86195286,1.74,425.3,61.33,36.1,50,956.2,2.1,0.215,1.04,5,1.39,30.1,10.19,4.14,15.96,29.86,54.17,1161.3,2161,545,0.383,21.4,-0.57,-0.822,26.64,6.95,17.785195,73.06273063,94.06047516,98.95608351,80.93952484,16.38612732,18.54300494,51.02477531,24.56769952,-0.003355298,-0.003700994,0.002072383,1.043331469
8380500,0.009963061,4.298904179,41,37.2,1,37,181,1.030117079,0.093909064,1,1,99.368957,1.001978058,1,37,41,4.298904179,93.1566738,74.03640257,95.17309065,2.1,198.1,68.57,50.8,80.7,464.5,19.2,0.221,0.66,4,1.18,58,10.64,1.87,31.03,41.4,27.57,2652.5,3551,2136,0.381,25,-0.636,0.772,7.23,4.83,17.995738,46.54576857,93.06965972,74.07803314,95.18083022,30.00276242,42.76158506,96.58440182,48.47415447,-0.199068604,-0.335592939,-0.086661644,0.521622128
11466800,0.091176513,15.58978333,118.2,47.4,2,16.94138889,454,1.024003382,0.111343269,1,1,12.714225,1.001456134,1,16.94138889,82.5,11.9989625,93.14868805,95.14091351,42.17687075,2.06,652.2,100.52,64.6,68.1,730.4,0.8,0.63,0.68,4,1.71,30,13.03,1.22,29.33,42.59,28.08,155.1,780,16,0.185,9.2,-0.054,-0.999,8.21,20.47,16.611166,66.875,94.72164948,95.75257732,47.79381443,3.097905528,3.795124195,,,0.138750571,-0.02055757,-0.092766442,0.594232737
11467200,0.792383337,7.099816,138.3,162.3,2,59.91666667,864,1.008839787,0.084793448,1,1,32.048365,1.410971875,1,59.91666667,122.3,6.299737241,93.14285714,68.65934066,95.07692308,2.33,162.6,162.49,65.6,81.3,700.8,0.6,0.627,0.81,4,1.32,36,10.95,2.58,24.92,42.04,33.04,308.2,735,20,0.403,28.9,-1,0.009,8.42,27.19,14.168797,88.88888889,93.86109963,69.69822241,95.3699876,16.10916175,18.79649446,,,-0.028145637,-0.222645853,-0.137522546,0.460838018
11047300,0.374454016,19.89853333,84.5,24.5,2,24.91666667,180,1.079545573,0.177210421,1,1,11.921157,1.8590446,1,24.91666667,75.4,19.89856384,93.14176245,96.55172414,77.24137931,1.1,139.9,46.85,61.6,36.6,812.1,0,0.652,1.08,3,1.27,23.9,11.46,2.26,24.89,42.68,32.43,423.2,1729,25,0.234,19.1,-0.597,-0.802,12.73,10.98,13.66011,71.62698413,94.26340801,96.67345553,79.63340122,4.902997679,7.699857041,11.53209435,10.94796283,0.041259974,-0.235467907,-0.063706538,0.495678495
11159200,0.582289536,9.99812,98.5,23.2,2,23.5,1009,1.105708742,0.297628312,1,1,12.563615,1.632601188,1,23.5,98.1,9.999727273,93.1372549,83.38235294,72.13235294,1.76,71,84.62,68.1,68.6,691.1,0.1,0.629,0.85,3,1.21,34.5,10.12,2.59,21.18,36.59,42.23,305.2,863,27,0.333,21,-0.996,-0.089,10.55,16.18,16.438445,47.53363229,92.85714286,83.03571429,73.16729323,0.115679955,6.346901408,,,-0.027017337,-0.065208871,-0.013067387,0.783301461
11466200,0.576896538,3.999957447,90.2,0.3,2,67.875,450,1.025356331,0.077635793,1,1,34.361034,1.403707824,1,67.875,82.2,3.799393684,93.12028407,63.69285397,97.47003995,1.32,144.8,107.68,64.2,75.1,733.1,1.3,0.62,0.7,4,1.27,28.1,11.03,1.27,27,44.02,28.98,258.7,780,43,0.293,15.8,0.094,-0.996,8.63,16.48,17.015969,14.80144404,93.26761745,64.05201342,97.6090604,18.43726499,19.21139503,,,-0.164582387,-0.334582733,-0.17495533,0.362637882
11046250,0.052304954,17.6923395,67.1,128.2,2,15,128,1.041702904,0.121161336,1,1,14.830853,1.562492382,1,15,63.3,17.59132,93.11649017,96.89863843,51.36157337,2.14,109.9,44.67,63.3,35,819.1,0,0.651,0.91,3,1.21,21.3,10.53,2.35,22.35,34.44,43.22,322.5,958,5,0.333,18.1,-0.472,-0.882,13.06,10.26,15.647458,100,93.71155161,96.8557758,53.79357485,5.815160593,5.688262056,,,-0.007274575,0.003069319,-0.001475064,2.200976596
11109600,0.028352076,8.099945,125.5,5.7,2,33.5,505,1.086713225,0.379128884,1,1,41.681744,1.066478672,1,33.5,102.9,7.29995517,93.10964649,81.06650689,79.47872978,1.66,963.8,55.61,42.7,35,676,11.8,0.673,1.1,5,2.08,52.1,10.21,5.72,18.55,37.45,44,1385.2,2691,325,0.448,26,-0.765,0.644,5.21,11.63,16.693884,47.02702703,94.28263215,82.68608414,81.47249191,12.52429966,19.22524383,6.542218303,3.126727537,-0.088556875,-0.173314458,-0.010977479,0.46186249
11124500,0.243983044,24.88807143,129.1,284.4,2,43.91666667,204,1.08668534,0.23411381,1,1,71.062545,1.035623791,1,43.91666667,129.7,24.88896429,93.09153713,95.27921704,91.65227404,2.37,191.5,83.1,54.6,38.1,636.9,4.5,0.711,1.17,4,1.85,23.3,9.72,1.35,23.93,41.12,34.95,1023.6,1999,256,0.444,33.5,-0.78,-0.626,7.6,19.21,17.185694,97.64705882,93.09954751,95.36199095,91.79864253,68.62677395,63.6551436,,,-0.118361646,-0.255882945,-0.008246482,0.648680925
9484000,0.39867461,8.496492308,57.4,0.1,2,39,560,1.177845593,0.520940804,1,1,85.517068,1.046778775,1,39,57.4,8.496492308,93.08841843,84.12204234,93.29078456,2.39,103.7,75.97,43.3,71.1,767.1,3.1,0.167,0.8,3,1.52,9.5,9.14,1.65,18.36,43.38,38.26,1878.8,2788,872,0.534,35.6,-0.977,-0.213,5.25,6.72,17.656755,11.34020619,92.98354548,84.01117665,93.3095312,21.59321881,31.624108,59.10578592,25.9246866,-0.075001263,-0.13012394,-0.017316944,0.572519765
11046100,0.009647766,4.799172,56.4,25.4,2,42.9,96,1.042892966,0.131483531,1,1,36.53273,0.507830697,1,42.9,43.3,3.399792857,93.07574598,73.14460597,94.26166794,2.11,67.8,40.34,64.9,35,816,0,0.655,0.95,3,1.15,23,11.12,2.52,22.77,32.67,44.56,187.1,676,13,0.264,14.1,-0.987,-0.159,12.99,9.03,16.06083,63.93442623,94.48424069,78.93982808,94.62750716,9.384390759,11.96150442,30.20707965,9.995575221,-0.015936008,-0.033325524,0.000347101,0.802610731
11063510,0.0415444,15.09541316,108,77.8,2,42.8,931,0.948920492,0.24386221,1,1,75.044644,1.007263416,1,42.8,102,15.09486053,93.06683323,92.37976265,90.63085572,2.04,144.5,66.42,46,40.7,690.4,4.5,0.635,0.96,4,1.54,50.7,9.96,6.14,10.54,26.94,62.52,1273.4,2542,794,0.272,22.4,-0.728,0.686,8.58,13.15,18.45637,86.51685393,93.22674419,91.68604651,91.27906977,20.60685912,23.61986159,74.67695502,36.88442907,0.082420918,-0.038169893,-0.099867697,0.741913803
11113000,0.338930552,11.6998125,170.6,4,2,59,437,1.076025222,0.245366986,1,1,12.550943,0.240796008,1,59,92.8,9.49797212,93.06090979,85.04240555,90.97918273,1.41,650,68.34,45.4,34.7,663.4,7.7,0.69,1.22,4,1.67,44.6,9.91,2,22.07,41.65,36.28,1251.5,2274,184,0.512,32.7,-1,0.016,6.44,14.64,16.054577,40.90909091,93.87417219,83.60927152,93.54304636,8.618055904,10.59078462,14.98787692,8.055507692,-0.076190649,-0.121304535,-0.021148163,0.784575117
11042900,0.013341699,13.79918222,65.5,46.4,2,29.93333333,104,0.994102584,0.100954581,1,1,15.117915,0.970781969,1,29.93333333,42.7,6.99941978,93.0523918,92.25512528,81.92862566,1.45,227.1,38.42,52.1,30.4,862.2,0.2,0.588,1,3,1.35,24,11.73,2.76,18.12,34.83,47.04,611.1,1381,325,0.274,8.4,-0.245,-0.97,11.22,8.09,16.576693,86.30136986,95.44653349,97.23854289,85.60517039,2.290242769,3.785468956,,,,,,
11462500,0.113122483,29.388356,202.3,0,2,37.875,162,1.018115565,0.110166101,1,1,5.854759,1.781748803,1,37.875,82.6,8.998790769,93.04029304,91.66666667,75.61813187,1.8,938.7,115.58,63.2,79.6,757,2,0.605,1.01,5,1.18,36.1,11.16,1.09,26.66,42.65,30.69,465.2,1187,159,0.299,21.1,-0.76,-0.649,7.16,22.52,15.801847,5.483870968,98.36647727,99.43181818,80.69957386,1.319662649,1.833269415,5.881016299,2.132502397,0.247462344,0.074943405,0.002092771,0.783055803
11465350,0.022509798,16.39650707,141.1,40.7,2,53.92861111,845,1.0153117,0.168069953,1,1,25.433253,0.92543356,1,53.92861111,133.8,14.58867505,93.03071985,90.00458505,89.82118294,1.03,559.8,130.36,64.5,76.9,775.7,0.4,0.629,0.79,5,1.37,34.8,11.21,2.23,24.58,42.8,32.63,293.6,939,25,0.297,23.8,-0.819,0.574,8.31,22.4,15.21547,64.28571429,93.0620155,91.9379845,91.39534884,6.739087022,9.911897106,,,-0.010180665,-0.162135126,-0.114378844,0.500748396
11022480,0.019449997,10.99909,98.2,0,2,50.66666667,913,1.205723749,0.44820758,1,1,18.106704,1.206871256,1,50.66666667,70,7.799307557,93.02752294,87.1559633,91.46788991,1.63,953.6,51.86,51.9,43.3,807.8,2.2,0.585,0.84,5,1.19,31,10.52,3.4,17.08,31.75,51.17,640.4,1967,89,0.294,18.5,0.017,-1,13.9,3.58,15.3664,13.73626374,93.98053279,89.54918033,92.87909836,5.172206094,4.374381292,,,0.017516316,0.024627778,-0.009151997,1.066980112
9510200,0.017510754,31.2840871,70.7,91.3,1,20.5,24,1.201311435,0.56332537,1,1,38.424484,0.967102488,1,20.5,60.3,29.1696,93.01346801,99.66329966,64.246633,1.74,425.3,61.33,36.1,50,956.2,2.1,0.215,1.04,5,1.39,30.1,10.19,4.14,15.96,29.86,54.17,1161.3,2161,545,0.383,21.4,-0.57,-0.822,26.64,6.95,17.785195,86.71586716,93.01655868,99.67602592,67.65658747,16.38612732,18.54300494,51.02477531,24.56769952,-0.003355298,-0.003700994,0.002072383,1.043331469
11124500,0.040515972,13.1979375,131.8,39.2,2,45,593,1.042704936,0.138994083,1,1,71.062545,1.035623791,1,45,128.7,11.1998877,93.00518135,83.93782383,91.79620035,2.37,191.5,83.1,54.6,38.1,636.9,4.5,0.711,1.17,4,1.85,23.3,9.72,1.35,23.93,41.12,34.95,1023.6,1999,256,0.444,33.5,-0.78,-0.626,7.9,21.39,17.185694,57.25490196,93.21266968,86.65158371,91.94004525,68.62677395,63.6551436,,,-0.09435575,-0.192078714,-0.024127768,0.395823123
11124500,0.05855593,27.39324835,130.6,0,2,33,1012,1.041026549,0.131792873,1,1,71.062545,1.035623791,1,33,128.7,27.39324835,93.00518135,96.43062752,85.06044905,2.37,191.5,83.1,54.6,38.1,636.9,4.5,0.711,1.17,4,1.85,23.3,9.72,1.35,23.93,41.12,34.95,1023.6,1999,256,0.444,33.5,-0.78,-0.626,11.21,3.98,17.185694,11.17647059,93.1561086,96.49321267,85.32239819,68.62677395,63.6551436,,,-0.043692357,-0.109650374,-0.026983016,0.583171137
11149900,0.095678687,14.99905,116.5,61.2,2,57.5,810,1.208064441,0.469864437,1,1,8.664033,1.715767974,1,57.5,111,14.99888793,92.99090423,91.33226324,94.16800428,1.56,556.4,63.26,62,54,737.5,1.5,0.659,1.13,4,1.35,33.5,10.91,2.31,24.37,37.78,37.85,533.4,1785,248,0.186,19.5,-0.995,-0.102,8.45,9.76,16.227347,65.33864542,93.27731092,91.25061789,94.56253089,1.544994989,3.774209202,28.84609993,15.65149173,,,,
11042400,0.006288949,5.298847826,85.5,11.2,2,60.88916667,933,1.061722335,0.241732972,1,1,5.418644,1.623115625,1,60.88916667,52.4,4.998974638,92.98021698,82.83343969,97.19208679,2.17,342.2,45.9,47.5,35.2,738.3,4.5,0.519,0.92,4,1.33,34.5,10.18,6.63,11.08,22.22,66.7,1119.3,1870,508,0.457,17,0.473,-0.881,7.88,8.66,17.322787,59.25925926,95.39267016,78.0104712,97.69633508,2.08734395,4.6735827,,,-0.023759569,-0.085498497,-0.017434759,
11113000,0.134178162,16.09217449,252.8,0,2,64,504,1.221947048,0.44930181,1,1,34.168763,0.626898493,1,64,114.1,7.1,92.97082228,77.85145889,93.76657825,1.41,650,68.34,45.4,34.7,663.4,7.7,0.69,1.22,4,1.67,44.6,9.91,2,22.07,41.65,36.28,1251.5,2274,184,0.512,32.7,-1,0.016,6.44,14.64,16.054577,13.63636364,96.74392936,88.74172185,94.81236203,19.70198669,21.99904615,14.98787692,8.055507692,-0.100884584,-0.203599969,-0.018163254,0.353398313
11173510,0.103626843,7.299416098,64,0,2,23.96166667,863,1.01427266,0.094048528,1,1,77.737397,1.168928262,1,23.96166667,62.8,7.390312608,92.96983759,88.77030162,72.4361949,1.34,360.7,62.25,63.9,58.9,792.6,3.7,0.583,1.01,4,1.32,32.1,10.44,2.07,24.39,45.37,30.25,741.8,1309,136,0.517,25.7,-0.113,-0.994,8.33,8.8,16.911694,6.965174129,92.94871795,88.0952381,72.8021978,17.24073271,29.29254228,,,-0.023534009,-0.127473949,-0.082824696,0.654213136
11022480,0.022122516,14.29950871,121.9,0,2,63.99111111,401,0.928059827,0.220835759,1,1,18.106704,1.206871256,1,63.99111111,69.9,10.19952621,92.96636086,92.11009174,95.65749235,1.63,953.6,51.86,51.9,43.3,807.8,2.2,0.585,0.84,5,1.19,31,10.52,3.4,17.08,31.75,51.17,640.4,1967,89,0.294,18.5,0.017,-1,13.48,4.66,15.3664,13.73626374,96.15778689,93.69877049,96.36270492,5.172206094,4.374381292,,,0.00258652,0.008179256,-0.005844803,0.958418601
11451715,0.001519216,7.49991,64.9,0,1,39.5,453,0.944790358,0.122733893,1,1,11.690112,0.296371599,1,39.5,59.8,6.999596639,92.95454545,92.15909091,81.27840909,0.9,247.9,70.02,59.6,55.5,854.4,1,0.615,0.96,4,1.19,43.2,10.66,0.49,37.34,42.78,19.88,560.5,1162,264,0.34,18.2,-0.265,0.964,17.68,3.6,18.827651,6.423611111,88.97321429,85.71428571,85.24553571,1.945488238,3.78987495,23.98777733,10.34183138,-0.028831435,-0.039762042,-0.011139522,0.691053957
11123500,0.761056433,13.19482684,133.8,7.9,2,55.5,182,1.024130683,0.089656297,1,1,16.457797,0.447891372,1,55.5,120.3,12.79505071,92.95278365,86.61028894,91.22621564,1.89,718.1,79.99,52.6,34.3,660.8,3.8,0.712,1.27,5,1.39,25.8,9.92,1.14,22.63,41.55,35.82,934.1,2081,242,0.378,31.2,-0.578,-0.816,8.67,20.64,18.753658,30.65326633,91.97120709,85.32668882,93.10631229,5.2299529,5.452388247,16.02817156,5.57082579,-0.013665477,-0.012168644,-0.003767537,0.771068736
11451715,0.002764288,14.69533163,90.9,33.1,2,23.5,125,1.08277737,0.168479191,1,1,24.133838,1.666551161,1,23.5,82.1,14.69463621,92.94747082,97.17898833,64.76167315,0.9,247.9,70.02,59.6,55.5,854.4,1,0.615,0.96,4,1.19,43.2,10.66,0.49,37.34,42.78,19.88,560.5,1162,264,0.34,18.2,-0.265,0.964,10.96,8.91,18.827651,55.55555556,93.88392857,97.09821429,67.56696429,2.888346264,4.86014522,23.98777733,10.34183138,0.14819574,-0.007832966,-0.033504715,0.809356648
11159200,0.044269958,18.39437347,104.8,1,2,34.83333333,690,1.04563987,0.141946573,1,1,12.563615,1.632601188,1,34.83333333,96.4,18.39434281,92.94117647,94.95098039,86.05392157,1.76,71,84.62,68.1,68.6,691.1,0.1,0.629,0.85,3,1.21,34.5,10.12,2.59,21.18,36.59,42.23,305.2,863,27,0.333,21,-0.996,-0.089,13.16,5.22,16.438445,21.6367713,93.75,94.83082707,86.6306391,0.115679955,6.346901408,,,-0.065019601,-0.122480704,-0.014327841,0.614253963
11466200,0.549518397,19.69556356,105.3,39,2,20.98277778,464,1.040562079,0.144219822,1,1,7.676397,0.941665039,1,20.98277778,62.3,13.79943111,92.93614882,98.44142785,58.47159377,1.32,144.8,107.68,64.2,75.1,733.1,1.3,0.62,0.7,4,1.27,28.1,11.03,1.27,27,44.02,28.98,258.7,780,43,0.293,15.8,0.094,-0.996,8.23,21.97,17.015969,54.87364621,95.26006711,98.53187919,62.62583893,0.862305695,1.310220994,,,0.11286134,0.003010738,-0.118101618,0.654883262
11124500,0.255812524,26.18802857,128.4,0,2,19.8,184,1.012081072,0.080783167,1,1,71.062545,1.035623791,1,19.8,128.5,26.09950084,92.91882556,96.08520438,55.95854922,2.37,191.5,83.1,54.6,38.1,636.9,4.5,0.711,1.17,4,1.85,23.3,9.72,1.35,23.93,41.12,34.95,1023.6,1999,256,0.444,33.5,-0.78,-0.626,7.6,19.21,17.185694,11.17647059,92.98642534,96.15384615,56.4479638,68.62677395,63.6551436,,,-0.118361646,-0.255882945,-0.008246482,0.648680925
11466320,0.451592213,3.999957447,90.7,0.3,2,67.875,450,1.03904084,0.101194717,1,1,24.946189,1.516647465,1,67.875,82.2,3.799393684,92.90876242,63.45980126,96.97380307,1.27,199.4,102.63,64.2,72,732.8,1,0.622,0.67,4,1.3,28.7,12.14,1.14,27.37,43.92,28.71,204.1,780,19,0.243,12.2,-0.118,-0.993,8.61,15.5,16.638396,18.53785901,93.14667781,63.7693272,97.20016715,13.68925187,13.95090271,,,-0.164623234,-0.334630793,-0.174980231,0.362440977
11063510,0.080933195,14.59995569,99.2,21.5,2,39,510,1.035222343,0.216730068,1,1,19.701106,0.914667921,1,39,98.3,14.59995569,92.90364583,91.86197917,88.15104167,2.04,144.5,66.42,46,40.7,690.4,4.5,0.635,0.96,4,1.54,50.7,9.96,6.14,10.54,26.94,62.52,1273.4,2542,794,0.272,22.4,-0.728,0.686,7.51,15.53,18.45637,57.30337079,92.5872093,91.22093023,89.41860465,6.090614167,8.283114187,74.67695502,36.88442907,-0.045797929,-0.085871561,-0.017805592,0.668526212
11173575,0.08082123,7.299416098,64,0,2,23.96166667,863,1.024663135,0.109283756,1,1,73.616074,0.93656286,1,23.96166667,62.8,7.390312608,92.89363679,88.75986995,72.2248026,1.33,385.4,62.15,64.2,58.9,791.9,3.5,0.584,1.05,4,1.31,31.9,10.49,2.02,24.69,45.37,29.94,718.4,1309,104,0.514,25.8,-0.023,-1,8.39,8.83,17.382289,7.568807339,92.76225378,88.0897847,72.60650481,15.79414913,27.71761806,,,-0.023044884,-0.126801241,-0.082745987,0.65548461
11138500,0.006332339,9.796745635,151.8,41.1,2,56.66666667,857,1.078128742,0.282909951,1,1,5.562678,0.956816384,1,56.66666667,88.3,6.598863333,92.88793103,77.29885057,91.52298851,2,728.9,69.82,57.6,39.6,665.2,7.1,0.686,1.16,5,1.44,28.2,9.8,1.39,21.86,41.68,36.45,994.2,2081,193,0.424,34.2,0.199,-0.98,8.07,14.16,16.60856,55.29411765,94.170282,81.34490239,93.54663774,2.132233872,2.931760187,,,0.003977115,-0.021846194,-0.005142232,
10258500,0.028492701,2.69965913,68.4,16.7,2,63,206,1.093793521,0.281860753,1,1,34.911598,1.024974947,1,63,60.6,2.598977047,92.86532951,60.63037249,98.10888252,2,241.5,37.78,41.9,27.9,813.4,5.1,0.464,0.98,4,2.22,43.9,9.87,5.3,11.18,26.56,62.26,1195.3,2452,208,0.44,22.7,0.863,0.506,7.76,8.36,22.326342,62.73584906,92.61710794,59.62321792,98.3197556,14.07063824,14.53863354,,,-0.067585553,-0.149738128,-0.003304783,
11466800,0.121568684,19.6962,121.6,60.2,2,23.75,464,1.029764679,0.128378843,1,1,12.714225,1.001456134,1,23.75,79.9,16.49968182,92.85714286,98.25072886,62.43926142,2.06,652.2,100.52,64.6,68.1,730.4,0.8,0.63,0.68,4,1.71,30,13.03,1.22,29.33,42.59,28.08,155.1,780,16,0.185,9.2,-0.054,-0.999,8.21,20.47,16.611166,71.25,95.05154639,97.93814433,67.67010309,3.097905528,3.795124195,,,0.138750571,-0.02055757,-0.092766442,0.594232737
11027000,0.076873841,8.799730787,61.7,0.1,2,17.5,495,1.016355375,0.058791777,1,1,70.526293,1.115871643,1,17.5,58.6,8.799730787,92.85714286,91.31274131,60.45688546,1.62,58.2,51.93,53.2,38.8,797.9,0.2,0.625,1,3,1.16,28.6,11.16,2.59,16.4,30.84,52.76,653.6,1276,217,0.433,13,-0.467,-0.884,11.4,11.03,15.624757,24.64788732,93.24840764,91.21019108,60.54140127,49.6480909,49.63608247,,,-0.054529609,-0.124406041,-0.022378064,0.864126498
11123500,0.010844068,13.99949867,157.5,44.3,2,45,593,1.032783931,0.130998308,1,1,47.106742,1.207876628,1,45,143.3,10.69705882,92.84051222,83.11990687,87.66006985,1.89,718.1,79.99,52.6,34.3,660.8,3.8,0.712,1.27,5,1.39,25.8,9.92,1.14,22.63,41.55,35.82,934.1,2081,242,0.378,31.2,-0.578,-0.816,8.67,20.64,18.753658,55.77889447,93.13399779,86.43410853,88.26135105,43.16949878,44.25628743,16.02817156,5.57082579,-0.0869612,-0.196390968,-0.022413878,0.40415876
11451100,0.295765624,8.999760213,103.2,40.5,1,36.92861111,955,1.05411218,0.212705121,1,1,99.307087,1,1,36.92861111,103.2,8.999760213,92.83426741,87.0296237,82.70616493,2.44,155.1,122.99,60.8,72.9,711.9,2.9,0.62,0.88,4,1.26,40.7,10.13,1.39,20.14,45.4,34.46,910.7,1815,476,0.327,31.1,-0.452,0.892,8.57,17.58,14.155992,56.12244898,92.82852564,87.01923077,82.69230769,57.75060676,75.95280464,99.99632495,87.05802708,-0.061798733,-0.106175213,-0.013565527,
14182500,0.706933161,14.08928571,115.7,37.6,1,61.99305556,55,1.082626009,0.195267695,1,1,94.322738,0.972852816,1,61.99305556,113.8,13.98928571,92.81602834,97.49833961,87.97874696,1.73,286.8,224.25,70.2,175.5,549.7,22.8,0.386,0.68,3,1.26,56.8,10.1,2.57,20.62,47.93,31.45,818.3,1661,209,0.42,35.9,-0.784,-0.621,9.28,16.72,13.492479,46.78961749,92.97839506,97.5308642,88.02910053,74.72694879,73.6289749,93.98661088,73.25648536,0.203172066,0.15248383,0.104174584,0.774139755
11027000,0.026224684,7.8978917,64.9,0.9,2,28.96444444,839,1.067799675,0.158719456,1,1,50.900245,0.591991427,1,28.96444444,55.8,6.898747023,92.80980782,87.87276342,82.33929755,1.62,58.2,51.93,53.2,38.8,797.9,0.2,0.625,1,3,1.16,28.6,11.16,2.59,16.4,30.84,52.76,653.6,1276,217,0.433,13,-0.467,-0.884,10.64,10.81,15.624757,35.21126761,93.75796178,88.91719745,83.05732484,10.30581508,11.12010309,,,0.010100541,-0.003177161,-0.009773989,0.978380779
11451100,0.041808844,18.09382,103.1,9,1,27,217,1.032879624,0.173890382,1,1,99.307087,1,1,27,103.1,18.09382,92.79423539,97.31785428,73.99919936,2.44,155.1,122.99,60.8,72.9,711.9,2.9,0.62,0.88,4,1.26,40.7,10.13,1.39,20.14,45.4,34.46,910.7,1815,476,0.327,31.1,-0.452,0.892,8.57,17.58,14.155992,28.79818594,92.78846154,97.31570513,73.97836538,57.75060676,75.95280464,99.99632495,87.05802708,-0.006341924,-0.005374137,0.003398786,
11022480,0.027289385,8.498179592,97.7,138.8,2,51.83333333,782,1.164161356,0.369126077,1,1,18.106704,1.206871256,1,51.83333333,69,5.799909091,92.78287462,79.6941896,91.86544343,1.63,953.6,51.86,51.9,43.3,807.8,2.2,0.585,0.84,5,1.19,31,10.52,3.4,17.08,31.75,51.17,640.4,1967,89,0.294,18.5,0.017,-1,10.6,5.73,15.3664,95.05494505,93.85245902,84.22131148,93.18647541,5.172206094,4.374381292,,,0.017516316,0.024627778,-0.009151997,1.066980112
11466800,0.122002858,4.499880366,98.4,0.4,2,67.875,450,1.043642806,0.132022217,1,1,13.403992,2.005967198,1,67.875,86.6,4.497670634,92.76407631,67.28711028,96.13773848,2.06,652.2,100.52,64.6,68.1,730.4,0.8,0.63,0.68,4,1.71,30,13.03,1.22,29.33,42.59,28.08,155.1,780,16,0.185,9.2,-0.054,-0.999,8.57,15.04,16.611166,24.0625,92.35051546,64.32989691,96.53608247,7.269984253,7.898942042,,,-0.163675891,-0.34676178,-0.176813006,0.374861895
9430600,0.025418248,5.499640295,59.2,55.8,1,42.9,827,1.062199944,0.187200753,1,1,24.384716,1.625205434,1,42.9,32.2,5.598301713,92.7480916,89.10745743,90.86905461,1.85,190.5,67.41,44.7,72,593.8,14,0.222,0.58,3,1.32,53.1,9.96,2.05,31.86,33.61,34.53,2371.3,3268,1694,0.444,40.6,-0.973,-0.231,15.89,7.73,15.895541,73.41176471,94.80600751,84.50563204,92.04005006,2.695437993,3.27496063,91.38944882,35.34944882,-0.03879371,-0.049130593,-0.008767955,0.900779177
11073360,0.265403301,24.48423579,145.5,2.2,2,44,203,1.177936486,0.364611283,1,1,8.872533,,1,44,95.6,16.9,92.74481773,93.28091494,89.45675482,0.95,132.3,74.76,53,45.8,744.3,3.4,0.65,0.9,3,1.12,44.1,10.29,6.95,11.8,32.18,56.02,1050.4,3059,211,0.295,27.1,-0.86,-0.509,12.07,4,14.250404,29.49101796,94.11117226,94.77160154,91.60704458,2.105303694,2.33537415,,,-0.061345468,-0.073095211,-0.009948306,
11055800,0.684089511,6.99997033,80.7,4.7,1,38,892,1.021028933,0.105433116,1,1,84.009376,1.028498129,1,38,80.7,6.99997033,92.73846154,81.72307692,90.98461538,2.27,50.5,78.15,44,42.4,729.1,7.1,0.609,1.21,3,1.35,32.7,9.72,5.91,13.16,30.59,56.25,1197,1962,488,0.48,34.4,-0.802,-0.597,11.35,4.56,21.01686,46.21212121,92.66789895,81.76216882,90.97350585,69.21590056,59.36613861,,,-0.06861585,-0.100423765,-0.020662158,0.809620196
11224500,0.065011939,11.99906919,78.5,1.2,2,33,880,1.062181114,0.201544893,1,1,17.519332,1.2074693,1,33,62.6,9.999108696,92.72355348,92.81122151,82.75862069,2.43,247.4,47.01,49.5,44.4,791.8,2,0.63,1.19,5,1.82,29,10.38,1.74,35.56,40.29,24.15,804.2,1513,331,0.402,26.1,-0.951,0.308,7.4,6.81,21.958024,20.57613169,94.3877551,94.46831364,84.15682062,10.79532778,13.10274859,,,-0.018968,-0.088725007,-0.090200813,0.750311182
11143000,0.554126824,9.992158095,115.6,96.4,2,65.66666667,183,1.026221478,0.127226047,1,1,86.219962,1.022908078,1,65.66666667,114.7,9.99519697,92.7221172,84.3100189,96.8100189,2.74,120.6,116.26,67.4,72.8,639.5,3.4,0.654,0.98,4,1.47,40.3,10.29,4.14,14.13,31.45,54.42,779,1505,80,0.492,43.6,-0.447,-0.894,8.33,25.11,18.127121,80.87431694,92.77334585,83.81041764,96.83247302,14.47744466,22.15223881,86.30373134,57.91119403,-0.031238989,-0.040315131,0.002169895,1.009060924
11025500,0.044922423,14.79932759,65.5,1.9,2,24.5,820,0.971417603,0.159738144,1,1,57.038453,0.63853309,1,24.5,64.5,14.79932759,92.70114943,96.43678161,73.76436782,1.59,288.7,61.83,49,43.1,760.7,1.6,0.57,0.88,4,1.39,32.2,10.45,3.04,16.47,31.29,52.24,891.8,1731,269,0.428,20.2,-0.631,-0.776,8.73,11.95,16.426629,30.3652968,91.29314786,95.311695,76.37815559,35.29497486,34.52483547,,,0.004601165,-0.01412555,-0.015278874,0.884453394
11148900,0.36843446,8.497699248,96.7,224.8,2,43,885,1.066938616,0.231147514,1,1,21.611762,1.082710122,1,43,70.3,5.095844253,92.69230769,74.93589744,86.44230769,1.48,403.5,69.16,62.7,52.5,745.3,1.5,0.653,0.99,5,1.22,31.2,11.37,2.86,22.94,36.87,40.19,551.8,1138,256,0.337,21.3,-0.586,0.81,8.56,15,16.11163,95.78544061,91.2869304,78.91837757,88.85828743,3.551364882,3.720446097,20.74907063,12.52795539,-0.01053454,-0.029824538,0.000681522,0.881405809
11023340,0.092753087,2.399145045,51.1,3.8,2,42,867,1.084789371,0.21140808,1,1,37.099197,1.443643241,1,42,51.5,2.299810256,92.68575851,61.45510836,88.85448916,2.81,109.6,39.02,60.2,39.8,841.8,0,0.626,1.08,3,1.17,24.2,11.67,2.82,23.07,37.6,39.33,263,808,116,0.251,12.8,-0.28,-0.96,13.45,8.4,14.786058,57.50853242,91.84210526,61.95488722,89.17293233,26.23438145,28.43786496,,,-0.005470648,-0.009368654,-0.017733134,1.48298974
8378500,0.010372228,4.798595423,53.7,65.5,1,35,181,1.00592678,0.109757059,1,1,24.394413,1.433035617,1,35,41.5,4.799174104,92.67538434,78.72415621,92.51634564,2.61,445,86.08,49.1,89.7,374.7,32.7,0.115,0.56,4,1.18,68.2,9.97,2.19,24.5,39.65,35.85,3073,3973,2288,0.466,26.5,-0.839,-0.545,4.43,6.27,14.557434,56.32183908,93.18253468,73.0296343,93.29287516,8.108731976,14.05597753,25.41377528,13.96395506,-0.215168208,-0.407774731,-0.089605997,0.544770246
11073300,0.501302553,24.69476941,132.5,153.5,2,16,123,1.089543183,0.270387511,1,1,30.521869,0.844669747,1,16,98.3,17.59413714,92.63803681,93.86503067,46.11451943,0.81,83.6,90.33,49.8,53.3,682.5,5.3,0.643,1.21,3,1.12,50,9.57,6.38,11.96,34.18,53.86,1477.5,3059,222,0.443,40.8,-0.829,-0.56,6.54,20.46,20.142177,95.85253456,93.39255969,94.83620211,49.88895058,17.99244488,18.93767943,,,-0.009237746,-0.015867851,-0.002105119,1.312947468
11160500,0.157087507,16.39524845,110.4,24.4,2,17.985,863,0.95953801,0.137330929,1,1,19.295537,0.992160412,1,17.985,110.1,16.39521714,92.63494968,90.73650503,53.61390668,2.46,275.8,118.78,67,68.2,703.2,0.7,0.632,0.89,4,1.34,42.1,10.75,3,18.37,36.19,45.44,364.3,980,76,0.323,25.1,-0.998,-0.056,9.9,16.89,15.363053,42.61954262,91.72354949,90.23037543,55.46075085,2.493591322,7.196736766,,,0.041837854,-0.112640495,-0.094277614,0.600181272
11123500,0.123030884,26.49911278,242.5,0.5,2,29.92861111,852,0.968032152,0.126497927,1,1,11.243107,1.233641415,1,29.92861111,129.4,23.69946,92.6323319,95.56509299,71.38769671,1.89,718.1,79.99,52.6,34.3,660.8,3.8,0.712,1.27,5,1.39,25.8,9.92,1.14,22.63,41.55,35.82,934.1,2081,242,0.378,31.2,-0.578,-0.816,11.91,3.74,18.753658,15.82914573,96.62236988,95.57032115,77.07641196,7.582963909,7.580629439,16.02817156,5.57082579,0.229292474,0.028243746,-0.09941149,0.921230013
11456000,0.317447157,15.79565217,116,35.9,2,16.75,454,0.975475625,0.06187569,1,1,8.882523,2.160787162,1,16.75,90.2,14.29925231,92.63157895,95.6979405,50.68649886,1.79,212.3,104.44,64,69.8,743.7,1.5,0.624,0.68,4,1.39,28.5,10.89,2.14,24.23,44.57,31.21,305.3,1261,75,0.209,20.9,-0.876,0.483,7.94,21.08,16.071526,53.27635328,94.85172982,96.62273476,54.01565074,1.060217481,3.36895902,,,0.151115828,-0.041238275,-0.085423292,0.601416408
11458500,0.043115371,18.9962902,85,21.6,2,19.83333333,416,1.019724794,0.118575191,1,1,63.695385,1.042728974,1,19.83333333,84.2,18.89667454,92.61730521,98.32113646,61.19242359,2.59,150.4,107.96,63.9,77.4,739.6,1.4,0.626,0.64,3,1.77,23.2,10.42,1.81,24.93,43.89,31.18,301.1,824,39,0.336,17.6,-0.861,-0.509,11.55,14.85,19.519202,44.27480916,92.32241599,98.04338579,61.46320715,10.35774737,23.62679521,,,0.19127005,-0.008569863,-0.068260773,0.620423687
11073360,0.595017077,24.69476941,132.5,156.5,2,16,123,1.192311494,0.384063901,1,1,20.134001,,1,16,98.3,17.59413714,92.6128591,93.84404925,45.2120383,0.95,132.3,74.76,53,45.8,744.3,3.4,0.65,0.9,3,1.12,44.1,10.29,6.95,11.8,32.18,56.02,1050.4,3059,211,0.295,27.1,-0.86,-0.509,8.84,17.06,14.250404,92.51497006,93.4232251,94.88167309,49.36708861,16.06905269,12.00204082,,,-0.009054278,-0.015605414,-0.001810468,1.311099355
11153000,0.022478456,10.9935028,92.4,32,2,30,944,0.984886737,0.139356386,1,1,10.488957,2.512752181,1,30,49.4,6.299518495,92.61015059,89.01282766,78.75069716,1.11,375.4,52.87,62.6,46.9,835.2,1.3,0.643,1.11,5,1.85,28.4,10.45,2.08,24.44,44.87,30.7,424.1,1045,74,0.363,20.9,-0.996,-0.088,13.25,3.13,15.589845,49.46236559,96.52575316,95.52964043,81.4382896,3.405985647,4.396909963,,,-0.039911175,-0.064240113,-0.013477485,0.728067193
9484000,0.124517549,26.80057291,55.1,157.8,1,15.98416667,796,1.151189135,0.43245203,1,1,69.267296,1.388299086,1,15.98416667,55.3,26.88753682,92.55617978,98.84519351,64.23220974,2.39,103.7,75.97,43.3,71.1,767.1,3.1,0.167,0.8,3,1.52,9.5,9.14,1.65,18.36,43.38,38.26,1878.8,2788,872,0.534,35.6,-0.977,-0.213,21.03,13.39,17.656755,96.49484536,92.33157405,98.7891959,64.38994101,12.27435075,20.33982642,59.10578592,25.9246866,0.032199617,-0.082769652,-0.028765416,0.762986287
11161000,0.164224266,16.39524845,110.4,24.4,2,17.985,863,0.974978102,0.136487077,1,1,18.338121,1.199590247,1,17.985,110.1,16.39521714,92.54974549,90.49051365,52.05923184,2.09,298.3,118.15,67.1,68.5,703.5,0.6,0.632,0.9,4,1.4,42,10.85,3,18.27,35.92,45.81,350.3,980,8,0.355,24.6,-0.996,0.09,9.89,16.79,15.746177,41.64926931,91.57713795,90.11602922,54.10399656,2.25540185,6.709420047,,,0.042935389,-0.110037503,-0.093250322,0.602883283
11148900,0.113688348,5.999738182,103.7,1.6,2,75,833,1.153873406,0.44035376,1,1,19.551763,1.597078602,1,75,90.4,5.799849032,92.54312743,72.50973845,97.77406789,1.48,403.5,69.16,62.7,52.5,745.3,1.5,0.653,0.99,5,1.22,31.2,11.37,2.86,22.94,36.87,40.19,551.8,1138,256,0.337,21.3,-0.586,0.81,8.56,15,16.11163,24.90421456,92.26339509,71.25688533,97.99699549,4.013803818,9.585947955,20.74907063,12.52795539,-0.042442506,-0.05083615,-0.016209405,
11143000,0.237147497,11.19961591,113.5,30.8,2,30.93333333,612,1.054980997,0.175723645,1,1,99.985297,0.997222043,1,30.93333333,113.5,11.19961591,92.54221388,86.25703565,81.00375235,2.74,120.6,116.26,67.4,72.8,639.5,3.4,0.654,0.98,4,1.47,40.3,10.29,4.14,14.13,31.45,54.42,779,1505,80,0.492,43.6,-0.447,-0.894,8.68,23.37,18.127121,54.91803279,92.53871422,86.25058658,80.9948381,33.21126627,44.52462687,86.30373134,57.91119403,-0.101820656,-0.155859565,-0.024091851,0.453496031
11063510,0.077013912,6.998113208,97.8,0,2,35.875,121,0.966156388,0.085957861,1,1,75.044644,1.007263416,1,35.875,95.3,6.599843377,92.53591505,79.45034354,86.44597127,2.04,144.5,66.42,46,40.7,690.4,4.5,0.635,0.96,4,1.54,50.7,9.96,6.14,10.54,26.94,62.52,1273.4,2542,794,0.272,22.4,-0.728,0.686,6.77,8.28,18.45637,15.16853933,92.26744186,79.53488372,87.38372093,20.60685912,23.61986159,74.67695502,36.88442907,-0.009704062,-0.01753329,-0.004633778,0.798144832
11143000,0.106129375,23.899075,109.4,8.1,2,53,807,1.019649192,0.087567419,1,1,29.9711,1.327452654,1,53,103.3,23.99351944,92.50608273,97.08029197,94.76885645,2.74,120.6,116.26,67.4,72.8,639.5,3.4,0.654,0.98,4,1.47,40.3,10.29,4.14,14.13,31.45,54.42,779,1505,80,0.492,43.6,-0.447,-0.894,11.4,13.95,18.127121,34.69945355,92.25715626,96.57437823,94.95541999,15.90995837,20.11791045,86.30373134,57.91119403,-0.074426019,-0.115714332,-0.013921207,
11025500,0.023736302,10.99938909,63.9,0,2,17.75,76,0.943704153,0.276306331,1,1,57.038453,0.63853309,1,17.75,63.6,10.99938909,92.5,92.5862069,54.1954023,1.59,288.7,61.83,49,43.1,760.7,1.6,0.57,0.88,4,1.39,32.2,10.45,3.04,16.47,31.29,52.24,891.8,1731,269,0.428,20.2,-0.631,-0.776,8.73,11.95,16.426629,10.0456621,91.19010819,91.3446677,56.92941783,35.29497486,34.52483547,,,-0.017419339,-0.025310091,-0.001559886,0.844644078
11461000,0.693740272,13.19271805,89,122.7,2,15.97694444,491,1.004380668,0.038160393,1,1,32.301184,1.065652935,1,15.97694444,83.2,13.09595778,92.48826291,94.87480438,44.6400626,1.95,259.6,118.6,63.1,81.2,730.9,3,0.607,0.95,4,1.1,36,11.3,1.16,28.24,42.59,29.17,448.3,1014,191,0.314,20.6,-0.997,0.077,8.13,21.77,15.086673,87.84648188,92.56880734,94.01834862,47.08256881,6.630779176,11.66221109,,,0.168591806,-0.024895358,-0.112839417,0.580309863
11065000,0.018246374,23.0888629,126.4,0.5,2,31.66666667,835,0.946684919,0.353420938,1,1,33.742927,1.953161117,1,31.66666667,100.2,22.68443235,92.48704663,95.59585492,77.81735751,1.55,364.7,81.4,47.7,43.6,701.5,4.2,0.649,1.11,5,1.12,49.6,10,6.62,10.83,28.51,60.66,1250.1,3059,313,0.343,27.3,-0.675,0.738,10.46,5.55,19.024359,27.09090909,92.54756871,93.55179704,81.68604651,9.084707504,11.94332328,33.44313134,17.52322457,0.084418299,-0.035580624,-0.099919284,0.745010548
14090350,0.073050326,10.196302,144.6,48.2,1,93,432,1.082158555,0.338795143,1,1,7.771881,0.395126958,1,93,52.6,3.899922976,92.46421555,86.41594162,95.39713724,1.95,72.1,182.78,64.8,142.3,455.8,53.1,0.404,0.78,3,1.26,78.8,10.37,6.68,15.1,29.79,55.1,1566.6,3093,854,0.321,26.1,-0.809,0.588,11.49,6.91,16.829358,63.85869565,96.4954816,94.22525898,96.38527661,2.87103158,3.739805825,44.26407767,17.35811373,-0.080987589,-0.115335652,-0.006408878,
11028500,0.02051663,5.499964993,60.4,105.3,2,29,783,1.126800401,0.24945394,1,1,59.833561,1.393602004,1,29,60.4,5.499964993,92.45165315,81.59700561,79.91266376,1.75,146.3,47.31,53.2,40,817.6,0.1,0.607,0.82,3,1.39,26.8,11.3,2.46,16.66,32,51.34,561.3,994,400,0.27,8.7,-0.125,-0.992,11.06,4.92,15.589059,96.4953271,92.22222222,81.54320988,80.12345679,13.30200551,18.34757348,,,0.008513387,-0.004570397,-0.010924288,0.927810373
7103700,0.006398615,21.49052667,37.8,30.2,1,10.66666667,731,1.171507011,0.675341463,1,1,10.334753,0.918584336,1,10.66666667,22.9,15.59904,92.43639697,98.5101994,47.54755902,2.23,264.2,59.97,52.8,94.9,393.5,27.6,0.361,0.86,4,1.42,49.5,10.03,9,11.62,33.61,54.77,2775.2,4300,1873,0.373,26.9,0.329,0.944,12.27,5.93,15.226314,51.97168857,93.98436112,98.63159765,55.96232451,5.396997417,6.578652536,9.350870553,5.675132475,-0.073427221,-0.138797398,-0.02782991,0.527450528
9508300,0.645501701,18.599469,43.4,17.9,1,12.5,394,1.00104631,0.073808452,1,1,83.630661,1.091927993,1,12.5,42.6,17.39949471,92.42424242,98.48484848,57.75193798,1.24,93,61.67,39.9,60.5,779.9,8.4,0.144,0.7,3,1.58,36,10.05,2.68,22.26,37.89,39.84,1496.5,2272,712,0.503,27.8,0.203,-0.979,24.25,5.9,16.736963,48.66920152,92.55765199,98.67225716,58.10621943,25.49898573,26.68935484,,,-0.07765983,-0.144763968,-0.009734719,0.3593483
11077500,0.112420597,19.6998797,101.3,27.4,2,25.66666667,481,1.054945164,0.191860825,1,1,11.075228,0.62641764,1,25.66666667,47.8,7.99691687,92.40343348,90.38626609,75.87982833,1.28,240.8,51.01,60.8,37.1,825.6,0,0.654,1.13,5,1.61,20.2,10.37,1.7,25.4,46.19,28.41,553.2,1719,35,0.308,25.4,-0.221,-0.975,12.34,11.9,17.754193,63.06306306,95.40229885,96.2962963,81.35376756,2.800140695,1.788413621,,,0.051188561,-0.157130797,-0.11617759,0.627282338
11065000,0.03726919,21.19990588,148.6,33.7,2,40,510,1.005489133,0.389086708,1,1,8.140156,1.901694811,1,40,98.3,14.59995569,92.39646979,91.58180584,84.3856076,1.55,364.7,81.4,47.7,43.6,701.5,4.2,0.649,1.11,5,1.12,49.6,10,6.62,10.83,28.51,60.66,1250.1,3059,313,0.343,27.3,-0.675,0.738,7.67,19.01,19.024359,65.81818182,93.49894292,92.81183932,87.71141649,2.365863291,3.388017549,33.44313134,17.52322457,-0.045784416,-0.085541489,-0.017990704,0.672484666
11149900,0.185250224,10.5863535,137.1,0,2,59.8,185,1.144821827,0.330029119,1,1,12.824107,0.507351319,1,59.8,65.6,5.8,92.38476954,79.82631931,93.55377422,1.56,556.4,63.26,62,54,737.5,1.5,0.659,1.13,4,1.35,33.5,10.91,2.31,24.37,37.78,37.85,533.4,1785,248,0.186,19.5,-0.995,-0.102,9.33,13.34,16.227347,6.374501992,94.71082551,84.62679189,95.18042511,0.822336042,1.076312006,28.84609993,15.65149173,0.019497291,0.027794087,0.004308875,1.178214387
11123500,0.041798954,27.59775,143.8,0,2,35,1012,1.019993001,0.142618117,1,1,47.106742,1.207876628,1,35,136.8,27.59682353,92.37485448,96.10011641,80.79161816,1.89,718.1,79.99,52.6,34.3,660.8,3.8,0.712,1.27,5,1.39,25.8,9.92,1.14,22.63,41.55,35.82,934.1,2081,242,0.378,31.2,-0.578,-0.816,11.91,3.74,18.753658,6.532663317,92.6910299,95.90254707,81.72757475,43.16949878,44.25628743,16.02817156,5.57082579,-0.041739968,-0.117735286,-0.025034786,0.578338332
8377900,0.034428364,21.59459238,36.3,150.8,1,8.966666667,112,1.374507704,0.999495962,1,1,65.272425,1.140346217,1,8.965555556,38.1,24.394825,92.34799038,99.14118859,49.71659224,2.05,139,89.76,48.6,96.1,380.6,31.6,0.11,0.5,3,1.21,65.4,9.68,2.96,22.74,43.83,33.43,3141.5,3642,2423,0.593,24.8,0.023,-1,13.35,11.76,13.047006,91.92913386,91.25586854,98.77598927,50.81321261,25.24947925,36.74589928,66.46402878,35.36093525,-0.03378568,-0.041146736,-0.00861868,0.946858376
11113000,0.249188015,18.4996391,155.2,113.6,2,39.8,455,1.064024284,0.135280841,1,1,18.928716,1.316921813,1,39.8,141.7,18.59355862,92.34507898,90.52247874,82.71567436,1.41,650,68.34,45.4,34.7,663.4,7.7,0.69,1.22,4,1.67,44.6,9.91,2,22.07,41.65,36.28,1251.5,2274,184,0.512,32.7,-1,0.016,8.13,13.21,16.054577,85.45454545,92.8807947,90.89403974,84.13355408,6.141831074,9.616984615,14.98787692,8.055507692,0.164198315,-0.115015669,-0.082551455,0.693251489
9484000,0.038229072,9.999425,55.5,0.3,1,38,710,1.036549223,0.154342643,1,1,85.517068,1.046778775,1,38,54.1,9.999425,92.31008717,88.35616438,92.8860523,2.39,103.7,75.97,43.3,71.1,767.1,3.1,0.167,0.8,3,1.52,9.5,9.14,1.65,18.36,43.38,38.26,1878.8,2788,872,0.534,35.6,-0.977,-0.213,16.1,1.64,17.656755,12.98969072,92.48680534,88.20242161,92.90592984,21.59321881,31.624108,59.10578592,25.9246866,-0.075001263,-0.13012394,-0.017316944,0.572519765
11073300,0.541948706,18.59852727,123.5,0.2,2,30.5,885,1.071140144,0.223448419,1,1,30.521869,0.844669747,1,30.5,94.3,14.19886786,92.29720518,90.72937969,78.97068848,0.81,83.6,90.33,49.8,53.3,682.5,5.3,0.643,1.21,3,1.12,50,9.57,6.38,11.96,34.18,53.86,1477.5,3059,222,0.443,40.8,-0.829,-0.56,7.34,18.15,20.142177,31.56682028,92.55968906,92.22654081,82.59300389,17.99244488,18.93767943,,,-0.040385227,-0.049763671,-0.021835675,0.961353526
11152000,0.067496499,10,121.8,0,2,41.66666667,246,1.130298327,0.433262385,1,1,38.563747,1.45200031,1,41.66666667,116.7,10,92.2962963,83.85185185,85.18518519,2.07,625.1,80.89,63.9,60.5,663.8,2.9,0.654,1.03,5,2.35,38.3,10.02,3.14,20.17,34.81,45.02,759.1,1785,113,0.387,34.7,-0.132,0.991,8.78,16.68,17.294107,6.417910448,92.65588915,83.74133949,86.09699769,14.91749383,22.51871701,14.97461206,10.20955047,-0.172413345,-0.259903939,-0.017081463,0.414664174
11022480,0.024349614,12.09524,94.6,1.1,2,40,839,1.173911373,0.384078426,1,1,18.106704,1.206871256,1,40,65.6,7.596805263,92.29357798,86.29969419,84.18960245,1.63,953.6,51.86,51.9,43.3,807.8,2.2,0.585,0.84,5,1.19,31,10.52,3.4,17.08,31.75,51.17,640.4,1967,89,0.294,18.5,0.017,-1,10.9,10.13,15.3664,39.6978022,93.51946721,90.88114754,86.75717213,5.172206094,4.374381292,,,0.017516316,0.024627778,-0.009151997,1.066980112
11113000,0.55762353,16.79484242,134.5,0,1,57.66666667,359,0.986093403,0.178138442,1,1,12.550943,0.240796008,1,57.66666667,87,12.19796906,92.28989977,90.82498072,90.36237471,1.41,650,68.34,45.4,34.7,663.4,7.7,0.69,1.22,4,1.67,44.6,9.91,2,22.07,41.65,36.28,1251.5,2274,184,0.512,32.7,-1,0.016,14.72,2.17,16.054577,13.63636364,91.7218543,89.29359823,93.10154525,8.618055904,10.59078462,14.98787692,8.055507692,-0.076190649,-0.121304535,-0.021148163,0.784575117
14400000,0.451392518,16.89579109,197.1,138.9,1,27.94138889,269,1.113929655,0.269999804,1,1,81.178779,1.006824326,1,27.94138889,189,15.49811501,92.28650138,89.43150513,62.48434761,2.39,702.6,309.76,70.5,152.8,633.4,7.5,0.474,0.61,4,2.78,43.6,10.25,1.24,28.5,48.99,22.5,671.2,1535,17,0.431,36.5,-0.474,-0.88,8.79,23.56,12.840941,71.18320611,92.03473945,89.90074442,62.82878412,44.37615084,57.18138343,80.44816396,37.28364646,0.403345939,0.290353272,0.148318246,0.68372069
11149900,0.140973385,6.799408399,102.8,191.3,2,43,885,1.095529583,0.22719259,1,1,12.824107,0.507351319,1,43,65.5,4.599888203,92.28456914,73.68069472,85.50434202,1.56,556.4,63.26,62,54,737.5,1.5,0.659,1.13,4,1.35,33.5,10.91,2.31,24.37,37.78,37.85,533.4,1785,248,0.186,19.5,-0.995,-0.102,8.3,13.77,16.227347,94.82071713,91.74493327,74.93821058,88.97676718,0.822336042,1.076312006,28.84609993,15.65149173,-0.013391784,-0.028371436,0.001328225,0.879304078
11109600,0.024150681,15.199574,101.3,0,2,30.5,487,1.028985003,0.270121545,1,1,41.681744,1.066478672,1,30.5,95.8,15.199574,92.27082085,92.75014979,76.78250449,1.66,963.8,55.61,42.7,35,676,11.8,0.673,1.1,5,2.08,52.1,10.21,5.72,18.55,37.45,44,1385.2,2691,325,0.448,26,-0.765,0.644,5.21,11.63,16.693884,14.32432432,91.74757282,92.01725998,79.04530744,12.52429966,19.22524383,6.542218303,3.126727537,-0.088556875,-0.173314458,-0.010977479,0.46186249
11152050,0.040006913,10,122.1,0,2,43.66666667,246,1.172913399,0.528675377,1,1,31.232187,1.394009406,1,43.66666667,116.7,10,92.25806452,83.77171216,85.8560794,1.67,771.5,74.52,63.7,58.2,676.7,2.4,0.652,1.04,6,2.02,38.4,10.1,2.9,21.11,35.63,43.26,674.8,1785,52,0.359,31.4,0.227,0.974,9.08,15.41,17.029979,7.281553398,92.61806511,83.67721229,86.8867492,12.27500159,18.24777706,12.12311082,8.239170447,-0.172413345,-0.259903939,-0.017081463,0.414664174
10257600,0.005181765,10.99880606,73,169.2,2,15.66666667,919,1.099980899,0.269416598,1,1,10.677152,0.351737175,1,15.66666667,40.3,8.299927503,92.24075417,94.41624365,49.92748368,1.68,92.9,55.02,38.1,39.9,737.5,7.4,0.582,0.91,3,1.32,44,9.6,5.01,12.16,30.05,57.78,1746.6,2915,731,0.466,38.3,-0.947,0.322,4.76,12.52,18.430912,98.38709677,93.63256785,90.86638831,57.80271399,2.427638648,5.169429494,21.86157158,3.477933262,-0.028281602,-0.073178663,-0.015356432,
11123500,0.064275751,26.09904706,138.7,0,2,20.75,184,0.956625785,0.146448546,1,1,47.106742,1.207876628,1,20.75,133.2,26.09904706,92.20023283,95.51804424,47.14784633,1.89,718.1,79.99,52.6,34.3,660.8,3.8,0.712,1.27,5,1.39,25.8,9.92,1.14,22.63,41.55,35.82,934.1,2081,242,0.378,31.2,-0.578,-0.816,8.31,17.22,18.753658,6.532663317,92.41417497,95.29346622,48.72646733,43.16949878,44.25628743,16.02817156,5.57082579,-0.080627628,-0.178775475,-0.002100091,0.737099819
11016200,0.001755175,2.399829053,72.6,7,2,80,867,1.154095738,0.298658022,1,1,37.286835,1.701412643,1,80,70.2,2.399829053,92.18500797,54.27963849,99.0430622,1.09,338.8,59.38,48.9,45.4,776.4,4.1,0.579,0.76,4,1.44,36.1,10.29,4,14.98,28.89,56.13,907.1,1967,174,0.417,17.9,-0.03,-1,10.23,12.83,15.671068,56.66666667,92.18830833,54.47490947,99.06880497,27.18482374,31.7818477,6.931168831,4.65487013,-0.040596999,-0.071409551,-0.01681045,1.059411648
11451715,0.163344302,21.69591842,58.7,28.2,2,45.99166667,555,0.891262848,0.227208754,1,1,11.690112,0.296371599,1,45.99166667,55.8,21.59591842,92.15909091,99.88636364,86.42045455,0.9,247.9,70.02,59.6,55.5,854.4,1,0.615,0.96,4,1.19,43.2,10.66,0.49,37.34,42.78,19.88,560.5,1162,264,0.34,18.2,-0.265,0.964,8.75,13.34,18.827651,51.73611111,87.1875,99.33035714,89.28571429,1.945488238,3.78987495,23.98777733,10.34183138,-0.028831435,-0.039762042,-0.011139522,0.691053957
11143000,0.563518804,12.5,129.7,105.7,2,33.9525,491,1.033456987,0.167176779,1,1,13.697515,0.363115177,1,33.9525,82.6,7.29899102,92.14854111,81.53846154,81.53846154,2.74,120.6,116.26,67.4,72.8,639.5,3.4,0.654,0.98,4,1.47,40.3,10.29,4.14,14.13,31.45,54.42,779,1505,80,0.492,43.6,-0.447,-0.894,8.68,23.37,18.127121,82.78688525,93.94650399,88.40919756,83.57578602,0.979707657,4.544776119,86.30373134,57.91119403,-0.06088307,-0.108076154,-0.019716675,
11152000,0.26681502,9.298888995,122.2,56.4,2,39.8,924,1.040026861,0.218740406,1,1,38.563747,1.45200031,1,39.8,114.9,9.096325094,92.14814815,81.97530864,83.58024691,2.07,625.1,80.89,63.9,60.5,663.8,2.9,0.654,1.03,5,2.35,38.3,10.02,3.14,20.17,34.81,45.02,759.1,1785,113,0.387,34.7,-0.132,0.991,8.25,16.63,17.294107,66.11940299,92.70207852,81.98614319,84.59584296,14.91749383,22.51871701,14.97461206,10.20955047,-0.040209457,-0.070277138,-0.018460304,0.651840956
14096850,0.007408031,10.69890319,175.2,1.5,1,70,444,1.248874594,0.590873034,1,1,12.034205,0.895706213,1,70,23.8,1.399903626,92.14181287,72.55116959,91.77631579,1.76,374.6,63.23,63.5,98.2,572.8,37.1,0.399,0.75,4,1.18,80.4,11.21,2.4,21.23,40.29,38.48,942.7,1698,688,0.253,10.6,-0.847,0.531,8.18,5.54,16.908903,8.830275229,99.79596463,98.57175244,94.85377465,2.433861199,2.671409503,,,-0.003372342,-0.020635102,-0.007849397,
11022480,0.017816791,8.293298396,80.7,6.2,2,56,474,1.047307785,0.13708331,1,1,79.360851,1.036983012,1,56,80.6,8.293298396,92.12026957,83.72213582,94.19388284,1.63,953.6,51.86,51.9,43.3,807.8,2.2,0.585,0.84,5,1.19,31,10.52,3.4,17.08,31.75,51.17,640.4,1967,89,0.294,18.5,0.017,-1,10.9,10.13,15.3664,53.84615385,91.9057377,83.60655738,94.26229508,57.24252031,58.6542156,,,-0.06719382,-0.136575236,-0.023271114,0.762980732
9484000,0.527015067,30.4,53.4,111.4,1,7,794,1.041350798,0.223317655,1,1,69.267296,1.388299086,1,7,53.4,30.4,92.11922597,99.34456929,32.77153558,2.39,103.7,75.97,43.3,71.1,767.1,3.1,0.167,0.8,3,1.52,9.5,9.14,1.65,18.36,43.38,38.26,1878.8,2788,872,0.534,35.6,-0.977,-0.213,21.03,13.39,17.656755,91.75257732,91.88140329,99.28593604,32.98665011,12.27435075,20.33982642,59.10578592,25.9246866,0.032199617,-0.082769652,-0.028765416,0.762986287
11152050,0.1523199,9.99895122,129.2,56.7,2,39.8,924,1.06624458,0.273212507,1,1,31.232187,1.394009406,1,39.8,114.9,9.096325094,92.10918114,81.88585608,83.15136476,1.67,771.5,74.52,63.7,58.2,676.7,2.4,0.652,1.04,6,2.02,38.4,10.1,2.9,21.11,35.63,43.26,674.8,1785,52,0.359,31.4,0.227,0.974,8.44,15.13,17.029979,63.59223301,93.21412196,83.40210912,84.38789546,12.27500159,18.24777706,12.12311082,8.239170447,-0.040209457,-0.070277138,-0.018460304,0.651840956
8377900,0.080468661,15.98938788,39,160.6,1,8.866666667,124,1.000798693,0.198765845,1,1,65.272425,1.140346217,1,8.857222222,37.3,15.99782545,92.10752319,97.23462728,48.60013741,2.05,139,89.76,48.6,96.1,380.6,31.6,0.11,0.5,3,1.21,65.4,9.68,2.96,22.74,43.83,33.43,3141.5,3642,2423,0.593,24.8,0.023,-1,12.48,12.57,13.047006,93.30708661,92.25352113,96.91482227,49.78202549,25.24947925,36.74589928,66.46402878,35.36093525,-0.03378568,-0.041146736,-0.00861868,0.946858376
11065000,0.041461974,7.097938171,101.1,0,2,36.875,121,1.01063693,0.103450122,1,1,33.742927,1.953161117,1,36.875,95.7,6.599843377,92.0984456,78.43264249,82.31865285,1.55,364.7,81.4,47.7,43.6,701.5,4.2,0.649,1.11,5,1.12,49.6,10,6.62,10.83,28.51,60.66,1250.1,3059,313,0.343,27.3,-0.675,0.738,7.23,10.24,19.024359,11.81818182,89.74630021,75,85.41226216,9.084707504,11.94332328,33.44313134,17.52322457,-0.009785177,-0.017146948,-0.004747299,0.8073376
11449500,0.065666497,13.69994667,108.6,0,1,46,408,1.041581016,0.085382978,1,1,20.124733,1.609944458,1,46,101.1,12.2,92.07746479,91.50528169,90.18485915,1.81,95.3,148.47,60,80.8,774.8,1.3,0.621,0.7,3,1.52,33.3,10.94,1.18,24.63,43.26,32.11,804.1,1432,460,0.359,20,0.851,-0.526,16.58,6.3,16.804113,5.198019802,93.22498945,94.21696919,90.58674546,7.764004234,10.69045121,,,-0.138931474,-0.194389354,-0.031460759,0.448167619
11044800,0.057627212,5.499505495,72.8,3,1,48.5,250,1.029381744,0.105117374,1,1,5.29932,0.732504198,1,48.5,55.9,4.399945931,92.07317073,74.55284553,95.28455285,1.68,85.5,40.9,59,33,853.1,0,0.666,0.86,3,1.19,26.7,10.3,3.33,15.97,31.55,52.47,405.4,859,100,0.415,18.9,-0.922,0.386,16.56,0.97,15.319151,40.12738854,93.61702128,77.5566232,96.01921757,2.005988961,2.867368421,,,-0.01646926,-0.029844553,-0.003557036,
11372000,0.037922169,10.99867311,134.1,239.5,1,43.94138889,299,0.949878109,0.266306372,1,1,91.657499,0.929124384,1,43.94138889,132.8,10.99867311,92.06293706,90.62937063,79.54545455,1.46,589.9,149.15,61.6,92.2,773.2,13.3,0.544,0.71,4,1.55,62,10.11,2.48,20.64,39.59,39.77,857.8,1883,245,0.39,33.5,-0.806,0.592,14.62,6.38,14.264321,95.94936709,92.13369345,90.74949359,80.2498312,51.50065731,67.58848957,,,0.208107421,0.058257862,0.006654826,0.705512305
11028500,0.039871941,11.2973908,58.5,2.3,2,17,860,1.060124389,0.133009327,1,1,59.833561,1.393602004,1,17,58.4,11.2973908,92.04616344,95.00935745,54.05489707,1.75,146.3,47.31,53.2,40,817.6,0.1,0.607,0.82,3,1.39,26.8,11.3,2.46,16.66,32,51.34,561.3,994,400,0.27,8.7,-0.125,-0.992,11.32,9.59,15.589059,35.04672897,92.03703704,94.81481481,54.16666667,13.30200551,18.34757348,,,0.008513387,-0.004570397,-0.010924288,0.927810373
11148900,0.268781711,7.099544864,112.6,16.3,2,34.75,99,1.057028353,0.24770753,1,1,19.551763,1.597078602,1,34.75,86.3,7.099774118,92.04229271,77.85197551,80.94045632,1.48,403.5,69.16,62.7,52.5,745.3,1.5,0.653,0.99,5,1.22,31.2,11.37,2.86,22.94,36.87,40.19,551.8,1138,256,0.337,21.3,-0.586,0.81,8.56,15,16.11163,44.06130268,93.13970956,75.21281923,82.29844767,4.013803818,9.585947955,20.74907063,12.52795539,0.001441638,0.006985285,-0.000448274,
11113500,0.060580999,11.49811692,93.4,1.5,2,31.875,365,1.04525464,0.143652121,1,1,85.14101,0.938475197,1,31.875,89.8,11.49566759,92.04081633,87.75510204,83.94557823,2.67,103.3,67.78,49.9,39.1,708.5,2.6,0.693,1.18,4,1.59,40.1,9.58,1.4,23.56,44.22,32.23,996,2039,186,0.437,34.4,-0.944,-0.329,8.69,8.85,15.259699,36.36363636,92.1314741,87.4501992,84.32934927,30.60330822,37.52207164,84.35972894,53.69332043,0.13520071,-0.143701071,-0.106993406,0.625855641
8377900,0.080061225,13.59798164,52.9,188.1,1,14.96666667,114,0.883313014,0.304595796,1,1,65.272425,1.140346217,1,14.96305556,36.9,8.594700561,91.99587771,90.67330814,71.07523188,2.05,139,89.76,48.6,96.1,380.6,31.6,0.11,0.5,3,1.21,65.4,9.68,2.96,22.74,43.83,33.43,3141.5,3642,2423,0.593,24.8,0.023,-1,13.35,11.76,13.047006,97.44094488,95.81656606,95.57344064,71.69684775,25.24947925,36.74589928,66.46402878,35.36093525,-0.03378568,-0.041146736,-0.00861868,0.946858376
11152000,0.05662458,11.79968147,111.2,86,2,65,144,1.068912035,0.250809043,1,1,10.954941,1.60170771,1,65,105.6,11.09948182,91.97722567,87.57763975,94.56521739,2.07,625.1,80.89,63.9,60.5,663.8,2.9,0.654,1.03,5,2.35,38.3,10.02,3.14,20.17,34.81,45.02,759.1,1785,113,0.387,34.7,-0.132,0.991,8.57,12.76,17.294107,75.82089552,91.80138568,87.20554273,95.15011547,2.102052119,3.129195329,14.97461206,10.20955047,0.008995308,0.013725339,0.004678276,1.119487192
11059300,0.030531878,20.39844706,166.4,3.4,2,47.95833333,885,1.156014935,0.420771413,1,1,10.204954,0.671506587,1,47.95833333,86.3,11.29959355,91.97174053,88.37508028,88.76043674,1.38,946,67.84,42.5,47.8,641.9,27.6,0.57,1.05,5,1.86,28.1,10.09,7.16,11.69,29.16,59.16,1661,3477,292,0.43,26,0.124,-0.992,5.83,12.26,19.036583,39.89726027,95.62805149,93.34221039,92.14380826,5.853874082,5.295634249,5.803953488,2.260084567,-0.04443445,-0.057957017,-0.017113832,0.984463275
11143000,1.108253648,10.09967429,104.7,144.3,2,59,1004,0.995778458,0.041073073,1,1,99.985297,0.997222043,1,59,104.7,10.09967429,91.95590994,84.47467167,96.10694184,2.74,120.6,116.26,67.4,72.8,639.5,3.4,0.654,0.98,4,1.47,40.3,10.29,4.14,14.13,31.45,54.42,779,1505,80,0.492,43.6,-0.447,-0.894,9.44,19.35,18.127121,88.79781421,91.95213515,84.51431253,96.10511497,33.21126627,44.52462687,86.30373134,57.91119403,-0.041323742,-0.061614597,-0.016607488,0.638570704
11200800,0.042204855,5.599841319,78.8,1,2,40.88916667,456,1.125857825,0.326294797,1,1,37.21031,1.51904651,1,40.88916667,78.8,5.599841319,91.94811552,73.17670093,89.32941752,2.53,214.7,72.15,53.2,42.8,740.6,18.4,0.594,0.64,3,1.41,65.7,9.77,2.77,17.27,29.31,53.42,1214.9,2492,303,0.417,30.8,-0.155,-0.988,5.44,9.36,15.133741,29.62138085,91.81731684,73.16841104,89.62892483,23.12020326,27.05533302,40.09669306,23.41741966,-0.253323206,-0.479090627,-0.159625748,0.40057673
11077500,0.030574639,7.299706122,92.7,0,2,58.66666667,473,0.986927437,0.129997457,1,1,24.501378,1.161798467,1,58.66666667,72.1,5.099657143,91.94583036,71.84604419,97.43406985,1.28,240.8,51.01,60.8,37.1,825.6,0,0.654,1.13,5,1.61,20.2,10.37,1.7,25.4,46.19,28.41,553.2,1719,35,0.308,25.4,-0.221,-0.975,12.34,11.9,17.754193,14.18918919,94.5083014,81.2899106,97.70114943,9.989975637,12.6130814,,,-0.041399881,-0.062625955,-0.015173694,0.666868373
11152050,0.024371184,11.79968147,111.6,86,2,65,144,1.092751666,0.299002685,1,1,8.868908,1.491041107,1,65,105.6,11.09948182,91.93548387,87.51300728,94.40686785,1.67,771.5,74.52,63.7,58.2,676.7,2.4,0.652,1.04,6,2.02,38.4,10.1,2.9,21.11,35.63,43.26,674.8,1785,52,0.359,31.4,0.227,0.974,8.75,11.74,17.029979,75.24271845,91.76983035,87.11600183,95.07106832,1.729693567,2.523499676,12.12311082,8.239170447,0.008995308,0.013725339,0.004678276,1.119487192
11124500,0.02883436,9.599774436,150.1,40.5,2,56,857,1.047928234,0.146781752,1,1,10.349061,0.625957006,1,56,94,5.996984776,91.91884457,73.86519945,95.04814305,2.37,191.5,83.1,54.6,38.1,636.9,4.5,0.711,1.17,4,1.85,23.3,9.72,1.35,23.93,41.12,34.95,1023.6,1999,256,0.444,33.5,-0.78,-0.626,7.6,19.21,17.185694,58.43137255,94.57013575,81.67420814,95.87104072,6.08393386,7.478694517,,,-0.008175472,-0.044646861,-0.00994041,
11427000,0.019976649,11.59808,182.8,0,1,40.92333333,479,1.09085861,0.218724199,1,1,9.114115,1.133080084,1,40.92333333,116.3,7.899548646,91.91385616,85.04672897,72.0438846,1.17,883.1,154.41,59.4,81.2,640.1,26.8,0.547,0.92,5,1.44,57.3,9.87,2.33,19.79,39.73,40.48,1327.8,2719,215,0.444,29.8,-0.138,-0.99,12.83,8.51,14.902718,7.403189066,95.45165394,90.58524173,77.76717557,1.844393169,3.631898992,,,-0.097446089,-0.14207232,-0.016429325,0.528934192
11453500,0.156350539,11.99795745,108.8,0,2,54,936,1.031251313,0.124904375,1,1,68.402353,0.917637249,1,54,102.2,11.99788235,91.88514357,91.51061174,92.80066583,1.47,293.4,112.6,63,63.1,752.4,2,0.624,0.62,3,1.5,36.4,10.72,0.99,28.71,44.41,26.88,554.7,1432,273,0.243,19.3,-0.169,0.986,12.19,6.28,17.47691,5.109489051,92.28915663,90.52208835,93.05220884,38.71637619,46.98312883,,,0.098622258,-0.053867392,-0.128054236,0.478776431
11461500,0.796002772,12.7997266,90.7,93,2,17.83333333,200,0.999090418,0.035442872,1,1,23.026463,1.979605621,1,17.83333333,66.9,12.49283177,91.86541738,97.48722317,47.9770017,2.19,238.7,114.45,62.5,77.8,761.6,2,0.595,1.06,4,1.35,37.3,11.11,0.92,28.71,43.04,28.25,497.3,1167,258,0.27,20.9,-0.276,-0.961,8.11,20.37,16.250428,82.35294118,93.87023765,95.66201433,52.18785364,5.04689448,7.209426058,23.12739841,8.386175115,0.247462344,0.074943405,0.002092771,0.783055803
11149900,0.080410811,18.49323391,116,90.3,2,31,628,1.086888727,0.228212673,1,1,21.73561,1.616261858,1,31,94.1,15.99395804,91.85185185,93.22751323,77.03703704,1.56,556.4,63.26,62,54,737.5,1.5,0.659,1.13,4,1.35,33.5,10.91,2.31,24.37,37.78,37.85,533.4,1785,248,0.186,19.5,-0.995,-0.102,9.33,13.34,16.227347,77.68924303,93.17844785,94.51309936,78.44784973,8.848335816,13.12359813,28.84609993,15.65149173,-0.084847199,-0.178495399,-0.026298828,0.494408205
11059300,0.266106267,9.096170566,134.4,3.1,2,72,481,1.049893731,0.245414562,1,1,10.204954,0.671506587,1,72,86,6.499687022,91.84328838,77.84200385,96.49967887,1.38,946,67.84,42.5,47.8,641.9,27.6,0.57,1.05,5,1.86,28.1,10.09,7.16,11.69,29.16,59.16,1661,3477,292,0.43,26,0.124,-0.992,4.77,15.02,19.036583,39.38356164,94.11895251,80.73679538,97.58100311,5.853874082,5.295634249,5.803953488,2.260084567,-0.084515517,-0.142665696,-0.020310006,0.682674413
11143000,0.140410102,6.099480464,104.2,17.5,2,78,537,1.03285057,0.12066515,1,1,99.985297,0.997222043,1,78,104.2,6.099480464,91.83864916,72.13883677,98.21763602,2.74,120.6,116.26,67.4,72.8,639.5,3.4,0.654,0.98,4,1.47,40.3,10.29,4.14,14.13,31.45,54.42,779,1505,80,0.492,43.6,-0.447,-0.894,8.75,17.47,18.127121,43.30601093,91.83481933,72.12576255,98.21679962,33.21126627,44.52462687,86.30373134,57.91119403,-0.101820656,-0.155859565,-0.024091851,0.453496031
9510200,0.077233743,22.897825,70.5,0.1,1,18.875,444,1.096219472,0.273629631,1,1,51.64207,0.937840864,1,18.875,57.4,22.99357065,91.82941411,98.96373057,62.73415703,1.74,425.3,61.33,36.1,50,956.2,2.1,0.215,1.04,5,1.39,30.1,10.19,4.14,15.96,29.86,54.17,1161.3,2161,545,0.383,21.4,-0.57,-0.822,26.64,6.95,17.785195,16.97416974,92.98056156,98.63210943,65.37077034,13.07368334,14.52337174,51.02477531,24.56769952,-0.052821781,-0.210129636,-0.058818677,0.567500373
11138500,0.20434418,21.88495714,115.1,0,2,20.8,184,1.05487574,0.229456987,1,1,43.010103,1.393757,1,20.8,112.6,21.88495714,91.81353042,94.08754974,51.16543491,2,728.9,69.82,57.6,39.6,665.2,7.1,0.686,1.16,5,1.44,28.2,9.8,1.39,21.86,41.68,36.45,994.2,2081,193,0.424,34.2,0.199,-0.98,8.07,14.16,16.60856,8.529411765,91.97396963,94.14316703,52.11496746,32.67864011,35.43658938,,,-0.079948795,-0.1583225,-0.003626793,0.635399474
11046100,0.026061498,4.999209091,46,31.8,2,35,75,1.023248631,0.110170893,1,1,36.53273,0.507830697,1,35,40.5,4.795980077,91.77505738,81.10175976,90.43611324,2.11,67.8,40.34,64.9,35,816,0,0.655,0.95,3,1.15,23,11.12,2.52,22.77,32.67,44.56,187.1,676,13,0.264,14.1,-0.987,-0.159,12.99,9.03,16.06083,70.90163934,91.4756447,80.22922636,91.04584527,9.384390759,11.96150442,30.20707965,9.995575221,-0.015936008,-0.033325524,0.000347101,0.802610731
11014000,0.028971004,12.19986,47,33,2,9.833333333,623,1.001094741,0.063340419,1,1,5.043274,0.752773408,1,9.833333333,37.8,11.49813978,91.77505738,97.78117827,27.77352716,2.91,181.8,44.33,55.8,42.1,846.3,0,0.609,1.26,5,1.39,33.8,10.3,3.01,18.77,38.69,42.55,490.9,1128,158,0.343,19.4,-0.048,-0.999,11.77,8.75,16.12831,74.70588235,90.95238095,96.19047619,35.53571429,1.534653813,2.248514851,,,0.108115657,-0.065945541,-0.170737304,1.025194801
11274500,0.002198258,6.79995505,51.7,16.8,2,31.5,944,1.076316952,0.263405683,1,1,27.069601,1.263529895,1,31.5,47.9,6.79995505,91.76285414,90.03147954,83.3683106,1.48,347.8,45.32,61.6,45.7,861,1.4,0.624,1.05,4,1.63,30.1,10.73,1.77,24.88,42.82,32.31,475.6,1155,62,0.378,24.4,-0.349,0.937,13.09,2.63,18.273952,44.34782609,92.05115346,89.11735206,84.05215647,7.729944851,9.815899942,,,-0.038463304,-0.06331748,-0.014461163,0.693667672
11453500,0.415969645,7.695972222,101.7,219.6,2,42.66666667,182,0.985716847,0.080598303,1,1,68.402353,0.917637249,1,42.66666667,100.4,7.695972222,91.76029963,80.81564711,87.14107366,1.47,293.4,112.6,63,63.1,752.4,2,0.624,0.62,3,1.5,36.4,10.72,0.99,28.71,44.41,26.88,554.7,1432,273,0.243,19.3,-0.169,0.986,9.9,16.96,17.47691,95.25547445,91.36546185,79.19678715,87.59036145,38.71637619,46.98312883,,,-0.005397959,-0.024779725,-0.001144985,0.927361723
11113500,0.156523758,16.9,93.6,73.2,2,34.88916667,455,1.044620379,0.125184307,1,1,85.14101,0.938475197,1,34.88916667,89.1,16.9,91.73469388,94.3537415,86.2585034,2.67,103.3,67.78,49.9,39.1,708.5,2.6,0.693,1.18,4,1.59,40.1,9.58,1.4,23.56,44.22,32.23,996,2039,186,0.437,34.4,-0.944,-0.329,9.53,12.82,15.259699,79.72027972,92.2310757,93.89110226,86.58698539,30.60330822,37.52207164,84.35972894,53.69332043,0.13520071,-0.143701071,-0.106993406,0.625855641
11073300,0.27978102,15.59743304,141.8,36.3,2,53,119,1.112234793,0.321756618,1,1,30.521869,0.844669747,1,53,87.2,15.59889677,91.71779141,92.02453988,94.54669393,0.81,83.6,90.33,49.8,53.3,682.5,5.3,0.643,1.21,3,1.12,50,9.57,6.38,11.96,34.18,53.86,1477.5,3059,222,0.443,40.8,-0.829,-0.56,6.54,20.46,20.142177,76.49769585,93.94780677,88.83953359,95.55802332,17.99244488,18.93767943,,,-0.009237746,-0.015867851,-0.002105119,1.312947468
11059300,0.133502132,17.499028,184.3,7.7,1,39,892,1.100203741,0.351944182,1,1,10.204954,0.671506587,1,39,84.6,6.99997033,91.71483622,79.89723828,79.96146435,1.38,946,67.84,42.5,47.8,641.9,27.6,0.57,1.05,5,1.86,28.1,10.09,7.16,11.69,29.16,59.16,1661,3477,292,0.43,26,0.124,-0.992,8.57,3.8,19.036583,47.26027397,96.40479361,91.38925877,85.24189969,5.853874082,5.295634249,5.803953488,2.260084567,-0.04443445,-0.057957017,-0.017113832,0.984463275
11073360,0.331754126,15.59743304,144.4,36.9,2,53,119,1.225767178,0.443792339,1,1,20.134001,,1,53,87.2,15.59889677,91.68946648,91.99726402,94.25444596,0.95,132.3,74.76,53,45.8,744.3,3.4,0.65,0.9,3,1.12,44.1,10.29,6.95,11.8,32.18,56.02,1050.4,3059,211,0.295,27.1,-0.86,-0.509,8.84,17.06,14.250404,64.67065868,94.00110072,88.8827738,95.37699505,16.06905269,12.00204082,,,-0.009054278,-0.015605414,-0.001810468,1.311099355
11124500,0.022771751,18.89590105,137.9,78.5,2,34.8,135,1.04273585,0.140507298,1,1,10.349061,0.625957006,1,34.8,93.5,13.58974044,91.6781293,89.88995873,83.83768913,2.37,191.5,83.1,54.6,38.1,636.9,4.5,0.711,1.17,4,1.85,23.3,9.72,1.35,23.93,41.12,34.95,1023.6,1999,256,0.444,33.5,-0.78,-0.626,7.9,21.39,17.185694,75.68627451,93.60859729,92.25113122,86.53846154,6.08393386,7.478694517,,,0.03041636,0.030588094,0.002068006,
11027000,0.055952479,14.39146606,55.3,2.6,2,17.66666667,820,1.044523809,0.112448385,1,1,50.900245,0.591991427,1,17.66666667,50.4,12.69984069,91.6500994,96.62027833,59.8740888,1.62,58.2,51.93,53.2,38.8,797.9,0.2,0.625,1,3,1.16,28.6,11.16,2.59,16.4,30.84,52.76,653.6,1276,217,0.433,13,-0.467,-0.884,9.92,11.16,15.624757,40.84507042,92.03821656,97.2611465,60.79617834,10.30581508,11.12010309,,,0.010100541,-0.003177161,-0.009773989,0.978380779
7103700,0.07073846,15.58060933,25.7,133.3,1,4.928611111,414,1.122962912,0.50833945,1,1,10.334753,0.918584336,1,4.928611111,21.7,15.42555556,91.63419665,98.46435939,11.34540454,2.23,264.2,59.97,52.8,94.9,393.5,27.6,0.361,0.86,4,1.42,49.5,10.03,9,11.62,33.61,54.77,2775.2,4300,1873,0.373,26.9,0.329,0.944,14.17,10.32,15.226314,94.53993933,88.05757953,96.90776613,19.45974765,5.396997417,6.578652536,9.350870553,5.675132475,,,,0.397808237
9510200,0.003069375,22.3868,60.8,13.8,1,16,1091,0.920520337,0.306496414,1,1,38.424484,0.967102488,1,16,54.7,21.69991216,91.62457912,98.86363636,55.4503367,1.74,425.3,61.33,36.1,50,956.2,2.1,0.215,1.04,5,1.39,30.1,10.19,4.14,15.96,29.86,54.17,1161.3,2161,545,0.383,21.4,-0.57,-0.822,27.56,4.68,17.785195,47.60147601,91.50467963,98.45212383,59.91720662,16.38612732,18.54300494,51.02477531,24.56769952,-0.018953429,-0.046296014,-0.012013773,0.868715379
10329500,0.004934416,8.497111111,39.8,18.2,1,22.93333333,596,1.035375236,0.131247992,1,1,7.158851,0.686330042,1,22.93333333,23.9,5.399138182,91.59820762,95.96713966,66.57953697,2.05,454.5,54.55,56.3,75.7,540.9,41.9,0.294,1.06,5,1.48,64.7,10.64,1.48,26.66,42,31.34,1893.5,2914,1447,0.317,16.6,-0.616,0.788,9.11,5.44,21.369587,54.79651163,92.81045752,96.07843137,70.85561497,3.378392083,2.556039604,2.245632563,1.528184818,-0.01878581,-0.053986826,-0.003253468,0.77684056
8377900,0.031983746,23.39357313,37.4,153.3,1,11.66666667,97,0.903140095,0.47157941,1,1,65.272425,1.140346217,1,11.66666667,36.1,23.46917029,91.59223634,99.07248368,61.4307798,2.05,139,89.76,48.6,96.1,380.6,31.6,0.11,0.5,3,1.21,65.4,9.68,2.96,22.74,43.83,33.43,3141.5,3642,2423,0.593,24.8,0.023,-1,13.35,11.76,13.047006,92.51968504,91.66666667,99.04426559,62.24849095,25.24947925,36.74589928,66.46402878,35.36093525,-0.03378568,-0.041146736,-0.00861868,0.946858376
11453500,0.221979161,15.69372105,104,0,2,41.9525,572,1.013103376,0.049074777,1,1,68.402353,0.917637249,1,41.9525,99,15.59372105,91.57303371,95.38077403,86.64169788,1.47,293.4,112.6,63,63.1,752.4,2,0.624,0.62,3,1.5,36.4,10.72,0.99,28.71,44.41,26.88,554.7,1432,273,0.243,19.3,-0.169,0.986,12.19,6.28,17.47691,5.109489051,91.72690763,94.89959839,87.10843373,38.71637619,46.98312883,,,-0.106642653,-0.150364536,-0.029878285,0.389033416
11118500,0.185397338,21.59434615,130,100.6,2,30.66666667,455,1.073347365,0.181896986,1,1,82.190611,1.092289043,1,30.66666667,129.6,21.69240755,91.56850589,92.68443893,78.95226286,2.11,485.7,69.88,51.4,33.4,711.7,1.4,0.702,1.2,6,1.39,38.3,10.32,1.3,23.76,41.87,34.37,702.1,1835,78,0.36,29.1,-0.979,-0.203,10.63,13.74,16.615606,78.68020305,91.56327543,92.617866,78.93920596,33.83108468,42.24663372,80.03368334,50.47848466,0.124952005,-0.160521487,-0.114735616,0.588751203
9484000,0.084377024,1.6,52.2,77.2,2,47.9375,263,1.301699849,0.941503791,0.822695035,1,85.517068,1.046778775,0.900826446,47.9375,52.2,1.6,91.54732254,41.68742217,97.04234122,2.39,103.7,75.97,43.3,71.1,767.1,3.1,0.167,0.8,3,1.52,9.5,9.14,1.65,18.36,43.38,38.26,1878.8,2788,872,0.534,35.6,-0.977,-0.213,7.6,7.3,17.656755,83.09278351,91.43123254,41.50884818,97.0506054,21.59321881,31.624108,59.10578592,25.9246866,-0.074892772,-0.116415733,-0.009778556,0.427145513
11025500,0.009219886,14.19797371,88,23.7,2,49.90916667,625,1.065316835,0.157185901,1,1,7.499671,0.63456728,1,49.90916667,57.7,10.59799692,91.54460719,93.27563249,93.54194407,1.59,288.7,61.83,49,43.1,760.7,1.6,0.57,0.88,4,1.39,32.2,10.45,3.04,16.47,31.29,52.24,891.8,1731,269,0.428,20.2,-0.631,-0.776,10.28,13.15,16.426629,65.29680365,94.74497682,94.69345698,94.95105616,5.200985221,3.255836508,,,0.008491982,-0.028601102,-0.009951843,
12178100,0.369296834,9.794089263,87.5,85.9,1,28.5,435,1.004916127,0.016935107,1,1,5.210638,0.317886659,1,28.5,75,7.497492183,91.5407855,93.81826633,60.82965373,2.89,69.7,280.14,69.5,183.8,547.9,59.6,0.415,0.56,3,1.26,63.9,9.23,2.35,9.84,47.21,42.95,1300.6,2460,372,0.457,58.3,0.676,-0.737,5.37,25.6,13.27064,80.66860465,90.96787651,94.26366291,64.82060909,0.330902641,4.119081779,,,-0.151412781,-0.229787982,-0.030666042,0.354044662
11451715,0.092866376,17.08755545,92.2,120.7,2,47.5,923,1.048194131,0.146924241,1,1,11.655139,0.944331954,1,47.5,67.5,7.79906766,91.5209327,89.93110758,88.39427663,0.9,247.9,70.02,59.6,55.5,854.4,1,0.615,0.96,4,1.19,43.2,10.66,0.49,37.34,42.78,19.88,560.5,1162,264,0.34,18.2,-0.265,0.964,7.28,15.2,18.827651,89.23611111,94.04017857,98.125,90.22321429,2.304121352,5.157482856,23.98777733,10.34183138,-0.020201164,-0.037042487,-0.012948582,0.829864732
11152000,0.057077577,26.18947302,113.1,8.4,2,52.75,807,1.100321644,0.304131296,1,1,7.156277,1.825105706,1,52.75,100.6,26.18947302,91.51094501,98.07794981,91.29738388,2.07,625.1,80.89,63.9,60.5,663.8,2.9,0.654,1.03,5,2.35,38.3,10.02,3.14,20.17,34.81,45.02,759.1,1785,113,0.387,34.7,-0.132,0.991,11.39,9.04,17.294107,33.13432836,92.05542725,97.13625866,92.47113164,3.419893111,4.751959686,14.97461206,10.20955047,-0.083696349,-0.130360625,-0.01582025,
11118500,0.00164992,13.19498496,128.3,3.8,2,45.99194444,365,1.071902901,0.225687227,1,1,82.190611,1.092289043,1,45.99194444,129.3,13.19498496,91.50650961,85.36887787,87.60074396,2.11,485.7,69.88,51.4,33.4,711.7,1.4,0.702,1.2,6,1.39,38.3,10.32,1.3,23.76,41.87,34.37,702.1,1835,78,0.36,29.1,-0.979,-0.203,9.73,9.35,16.615606,36.80203046,91.43920596,85.35980149,87.53101737,33.83108468,42.24663372,80.03368334,50.47848466,0.124952005,-0.160521487,-0.114735616,0.588751203
8377900,0.02607592,7.792928841,41.3,10.3,1,17.95,156,1.000598599,0.136772966,1,1,65.272425,1.140346217,1,17.94472222,35.8,7.395347454,91.5063552,88.13122638,76.41703882,2.05,139,89.76,48.6,96.1,380.6,31.6,0.11,0.5,3,1.21,65.4,9.68,2.96,22.74,43.83,33.43,3141.5,3642,2423,0.593,24.8,0.023,-1,9.39,6.14,13.047006,16.83070866,93.01643192,88.2629108,76.91146881,25.24947925,36.74589928,66.46402878,35.36093525,-0.03378568,-0.041146736,-0.00861868,0.946858376
11027000,0.009244323,5.799632258,54.9,5.5,2,30,884,1.000643293,0.048037795,1,1,70.526293,1.115871643,1,30,52.8,5.799632258,91.50579151,81.46718147,84.36293436,1.62,58.2,51.93,53.2,38.8,797.9,0.2,0.625,1,3,1.16,28.6,11.16,2.59,16.4,30.84,52.76,653.6,1276,217,0.433,13,-0.467,-0.884,11.4,11.03,15.624757,52.11267606,91.84713376,81.40127389,84.52229299,49.6480909,49.63608247,,,-0.025618471,-0.03325335,-0.013415509,1.239786878
11123500,0.031980143,8.498532967,120.4,0,2,71,946,1.054422588,0.16471893,1,1,47.106742,1.207876628,1,71,118.5,8.498532967,91.50174622,78.75436554,96.7112922,1.89,718.1,79.99,52.6,34.3,660.8,3.8,0.712,1.27,5,1.39,25.8,9.92,1.14,22.63,41.55,35.82,934.1,2081,242,0.378,31.2,-0.578,-0.816,8.67,20.64,18.753658,6.532663317,91.1406423,78.8482835,96.87153931,43.16949878,44.25628743,16.02817156,5.57082579,-0.041739968,-0.117735286,-0.025034786,0.578338332
11047300,0.101203788,13.2980381,73.7,55.3,2,18.66666667,594,1.108833521,0.238270845,1,1,11.921157,1.8590446,1,18.66666667,66,13.29953651,91.49425287,92.64367816,57.85440613,1.1,139.9,46.85,61.6,36.6,812.1,0,0.652,1.08,3,1.27,23.9,11.46,2.26,24.89,42.68,32.43,423.2,1729,25,0.234,19.1,-0.597,-0.802,13.12,9.25,13.66011,86.9047619,92.32858113,92.87169043,60.96401901,4.902997679,7.699857041,11.53209435,10.94796283,0.064649032,-0.160446952,-0.110397484,0.541141138
11456000,0.748268298,17.99780087,109.7,63.1,2,15.98333333,464,0.983645108,0.056052595,1,1,8.882523,2.160787162,1,15.98333333,83.7,17.69349412,91.48741419,97.66590389,48.5583524,1.79,212.3,104.44,64,69.8,743.7,1.5,0.624,0.68,4,1.39,28.5,10.89,2.14,24.23,44.57,31.21,305.3,1261,75,0.209,20.9,-0.876,0.483,7.94,21.08,16.071526,67.23646724,94.27512356,97.81713344,52.01812191,1.060217481,3.36895902,,,0.151115828,-0.041238275,-0.085423292,0.601416408
11143000,0.114112558,10.79566947,113.2,96,2,48.91666667,772,1.026623607,0.095477079,1,1,13.697515,0.363115177,1,48.91666667,78.6,6.299922601,91.48541114,77.5596817,92.65251989,2.74,120.6,116.26,67.4,72.8,639.5,3.4,0.654,0.98,4,1.47,40.3,10.29,4.14,14.13,31.45,54.42,779,1505,80,0.492,43.6,-0.447,-0.894,11.4,13.95,18.127121,80.6010929,92.49178789,85.64054435,93.52416706,0.979707657,4.544776119,86.30373134,57.91119403,-0.02982169,-0.041495503,-0.00798715,
11152000,0.067496499,28.490952,108.6,0,2,28,241,1.048010384,0.20158616,1,1,10.954941,1.60170771,1,28,102.3,28.48956,91.45962733,98.4989648,71.58385093,2.07,625.1,80.89,63.9,60.5,663.8,2.9,0.654,1.03,5,2.35,38.3,10.02,3.14,20.17,34.81,45.02,759.1,1785,113,0.387,34.7,-0.132,0.991,9.53,13.87,17.294107,6.417910448,91.45496536,97.82909931,74.48036952,2.102052119,3.129195329,14.97461206,10.20955047,0.008995308,0.013725339,0.004678276,1.119487192
11169800,0.053150341,5.798671374,54.6,1.2,2,24.88916667,863,1.018538662,0.077121836,1,1,36.191218,1.399114615,1,24.88916667,51,5.598427668,91.44572286,83.34167084,75.16258129,1.22,282.9,60.85,63.3,56.7,817.9,1.8,0.626,0.99,4,1.41,31.7,10.98,2.22,23.01,45.71,31.28,604,1101,244,0.421,25.6,-0.968,-0.251,8.67,8.1,15.108,24.53416149,90.67007911,81.2005584,76.91949744,13.56218898,17.84697773,,,-0.027252546,-0.102754136,-0.097116277,0.690304803
11149900,0.024988423,8.891471687,102.7,8,2,60,515,1.096830614,0.246214638,1,1,8.664033,1.715767974,1,60,96.8,8.891471687,91.43927234,81.1128946,95.07758159,1.56,556.4,63.26,62,54,737.5,1.5,0.659,1.13,4,1.35,33.5,10.91,2.31,24.37,37.78,37.85,533.4,1785,248,0.186,19.5,-0.995,-0.102,9.33,13.34,16.227347,28.68525896,91.67078596,80.82056352,95.40286703,1.544994989,3.774209202,28.84609993,15.65149173,-0.095944476,-0.147464849,-0.019542126,
11113000,0.018340586,12.49652076,159.1,0,2,40.66666667,747,1.122193156,0.234879986,1,1,18.928716,1.316921813,1,40.66666667,126.7,9.699148649,91.43377886,80.55893074,83.23207776,1.41,650,68.34,45.4,34.7,663.4,7.7,0.69,1.22,4,1.67,44.6,9.91,2,22.07,41.65,36.28,1251.5,2274,184,0.512,32.7,-1,0.016,6.83,9.22,16.054577,13.63636364,93.10154525,84.54746137,84.60264901,6.141831074,9.616984615,14.98787692,8.055507692,0.266680581,0.059727096,-0.059527782,0.966690077
11169800,0.023422184,7.099909647,70.6,14.5,2,30,944,0.933693575,0.173691129,1,1,19.710195,1.254471196,1,30,48.3,6.099042535,91.43081761,87.36897275,80.39832285,1.22,282.9,60.85,63.3,56.7,817.9,1.8,0.626,0.99,4,1.41,31.7,10.98,2.22,23.01,45.71,31.28,604,1101,244,0.421,25.6,-0.968,-0.251,12,3.95,15.108,42.23602484,94.13680782,87.29641694,82.59655654,8.512952968,12.39353128,,,-0.05197041,-0.089555726,-0.018581726,0.693486301
11152050,0.053954278,28.490952,113,0,2,30,241,1.070833251,0.242474158,1,1,8.868908,1.491041107,1,30,102.3,28.48956,91.41519251,98.49115505,73.2049948,1.67,771.5,74.52,63.7,58.2,676.7,2.4,0.652,1.04,6,2.02,38.4,10.1,2.9,21.11,35.63,43.26,674.8,1785,52,0.359,31.4,0.227,0.974,9.8,12.93,17.029979,7.281553398,91.95323246,97.79917469,76.24942687,1.729693567,2.523499676,12.12311082,8.239170447,0.008995308,0.013725339,0.004678276,1.119487192
14090350,0.083261662,5.799632258,90.4,123.8,1,66,107,1.057561229,0.241119347,1,1,7.771881,0.395126958,1,66,47.8,3.399611472,91.41173169,82.71119843,89.0261016,1.95,72.1,182.78,64.8,142.3,455.8,53.1,0.404,0.78,3,1.26,78.8,10.37,6.68,15.1,29.79,55.1,1566.6,3093,854,0.321,26.1,-0.809,0.588,6.18,15.45,16.829358,91.84782609,92.39585629,83.31496584,91.38197047,2.87103158,3.739805825,44.26407767,17.35811373,-0.080987589,-0.115335652,-0.006408878,
11077500,0.01505213,22.87514054,80.5,98.4,2,24.5,423,1.043248238,0.193078107,1,1,24.501378,1.161798467,1,24.5,68.6,22.88952727,91.41126158,97.22024234,78.04704205,1.28,240.8,51.01,60.8,37.1,825.6,0,0.654,1.13,5,1.61,20.2,10.37,1.7,25.4,46.19,28.41,553.2,1719,35,0.308,25.4,-0.221,-0.975,12.94,6.47,17.754193,90.09009009,93.0715198,97.19029374,80.26819923,9.989975637,12.6130814,,,-0.041399881,-0.062625955,-0.015173694,0.666868373
10258500,0.00211057,4.999187097,71.6,0,1,73.9525,308,1.041057521,0.894960515,1,1,34.911598,1.024974947,1,73.9525,53.5,4.399811035,91.40401146,74.84240688,99.08309456,2,241.5,37.78,41.9,27.9,813.4,5.1,0.464,0.98,4,2.22,43.9,9.87,5.3,11.18,26.56,62.26,1195.3,2452,208,0.44,22.7,0.863,0.506,16.79,0.76,22.326342,10.8490566,93.17718941,75.76374745,99.18533605,14.07063824,14.53863354,,,-0.067585553,-0.149738128,-0.003304783,
11143000,0.197231581,26.69798286,99.9,0,2,26,241,1.018833453,0.110270616,1,1,86.219962,1.022908078,1,26,99.5,26.69798286,91.39886578,97.68431002,76.25236295,2.74,120.6,116.26,67.4,72.8,639.5,3.4,0.654,0.98,4,1.47,40.3,10.29,4.14,14.13,31.45,54.42,779,1505,80,0.492,43.6,-0.447,-0.894,9.44,19.35,18.127121,8.879781421,91.13092445,97.32519944,76.41952135,14.47744466,22.15223881,86.30373134,57.91119403,-0.031238989,-0.040315131,0.002169895,1.009060924
11113000,0.047049485,14.19825401,144.2,3.6,2,46.85722222,365,1.004781223,0.141875758,1,1,18.928716,1.316921813,1,46.85722222,126.6,11.79833528,91.37302552,83.17132442,86.5127582,1.41,650,68.34,45.4,34.7,663.4,7.7,0.69,1.22,4,1.67,44.6,9.91,2,22.07,41.65,36.28,1251.5,2274,184,0.512,32.7,-1,0.016,6.83,9.22,16.054577,40,92.27373068,86.58940397,87.58278146,6.141831074,9.616984615,14.98787692,8.055507692,0.164198315,-0.115015669,-0.082551455,0.693251489
8378500,0.031307585,26.78122078,57.7,287.1,1,9.866666667,124,0.976616953,0.188076936,1,1,24.394413,1.433035617,1,9.857222222,37.5,15.99726788,91.36773281,97.03127761,45.80314543,2.61,445,86.08,49.1,89.7,374.7,32.7,0.115,0.56,4,1.18,68.2,9.97,2.19,24.5,39.65,35.85,3073,3973,2288,0.466,26.5,-0.839,-0.545,12.72,12.04,14.557434,97.86535304,94.04949559,98.97540984,49.88965952,8.108731976,14.05597753,25.41377528,13.96395506,-0.035957506,-0.042651227,-0.010011272,0.93442821
8378500,0.023353422,24.89005714,84.5,13.1,1,17.96666667,156,1.015648633,0.381854004,1,1,24.394413,1.433035617,1,17.96666667,37.5,7.395347454,91.36773281,87.48895565,71.80597279,2.61,445,86.08,49.1,89.7,374.7,32.7,0.115,0.56,4,1.18,68.2,9.97,2.19,24.5,39.65,35.85,3073,3973,2288,0.466,26.5,-0.839,-0.545,9.54,6.26,14.557434,18.88341544,97.63556116,98.53404792,73.60498108,8.108731976,14.05597753,25.41377528,13.96395506,-0.035957506,-0.042651227,-0.010011272,0.93442821
11065000,0.039831447,11.99604,135.8,4.9,2,36,479,1.010969402,0.414735432,1,1,24.135281,0.744402096,1,36,114,9.996535,91.35951662,81.45015106,83.02114804,1.55,364.7,81.4,47.7,43.6,701.5,4.2,0.649,1.11,5,1.12,49.6,10,6.62,10.83,28.51,60.66,1250.1,3059,313,0.343,27.3,-0.675,0.738,7.67,19.01,19.024359,42.18181818,93.02325581,84.67230444,85.14799154,10.41161438,14.07153825,33.44313134,17.52322457,-0.103024742,-0.16457491,-0.019126961,0.529473004
11149900,0.121125146,6.298541014,97.3,26.7,2,50.75,837,1.188083093,0.421683291,1,1,8.664033,1.715767974,1,50.75,96.4,6.298541014,91.33226324,72.71268058,92.48261102,1.56,556.4,63.26,62,54,737.5,1.5,0.659,1.13,4,1.35,33.5,10.91,2.31,24.37,37.78,37.85,533.4,1785,248,0.186,19.5,-0.995,-0.102,8.45,9.76,16.227347,48.20717131,91.15175482,72.91151755,93.00543747,1.544994989,3.774209202,28.84609993,15.65149173,,,,
11152000,0.088334345,6.797003962,114.7,20.2,2,92,537,1.069288764,0.232826774,1,1,38.563747,1.45200031,1,92,105.3,6.399503416,91.30864198,73.38271605,98.44444444,2.07,625.1,80.89,63.9,60.5,663.8,2.9,0.654,1.03,5,2.35,38.3,10.02,3.14,20.17,34.81,45.02,759.1,1785,113,0.387,34.7,-0.132,0.991,8.57,12.76,17.294107,45.07462687,92.10161663,74.3187067,98.54503464,14.91749383,22.51871701,14.97461206,10.20955047,-0.106418682,-0.184356043,-0.025092694,0.456406466
11025500,0.018537856,8.099116364,77,97.7,2,41.5,476,1.068243095,0.168695606,1,1,57.038453,0.63853309,1,41.5,58.8,7.29953,91.29310345,85.45977011,89.56896552,1.59,288.7,61.83,49,43.1,760.7,1.6,0.57,0.88,4,1.39,32.2,10.45,3.04,16.47,31.29,52.24,891.8,1731,269,0.428,20.2,-0.631,-0.776,9.46,12.2,16.426629,93.15068493,93.4054611,85.21380732,90.64914992,35.29497486,34.52483547,,,-0.015297496,-0.059713898,-0.012677003,0.765479793
11143000,0.255931457,7.397170453,111.9,17.7,2,50.875,841,1.035837386,0.118746106,1,1,29.9711,1.327452654,1,50.875,94.1,7.299734138,91.28953771,78.10218978,94.20924574,2.74,120.6,116.26,67.4,72.8,639.5,3.4,0.654,0.98,4,1.47,40.3,10.29,4.14,14.13,31.45,54.42,779,1505,80,0.492,43.6,-0.447,-0.894,8.75,17.47,18.127121,43.71584699,92.30408259,77.1468794,94.41576725,15.90995837,20.11791045,86.30373134,57.91119403,-0.074426019,-0.115714332,-0.013921207,
11169800,0.069165509,6.499974286,59.4,66.5,2,21,144,1.042922943,0.166910385,1,1,19.710195,1.254471196,1,21,47.7,6.499974286,91.24737945,89.2033543,63.05031447,1.22,282.9,60.85,63.3,56.7,817.9,1.8,0.626,0.99,4,1.41,31.7,10.98,2.22,23.01,45.71,31.28,604,1101,244,0.421,25.6,-0.968,-0.251,8.01,11.87,15.108,81.36645963,91.9730107,84.87668683,66.24011168,8.512952968,12.39353128,,,-0.020831647,-0.039457795,-0.000658374,0.883383447
9342500,0.057654276,9.796099232,117.8,49.6,1,119.6666667,403,0.945843671,0.276572301,1,1,10.452957,1.515753581,1,119.6666667,51.1,6.598677333,91.24071155,90.90294979,99.02049088,2,726.9,99.32,50.6,102.4,399.5,54.9,0.122,0.66,4,1.3,63.2,9.73,5.26,19.93,41.58,38.49,2968.1,4027,2154,0.436,31.2,-0.871,-0.491,13.75,7.06,11.980939,65.40880503,96.6391288,92.7149831,99.15508825,3.405147869,4.768551383,,,-0.039648096,-0.132480771,-0.006367292,0.631351818
11077500,0.034337672,7.299498182,52.3,0.1,2,29.66666667,50,0.938591906,0.244976214,1,1,11.867328,0.9068181,1,29.66666667,49.7,7.297766531,91.23539232,86.64440735,81.80300501,1.28,240.8,51.01,60.8,37.1,825.6,0,0.654,1.13,5,1.61,20.2,10.37,1.7,25.4,46.19,28.41,553.2,1719,35,0.308,25.4,-0.221,-0.975,12.93,9.51,17.754193,29.05405405,88.60153257,81.09833972,85.69604087,4.617074093,6.360921927,,,0.033667922,0.042852639,0.004524728,1.367628761
10321590,0.001247699,3.899437681,26.7,29.8,1,36.5,988,0.882666738,0.414680423,1,1,10.934387,0.579158788,1,36.5,15.7,2.398747045,91.21779859,86.49492584,90.78844653,1.45,476.6,31.03,52.6,69.9,545.9,39,0.172,1.1,4,1.34,63.8,11.2,2.06,27.06,43.56,29.38,1821.7,2574,1498,0.301,12.2,-0.936,0.351,5.48,2.71,21.107389,81.18811881,93.89086595,92.2004745,92.97153025,4.108979966,3.921023919,,,0.02983174,0.041453002,0.00478053,
11149900,0.041579514,7.999895,108.2,18,2,86.5,550,1.077682281,0.220284221,1,1,21.73561,1.616261858,1,86.5,88.4,5.899312781,91.21693122,72.53968254,98.67724868,1.56,556.4,63.26,62,54,737.5,1.5,0.659,1.13,4,1.35,33.5,10.91,2.31,24.37,37.78,37.85,533.4,1785,248,0.186,19.5,-0.995,-0.102,8.45,9.76,16.227347,41.03585657,92.48640633,78.34898665,98.76421157,8.848335816,13.12359813,28.84609993,15.65149173,-0.084847199,-0.178495399,-0.026298828,0.494408205
11152050,0.042209129,6.797003962,115.5,20.7,2,92,537,1.098334033,0.300705337,1,1,31.232187,1.394009406,1,92,105.3,6.399503416,91.21588089,73.25062035,98.43672457,1.67,771.5,74.52,63.7,58.2,676.7,2.4,0.652,1.04,6,2.02,38.4,10.1,2.9,21.11,35.63,43.26,674.8,1785,52,0.359,31.4,0.227,0.974,8.75,11.74,17.029979,41.74757282,92.20541036,74.32370472,98.55570839,12.27500159,18.24777706,12.12311082,8.239170447,-0.106418682,-0.184356043,-0.025092694,0.456406466
11456000,0.020807461,13.99766465,112.6,0,1,35.96888889,583,1.003767217,0.057586797,1,1,8.882523,2.160787162,1,35.96888889,81.5,11.59982863,91.21281465,92.63157895,83.61556064,1.79,212.3,104.44,64,69.8,743.7,1.5,0.624,0.68,4,1.39,28.5,10.89,2.14,24.23,44.57,31.21,305.3,1261,75,0.209,20.9,-0.876,0.483,16.38,2.75,16.071526,7.264957265,94.56342669,95.09884679,85.2553542,1.060217481,3.36895902,,,0.151115828,-0.041238275,-0.085423292,0.601416408
9430600,0.010405131,11.09969673,47.9,146.5,1,22.5,760,1.000791139,0.073533684,1,1,31.471915,0.982202585,1,22.5,37.4,11.09324825,91.21253406,96.56675749,64.00544959,1.85,190.5,67.41,44.7,72,593.8,14,0.222,0.58,3,1.32,53.1,9.96,2.05,31.86,33.61,34.53,2371.3,3268,1694,0.444,40.6,-0.973,-0.231,19.49,9.71,15.895541,98.58823529,92.4155194,95.54443054,65.60700876,5.696973135,9.305669291,91.38944882,35.34944882,-0.06664314,-0.115874287,-0.01842746,
9484000,0.153735483,18.87733971,58.2,158.2,1,13.75,431,0.843484734,0.52598621,1,1,69.267296,1.388299086,1,13.75,50.6,16.39962691,91.1360799,95.78651685,58.30212235,2.39,103.7,75.97,43.3,71.1,767.1,3.1,0.167,0.8,3,1.52,9.5,9.14,1.65,18.36,43.38,38.26,1878.8,2788,872,0.534,35.6,-0.977,-0.213,21.03,13.39,17.656755,96.70103093,93.06116113,96.74014281,58.49115182,12.27435075,20.33982642,59.10578592,25.9246866,-0.029754246,-0.128262786,-0.044356359,0.620399768
9513780,0.038925657,6.499790857,46.5,0,2,24,112,1.031921203,0.097892421,1,1,17.300814,0.890020873,1,24,34.3,5.299909857,91.11516415,83.58520063,81.29233976,2.34,177.5,52.71,40,52.6,949,0.8,0.196,0.87,3,1.36,22.1,10.1,3.45,30.93,30.45,38.62,1208.9,1783,721,0.467,22.5,-0.241,-0.97,7.5,4.51,18.230644,12.03389831,92.5204918,83.7295082,85,1.899924102,1.168225352,16.69070423,2.558647887,0.086675247,0.036335539,-0.064603922,1.158136717
11152000,0.121403099,18.09691,110.2,126.3,2,31,615,1.087358538,0.305522823,1,1,38.563747,1.45200031,1,31,102.7,16.49797745,91.11111111,92.14814815,76.19753086,2.07,625.1,80.89,63.9,60.5,663.8,2.9,0.654,1.03,5,2.35,38.3,10.02,3.14,20.17,34.81,45.02,759.1,1785,113,0.387,34.7,-0.132,0.991,8.78,16.68,17.294107,87.46268657,91.5704388,93.25635104,77.69053118,14.91749383,22.51871701,14.97461206,10.20955047,-0.106418682,-0.184356043,-0.025092694,0.456406466
7104905,0.122313892,13.59911619,57.4,198.9,1,14.875,1087,0.862421464,0.475760977,1,1,5.351106,0.612912952,1,14.875,22,7.299914592,91.10681489,92.7742871,61.73272112,2.32,613.5,54.77,51.4,80.5,521.8,16.6,0.322,0.71,3,1.84,50.4,11.26,7.38,13.5,29.69,56.81,2279.5,2941,1822,0.411,10.1,-1,0.006,15.45,5.59,13.421778,94.95856354,95.64768622,93.7725787,69.73163599,3.217745165,3.097555012,4.981222494,2.570904645,-0.035672741,-0.09085869,-0.017775988,0.640264154
9430600,0.010851065,5.899845601,54.6,33.5,1,28.5,519,0.999941047,0.267489371,1,1,13.587343,1.818895817,1,28.5,27.5,3.399917714,91.10169492,77.23970944,81.49213075,1.85,190.5,67.41,44.7,72,593.8,14,0.222,0.58,3,1.32,53.1,9.96,2.05,31.86,33.61,34.53,2371.3,3268,1694,0.444,40.6,-0.973,-0.231,10.97,6.38,15.895541,56.58823529,93.91739675,86.13266583,84.41802253,1.566147544,2.401417323,91.38944882,35.34944882,-0.025462502,-0.038931376,-0.005585515,
11077500,0.172864308,23.58624352,74.7,126.1,2,5.956666667,821,1.032535301,0.202129774,1,1,24.501378,1.161798467,1,5.956666667,66.4,23.39766667,91.09052031,97.29151818,16.50035638,1.28,240.8,51.01,60.8,37.1,825.6,0,0.654,1.13,5,1.61,20.2,10.37,1.7,25.4,46.19,28.41,553.2,1719,35,0.308,25.4,-0.221,-0.975,12.07,11.6,17.754193,94.14414414,92.14559387,97.44572158,20.75351213,9.989975637,12.6130814,,,-0.026350686,-0.059067076,-0.018292824,0.675049737
11451715,0.022502677,10.19800884,94.6,20.7,2,49.5,896,1.056923544,0.155294821,1,1,11.655139,0.944331954,1,49.5,64,7.398211538,91.07048225,88.60625331,89.69263381,0.9,247.9,70.02,59.6,55.5,854.4,1,0.615,0.96,4,1.19,43.2,10.66,0.49,37.34,42.78,19.88,560.5,1162,264,0.34,18.2,-0.265,0.964,7.69,10.4,18.827651,46.52777778,94.41964286,92.67857143,91.31696429,2.304121352,5.157482856,23.98777733,10.34183138,-0.020201164,-0.037042487,-0.012948582,0.829864732
11063510,0.157751142,9.79915102,85.6,22.9,2,68.5,146,0.974354369,0.070451052,1,1,75.044644,1.007263416,1,68.5,79.5,8.297368771,91.06808245,83.76014991,98.09494066,2.04,144.5,66.42,46,40.7,690.4,4.5,0.635,0.96,4,1.54,50.7,9.96,6.14,10.54,26.94,62.52,1273.4,2542,794,0.272,22.4,-0.728,0.686,6.53,14.09,18.45637,59.5505618,91.27906977,85.81395349,98.22674419,20.60685912,23.61986159,74.67695502,36.88442907,-0.009704062,-0.01753329,-0.004633778,0.798144832
10234500,0.012936618,6.499885409,38,103.1,1,19,362,1.062026995,0.210099218,1,1,5.250666,1.203551382,1,19,30,6.298830832,91.06122449,91.42857143,62.28571429,2.34,236.4,75.93,50.3,90.9,430.1,56.6,0.152,0.87,4,1.39,70,9.81,2.33,19.31,43.36,37.33,2819.1,3695,1916,0.512,24.2,0.053,-0.999,14.22,6.48,18.085888,97.50623441,90.27409372,87.99734748,66.05879752,0.599881048,1.215989848,8.83286802,1.319162437,-0.003973069,-0.01073788,0.000597517,0.997725065
11453500,0.118710595,26.49670857,97.2,1.9,2,50.9,434,1.003073064,0.033110396,1,1,68.402353,0.917637249,1,50.9,95.6,26.49652857,91.0528506,99.29255098,91.38576779,1.47,293.4,112.6,63,63.1,752.4,2,0.624,0.62,3,1.5,36.4,10.72,0.99,28.71,44.41,26.88,554.7,1432,273,0.243,19.3,-0.169,0.986,10.53,15.9,17.47691,18.97810219,90.80321285,99.19678715,91.68674699,38.71637619,46.98312883,,,-0.106642653,-0.150364536,-0.029878285,0.389033416
11014000,0.053580781,4.898528886,67.6,62.5,2,39.66666667,641,1.028638355,0.092005172,1,1,5.043274,0.752773408,1,39.66666667,36.7,3.998884,91.04820199,79.03596021,88.90589135,2.91,181.8,44.33,55.8,42.1,846.3,0,0.609,1.26,5,1.39,33.8,10.3,3.01,18.77,38.69,42.55,490.9,1128,158,0.343,19.4,-0.048,-0.999,11.77,8.75,16.12831,87.64705882,95.35714286,79.3452381,91.07142857,1.534653813,2.248514851,,,0.108115657,-0.065945541,-0.170737304,1.025194801
11143000,0.200518774,16.59933571,98.1,144.2,2,30,615,1.037450525,0.15718752,1,1,99.985297,0.997222043,1,30,98.2,16.59933571,91.0412758,92.72983114,80.06566604,2.74,120.6,116.26,67.4,72.8,639.5,3.4,0.654,0.98,4,1.47,40.3,10.29,4.14,14.13,31.45,54.42,779,1505,80,0.492,43.6,-0.447,-0.894,8.68,23.37,18.127121,88.52459016,91.0370718,92.72641952,80.05631159,33.21126627,44.52462687,86.30373134,57.91119403,-0.101820656,-0.155859565,-0.024091851,0.453496031
11152050,0.077811611,18.09691,111.4,126.5,2,31,615,1.107168781,0.34928733,1,1,31.232187,1.394009406,1,31,102.7,16.49797745,91.01736973,92.10918114,75.58312655,1.67,771.5,74.52,63.7,58.2,676.7,2.4,0.652,1.04,6,2.02,38.4,10.1,2.9,21.11,35.63,43.26,674.8,1785,52,0.359,31.4,0.227,0.974,9.08,15.41,17.029979,84.46601942,91.6781293,93.30582302,77.39569005,12.27500159,18.24777706,12.12311082,8.239170447,-0.106418682,-0.184356043,-0.025092694,0.456406466
7103700,0.010589333,16.99640214,27.1,29.5,1,8.96,761,0.981822297,0.475787172,1,1,10.334753,0.918584336,1,8.96,20.9,15.77557264,90.9924364,98.55603942,38.55145542,2.23,264.2,59.97,52.8,94.9,393.5,27.6,0.361,0.86,4,1.42,49.5,10.03,9,11.62,33.61,54.77,2775.2,4300,1873,0.373,26.9,0.329,0.944,15.24,9.63,15.226314,51.26390293,88.99946686,97.54753865,47.64528168,5.396997417,6.578652536,9.350870553,5.675132475,-0.073427221,-0.138797398,-0.02782991,0.527450528
11138500,0.019851687,18.89570962,136.9,88.3,2,35.83333333,135,1.075002075,0.271101863,1,1,5.562678,0.956816384,1,35.83333333,78.2,11.19141703,90.9841954,88.36206897,78.08908046,2,728.9,69.82,57.6,39.6,665.2,7.1,0.686,1.16,5,1.44,28.2,9.8,1.39,21.86,41.68,36.45,994.2,2081,193,0.424,34.2,0.199,-0.98,8.21,17.01,16.60856,80,93.22125813,91.97396963,82.86334056,2.132233872,2.931760187,,,0.030284293,0.031200972,0.00251511,
11152000,0.047564647,9.098935283,106.4,16.1,2,62.5,519,1.087132717,0.287804433,1,1,7.156277,1.825105706,1,62.5,93.8,8.199090737,90.95034704,81.68713294,93.75333689,2.07,625.1,80.89,63.9,60.5,663.8,2.9,0.654,1.03,5,2.35,38.3,10.02,3.14,20.17,34.81,45.02,759.1,1785,113,0.387,34.7,-0.132,0.991,8.78,16.68,17.294107,40.44776119,91.24711316,81.70900693,94.59584296,3.419893111,4.751959686,14.97461206,10.20955047,-0.144762853,-0.216354713,-0.026505137,
11152000,0.11189017,7.099772,113,27.8,2,50.875,841,1.108628735,0.32426419,1,1,7.156277,1.825105706,1,50.875,93.8,7.099740016,90.95034704,78.64388681,90.49652963,2.07,625.1,80.89,63.9,60.5,663.8,2.9,0.654,1.03,5,2.35,38.3,10.02,3.14,20.17,34.81,45.02,759.1,1785,113,0.387,34.7,-0.132,0.991,8.57,12.76,17.294107,51.04477612,92.00923788,75.84295612,91.77829099,3.419893111,4.751959686,14.97461206,10.20955047,-0.083696349,-0.130360625,-0.01582025,
11118500,0.003929491,13.49416667,123.9,98.6,2,55,732,1.096377964,0.270924896,1,1,82.190611,1.092289043,1,55,124.1,13.49416667,90.94854309,85.67885927,92.96342219,2.11,485.7,69.88,51.4,33.4,711.7,1.4,0.702,1.2,6,1.39,38.3,10.32,1.3,23.76,41.87,34.37,702.1,1835,78,0.36,29.1,-0.979,-0.203,9.73,9.35,16.615606,77.66497462,91.00496278,85.66997519,92.95905707,33.83108468,42.24663372,80.03368334,50.47848466,0.252358865,0.015863939,-0.088528978,0.913104719
11114495,0.136913988,21.59398,109.2,125.6,2,28.66666667,455,1.013224172,0.075738766,1,1,99.929207,1.004411539,1,28.66666667,109.4,21.59398,90.94292804,92.67990074,80.58312655,2.46,124.3,88.3,49.7,35.9,606.1,3.8,0.706,1.05,4,1.37,38.6,9.71,1.12,21.93,42.54,35.53,1162,1835,429,0.521,38.3,-0.875,0.484,8.21,17.52,13.969926,85.41666667,90.93167702,92.67080745,80.55900621,72.44200871,74.63990346,91.62960579,77.48479485,0.109225139,-0.198628136,-0.101844596,0.531856898
11124500,0.036227785,8.699465143,101.3,0.4,2,54,947,1.033723512,0.125352736,1,1,71.062545,1.035623791,1,54,100.6,8.699012571,90.90385723,78.81404721,95.3080023,2.37,191.5,83.1,54.6,38.1,636.9,4.5,0.711,1.17,4,1.85,23.3,9.72,1.35,23.93,41.12,34.95,1023.6,1999,256,0.444,33.5,-0.78,-0.626,7.9,21.39,17.185694,24.50980392,91.00678733,79.18552036,95.39027149,68.62677395,63.6551436,,,-0.043692357,-0.109650374,-0.026983016,0.583171137
11065000,0.215074283,21.5981042,114,123.1,2,39,108,1.008679453,0.25251079,1,1,8.140156,1.901694811,1,39,83,14.99837667,90.90291921,91.78547183,83.53699932,1.55,364.7,81.4,47.7,43.6,701.5,4.2,0.649,1.11,5,1.12,49.6,10,6.62,10.83,28.51,60.66,1250.1,3059,313,0.343,27.3,-0.675,0.738,6.97,17.4,19.024359,89.81818182,91.22621564,92.97040169,87.0243129,2.365863291,3.388017549,33.44313134,17.52322457,0.003139483,-0.006888002,-0.00523758,0.924603841
11152050,0.020517307,9.099024176,107.9,16.1,2,62.5,519,1.106656543,0.335687627,1,1,5.778692,1.628838967,1,62.5,93.8,8.199090737,90.90177134,81.58883521,93.61245303,1.67,771.5,74.52,63.7,58.2,676.7,2.4,0.652,1.04,6,2.02,38.4,10.1,2.9,21.11,35.63,43.26,674.8,1785,52,0.359,31.4,0.227,0.974,9.08,15.41,17.029979,36.89320388,91.33425034,81.47638698,94.54378725,2.814091554,3.832378483,12.12311082,8.239170447,-0.144762853,-0.216354713,-0.026505137,
11143000,0.267671432,17.89556,88.5,157.6,2,29.875,457,0.970042488,0.10992312,1,1,13.697515,0.363115177,1,29.875,74.3,15.99924432,90.87533156,95.64986737,77.08222812,2.74,120.6,116.26,67.4,72.8,639.5,3.4,0.654,0.98,4,1.47,40.3,10.29,4.14,14.13,31.45,54.42,779,1505,80,0.492,43.6,-0.447,-0.894,8.33,25.11,18.127121,90.71038251,90.00469263,93.66494603,79.58704833,0.979707657,4.544776119,86.30373134,57.91119403,-0.06088307,-0.108076154,-0.019716675,
9484000,0.054886025,20.8715549,49.7,66.6,1,17.91666667,777,0.986235371,0.196571752,1,1,85.517068,1.046778775,1,17.91666667,49.6,20.8878549,90.84682441,97.82067248,68.21295143,2.39,103.7,75.97,43.3,71.1,767.1,3.1,0.167,0.8,3,1.52,9.5,9.14,1.65,18.36,43.38,38.26,1878.8,2788,872,0.534,35.6,-0.977,-0.213,21.03,13.39,17.656755,78.45360825,90.82583049,97.79571562,68.30176964,21.59321881,31.624108,59.10578592,25.9246866,-0.075001263,-0.13012394,-0.017316944,0.572519765
11449500,0.879515078,7.299214503,92.5,203.4,1,42.66666667,182,1.059170636,0.119978682,1,1,20.124733,1.609944458,1,42.66666667,92.5,7.299233097,90.84507042,79.09330986,88.18221831,1.81,95.3,148.47,60,80.8,774.8,1.3,0.621,0.7,3,1.52,33.3,10.94,1.18,24.63,43.26,32.11,804.1,1432,460,0.359,20,0.851,-0.526,9.33,21.02,16.804113,94.55445545,90.81891093,79.23174335,88.68720979,7.764004234,10.69045121,,,-0.006529944,-0.018189741,-0.000934813,0.82201641
11461000,0.53448543,29.97445,127.8,211.7,2,11.8,492,1.004631092,0.111862073,1,1,32.301184,1.065652935,1,11.8,74.5,18.19941533,90.84507042,98.16118936,32.60954617,1.95,259.6,118.6,63.1,81.2,730.9,3,0.607,0.95,4,1.1,36,11.3,1.16,28.24,42.59,29.17,448.3,1014,191,0.314,20.6,-0.997,0.077,8.13,21.77,15.086673,98.93390192,96.44036697,99.74311927,35.6146789,6.630779176,11.66221109,,,0.168591806,-0.024895358,-0.112839417,0.580309863
11109600,0.004230776,13.49527133,90.1,0,2,41,832,0.980698325,0.22622928,1,1,41.681744,1.066478672,1,41,84.6,13.49624056,90.83283403,91.13241462,85.17076093,1.66,963.8,55.61,42.7,35,676,11.8,0.673,1.1,5,2.08,52.1,10.21,5.72,18.55,37.45,44,1385.2,2691,325,0.448,26,-0.765,0.644,5.53,7.27,16.693884,14.32432432,90.45307443,90.45307443,86.596548,12.52429966,19.22524383,6.542218303,3.126727537,-0.054237196,-0.108104837,-0.011410457,0.669482329
11043000,0.006182712,4.598720294,61.4,0.8,2,31,17,1.038166736,0.140030746,1,1,7.514724,1.797661564,1,31,38.7,4.399612333,90.80502216,82.34859675,80.46528804,1.41,572.5,37.11,54,29.9,879.2,0.1,0.614,1.02,5,1.08,23.8,12.19,2.65,18.48,35.38,46.14,520.6,1381,303,0.207,8.3,-0.454,-0.891,14.25,2.47,16.167722,31.91964286,92.06437292,76.47058824,84.71143174,3.722381881,4.124593886,,,-0.010855484,-0.00442999,-0.004773296,1.717087019
11065000,0.022050937,19.69930509,110,0,2,118,925,0.930664343,0.352911373,1,1,33.742927,1.953161117,1,118,82.4,16.59468182,90.80310881,92.87564767,99.35233161,1.55,364.7,81.4,47.7,43.6,701.5,4.2,0.649,1.11,5,1.12,49.6,10,6.62,10.83,28.51,60.66,1250.1,3059,313,0.343,27.3,-0.675,0.738,7.67,19.01,19.024359,11.81818182,90.75052854,91.96617336,99.47145877,9.084707504,11.94332328,33.44313134,17.52322457,0.084418299,-0.035580624,-0.099919284,0.745010548
9430600,0.009215973,5.49887697,49,0,1,71.66666667,727,0.997354172,0.189522719,1,1,24.384716,1.625205434,1,71.66666667,28.7,5.497392508,90.79565473,88.60833823,98.44392249,1.85,190.5,67.41,44.7,72,593.8,14,0.222,0.58,3,1.32,53.1,9.96,2.05,31.86,33.61,34.53,2371.3,3268,1694,0.444,40.6,-0.973,-0.231,13.31,2.59,15.895541,7.176470588,92.71589487,84.35544431,98.67334168,2.695437993,3.27496063,91.38944882,35.34944882,-0.03879371,-0.049130593,-0.008767955,0.900779177
11063510,0.004115247,4.3,105,0,2,56.5,134,0.854307663,0.403788466,1,1,15.999744,0.650293498,1,56.5,75.8,3.2,90.70958303,63.05779078,95.75713241,2.04,144.5,66.42,46,40.7,690.4,4.5,0.635,0.96,4,1.54,50.7,9.96,6.14,10.54,26.94,62.52,1273.4,2542,794,0.272,22.4,-0.728,0.686,10.12,4.57,18.45637,15.16853933,92.90697674,69.30232558,96.62790698,3.489027728,3.731418685,74.67695502,36.88442907,-0.08731622,-0.16929898,-0.006783363,
11458500,0.111836376,13.987802,76.9,164.8,2,31.75,456,1.018688635,0.064335235,1,1,63.695385,1.042728974,1,31.75,71.1,10.49724166,90.68015497,90.74472665,82.82393457,2.59,150.4,107.96,63.9,77.4,739.6,1.4,0.626,0.64,3,1.77,23.2,10.42,1.81,24.93,43.89,31.18,301.1,824,39,0.336,17.6,-0.861,-0.509,8.12,22.19,19.519202,93.51145038,91.11016589,94.64057848,83.02849851,10.35774737,23.62679521,,,0.19127005,-0.008569863,-0.068260773,0.620423687
11148900,0.481421027,15.49715197,141.1,27.4,2,88,439,0.982844617,0.239254632,1,1,6.063932,1.901817314,1,88,79.6,5.898010084,90.66704036,72.42152466,98.68273543,1.48,403.5,69.16,62.7,52.5,745.3,1.5,0.653,0.99,5,1.22,31.2,11.37,2.86,22.94,36.87,40.19,551.8,1138,256,0.337,21.3,-0.586,0.81,8.75,10.52,16.11163,51.72413793,95.2428643,91.33700551,98.82323485,1.860832125,3.682081784,20.74907063,12.52795539,-0.090459047,-0.151929141,-0.023852705,0.554964854
10260950,0.057409886,10.79957863,83.5,79.7,2,26.8,941,1.009012098,0.10792286,1,1,10.926878,0.653202168,1,26.8,56.9,10.88998077,90.66615027,90.85979861,71.18512781,2.1,175.1,66.31,43.9,49,724,6.7,0.611,0.97,4,1.24,39.2,10.29,5.47,13.39,28.27,58.34,1271.7,1862,921,0.362,20.2,0.925,0.379,8.4,12.73,18.304836,90.69767442,89.56574186,86.06755127,77.08082027,7.69524916,7.127527127,10.63038264,5.662649914,0.078235695,-0.10005319,-0.114749105,0.605979138
11451715,0.285566962,6.597362698,57,20.2,2,28.8,539,0.98724954,0.034951569,1,1,11.690112,0.296371599,1,28.8,51.2,6.499884286,90.65340909,90.68181818,69.71590909,0.9,247.9,70.02,59.6,55.5,854.4,1,0.615,0.96,4,1.19,43.2,10.66,0.49,37.34,42.78,19.88,560.5,1162,264,0.34,18.2,-0.265,0.964,7.28,15.2,18.827651,44.79166667,86.51785714,82.58928571,76.11607143,1.945488238,3.78987495,23.98777733,10.34183138,-0.028831435,-0.039762042,-0.011139522,0.691053957
9508300,0.002801234,16.99991421,39,18,1,13.66666667,402,0.997612932,0.058966744,1,1,83.630661,1.091927993,1,13.66666667,38,16.09586661,90.6448203,97.99154334,60.97603946,1.24,93,61.67,39.9,60.5,779.9,8.4,0.144,0.7,3,1.58,36,10.05,2.68,22.26,37.89,39.84,1496.5,2272,712,0.503,27.8,0.203,-0.979,24.25,5.9,16.736963,49.23954373,90.98532495,98.18308875,61.30328442,25.49898573,26.68935484,,,-0.07765983,-0.144763968,-0.009734719,0.3593483
11149900,0.018066986,18.39462069,92.1,12.7,2,35.91666667,525,1.152470321,0.351752472,1,1,8.664033,1.715767974,1,35.91666667,91.1,18.39462069,90.63670412,94.38202247,81.86195827,1.56,556.4,63.26,62,54,737.5,1.5,0.659,1.13,4,1.35,33.5,10.91,2.31,24.37,37.78,37.85,533.4,1785,248,0.186,19.5,-0.995,-0.102,9.33,13.34,16.227347,33.06772908,90.36085022,94.46366782,83.14384577,1.544994989,3.774209202,28.84609993,15.65149173,-0.095944476,-0.147464849,-0.019542126,
11065000,0.03090237,4.499957711,112.1,0,2,57.5,134,0.920412857,0.360283684,1,1,7.378567,1.615275352,1,57.5,80,3.498921275,90.62736206,64.32350718,93.83975813,1.55,364.7,81.4,47.7,43.6,701.5,4.2,0.649,1.11,5,1.12,49.6,10,6.62,10.83,28.51,60.66,1250.1,3059,313,0.343,27.3,-0.675,0.738,10.46,5.55,19.024359,11.81818182,91.01479915,66.70190275,95.69238901,1.590212935,1.93646833,33.44313134,17.52322457,-0.091922443,-0.176545355,-0.007113512,
11027000,0.132339777,3.79855841,48.8,4.7,2,50.66666667,481,1.029174208,0.088415531,1,1,70.526293,1.115871643,1,50.66666667,48.8,3.79855841,90.6048906,70.65637066,95.78507079,1.62,58.2,51.93,53.2,38.8,797.9,0.2,0.625,1,3,1.16,28.6,11.16,2.59,16.4,30.84,52.76,653.6,1276,217,0.433,13,-0.467,-0.884,10.64,10.81,15.624757,47.88732394,90.50955414,70.57324841,95.85987261,49.6480909,49.63608247,,,-0.054529609,-0.124406041,-0.022378064,0.864126498
11274630,0.03581156,7.599294391,47.6,142.7,2,25.66666667,580,1.096213957,0.253075468,1,1,13.905464,1.291954055,1,25.66666667,35.4,6.399051859,90.60066741,91.93548387,77.36373749,1.77,187.4,43.32,61.7,49.1,799,2.1,0.604,1.08,4,1.42,30.9,10.3,1.62,26.46,42.13,31.41,559.2,1116,65,0.472,26.1,-0.722,0.692,9.37,8.63,18.975462,98.31223629,92.29816741,92.47152055,79.79197623,4.696483564,5.048932764,,,-0.041494034,-0.069598546,-0.019274809,0.736767118
11077500,0.068792939,5.397153412,73.7,4.9,1,50,203,1.050625271,0.213350369,1,1,9.037622,0.870950945,1,50,42.5,3.999951628,90.59753954,74.25307557,94.50790861,1.28,240.8,51.01,60.8,37.1,825.6,0,0.654,1.13,5,1.61,20.2,10.37,1.7,25.4,46.19,28.41,553.2,1719,35,0.308,25.4,-0.221,-0.975,16.71,1.09,17.754193,42.34234234,92.01787995,73.69093231,96.00893997,1.787458233,3.162707641,,,-0.011651957,-0.022716912,-0.005185183,
11143000,0.657438605,10.49432941,91.1,92.6,2,43.88916667,200,1.01113044,0.120753742,1,1,86.219962,1.022908078,1,43.88916667,90.9,10.19471859,90.59546314,84.7826087,90.07561437,2.74,120.6,116.26,67.4,72.8,639.5,3.4,0.654,0.98,4,1.47,40.3,10.29,4.14,14.13,31.45,54.42,779,1505,80,0.492,43.6,-0.447,-0.894,8.68,23.37,18.127121,80.05464481,90.54434538,85.07742844,90.14547161,14.47744466,22.15223881,86.30373134,57.91119403,-0.031238989,-0.040315131,0.002169895,1.009060924
11059300,0.041906499,16.39742171,162.1,7.5,1,40.5,558,1.092680665,0.357879725,1,1,10.204954,0.671506587,1,40.5,75.3,16.39910818,90.55876686,92.99935774,81.14964676,1.38,946,67.84,42.5,47.8,641.9,27.6,0.57,1.05,5,1.86,28.1,10.09,7.16,11.69,29.16,59.16,1661,3477,292,0.43,26,0.124,-0.992,11.94,1.94,19.036583,46.91780822,95.38393253,90.36839769,86.08521971,5.853874082,5.295634249,5.803953488,2.260084567,-0.084515517,-0.142665696,-0.020310006,0.682674413
11143000,0.270019427,9.999867568,90.3,35.4,2,50,145,1.031330496,0.119204941,1,1,86.219962,1.022908078,1,50,90.6,9.996696,90.54820416,84.40453686,94.18714556,2.74,120.6,116.26,67.4,72.8,639.5,3.4,0.654,0.98,4,1.47,40.3,10.29,4.14,14.13,31.45,54.42,779,1505,80,0.492,43.6,-0.447,-0.894,8.75,17.47,18.127121,57.78688525,90.35664008,84.13890192,94.22806194,14.47744466,22.15223881,86.30373134,57.91119403,-0.031238989,-0.040315131,0.002169895,1.009060924
11149900,0.026616996,13.299,90,58.3,2,38,149,1.157168926,0.373152153,1,1,8.664033,1.715767974,1,38,89.4,13.299,90.52969502,88.87105404,83.70786517,1.56,556.4,63.26,62,54,737.5,1.5,0.659,1.13,4,1.35,33.5,10.91,2.31,24.37,37.78,37.85,533.4,1785,248,0.186,19.5,-0.995,-0.102,9.33,13.34,16.227347,63.34661355,90.16312407,88.92733564,84.84923381,1.544994989,3.774209202,28.84609993,15.65149173,0.015682926,0.015878051,0.003511839,
11466320,0.200234283,17.89424,76,19.1,2,19.95,416,1.024410633,0.157122009,1,1,11.48391,1.070572978,1,19.95,54.9,13.69476923,90.51204819,98.34337349,54.6435743,1.27,199.4,102.63,64.2,72,732.8,1,0.622,0.67,4,1.3,28.7,12.14,1.14,27.37,43.92,28.71,204.1,780,19,0.243,12.2,-0.118,-0.993,11.72,14.25,16.638396,43.34203655,90.74383619,97.95236105,59.31884664,1.207236838,1.65330993,,,0.107350829,-0.005919632,-0.100306364,0.654534435
11047300,0.200585908,12.2,79.4,109,2,38,181,1.175193035,0.373900064,1,1,11.921157,1.8590446,1,38,60.8,12.2,90.49808429,91.03448276,90.03831418,1.1,139.9,46.85,61.6,36.6,812.1,0,0.652,1.08,3,1.27,23.9,11.46,2.26,24.89,42.68,32.43,423.2,1729,25,0.234,19.1,-0.597,-0.802,12.73,10.98,13.66011,96.42857143,93.34691107,91.37813985,91.1065852,4.902997679,7.699857041,11.53209435,10.94796283,0.041259974,-0.235467907,-0.063706538,0.495678495
11449500,0.054078292,10.49681131,89.2,0,1,60,555,1.101204412,0.206079919,1,1,20.124733,1.609944458,1,60,90.2,10.49681131,90.49295775,88.38028169,94.91637324,1.81,95.3,148.47,60,80.8,774.8,1.3,0.621,0.7,3,1.52,33.3,10.94,1.18,24.63,43.26,32.11,804.1,1432,460,0.359,20,0.851,-0.526,9.33,21.02,16.804113,5.198019802,90.3967919,88.34951456,95.12452512,7.764004234,10.69045121,,,-0.138931474,-0.194389354,-0.031460759,0.448167619
11143000,0.248887472,9.499457416,91.1,60.7,2,39.5,924,0.979441159,0.110259299,1,1,99.985297,0.997222043,1,39.5,91.1,9.499457416,90.47842402,83.06754221,87.85178236,2.74,120.6,116.26,67.4,72.8,639.5,3.4,0.654,0.98,4,1.47,40.3,10.29,4.14,14.13,31.45,54.42,779,1505,80,0.492,43.6,-0.447,-0.894,8.33,25.11,18.127121,70.76502732,90.54434538,83.10652276,87.84608165,33.21126627,44.52462687,86.30373134,57.91119403,-0.041323742,-0.061614597,-0.016607488,0.638570704
8377900,0.011204497,4.3,48.8,0.5,1,37.5,826,0.892296932,0.318939837,1,1,9.194168,1.012725398,1,37.5,24.6,1.999853333,90.38383013,61.45365455,94.55900367,2.05,139,89.76,48.6,96.1,380.6,31.6,0.11,0.5,3,1.21,65.4,9.68,2.96,22.74,43.83,33.43,3141.5,3642,2423,0.593,24.8,0.023,-1,9.39,6.14,13.047006,4.822834646,95.11234071,76.4084507,95.48122066,0.36219532,3.062589928,66.46402878,35.36093525,-0.065045307,-0.177388886,-0.017441766,
9497800,0.028132038,28.48575,97.6,133.8,1,23.75,406,0.865344227,0.517398957,1,1,33.497407,1.389714454,1,23.75,37.5,12.19640318,90.35567715,96.68946648,79.48016416,1.91,750.9,58.79,40.7,71.3,676.3,12.1,0.147,0.83,4,1.76,37.1,10.42,0.91,29.33,42.37,28.3,1747.1,2298,991,0.582,19.4,-0.996,0.088,22.3,5.81,18.999934,93.80664653,98.02054623,99.62415435,81.15760461,23.5959096,23.57343188,,,-0.111285231,-0.185539706,-0.015133042,
11152050,0.068268678,9.596491533,98.2,29.5,2,30.8,612,1.152393811,0.480086796,1,1,31.232187,1.394009406,1,30.8,97.5,9.596491533,90.34739454,82.77915633,75.13647643,1.67,771.5,74.52,63.7,58.2,676.7,2.4,0.652,1.04,6,2.02,38.4,10.1,2.9,21.11,35.63,43.26,674.8,1785,52,0.359,31.4,0.227,0.974,9.08,15.41,17.029979,50,90.14213663,82.62265016,76.9830353,12.27500159,18.24777706,12.12311082,8.239170447,-0.106418682,-0.184356043,-0.025092694,0.456406466
11027000,0.015520731,5.099973739,50.2,0,2,29.875,40,1.051562216,0.14875624,1,1,50.900245,0.591991427,1,29.875,45.8,4.799973835,90.32471836,78.59509609,83.56527502,1.62,58.2,51.93,53.2,38.8,797.9,0.2,0.625,1,3,1.16,28.6,11.16,2.59,16.4,30.84,52.76,653.6,1276,217,0.433,13,-0.467,-0.884,13.36,4.33,15.624757,11.97183099,90.95541401,78.91719745,84.20382166,10.30581508,11.12010309,,,-0.00933244,-0.026663326,0.000626046,0.906814577
9484000,0.184318741,15.99769336,47.1,116.3,1,9.964444444,419,1.149125498,0.592609588,1,1,69.267296,1.388299086,1,9.964444444,46.8,15.99769336,90.32459426,95.28714107,45.95817728,2.39,103.7,75.97,43.3,71.1,767.1,3.1,0.167,0.8,3,1.52,9.5,9.14,1.65,18.36,43.38,38.26,1878.8,2788,872,0.534,35.6,-0.977,-0.213,22.08,10.6,17.656755,93.40206186,90.23595157,95.24992238,46.18131015,12.27435075,20.33982642,59.10578592,25.9246866,-0.029754246,-0.128262786,-0.044356359,0.620399768
14316495,0.149111355,2.999924651,55.7,77.8,1,66.5,1017,1.051218352,0.171518378,1,1,80.803082,0.9437644,1,66.5,55.1,2.999924651,90.31731218,70.76528231,94.21371909,3.22,79,151.17,69.9,146.8,566.3,31.2,0.389,0.75,3,1.19,69.4,9.42,2.92,17.72,48.53,33.75,1207.1,1856,526,0.522,37.4,-0.867,-0.499,9.35,9.48,16.174613,85.74468085,90.43608676,70.69681587,94.27780341,27.87378505,28.66556962,15.23164557,6.731772152,-0.060215871,-0.091189789,-0.012841945,0.582744205
11466200,0.18480245,17.89368742,73.2,18.6,2,19.88916667,416,1.021278315,0.17287612,1,1,7.676397,0.941665039,1,19.88916667,51.9,13.19683932,90.29663147,98.03921569,55.93262946,1.32,144.8,107.68,64.2,75.1,733.1,1.3,0.62,0.7,4,1.27,28.1,11.03,1.27,27,44.02,28.98,258.7,780,43,0.293,15.8,0.094,-0.996,11.71,15.1,17.015969,41.15523466,90.8557047,98.15436242,60.52852349,0.862305695,1.310220994,,,0.11286134,0.003010738,-0.118101618,0.654883262
11274500,0.010584205,5.098334529,48.8,35.4,2,24.97444444,952,1.105713538,0.295573319,1,1,27.069601,1.263529895,1,24.97444444,43.1,5.098231411,90.29380902,83.3158447,76.07555089,1.48,347.8,45.32,61.6,45.7,861,1.4,0.624,1.05,4,1.63,30.1,10.73,1.77,24.88,42.82,32.31,475.6,1155,62,0.378,24.4,-0.349,0.937,13.09,2.63,18.273952,58.69565217,91.27382146,82.89869609,77.03109328,7.729944851,9.815899942,,,-0.038463304,-0.06331748,-0.014461163,0.693667672
11057500,0.01342682,21.69284706,142.6,95.7,2,71.75,519,1.069035626,0.220724165,1,1,5.10267,0.753186471,1,71.75,34,5.098407895,90.29209622,86.34020619,97.93814433,1.6,329,50.34,46.1,42.4,822.1,3.2,0.566,1.05,4,1.49,23.2,10.74,3.94,14.73,32.5,52.77,880.7,2686,317,0.238,13.8,-0.199,-0.98,9.9,10.79,19.193511,94.54545455,98.33246483,97.86347056,98.69723814,2.02402941,2.564042553,11.73519757,9.619696049,0.05021704,-0.086611812,-0.126789437,0.760136168
11101250,0.466577184,9.998998182,96.3,4.1,2,59.75,490,1.069606016,0.270129678,1,1,9.043463,1.218738623,1,59.75,80.3,8.598139837,90.28571429,81.07142857,96.64285714,3.16,237.3,62.69,59.1,33.7,843.8,0.3,0.655,0.85,3,1.36,34,10.8,2.61,18.95,41.98,39.07,471.3,1852,65,0.228,19.6,-0.987,-0.161,12.98,12.65,13.411358,40.36697248,91.36109385,83.15724052,97.07893101,0,3.349683944,19.49397387,12.38921197,-0.042418249,-0.066936498,-0.019972415,
11148900,0.146672004,28.0997033,85.3,13.2,2,21,479,1.15305007,0.419986918,1,1,19.551763,1.597078602,1,21,76.2,26.59972571,90.26154702,98.55314413,54.36839176,1.48,403.5,69.16,62.7,52.5,745.3,1.5,0.653,0.99,5,1.22,31.2,11.37,2.86,22.94,36.87,40.19,551.8,1138,256,0.337,21.3,-0.586,0.81,8.56,15,16.11163,41.57088123,89.43415123,98.44767151,55.53329995,4.013803818,9.585947955,20.74907063,12.52795539,-0.082928249,-0.141070909,-0.02402486,
11023340,0.103346058,5.499528727,43.5,0.5,2,36,892,1.048549695,0.172537455,1,1,37.099197,1.443643241,1,36,43.5,5.499528727,90.24767802,84.36532508,85.1006192,2.81,109.6,39.02,60.2,39.8,841.8,0,0.626,1.08,3,1.17,24.2,11.67,2.82,23.07,37.6,39.33,263,808,116,0.251,12.8,-0.28,-0.96,15.35,2.78,14.786058,43.51535836,89.84962406,83.68421053,85.52631579,26.23438145,28.43786496,,,-0.005470648,-0.009368654,-0.017733134,1.48298974
11274500,0.171789793,6.298257513,45.8,63,2,24,144,1.085813687,0.215938871,1,1,27.069601,1.263529895,1,24,42.9,6.294535022,90.24134313,88.09024134,75.02623295,1.48,347.8,45.32,61.6,45.7,861,1.4,0.624,1.05,4,1.63,30.1,10.73,1.77,24.88,42.82,32.31,475.6,1155,62,0.378,24.4,-0.349,0.937,8.1,9.04,18.273952,77.39130435,90.37111334,87.36208626,76.02808425,7.729944851,9.815899942,,,-0.019154762,-0.045495344,0.000196474,0.856351492
11451715,0.086926583,5.299484851,55,4.4,2,48.5,524,0.994203584,0.052158282,1,1,11.690112,0.296371599,1,48.5,49.8,4.997235601,90.22727273,84.88636364,88.26704545,0.9,247.9,70.02,59.6,55.5,854.4,1,0.615,0.96,4,1.19,43.2,10.66,0.49,37.34,42.78,19.88,560.5,1162,264,0.34,18.2,-0.265,0.964,7.28,15.2,18.827651,24.82638889,85.80357143,77.63392857,90.78125,1.945488238,3.78987495,23.98777733,10.34183138,-0.028831435,-0.039762042,-0.011139522,0.691053957
8378500,0.020871723,14.19885411,62.8,236.5,1,13.95,111,1.041384683,0.344251372,1,1,24.394413,1.433035617,1,13.95,34.4,8.297163241,90.2102845,89.55645874,62.56405725,2.61,445,86.08,49.1,89.7,374.7,32.7,0.115,0.56,4,1.18,68.2,9.97,2.19,24.5,39.65,35.85,3073,3973,2288,0.466,26.5,-0.839,-0.545,13.62,11.27,14.557434,95.56650246,94.96374527,93.72635561,65.18757881,8.108731976,14.05597753,25.41377528,13.96395506,-0.035957506,-0.042651227,-0.010011272,0.93442821
11152000,0.543595967,9.6,96.9,181.9,2,59,1004,1.082645236,0.248098277,1,1,38.563747,1.45200031,1,59,95.9,9.6,90.17283951,83.01234568,93.5308642,2.07,625.1,80.89,63.9,60.5,663.8,2.9,0.654,1.03,5,2.35,38.3,10.02,3.14,20.17,34.81,45.02,759.1,1785,113,0.387,34.7,-0.132,0.991,9.53,13.87,17.294107,94.32835821,90.20785219,82.95612009,93.94919169,14.91749383,22.51871701,14.97461206,10.20955047,-0.040209457,-0.070277138,-0.018460304,0.651840956
11152000,0.11732613,11.19572964,90.9,131.7,2,28,202,1.052876662,0.20066757,1,1,10.954941,1.60170771,1,28,86.7,11.09572964,90.11387164,87.52587992,71.58385093,2.07,625.1,80.89,63.9,60.5,663.8,2.9,0.654,1.03,5,2.35,38.3,10.02,3.14,20.17,34.81,45.02,759.1,1785,113,0.387,34.7,-0.132,0.991,8.78,16.68,17.294107,88.35820896,89.05311778,86.09699769,74.48036952,2.102052119,3.129195329,14.97461206,10.20955047,0.008995308,0.013725339,0.004678276,1.119487192
11274538,0.004349473,5.098334529,50.2,35.4,2,24.97444444,952,1.126174528,0.359437926,1,1,20.054364,1.350921136,1,24.97444444,43.1,5.098231411,90.09584665,83.17358892,74.86687966,1.27,469.4,42.12,61.9,44.8,864.4,1.3,0.619,0.06,4,1.31,29.8,10.95,1.77,24.47,43.22,32.31,405.1,1155,19,0.34,20.9,-0.28,0.96,13.51,2.45,18.511698,72.11538462,91.30434783,83.00849575,76.26186907,5.650655605,7.274584576,,,-0.038463304,-0.06331748,-0.014461163,0.693667672
11274500,0.045919167,8.099832882,50.7,59.5,2,29.5,907,1.038837575,0.120385538,1,1,27.069601,1.263529895,1,29.5,42.6,7.999891064,90.08394544,93.12696747,81.29590766,1.48,347.8,45.32,61.6,45.7,861,1.4,0.624,1.05,4,1.63,30.1,10.73,1.77,24.88,42.82,32.31,475.6,1155,62,0.378,24.4,-0.349,0.937,9.66,9.63,18.273952,75.2173913,91.67502508,92.5777332,82.07121364,7.729944851,9.815899942,,,-0.038463304,-0.06331748,-0.014461163,0.693667672
11152050,0.326294918,9.6,97,186.5,2,59,1004,1.102170278,0.298443986,1,1,31.232187,1.394009406,1,59,95.9,9.6,90.07444169,82.9280397,93.30024814,1.67,771.5,74.52,63.7,58.2,676.7,2.4,0.652,1.04,6,2.02,38.4,10.1,2.9,21.11,35.63,43.26,674.8,1785,52,0.359,31.4,0.227,0.974,9.8,12.93,17.029979,93.2038835,90.00458505,82.8519028,93.81017882,12.27500159,18.24777706,12.12311082,8.239170447,-0.040209457,-0.070277138,-0.018460304,0.651840956
11152050,0.053954278,11.99808,93,130.3,2,29,171,1.13158781,0.399566664,1,1,5.778692,1.628838967,1,29,88.2,11.69808,90.06977992,88.88888889,71.17552335,1.67,771.5,74.52,63.7,58.2,676.7,2.4,0.652,1.04,6,2.02,38.4,10.1,2.9,21.11,35.63,43.26,674.8,1785,52,0.359,31.4,0.227,0.974,9.08,15.41,17.029979,85.4368932,89.24805135,87.391105,75.26364053,2.814091554,3.832378483,12.12311082,8.239170447,0.01157158,0.010173132,0.002783593,
11152000,0.315738657,6.799841509,91.3,117.8,2,47,200,1.035167354,0.161281879,1,1,10.954941,1.60170771,1,47,86.4,6.798419971,90.0621118,76.60455487,88.22463768,2.07,625.1,80.89,63.9,60.5,663.8,2.9,0.654,1.03,5,2.35,38.3,10.02,3.14,20.17,34.81,45.02,759.1,1785,113,0.387,34.7,-0.132,0.991,8.78,16.68,17.294107,85.2238806,89.09930716,74.96535797,89.49191686,2.102052119,3.129195329,14.97461206,10.20955047,0.008995308,0.013725339,0.004678276,1.119487192
11123500,0.166407158,35.29239385,158,77.8,2,34.97694444,435,1.011400206,0.104946963,1,1,11.243107,1.233641415,1,34.97694444,98.1,26.39178947,90.05722461,96.70958512,76.60944206,1.89,718.1,79.99,52.6,34.3,660.8,3.8,0.712,1.27,5,1.39,25.8,9.92,1.14,22.63,41.55,35.82,934.1,2081,242,0.378,31.2,-0.578,-0.816,8.67,20.64,18.753658,69.34673367,93.18936877,97.84053156,81.39534884,7.582963909,7.580629439,16.02817156,5.57082579,0.091631876,-0.223591681,-0.115236239,0.553130696
11148900,0.200007278,7.999724255,96,4.8,2,60,515,1.03769858,0.228942709,1,1,10.274829,1.729434032,1,60,75.6,6.798386113,90.05030743,76.69088876,95.47233091,1.48,403.5,69.16,62.7,52.5,745.3,1.5,0.653,0.99,5,1.22,31.2,11.37,2.86,22.94,36.87,40.19,551.8,1138,256,0.337,21.3,-0.586,0.81,9.43,14.72,16.11163,31.80076628,91.08662994,77.8668002,95.89384076,2.112819809,3.949739777,20.74907063,12.52795539,-0.089672211,-0.151613332,-0.019478339,
11274538,0.077819978,6.298257513,45.9,64.2,2,24,144,1.113250795,0.297683049,1,1,20.054364,1.350921136,1,24,42.9,6.294535022,90.04259851,88.01916933,73.88178914,1.27,469.4,42.12,61.9,44.8,864.4,1.3,0.619,0.06,4,1.31,29.8,10.95,1.77,24.47,43.22,32.31,405.1,1155,19,0.34,20.9,-0.28,0.96,8.08,8.42,18.511698,88.94230769,90.12993503,87.45627186,75.33733133,5.650655605,7.274584576,,,-0.019154762,-0.045495344,0.000196474,0.856351492
8294195,0.009006622,11.99559467,30.6,33.4,1,22.83333333,839,1.041266989,0.129771976,1,1,17.374893,0.678045527,1,22.83333333,20.6,7.597974468,90.04242281,93.30662267,82.04100872,2.27,78.6,73.93,49.1,74.6,399.9,36.7,0.115,0.4,2,1.21,73.1,9.46,3.82,21.29,50.78,27.93,2909.1,3843,2113,0.463,34.2,0.36,-0.933,5.64,5.47,13.3997,58.33333333,91.49219642,95.47011801,83.49828702,7.408677581,8.567175573,6.818708651,2.85470229,-0.055810172,-0.110132938,-0.016981856,0.748250524
11063510,0.004252422,5.899625614,75.9,0,1,49,10,1.028495293,0.279666101,1,1,19.701106,0.914667921,1,49,71.8,5.899625614,90.0390625,76.82291667,94.40104167,2.04,144.5,66.42,46,40.7,690.4,4.5,0.635,0.96,4,1.54,50.7,9.96,6.14,10.54,26.94,62.52,1273.4,2542,794,0.272,22.4,-0.728,0.686,14.92,2.33,18.45637,15.16853933,89.8255814,75.46511628,95,6.090614167,8.283114187,74.67695502,36.88442907,0.003303807,-0.006704234,-0.005119741,0.927332981
11148900,0.127022166,10.59997647,84.2,0,2,40,561,1.114554792,0.324631189,1,1,6.063932,1.901817314,1,40,75.1,8.997354,90.02242152,83.74439462,85.79035874,1.48,403.5,69.16,62.7,52.5,745.3,1.5,0.653,0.99,5,1.22,31.2,11.37,2.86,22.94,36.87,40.19,551.8,1138,256,0.337,21.3,-0.586,0.81,12.18,3.6,16.11163,9.195402299,89.13370055,83.7756635,86.85528292,1.860832125,3.682081784,20.74907063,12.52795539,-0.090459047,-0.151929141,-0.023852705,0.554964854
11153000,0.037187513,5.798891986,57.7,51.2,2,25.9775,952,1.064688321,0.219998416,1,1,10.488957,2.512752181,1,25.9775,41.5,5.398973862,90.01673173,84.88566648,73.17345231,1.11,375.4,52.87,62.6,46.9,835.2,1.3,0.643,1.11,5,1.85,28.4,10.45,2.08,24.44,44.87,30.7,424.1,1045,74,0.363,20.9,-0.996,-0.088,13.25,3.13,15.589845,61.29032258,91.49659864,82.45869776,76.53061224,3.405985647,4.396909963,,,-0.039911175,-0.064240113,-0.013477485,0.728067193
11461000,0.045158565,14.59458954,84.8,94.3,2,21.98166667,416,1.047001545,0.144228873,1,1,32.301184,1.065652935,1,21.98166667,70,13.49592636,90.00391236,95.26604069,57.00312989,1.95,259.6,118.6,63.1,81.2,730.9,3,0.607,0.95,4,1.1,36,11.3,1.16,28.24,42.59,29.17,448.3,1014,191,0.314,20.6,-0.997,0.077,9.63,16.13,15.086673,81.13006397,91.63302752,95.63302752,58.71559633,6.630779176,11.66221109,,,0.168591806,-0.024895358,-0.112839417,0.580309863
11065000,0.037890343,19.39021,158.8,4.4,2,44,291,0.912668937,0.336144349,1,1,7.378567,1.615275352,1,44,74.1,10.99904545,89.98488284,87.45275888,86.31897203,1.55,364.7,81.4,47.7,43.6,701.5,4.2,0.649,1.11,5,1.12,49.6,10,6.62,10.83,28.51,60.66,1250.1,3059,313,0.343,27.3,-0.675,0.738,11.2,4.11,19.024359,39.63636364,93.9217759,91.5961945,90.11627907,1.590212935,1.93646833,33.44313134,17.52322457,-0.091922443,-0.176545355,-0.007113512,
11149900,0.016540199,10.79968538,95.6,4.5,2,39.5,672,1.153439555,0.347724608,1,1,21.73561,1.616261858,1,39.5,80.3,7.899879348,89.94708995,79.36507937,84.94708995,1.56,556.4,63.26,62,54,737.5,1.5,0.659,1.13,4,1.35,33.5,10.91,2.31,24.37,37.78,37.85,533.4,1785,248,0.186,19.5,-0.995,-0.102,12.47,3.3,16.227347,24.70119522,90.95402867,85.21997034,85.83786456,8.848335816,13.12359813,28.84609993,15.65149173,-0.084847199,-0.178495399,-0.026298828,0.494408205
11149900,0.100767979,25.38798509,103.6,169.6,2,39,162,1.158932106,0.362823901,1,1,8.664033,1.715767974,1,39,86.2,25.38668057,89.941145,97.64579989,84.53718566,1.56,556.4,63.26,62,54,737.5,1.5,0.659,1.13,4,1.35,33.5,10.91,2.31,24.37,37.78,37.85,533.4,1785,248,0.186,19.5,-0.995,-0.102,9.33,13.34,16.227347,91.23505976,91.84379634,97.62728621,85.61542264,1.544994989,3.774209202,28.84609993,15.65149173,0.015682926,0.015878051,0.003511839,
11274538,0.020450366,8.099832882,51.7,59.9,2,29.5,907,1.054245378,0.158148361,1,1,20.054364,1.350921136,1,29.5,42.6,7.999891064,89.93610224,93.07774228,80.00532481,1.27,469.4,42.12,61.9,44.8,864.4,1.3,0.619,0.06,4,1.31,29.8,10.95,1.77,24.47,43.22,32.31,405.1,1155,19,0.34,20.9,-0.28,0.96,9.82,8.8,18.511698,86.53846154,91.77911044,92.65367316,81.13443278,5.650655605,7.274584576,,,-0.038463304,-0.06331748,-0.014461163,0.693667672
11148900,0.581775556,6.399864973,81.9,21.7,2,39.75,186,1.110002348,0.326842981,1,1,21.611762,1.082710122,1,39.75,58.8,4.799197523,89.93589744,72.94871795,83.52564103,1.48,403.5,69.16,62.7,52.5,745.3,1.5,0.653,0.99,5,1.22,31.2,11.37,2.86,22.94,36.87,40.19,551.8,1138,256,0.337,21.3,-0.586,0.81,9.43,14.72,16.11163,47.89272031,88.68302454,73.00951427,86.52979469,3.551364882,3.720446097,20.74907063,12.52795539,0.011650047,0.018126958,0.004527401,1.04596501
11148900,0.27158883,14.49757,85.4,60.9,2,36,854,1.172695064,0.464645552,1,1,19.551763,1.597078602,1,36,74.3,13.09556211,89.92765721,90.59543684,82.74902615,1.48,403.5,69.16,62.7,52.5,745.3,1.5,0.653,0.99,5,1.22,31.2,11.37,2.86,22.94,36.87,40.19,551.8,1138,256,0.337,21.3,-0.586,0.81,9.43,14.72,16.11163,67.81609195,89.53430145,90.48572859,83.95092639,4.013803818,9.585947955,20.74907063,12.52795539,-0.042442506,-0.05083615,-0.016209405,
11143000,0.072083447,17.39898634,91.5,9.1,2,36,529,1.04837381,0.177849124,1,1,29.9711,1.327452654,1,36,84.3,16.39971383,89.9270073,93.38199513,85.01216545,2.74,120.6,116.26,67.4,72.8,639.5,3.4,0.654,0.98,4,1.47,40.3,10.29,4.14,14.13,31.45,54.42,779,1505,80,0.492,43.6,-0.447,-0.894,8.68,23.37,18.127121,35.38251366,90.66166119,93.33646176,85.54669169,15.90995837,20.11791045,86.30373134,57.91119403,-0.136880481,-0.207611445,-0.024214942,
11046100,0.019212002,3.799702628,41.8,31.4,2,29,914,1.037907938,0.143413948,1,1,61.385841,1.075061642,1,29,41.2,3.799702628,89.9106478,73.41772152,86.74609084,2.11,67.8,40.34,64.9,35,816,0,0.655,0.95,3,1.15,23,11.12,2.52,22.77,32.67,44.56,187.1,676,13,0.264,14.1,-0.987,-0.159,12.99,9.03,16.06083,69.67213115,89.89971347,73.63896848,87.24928367,4.915239878,3.734070796,30.20707965,9.995575221,0.004454934,0.018434641,-0.007547774,0.970007047
11057500,0.012393988,2.699698647,57.3,1.1,2,56.5,186,1.064085514,0.229044472,1,1,11.248274,1.350759162,1,56.5,49.6,2.699366536,89.90825688,60.66513761,96.4162844,1.6,329,50.34,46.1,42.4,822.1,3.2,0.566,1.05,4,1.49,23.2,10.74,3.94,14.73,32.5,52.77,880.7,2686,317,0.238,13.8,-0.199,-0.98,10.91,9.71,19.193511,36.81818182,90.64616988,60.55237103,96.74309536,6.522506043,7.626474164,11.73519757,9.619696049,0.097784004,0.025767833,-0.025238392,1.021227041
11065000,0.074926601,38.6944,123.1,1.9,2,31,106,0.979240713,0.327653826,1,1,8.140156,1.901694811,1,31,72.8,23.49424,89.88458927,96.06245757,76.30685675,1.55,364.7,81.4,47.7,43.6,701.5,4.2,0.649,1.11,5,1.12,49.6,10,6.62,10.83,28.51,60.66,1250.1,3059,313,0.343,27.3,-0.675,0.738,6.97,17.4,19.024359,33.09090909,92.33615222,97.51585624,81.28964059,2.365863291,3.388017549,33.44313134,17.52322457,0.003139483,-0.006888002,-0.00523758,0.924603841
11028500,0.00561304,5.898280745,50.4,0.8,2,27.98083333,839,1.106952255,0.19840708,1,1,59.833561,1.393602004,1,27.98083333,50,5.799014286,89.83156581,82.90704928,79.03930131,1.75,146.3,47.31,53.2,40,817.6,0.1,0.607,0.82,3,1.39,26.8,11.3,2.46,16.66,32,51.34,561.3,994,400,0.27,8.7,-0.125,-0.992,11.32,9.59,15.589059,28.73831776,90.12345679,83.33333333,79.25925926,13.30200551,18.34757348,,,0.008513387,-0.004570397,-0.010924288,0.927810373
9513780,0.015570263,6.79951683,41.6,0,2,13.9,172,1.041405387,0.119925443,1,1,17.300814,0.890020873,1,13.9,30.6,5.798092857,89.81240229,86.13861386,53.83011985,2.34,177.5,52.71,40,52.6,949,0.8,0.196,0.87,3,1.36,22.1,10.1,3.45,30.93,30.45,38.62,1208.9,1783,721,0.467,22.5,-0.241,-0.97,8.2,6.91,18.230644,12.03389831,90.96311475,84.30327869,60.24590164,1.899924102,1.168225352,16.69070423,2.558647887,0.086675247,0.036335539,-0.064603922,1.158136717
11014000,0.2928252,9.297794279,50.8,100.4,2,33,768,1.010340778,0.062608848,1,1,7.06468,1.142409136,1,33,36.3,6.499811818,89.80868286,89.55114054,84.06916851,2.91,181.8,44.33,55.8,42.1,846.3,0,0.609,1.26,5,1.39,33.8,10.3,3.01,18.77,38.69,42.55,490.9,1128,158,0.343,19.4,-0.048,-0.999,11.77,8.75,16.12831,95.29411765,92.26190476,92.26190476,86.81547619,6.01277364,6.221287129,,,-0.031159249,-0.061151788,-0.024314305,
11143000,0.109181768,7.997330087,90.3,41.9,2,36,833,1.02112034,0.105458873,1,1,29.9711,1.327452654,1,36,82.9,7.095623482,89.8053528,77.42092457,85.01216545,2.74,120.6,116.26,67.4,72.8,639.5,3.4,0.654,0.98,4,1.47,40.3,10.29,4.14,14.13,31.45,54.42,779,1505,80,0.492,43.6,-0.447,-0.894,8.75,17.47,18.127121,61.20218579,90.35664008,79.02393243,85.54669169,15.90995837,20.11791045,86.30373134,57.91119403,-0.074426019,-0.115714332,-0.013921207,
11372000,0.070564037,16.49853143,161.7,132,1,47.98194444,267,1.032795967,0.183417313,1,1,9.214676,0.866847706,1,47.98194444,84.4,7.299903515,89.80144404,88.76353791,79.46750903,1.46,589.9,149.15,61.6,92.2,773.2,13.3,0.544,0.71,4,1.55,62,10.11,2.48,20.64,39.59,39.77,857.8,1883,245,0.39,33.5,-0.806,0.592,14.62,6.38,14.264321,84.30379747,93.88926401,96.55638082,84.36866982,2.919026622,4.249025259,,,-0.006716886,-0.011902042,-0.000515611,0.77243096
11143000,0.476642988,8.497801937,82.5,73,2,42,453,0.99989655,0.056334118,1,1,13.697515,0.363115177,1,42,67.4,7.79627668,89.78779841,82.5994695,88.27586207,2.74,120.6,116.26,67.4,72.8,639.5,3.4,0.654,0.98,4,1.47,40.3,10.29,4.14,14.13,31.45,54.42,779,1505,80,0.492,43.6,-0.447,-0.894,8.33,25.11,18.127121,74.31693989,89.06616612,80.52557485,89.53542938,0.979707657,4.544776119,86.30373134,57.91119403,-0.06088307,-0.108076154,-0.019716675,
11113000,0.84079173,54.49723571,320.2,60,2,38,801,1.245767548,0.48993741,1,1,12.550943,0.240796008,1,38,73.6,13.29900171,89.78411719,92.13569776,76.7925983,1.41,650,68.34,45.4,34.7,663.4,7.7,0.69,1.22,4,1.67,44.6,9.91,2,22.07,41.65,36.28,1251.5,2274,184,0.512,32.7,-1,0.016,6.44,14.64,16.054577,74.54545455,97.57174393,99.33774834,82.94701987,8.618055904,10.59078462,14.98787692,8.055507692,-0.025422236,-0.026393799,-0.019054104,1.216620088
11057500,0.021689479,13.69989583,73.5,0.6,2,24.5,453,1.076173048,0.231559161,1,1,5.10267,0.753186471,1,24.5,32.8,7.597942317,89.7766323,93.21305842,68.38487973,1.6,329,50.34,46.1,42.4,822.1,3.2,0.566,1.05,4,1.49,23.2,10.74,3.94,14.73,32.5,52.77,880.7,2686,317,0.238,13.8,-0.199,-0.98,12.8,3.44,19.193511,34.39393939,93.38196978,93.64252215,79.10369984,2.02402941,2.564042553,11.73519757,9.619696049,0.05021704,-0.086611812,-0.126789437,0.760136168
11383500,0.054556304,6.297704441,141.3,0.1,1,78.5,1058,0.960633767,0.179394556,1,1,15.279904,1.201487848,1,78.5,97.3,4.098656,89.77608787,68.01858893,91.7617237,1.18,539.8,148.35,51.6,86.3,606.3,32.5,0.527,0.62,4,1.49,64.2,10.29,2.55,21.19,39.81,39,1278.9,2387,161,0.504,23,-0.103,-0.995,11.85,7.23,15.939202,17.29166667,93.34061135,77.36535662,92.90393013,2.669585637,6.439551686,11.6002223,5.542645424,-0.093088912,-0.147086845,-0.016403308,0.537688566
14179000,0.182890286,5.999636,89.7,108,1,106,654,0.993812999,0.126017703,1,1,77.381654,1.177119032,1,106,84.9,5.499661335,89.74895397,81.03941863,96.87293548,1.73,272.5,205.35,67.6,161.7,519,44.6,0.425,0.85,4,1.29,71.1,10.13,5.02,13.2,43.79,43.02,1149.5,2134,525,0.401,34.9,0.483,-0.876,11.81,7.41,13.481528,80.71278826,89.66924399,82.32388316,96.95017182,50.11100534,49.83555963,77.26253211,38.73291743,-0.1573705,-0.40774215,-0.175289699,0.368718803
11043000,0.014096583,5.998100797,63.6,4.9,2,43.5,866,0.937144115,0.209547877,1,1,7.514724,1.797661564,1,43.5,34.3,2.899854126,89.73412112,71.19645495,88.88478582,1.41,572.5,37.11,54,29.9,879.2,0.1,0.614,1.02,5,1.08,23.8,12.19,2.65,18.48,35.38,46.14,520.6,1381,303,0.207,8.3,-0.454,-0.891,12.65,6.95,16.167722,42.85714286,92.56381798,82.57491676,91.14872364,3.722381881,4.124593886,,,-0.003915938,-0.003313085,-0.010665283,1.770313367
11047300,0.077319694,9.797293778,75.1,0,2,32,582,1.13175065,0.306292932,1,1,11.921157,1.8590446,1,32,57.5,6.794732921,89.73180077,79.54022989,85.3256705,1.1,139.9,46.85,61.6,36.6,812.1,0,0.652,1.08,3,1.27,23.9,11.46,2.26,24.89,42.68,32.43,423.2,1729,25,0.234,19.1,-0.597,-0.802,13.12,9.25,13.66011,14.88095238,92.46435845,87.71215207,86.93143245,4.902997679,7.699857041,11.53209435,10.94796283,0.064649032,-0.160446952,-0.110397484,0.541141138
8377900,0.051540687,9.798108696,35.6,166.1,1,11.95,111,0.965329154,0.152044616,1,1,65.272425,1.140346217,1,11.95,31,7.899917114,89.7286156,89.33356235,62.70182068,2.05,139,89.76,48.6,96.1,380.6,31.6,0.11,0.5,3,1.21,65.4,9.68,2.96,22.74,43.83,33.43,3141.5,3642,2423,0.593,24.8,0.023,-1,13.35,11.76,13.047006,94.09448819,91.03789403,91.90140845,63.48926895,25.24947925,36.74589928,66.46402878,35.36093525,-0.03378568,-0.041146736,-0.00861868,0.946858376
11014000,0.004844076,9.998516667,48,4.8,2,19.91666667,1053,0.960965421,0.139566362,1,1,5.043274,0.752773408,1,19.91666667,34.3,7.498594737,89.70925784,92.34889059,55.01147666,2.91,181.8,44.33,55.8,42.1,846.3,0,0.609,1.26,5,1.39,33.8,10.3,3.01,18.77,38.69,42.55,490.9,1128,158,0.343,19.4,-0.048,-0.999,14.64,2.96,16.12831,42.64705882,91.25,93.27380952,59.70238095,1.534653813,2.248514851,,,0.157289317,-0.032558501,-0.135096931,1.360760596
13161500,0.01019417,4.098667246,37.7,22,1,35.5,318,0.935415365,0.275516341,0.999346405,1,31.768989,0.560078772,1,35.5,27.3,3.299441147,89.70182912,83.4377349,83.53796041,1.32,986.1,44.45,54.8,77.6,465.9,54.4,0.192,0.86,5,1.74,66.8,11.01,2.56,25.21,39.54,35.25,2045,3004,1542,0.359,20.2,-0.041,0.999,12.48,3.05,19.045598,51.54061625,91.50394682,84.85666805,86.31076028,16.85526168,20.90015211,,,-0.045327658,-0.090665513,0.004338526,0.637042034
11204100,0.048767225,5.697818462,77.5,1,2,32.5,456,1.118097404,0.270422314,1,1,45.981764,1.33889849,1,32.5,77.5,5.697818462,89.68642822,71.33757962,80.76923077,2.9,249.1,79.83,55.9,53.1,703.2,25.2,0.595,0.74,4,1.36,65.9,9.43,2.64,18.72,31.31,49.98,1348.7,2824,292,0.417,34.4,0.119,-0.993,5.19,10.48,17.505672,40.82840237,89.71428571,71.33333333,81.30952381,14.70255814,23.47442794,48.9626656,16.38281815,-0.176420369,-0.332865736,-0.145271664,0.486976376
11169800,0.032731001,6.494980632,53.8,0,2,47,538,1.038424053,0.1536974,1,1,19.710195,1.254471196,1,47,42.6,4.998808333,89.67505241,81.65618449,93.44863732,1.22,282.9,60.85,63.3,56.7,817.9,1.8,0.626,0.99,4,1.41,31.7,10.98,2.22,23.01,45.71,31.28,604,1101,244,0.421,25.6,-0.968,-0.251,9.29,13.42,15.108,8.385093168,90.36761284,84.45788739,94.18334109,8.512952968,12.39353128,,,-0.080944275,-0.139187398,-0.020343577,0.568156639
11044800,0.050672204,7.799855518,52.4,58.7,2,30.75,152,1.007349019,0.070904013,1,1,5.29932,0.732504198,1,30.75,45.8,7.297928744,89.67479675,85.93495935,85.85365854,1.68,85.5,40.9,59,33,853.1,0,0.666,0.86,3,1.19,26.7,10.3,3.33,15.97,31.55,52.47,405.4,859,100,0.415,18.9,-0.922,0.386,12.79,9.41,15.319151,83.43949045,90.04804393,86.13589568,87.98901853,2.005988961,2.867368421,,,-0.01646926,-0.029844553,-0.003557036,
11025500,0.002452097,6.099684049,60.5,14.5,2,30,884,0.945482657,0.143625906,1,1,16.382785,0.674671611,1,30,50.2,5.499648145,89.66623877,80.16688062,78.27342747,1.59,288.7,61.83,49,43.1,760.7,1.6,0.57,0.88,4,1.39,32.2,10.45,3.04,16.47,31.29,52.24,891.8,1731,269,0.428,20.2,-0.631,-0.776,10.28,13.15,16.426629,55.25114155,90.36579083,78.36166924,82.50901597,11.15906388,12.28919293,,,-0.027877997,-0.041292397,-0.019523264,1.382956825
11274500,0.018074566,4.299996105,48.3,11.2,2,31.875,904,0.998655204,0.139368379,1,1,27.069601,1.263529895,1,31.875,40.7,3.899894502,89.66421826,75.76075551,83.78803778,1.48,347.8,45.32,61.6,45.7,861,1.4,0.624,1.05,4,1.63,30.1,10.73,1.77,24.88,42.82,32.31,475.6,1155,62,0.378,24.4,-0.349,0.937,9.66,9.63,18.273952,35.2173913,91.07321966,78.53560682,84.45336008,7.729944851,9.815899942,,,-0.038463304,-0.06331748,-0.014461163,0.693667672
11014000,0.007476388,4.799604,48.8,20.1,2,88,728,1.026294291,0.1203008,1,1,7.06468,1.142409136,1,88,36,3.999445,89.62472406,77.99852833,99.11699779,2.91,181.8,44.33,55.8,42.1,846.3,0,0.609,1.26,5,1.39,33.8,10.3,3.01,18.77,38.69,42.55,490.9,1128,158,0.343,19.4,-0.048,-0.999,11.13,8.78,16.12831,64.11764706,91.51785714,78.92857143,99.28571429,6.01277364,6.221287129,,,-0.031159249,-0.061151788,-0.024314305,
11451100,0.204479937,10.29887076,81.1,63.5,1,26,221,1.017598737,0.081437856,1,1,100.000193,0.993923055,1,26,81.1,10.29887076,89.61168935,89.95196157,72.69815853,2.44,155.1,122.99,60.8,72.9,711.9,2.9,0.62,0.88,4,1.26,40.7,10.13,1.39,20.14,45.4,34.46,910.7,1815,476,0.327,31.1,-0.452,0.892,8.57,17.58,14.155992,67.80045351,89.54326923,89.94391026,72.67628205,56.45113612,70.47272727,99.99632495,87.05802708,0.245391773,0.108819985,0.019283084,0.555934591
11274538,0.008626556,4.299996105,48.7,11.2,2,31.875,904,1.012313395,0.142652365,1,1,20.054364,1.350921136,1,31.875,40.7,3.899894502,89.56336528,75.55910543,82.74760383,1.27,469.4,42.12,61.9,44.8,864.4,1.3,0.619,0.06,4,1.31,29.8,10.95,1.77,24.47,43.22,32.31,405.1,1155,19,0.34,20.9,-0.28,0.96,9.82,8.8,18.511698,47.11538462,90.85457271,78.4107946,83.70814593,5.650655605,7.274584576,,,-0.038463304,-0.06331748,-0.014461163,0.693667672
11148900,0.607741414,7.499523529,85.7,41.4,2,30.8,912,1.135471843,0.385034718,1,1,21.611762,1.082710122,1,30.8,56.6,4.599833774,89.55128205,72.11538462,74.03846154,1.48,403.5,69.16,62.7,52.5,745.3,1.5,0.653,0.99,5,1.22,31.2,11.37,2.86,22.94,36.87,40.19,551.8,1138,256,0.337,21.3,-0.586,0.81,9.43,14.72,16.11163,59.38697318,89.58437656,76.21432148,78.96845268,3.551364882,3.720446097,20.74907063,12.52795539,-0.01053454,-0.029824538,0.000681522,0.881405809
9512280,0.127103055,13.99998022,37.7,0,1,19,413,1.172063418,0.48720408,1,1,77.294582,1.157801676,1,19,39,13.99998022,89.50988822,96.04471195,68.37919175,2.43,188.7,50.78,38.1,53.2,973.2,0.5,0.208,0.98,4,1.51,22.7,10.42,5.25,18.83,28.78,52.39,1150.1,1637,693,0.484,21.1,-0.665,-0.747,26.51,5.84,17.665115,9.768211921,88.85605741,95.65217391,68.86872098,26.94965959,28.43465819,,,-0.008494311,-0.052430125,0.002836052,0.847229552
11123500,0.043376273,14.99978736,118.2,141.1,2,43.5,157,1.048512514,0.136502633,1,1,16.457797,0.447891372,1,43.5,89.5,14.49214,89.49964764,89.21775899,84.49612403,1.89,718.1,79.99,52.6,34.3,660.8,3.8,0.712,1.27,5,1.39,25.8,9.92,1.14,22.63,41.55,35.82,934.1,2081,242,0.378,31.2,-0.578,-0.816,8.31,17.22,18.753658,82.4120603,90.91915836,87.59689922,87.54152824,5.2299529,5.452388247,16.02817156,5.57082579,-0.013665477,-0.012168644,-0.003767537,0.771068736
9510200,0.106529301,7.799881915,60.5,55.6,2,30,566,1.126821087,0.332413994,1,1,51.64207,0.937840864,1,30,47.6,4.8,89.49780789,73.2562774,84.49581507,1.74,425.3,61.33,36.1,50,956.2,2.1,0.215,1.04,5,1.39,30.1,10.19,4.14,15.96,29.86,54.17,1161.3,2161,545,0.383,21.4,-0.57,-0.822,7.77,5.8,17.785195,75.64575646,91.39668826,83.83729302,85.99712023,13.07368334,14.52337174,51.02477531,24.56769952,0.021089831,-0.083028358,-0.053698101,0.855361738
11466170,0.166361317,17.89385829,54.9,16.6,2,19.875,416,0.963187827,0.157832822,1,1,22.469984,1.304360211,1,19.875,52.8,17.895012,89.49579832,99.06629318,61.57796452,1.63,56,106,64.2,74.7,734.4,0.9,0.619,0.66,2,1.24,27,11.09,1.2,26.85,43.61,29.55,220.7,744,50,0.248,12.2,0.779,-0.627,11.92,15.35,16.615901,40.51094891,88.55501547,98.36500221,62.74856385,0.386782233,1.523571429,,,0.264541567,0.141533693,-0.032432584,0.840366825
11152000,0.039773105,18.59253,95.2,15.2,2,35.92861111,529,1.097556444,0.304008026,1,1,7.156277,1.825105706,1,35.92861111,82.4,16.79469697,89.45541911,93.43299519,79.33796049,2.07,625.1,80.89,63.9,60.5,663.8,2.9,0.654,1.03,5,2.35,38.3,10.02,3.14,20.17,34.81,45.02,759.1,1785,113,0.387,34.7,-0.132,0.991,8.78,16.68,17.294107,39.55223881,89.83833718,93.7182448,82.07852194,3.419893111,4.751959686,14.97461206,10.20955047,-0.144762853,-0.216354713,-0.026505137,
11123500,0.100159758,16.59642597,172.6,191.1,2,35.66666667,455,1.036732705,0.174898773,1,1,11.243107,1.233641415,1,35.66666667,92.4,16.19823273,89.41344778,89.12732475,77.53934192,1.89,718.1,79.99,52.6,34.3,660.8,3.8,0.712,1.27,5,1.39,25.8,9.92,1.14,22.63,41.55,35.82,934.1,2081,242,0.378,31.2,-0.578,-0.816,9.59,16.27,18.753658,87.43718593,93.74307863,89.03654485,82.17054264,7.582963909,7.580629439,16.02817156,5.57082579,0.091631876,-0.223591681,-0.115236239,0.553130696
11042900,0.013341699,5.299262187,39.1,0.6,2,48.93333333,619,0.998800201,0.050637499,1,1,6.890085,1.723145088,1,48.93333333,30.9,3.9994,89.4,82.13333333,95.33333333,1.45,227.1,38.42,52.1,30.4,862.2,0.2,0.588,1,3,1.35,24,11.73,2.76,18.12,34.83,47.04,611.1,1381,325,0.274,8.4,-0.245,-0.97,12.22,7.24,16.576693,33.33333333,89.80611046,84.48883666,95.82843713,1.886222907,1.07675033,,,,,,
11153000,0.062306056,8.294033493,49.6,60.6,2,29.5,907,1.033196464,0.11918137,1,1,10.488957,2.512752181,1,29.5,39.2,6.995909136,89.34746235,90.96486336,77.91411043,1.11,375.4,52.87,62.6,46.9,835.2,1.3,0.643,1.11,5,1.85,28.4,10.45,2.08,24.44,44.87,30.7,424.1,1045,74,0.363,20.9,-0.996,-0.088,10.04,11.66,15.589845,67.74193548,89.28571429,90.37900875,80.70942663,3.405985647,4.396909963,,,-0.039911175,-0.064240113,-0.013477485,0.728067193
11152050,0.014204289,18.59253,95.5,15.2,2,35.92861111,529,1.121464196,0.363549732,1,1,5.778692,1.628838967,1,35.92861111,82.4,16.79469697,89.34514224,93.39774557,78.63660762,1.67,771.5,74.52,63.7,58.2,676.7,2.4,0.652,1.04,6,2.02,38.4,10.1,2.9,21.11,35.63,43.26,674.8,1785,52,0.359,31.4,0.227,0.974,9.08,15.41,17.029979,35.9223301,89.72948189,93.76432829,81.70563961,2.814091554,3.832378483,12.12311082,8.239170447,-0.144762853,-0.216354713,-0.026505137,
11143000,0.172812433,15.99892614,101.2,65.8,2,38,153,1.049771426,0.166938235,1,1,29.9711,1.327452654,1,38,78.6,12.69905814,89.34306569,89.48905109,86.83698297,2.74,120.6,116.26,67.4,72.8,639.5,3.4,0.654,0.98,4,1.47,40.3,10.29,4.14,14.13,31.45,54.42,779,1505,80,0.492,43.6,-0.447,-0.894,8.68,23.37,18.127121,73.49726776,91.45940873,92.02252464,87.30642891,15.90995837,20.11791045,86.30373134,57.91119403,0.010770338,0.00564021,0.002104102,
11042400,0.002399731,13.99030965,57.8,24.4,2,14,899,1.00230319,0.198293062,1,1,5.418644,1.623115625,1,14,39.2,9.596865161,89.34269304,93.61837907,46.17102744,2.17,342.2,45.9,47.5,35.2,738.3,4.5,0.519,0.92,4,1.33,34.5,10.18,6.63,11.08,22.22,66.7,1119.3,1870,508,0.457,17,0.473,-0.881,8.6,5.23,17.322787,70.37037037,91.41361257,95.34031414,51.4921466,2.08734395,4.6735827,,,-0.023759569,-0.085498497,-0.017434759,
11152000,0.136804985,25.27397,101.9,208,2,39,166,1.081518157,0.260810873,1,1,7.156277,1.825105706,1,39,81.8,19.189652,89.32194341,95.35504538,81.79391351,2.07,625.1,80.89,63.9,60.5,663.8,2.9,0.654,1.03,5,2.35,38.3,10.02,3.14,20.17,34.81,45.02,759.1,1785,113,0.387,34.7,-0.132,0.991,8.78,16.68,17.294107,97.01492537,90.66974596,96.76674365,84.20323326,3.419893111,4.751959686,14.97461206,10.20955047,0.01157158,0.010173132,0.002783593,
11063510,0.011659867,16.99618864,74.2,3.6,2,71,927,0.925759375,0.37377835,1,1,75.044644,1.007263416,1,71,68.2,14.797033,89.31917552,92.1299188,98.46970643,2.04,144.5,66.42,46,40.7,690.4,4.5,0.635,0.96,4,1.54,50.7,9.96,6.14,10.54,26.94,62.52,1273.4,2542,794,0.272,22.4,-0.728,0.686,8.58,13.15,18.45637,42.13483146,89.65116279,92.90697674,98.5755814,20.60685912,23.61986159,74.67695502,36.88442907,0.082420918,-0.038169893,-0.099867697,0.741913803
8294195,0.008646357,6.099903721,23.1,78.9,1,12.5,397,1.043001341,0.345542334,1,1,17.374893,0.678045527,1,12.5,19.7,5.799165915,89.30002357,89.13504596,62.38510488,2.27,78.6,73.93,49.1,74.6,399.9,36.7,0.115,0.4,2,1.21,73.1,9.46,3.82,21.29,50.78,27.93,2909.1,3843,2113,0.463,34.2,0.36,-0.933,15.09,10.1,13.3997,84.12698413,87.12409593,85.23030072,67.10125619,7.408677581,8.567175573,6.818708651,2.85470229,-0.039297524,-0.049703246,-0.002356364,0.726785306
11073300,0.392912812,17.99793818,79.9,1.3,2,27,61,1.024642043,0.145715879,1,1,30.521869,0.844669747,1,27,68.5,17.09717512,89.29788684,93.45603272,74.77845944,0.81,83.6,90.33,49.8,53.3,682.5,5.3,0.643,1.21,3,1.12,50,9.57,6.38,11.96,34.18,53.86,1477.5,3059,222,0.443,40.8,-0.829,-0.56,6.64,12,20.142177,41.01382488,88.33981122,91.56024431,79.01166019,17.99244488,18.93767943,,,-0.009237746,-0.015867851,-0.002105119,1.312947468
11143000,0.455511033,8.599502991,83.3,7.6,2,38,978,1.001425469,0.150998806,1,1,99.985297,0.997222043,1,38,83.3,8.599502991,89.23545966,80.8630394,87.31238274,2.74,120.6,116.26,67.4,72.8,639.5,3.4,0.654,0.98,4,1.47,40.3,10.29,4.14,14.13,31.45,54.42,779,1505,80,0.492,43.6,-0.447,-0.894,8.68,23.37,18.127121,34.15300546,89.16001877,80.85405913,87.30642891,33.21126627,44.52462687,86.30373134,57.91119403,-0.041323742,-0.061614597,-0.016607488,0.638570704
11123500,0.068219048,12.9960381,95.8,44.8,2,22,155,1.019495611,0.087964555,1,1,16.457797,0.447891372,1,22,87.9,12.99531532,89.21775899,86.75123326,47.8858351,1.89,718.1,79.99,52.6,34.3,660.8,3.8,0.712,1.27,5,1.39,25.8,9.92,1.14,22.63,41.55,35.82,934.1,2081,242,0.378,31.2,-0.578,-0.816,8.31,17.22,18.753658,56.28140704,88.70431894,85.16057586,51.49501661,5.2299529,5.452388247,16.02817156,5.57082579,-0.013665477,-0.012168644,-0.003767537,0.771068736
11458500,0.222166539,10.29936286,66.6,85.1,2,40.97305556,482,1.020458988,0.065730915,1,1,63.695385,1.042728974,1,40.97305556,63.1,10.29974365,89.21653035,90.57253551,89.06586311,2.59,150.4,107.96,63.9,77.4,739.6,1.4,0.626,0.64,3,1.77,23.2,10.42,1.81,24.93,43.89,31.18,301.1,824,39,0.336,17.6,-0.861,-0.509,9.57,20.48,19.519202,80.91603053,89.11101659,89.32369205,89.19608677,10.35774737,23.62679521,,,0.19127005,-0.008569863,-0.068260773,0.620423687
11152050,0.110477807,26.585704,106.3,208.9,2,39,166,1.093482928,0.296577378,1,1,5.778692,1.628838967,1,39,81.8,19.189652,89.21095008,95.33011272,81.32045089,1.67,771.5,74.52,63.7,58.2,676.7,2.4,0.652,1.04,6,2.02,38.4,10.1,2.9,21.11,35.63,43.26,674.8,1785,52,0.359,31.4,0.227,0.974,9.08,15.41,17.029979,96.11650485,91.15084823,97.20311784,83.99816598,2.814091554,3.832378483,12.12311082,8.239170447,0.01157158,0.010173132,0.002783593,
11274538,0.006334184,8.497228571,40.1,16.3,2,29,153,1.080312212,0.262565738,1,1,21.29077,1.252220249,1,29,38.5,8.590903349,89.16122004,95.09803922,78.89433551,1.27,469.4,42.12,61.9,44.8,864.4,1.3,0.619,0.06,4,1.31,29.8,10.95,1.77,24.47,43.22,32.31,405.1,1155,19,0.34,20.9,-0.28,0.96,8.64,5.48,18.511698,55.04807692,88.60569715,93.35332334,80.58470765,8.636513396,9.777673626,,,-0.061436979,-0.126443083,0.002099572,0.611608627
11152050,0.05468835,30.4828,100.8,96.5,2,27,953,1.121909684,0.351934405,1,1,8.868908,1.491041107,1,27,82.1,26.1844127,89.15192508,98.12695109,69.8491155,1.67,771.5,74.52,63.7,58.2,676.7,2.4,0.652,1.04,6,2.02,38.4,10.1,2.9,21.11,35.63,43.26,674.8,1785,52,0.359,31.4,0.227,0.974,9.8,12.93,17.029979,78.15533981,90.37138927,98.25767996,73.15451628,1.729693567,2.523499676,12.12311082,8.239170447,0.239470253,0.058363783,-0.063931071,0.893566341
10321590,0.000802092,2.699930435,25.3,0,1,23,1003,1.010961438,0.238164247,1,1,24.500089,1.286795577,1,23,16.4,2.399646316,89.14702954,82.70826419,75.88781945,1.45,476.6,31.03,52.6,69.9,545.9,39,0.172,1.1,4,1.34,63.8,11.2,2.06,27.06,43.56,29.38,1821.7,2574,1498,0.301,12.2,-0.936,0.351,5.48,2.71,21.107389,7.920792079,93.09015421,83.95610913,78.08422301,11.0869995,10.16682753,,,0.002651714,-0.002714391,0.000427141,0.904028171
11467200,1.058833118,8.79994878,89.6,160.6,2,23,485,1.030129823,0.082247956,1,1,32.048365,1.410971875,1,23,89.1,8.799923171,89.0989011,76.79120879,63.27472527,2.33,162.6,162.49,65.6,81.3,700.8,0.6,0.627,0.81,4,1.32,36,10.95,2.58,24.92,42.04,33.04,308.2,735,20,0.403,28.9,-1,0.009,8.42,27.19,14.168797,88.50574713,87.76353865,75.44439851,64.75816453,16.10916175,18.79649446,,,-0.114354514,-0.326916642,-0.207129922,0.39255994
11118500,0.005416168,14.09865874,104.2,100.9,2,19.95666667,403,1.062426258,0.15653886,1,1,82.190611,1.092289043,1,19.95666667,104.2,14.09865874,89.08865468,86.48481091,50.4649721,2.11,485.7,69.88,51.4,33.4,711.7,1.4,0.702,1.2,6,1.39,38.3,10.32,1.3,23.76,41.87,34.37,702.1,1835,78,0.36,29.1,-0.979,-0.203,9.39,15.31,16.615606,79.18781726,89.1439206,86.4764268,50.43424318,33.83108468,42.24663372,80.03368334,50.47848466,0.124952005,-0.160521487,-0.114735616,0.588751203
11451715,0.001930433,9.096566842,78.4,0,2,57.66666667,537,1.037198188,0.157602807,1,1,11.655139,0.944331954,1,57.66666667,56.1,7.098318607,89.08320085,87.70535241,92.73979862,0.9,247.9,70.02,59.6,55.5,854.4,1,0.615,0.96,4,1.19,43.2,10.66,0.49,37.34,42.78,19.88,560.5,1162,264,0.34,18.2,-0.265,0.964,7.69,10.4,18.827651,6.423611111,91.38392857,90.3125,93.92857143,2.304121352,5.157482856,23.98777733,10.34183138,-0.053507114,-0.11941711,-0.015162012,0.608025122
11028500,0.015290696,5.299245538,47.9,84.7,2,41,476,1.063542558,0.130055102,1,1,59.833561,1.393602004,1,41,47.8,5.299245538,89.08296943,80.28696195,89.08296943,1.75,146.3,47.31,53.2,40,817.6,0.1,0.607,0.82,3,1.39,26.8,11.3,2.46,16.66,32,51.34,561.3,994,400,0.27,8.7,-0.125,-0.992,11.32,9.59,15.589059,92.05607477,89.13580247,80.12345679,89.19753086,13.30200551,18.34757348,,,-0.001277412,-0.010668693,-0.007411574,0.873161756
11143000,0.170229639,8.099536923,86.4,24.3,2,29,88,1.016315566,0.064231403,1,1,13.697515,0.363115177,1,29,63.3,4.999256195,89.07161804,70.98143236,76.73740053,2.74,120.6,116.26,67.4,72.8,639.5,3.4,0.654,0.98,4,1.47,40.3,10.29,4.14,14.13,31.45,54.42,779,1505,80,0.492,43.6,-0.447,-0.894,8.33,25.11,18.127121,50.54644809,89.74659784,79.49319568,79.28202722,0.979707657,4.544776119,86.30373134,57.91119403,0.014848658,0.011437441,0.000869751,
11160500,0.033573604,14.49755172,103.8,27.1,2,38.83333333,813,0.982517377,0.10806896,1,1,19.295537,0.992160412,1,38.83333333,84.8,9.299551579,89.06678866,77.76761208,87.28270814,2.46,275.8,118.78,67,68.2,703.2,0.7,0.632,0.89,4,1.34,42.1,10.75,3,18.37,36.19,45.44,364.3,980,76,0.323,25.1,-0.998,-0.056,12.92,14.85,15.363053,44.90644491,90.82764505,87.92662116,88.09726962,2.493591322,7.196736766,,,0.041837854,-0.112640495,-0.094277614,0.600181272
11152000,0.050282627,6.997736109,83.9,0,2,53.5,258,1.067539512,0.251824233,1,1,10.954941,1.60170771,1,53.5,80.5,6.797348262,89.02691511,76.55279503,91.82194617,2.07,625.1,80.89,63.9,60.5,663.8,2.9,0.654,1.03,5,2.35,38.3,10.02,3.14,20.17,34.81,45.02,759.1,1785,113,0.387,34.7,-0.132,0.991,11.91,5.11,17.294107,6.417910448,87.852194,75.38106236,92.70207852,2.102052119,3.129195329,14.97461206,10.20955047,0.008995308,0.013725339,0.004678276,1.119487192
11453500,0.526959225,7.599580196,81.5,34.4,2,30.8,524,0.969092262,0.103420205,1,1,68.402353,0.917637249,1,30.8,81,7.599580196,89.01373283,80.56595922,77.09113608,1.47,293.4,112.6,63,63.1,752.4,2,0.624,0.62,3,1.5,36.4,10.72,0.99,28.71,44.41,26.88,554.7,1432,273,0.243,19.3,-0.169,0.986,8.43,19.97,17.47691,44.89051095,88.59437751,78.87550201,77.89156627,38.71637619,46.98312883,,,-0.106642653,-0.150364536,-0.029878285,0.389033416
11153000,0.028814665,7.899789804,58.2,7,2,17.95666667,863,1.004675503,0.116380544,1,1,27.540676,2.080203017,1,17.95666667,41.5,5.399477774,88.93048128,83.63636364,56.14973262,1.11,375.4,52.87,62.6,46.9,835.2,1.3,0.643,1.11,5,1.85,28.4,10.45,2.08,24.44,44.87,30.7,424.1,1045,74,0.363,20.9,-0.996,-0.088,9.17,7.02,15.589845,30.10752688,91.5451895,89.55296404,59.62099125,9.778177304,9.362972829,,,-0.018560892,-0.075129309,-0.091507196,0.725884757
11478500,0.182545537,11.998176,115.3,0,1,84,608,1.020373014,0.056828505,1,1,12.895813,1.546514251,1,84,93.8,11.18818255,88.9211769,90.99164548,94.89647657,1.44,572.4,186.88,62.5,90.6,614.2,24.9,0.537,0.86,6,1.67,36.7,10.37,1.41,23.84,42.24,33.92,923,1788,120,0.484,25.8,0.884,-0.467,8.41,13.56,14.61381,3.898635478,90.36968002,90.7424666,95.63529046,1.95071882,5.137264151,8.748707198,1.959399022,-0.086162704,-0.125107951,-0.015183729,0.585520602
11152050,0.032078938,6.997736109,84.9,0,2,53.5,258,1.093066152,0.30713032,1,1,8.868908,1.491041107,1,53.5,80.5,6.797348262,88.91779396,76.43080125,91.51925078,1.67,771.5,74.52,63.7,58.2,676.7,2.4,0.652,1.04,6,2.02,38.4,10.1,2.9,21.11,35.63,43.26,674.8,1785,52,0.359,31.4,0.227,0.974,12.1,4.74,17.029979,7.281553398,87.94131133,75.33241632,92.52636405,1.729693567,2.523499676,12.12311082,8.239170447,0.008995308,0.013725339,0.004678276,1.119487192
11101250,0.630058193,27.0976,79.3,7.7,1,12.5,596,1.11085138,0.31917502,1,1,9.043463,1.218738623,1,12.5,72.8,26.89559808,88.89285714,98.28571429,39.89285714,3.16,237.3,62.69,59.1,33.7,843.8,0.3,0.655,0.85,3,1.36,34,10.8,2.61,18.95,41.98,39.07,471.3,1852,65,0.228,19.6,-0.987,-0.161,20.3,0.69,13.411358,46.78899083,89.18582971,97.88688626,44.09571162,0,3.349683944,19.49397387,12.38921197,-0.042418249,-0.066936498,-0.019972415,
11372000,0.017184983,10.99897273,129.7,5,1,34.75,104,1.011246766,0.256988949,1,1,6.341896,0.624858698,1,34.75,97.9,8.999346977,88.88406426,88.2327399,67.43378202,1.46,589.9,149.15,61.6,92.2,773.2,13.3,0.544,0.71,4,1.55,62,10.11,2.48,20.64,39.59,39.77,857.8,1883,245,0.39,33.5,-0.806,0.592,14.22,7.61,14.264321,27.59493671,91.72856178,90.78325456,74.2741391,1.867578044,3.624563485,,,-0.147085633,-0.161773753,-0.01030857,0.527703382
11113000,0.054891066,18.89865,167.4,257.5,2,65.5,855,1.043719367,0.189236606,1,1,18.928716,1.316921813,1,65.5,101,7.299813455,88.88213852,75.82017011,94.62332928,1.41,650,68.34,45.4,34.7,663.4,7.7,0.69,1.22,4,1.67,44.6,9.91,2,22.07,41.65,36.28,1251.5,2274,184,0.512,32.7,-1,0.016,10.45,3.09,16.054577,95.45454545,93.70860927,91.05960265,95.11589404,6.141831074,9.616984615,14.98787692,8.055507692,0.266680581,0.059727096,-0.059527782,0.966690077
9512280,0.070379378,13.09109314,42.3,122.5,1,44.66666667,38,1.101713958,0.272636309,1,1,77.294582,1.157801676,1,44.66666667,36.5,13.09109314,88.8650043,95.27085125,95.20636285,2.43,188.7,50.78,38.1,53.2,973.2,0.5,0.208,0.98,4,1.51,22.7,10.42,5.25,18.83,28.78,52.39,1150.1,1637,693,0.484,21.1,-0.665,-0.747,27.52,3.99,17.665115,97.35099338,90.27015618,94.80793584,95.31447868,26.94965959,28.43465819,,,-0.003969068,-0.008252049,0.001860998,1.054136431
11025500,0.100045571,12.5,52.4,0,2,14.85722222,116,0.854024302,0.335754348,1,1,57.038453,0.63853309,1,14.85722222,49.6,12.4989531,88.82183908,94.65517241,48.36206897,1.59,288.7,61.83,49,43.1,760.7,1.6,0.57,0.88,4,1.39,32.2,10.45,3.04,16.47,31.29,52.24,891.8,1731,269,0.428,20.2,-0.631,-0.776,9.46,12.2,16.426629,10.0456621,88.40803709,92.99330242,51.41679547,35.29497486,34.52483547,,,-0.017419339,-0.025310091,-0.001559886,0.844644078
11149900,0.066669723,11.598635,79.6,118.8,2,27.8,167,1.143805936,0.338201689,1,1,8.664033,1.715767974,1,27.8,78,11.598635,88.81754949,86.83788122,73.06046014,1.56,556.4,63.26,62,54,737.5,1.5,0.659,1.13,4,1.35,33.5,10.91,2.31,24.37,37.78,37.85,533.4,1785,248,0.186,19.5,-0.995,-0.102,9.33,13.34,16.227347,85.25896414,88.4824518,86.80177954,75.01235788,1.544994989,3.774209202,28.84609993,15.65149173,0.015682926,0.015878051,0.003511839,
11149900,0.080410811,13.49995271,85.8,14.5,2,30,606,1.144059399,0.33590556,1,1,21.73561,1.616261858,1,30,73.2,11.89677419,88.80952381,88.2010582,75.92592593,1.56,556.4,63.26,62,54,737.5,1.5,0.659,1.13,4,1.35,33.5,10.91,2.31,24.37,37.78,37.85,533.4,1785,248,0.186,19.5,-0.995,-0.102,9.33,13.34,16.227347,34.66135458,89.6688087,89.2733564,77.40978744,8.848335816,13.12359813,28.84609993,15.65149173,-0.084847199,-0.178495399,-0.026298828,0.494408205
11204100,0.045925312,27.58864662,93.1,0,2,12.9775,221,1.088679514,0.214969158,1,1,14.215553,0.967391659,1,12.9775,59.6,26.89272381,88.8019428,99.35240151,32.37992445,2.9,249.1,79.83,55.9,53.1,703.2,25.2,0.595,0.74,4,1.36,65.9,9.43,2.64,18.72,31.31,49.98,1348.7,2824,292,0.417,34.4,0.119,-0.993,9.78,6.17,17.505672,14.79289941,92.85714286,99.0952381,36.0952381,1.184458719,2.632436772,48.9626656,16.38281815,0.352794745,0.197325331,0.02549359,0.986911753
8294195,0.010087417,15.28965862,50.7,26.9,1,6.95,418,1.099424828,0.346829455,1,1,17.374893,0.678045527,1,6.9375,19.2,11.49738878,88.79330662,97.14824417,35.65873203,2.27,78.6,73.93,49.1,74.6,399.9,36.7,0.115,0.4,2,1.21,73.1,9.46,3.82,21.29,50.78,27.93,2909.1,3843,2113,0.463,34.2,0.36,-0.933,14.07,10.23,13.3997,49.6031746,96.84050247,97.2972973,42.94822992,7.408677581,8.567175573,6.818708651,2.85470229,-0.039297524,-0.049703246,-0.002356364,0.726785306
11042400,0.004551213,6.295415764,55.6,3.3,2,36.875,192,0.986315336,0.196780888,1,1,5.418644,1.623115625,1,36.875,37.3,4.799784,88.73643906,81.94001276,86.59859604,2.17,342.2,45.9,47.5,35.2,738.3,4.5,0.519,0.92,4,1.33,34.5,10.18,6.63,11.08,22.22,66.7,1119.3,1870,508,0.457,17,0.473,-0.881,7.88,8.66,17.322787,42.82407407,90.68062827,81.2565445,89.0052356,2.08734395,4.6735827,,,-0.082501895,-0.21372596,-0.002731465,
11451715,0.02878515,5.299382398,56.3,1,2,56,158,1.019556346,0.059207589,1,1,11.690112,0.296371599,1,56,44.7,4.499865928,88.69318182,81.59090909,91.39204545,0.9,247.9,70.02,59.6,55.5,854.4,1,0.615,0.96,4,1.19,43.2,10.66,0.49,37.34,42.78,19.88,560.5,1162,264,0.34,18.2,-0.265,0.964,7.28,15.2,18.827651,18.40277778,86.20535714,77.54464286,93.23660714,1.945488238,3.78987495,23.98777733,10.34183138,-0.03605718,-0.06584007,0.002251203,0.654581878
11047300,0.085618405,17.09724755,55.4,1.5,2,16.95833333,208,1.105906792,0.227623002,1,1,11.921157,1.8590446,1,16.95833333,52.5,17.09723916,88.65900383,95.09578544,54.78927203,1.1,139.9,46.85,61.6,36.6,812.1,0,0.652,1.08,3,1.27,23.9,11.46,2.26,24.89,42.68,32.43,423.2,1729,25,0.234,19.1,-0.597,-0.802,13.12,9.25,13.66011,40.67460317,89.61303462,95.31568228,58.24847251,4.902997679,7.699857041,11.53209435,10.94796283,0.041259974,-0.235467907,-0.063706538,0.495678495
11044800,0.387493325,9.798766344,45.2,89.8,2,11.8,163,0.987320896,0.071309523,1,1,5.29932,0.732504198,1,11.8,42.4,9.09844,88.65853659,90.6504065,42.4796748,1.68,85.5,40.9,59,33,853.1,0,0.666,0.86,3,1.19,26.7,10.3,3.33,15.97,31.55,52.47,405.4,859,100,0.415,18.9,-0.922,0.386,12.79,9.41,15.319151,89.17197452,87.78311599,89.70487303,46.01921757,2.005988961,2.867368421,,,-0.01646926,-0.029844553,-0.003557036,
9430600,0.32850484,2.199826316,35.4,96.4,1,35,505,1.100208772,0.28020386,1,1,51.133435,1.205781063,1,35,32.5,2.199400789,88.63272921,58.79530917,87.48667377,1.85,190.5,67.41,44.7,72,593.8,14,0.222,0.58,3,1.32,53.1,9.96,2.05,31.86,33.61,34.53,2371.3,3268,1694,0.444,40.6,-0.973,-0.231,10.97,6.38,15.895541,89.41176471,88.48560701,58.22277847,88.24780976,11.52470622,12.07322835,91.38944882,35.34944882,0.045692369,0.00555586,-0.002151291,0.813182192
11143000,0.153558874,7.999614694,77.8,0,2,43.5,258,1.01845047,0.111453277,1,1,86.219962,1.022908078,1,43.5,77.6,7.799717303,88.61058601,78.6389414,89.86294896,2.74,120.6,116.26,67.4,72.8,639.5,3.4,0.654,0.98,4,1.47,40.3,10.29,4.14,14.13,31.45,54.42,779,1505,80,0.492,43.6,-0.447,-0.894,11.22,7.58,18.127121,8.879781421,88.45612389,79.07085875,89.93430314,14.47744466,22.15223881,86.30373134,57.91119403,-0.031238989,-0.040315131,0.002169895,1.009060924
11390000,0.117463459,13.19949238,187.8,0,1,63.85722222,188,1.088647897,0.20692339,1,1,17.151958,0.299544475,1,63.85722222,98,9.598218202,88.60596708,88.7345679,85.64814815,0.96,383.3,174.98,52.3,88.3,636,22.2,0.555,0.94,4,1.45,56.7,10.42,2.18,18.76,41.93,39.31,1133.9,2185,119,0.495,20.6,-0.376,-0.926,12.92,7.65,16.983946,9.171075838,94.9659349,93.48978047,89.36411809,5.771488145,6.206548396,19.93289851,13.77177146,0.278427234,0.178082882,0.040610399,1.066559278
11381500,0.060559076,22.88816,181.9,3.3,1,32.88916667,29,1.169275414,0.410366259,1,1,46.563934,,1,32.88916667,80.3,10,88.60259981,94.61467038,59.70287837,0.66,337.6,143.89,52.7,90.1,627.7,28.2,0.512,0.61,3,1.34,65,10.3,2.86,20.11,41.06,38.84,1204.7,3162,128,0.357,27,-0.749,-0.662,12.58,8.98,14.722083,30.07968127,93.63282632,97.84223559,68.4117439,7.713327989,11.13430095,12.55758294,7.867890995,0.003880938,0.001396521,-0.000420126,
11042900,0.012094811,4.298150482,46.8,2.6,2,43.5,601,0.946188681,0.140532932,1,1,6.890085,1.723145088,1,43.5,28.6,2.299895284,88.6,67.26666667,92.2,1.45,227.1,38.42,52.1,30.4,862.2,0.2,0.588,1,3,1.35,24,11.73,2.76,18.12,34.83,47.04,611.1,1381,325,0.274,8.4,-0.245,-0.97,12.22,7.24,16.576693,43.37899543,91.77438308,77.96709753,93.00822562,1.886222907,1.07675033,,,,,,
11138500,0.024630078,21.09924211,124.6,104.7,2,21,147,1.072981297,0.269027987,1,1,5.562678,0.956816384,1,21,65.5,12.79990345,88.57758621,90.0862069,48.77873563,2,728.9,69.82,57.6,39.6,665.2,7.1,0.686,1.16,5,1.44,28.2,9.8,1.39,21.86,41.68,36.45,994.2,2081,193,0.424,34.2,0.199,-0.98,8.21,17.01,16.60856,82.94117647,92.51626898,93.76355748,52.79284165,2.132233872,2.931760187,,,0.030284293,0.031200972,0.00251511,
11025500,0.038350802,7.999946087,53.5,0,2,23,105,1.010713571,0.13727366,1,1,57.038453,0.63853309,1,23,48.4,7.299954449,88.56321839,85.57471264,65.0862069,1.59,288.7,61.83,49,43.1,760.7,1.6,0.57,0.88,4,1.39,32.2,10.45,3.04,16.47,31.29,52.24,891.8,1731,269,0.428,20.2,-0.631,-0.776,9.46,12.2,16.426629,10.0456621,88.82019578,85.00772798,67.64554353,35.29497486,34.52483547,,,-0.017419339,-0.025310091,-0.001559886,0.844644078
11128250,0.011894599,8.895012878,51.5,1.9,2,27.9775,899,1.039738065,0.106077372,1,1,37.41514,,1,27.9775,49.6,8.895012878,88.52459016,87.09016393,83.46994536,1.19,73.8,63.62,64.2,39.5,751,0.3,0.688,1.15,4,1.4,24.8,11.06,2.09,25.37,39.2,35.43,511,1369,172,0.283,19,-0.632,-0.775,11.66,13.59,18.11282,22.91666667,88.85309278,86.8556701,84.34278351,2.221412774,5.613414634,,,0.035045573,0.036447679,0.000809987,
11063510,0.276309454,14.99883,65,94.3,2,19,109,1.037245425,0.148817727,1,1,19.701106,0.914667921,1,19,64.4,14.99883,88.50911458,92.25260417,54.58984375,2.04,144.5,66.42,46,40.7,690.4,4.5,0.635,0.96,4,1.54,50.7,9.96,6.14,10.54,26.94,62.52,1273.4,2542,794,0.272,22.4,-0.728,0.686,6.53,14.09,18.45637,89.3258427,88.05232558,91.51162791,57.29651163,6.090614167,8.283114187,74.67695502,36.88442907,0.003303807,-0.006704234,-0.005119741,0.927332981
11148900,0.771957916,7.799621739,93.3,238.4,2,52,907,1.017891782,0.199106048,1,1,6.063932,1.901817314,1,52,68.1,6.997977228,88.50896861,77.52242152,92.96524664,1.48,403.5,69.16,62.7,52.5,745.3,1.5,0.653,0.99,5,1.22,31.2,11.37,2.86,22.94,36.87,40.19,551.8,1138,256,0.337,21.3,-0.586,0.81,10.3,11.45,16.11163,96.9348659,90.78617927,77.16574862,93.66549825,1.860832125,3.682081784,20.74907063,12.52795539,-0.028729434,-0.048945195,-0.013939367,0.763799659
11118500,0.230872157,23.39350154,99.9,44.2,2,18,106,1.049281096,0.194467748,1,1,82.190611,1.092289043,1,18,100.1,23.39350154,88.46869188,93.4283943,47.76813391,2.11,485.7,69.88,51.4,33.4,711.7,1.4,0.702,1.2,6,1.39,38.3,10.32,1.3,23.76,41.87,34.37,702.1,1835,78,0.36,29.1,-0.979,-0.203,10.63,13.74,16.615606,65.4822335,88.5235732,93.42431762,47.73573201,33.83108468,42.24663372,80.03368334,50.47848466,0.331314345,0.123299966,-0.014966023,1.109881426
11465350,0.05766555,15.99122028,134.1,0.9,2,68,491,1.062148931,0.167477043,1,1,25.433253,0.92543356,1,68,93.7,7.099232,88.44566713,70.56396149,95.09399358,1.03,559.8,130.36,64.5,76.9,775.7,0.4,0.629,0.79,5,1.37,34.8,11.21,2.23,24.58,42.8,32.63,293.6,939,25,0.297,23.8,-0.819,0.574,8.31,22.4,15.21547,22.4789916,92.57751938,91.51162791,95.85271318,6.739087022,9.911897106,,,-0.067242615,-0.217365126,-0.171113523,0.45860699
11451715,0.255867998,11.38678162,49.8,60.6,2,28.66666667,541,0.985917457,0.054733349,1,1,11.690112,0.296371599,1,28.66666667,44.1,11.38914324,88.4375,98.01136364,69.48863636,0.9,247.9,70.02,59.6,55.5,854.4,1,0.615,0.96,4,1.19,43.2,10.66,0.49,37.34,42.78,19.88,560.5,1162,264,0.34,18.2,-0.265,0.964,7.28,15.2,18.827651,70.83333333,83.88392857,94.64285714,75.9375,1.945488238,3.78987495,23.98777733,10.34183138,-0.028831435,-0.039762042,-0.011139522,0.691053957
8380500,0.010906478,4.399479144,30.3,9.4,1,17.90916667,193,1.006782045,0.052596333,1,1,99.368957,1.001978058,1,17.90916667,30.2,4.399479144,88.42790864,75.0178444,76.65060671,2.1,198.1,68.57,50.8,80.7,464.5,19.2,0.221,0.66,4,1.18,58,10.64,1.87,31.03,41.4,27.57,2652.5,3551,2136,0.381,25,-0.636,0.772,7.23,4.83,17.995738,18.65284974,88.45537146,74.93319081,76.67022982,30.00276242,42.76158506,96.58440182,48.47415447,-0.199068604,-0.335592939,-0.086661644,0.521622128
11124500,0.055450692,10.0995,79.3,121.9,2,53,891,1.044429818,0.134994651,1,1,71.062545,1.035623791,1,53,80.2,10.69941765,88.39953944,83.07426598,95.04893495,2.37,191.5,83.1,54.6,38.1,636.9,4.5,0.711,1.17,4,1.85,23.3,9.72,1.35,23.93,41.12,34.95,1023.6,1999,256,0.444,33.5,-0.78,-0.626,7.83,11.57,17.185694,86.66666667,88.34841629,82.57918552,95.13574661,68.62677395,63.6551436,,,-0.043692357,-0.109650374,-0.026983016,0.583171137
10260950,0.032828752,8.099937391,56.3,71.1,2,30.5,158,0.999648555,0.066634473,1,1,10.926878,0.653202168,1,30.5,49.8,7.799603004,88.38109992,86.52207591,76.33617351,2.1,175.1,66.31,43.9,49,724,6.7,0.611,0.97,4,1.24,39.2,10.29,5.47,13.39,28.27,58.34,1271.7,1862,921,0.362,20.2,0.925,0.379,6.25,13.76,18.304836,89.53488372,84.43908323,80.94089264,81.51387214,7.69524916,7.127527127,10.63038264,5.662649914,-0.010153694,-0.015770832,-0.004230654,0.796029693
11109600,0.020243089,14.49304324,85.8,20,2,18,896,1.064482697,0.291796551,1,1,41.681744,1.066478672,1,18,70.7,11.99694545,88.37627322,89.03535051,44.00838826,1.66,963.8,55.61,42.7,35,676,11.8,0.673,1.1,5,2.08,52.1,10.21,5.72,18.55,37.45,44,1385.2,2691,325,0.448,26,-0.765,0.644,5.91,14.06,16.693884,60,89.85976268,91.69363538,46.11650485,12.52429966,19.22524383,6.542218303,3.126727537,-0.054237196,-0.108104837,-0.011410457,0.669482329
11372000,0.03163381,5.399934943,118.2,0.1,1,81.83333333,290,0.991154274,0.193128645,1,1,6.341896,0.624858698,1,81.83333333,94.3,5.299869565,88.36300478,73.99044724,93.00911854,1.46,589.9,149.15,61.6,92.2,773.2,13.3,0.544,0.71,4,1.55,62,10.11,2.48,20.64,39.59,39.77,857.8,1883,245,0.39,33.5,-0.806,0.592,9.94,9.97,14.264321,13.41772152,90.64821067,74.67927076,94.56448346,1.867578044,3.624563485,,,-0.147085633,-0.161773753,-0.01030857,0.527703382
11160500,0.281320111,12.29858667,85.4,308.7,2,25.66666667,486,0.946128892,0.148020279,1,1,19.295537,0.992160412,1,25.66666667,81.4,12.19514222,88.33485819,84.35498628,74.35956084,2.46,275.8,118.78,67,68.2,703.2,0.7,0.632,0.89,4,1.34,42.1,10.75,3,18.37,36.19,45.44,364.3,980,76,0.323,25.1,-0.998,-0.056,9.9,16.89,15.363053,99.58419958,88.26791809,84.38566553,75.91723549,2.493591322,7.196736766,,,-0.022487058,-0.187511714,-0.163053542,0.533704057
11458500,0.182816703,7.897946909,63.1,32.6,2,24.96888889,529,1.006310902,0.063957688,1,1,63.695385,1.042728974,1,24.96888889,60.5,8.197831146,88.3340508,85.23461042,75.80714593,2.59,150.4,107.96,63.9,77.4,739.6,1.4,0.626,0.64,3,1.77,23.2,10.42,1.81,24.93,43.89,31.18,301.1,824,39,0.336,17.6,-0.861,-0.509,10.87,16.65,19.519202,54.00763359,88.43045513,83.0710336,76.01020842,10.35774737,23.62679521,,,0.19127005,-0.008569863,-0.068260773,0.620423687
11057500,0.037526242,13.69836092,67.7,28,2,25.75,518,1.06549221,0.229194036,1,1,5.10267,0.753186471,1,25.75,30.3,10.99941745,88.3161512,97.0790378,70.10309278,1.6,329,50.34,46.1,42.4,822.1,3.2,0.566,1.05,4,1.49,23.2,10.74,3.94,14.73,32.5,52.77,880.7,2686,317,0.238,13.8,-0.199,-0.98,9.9,10.79,19.193511,72.72727273,92.417926,93.5383012,80.4064617,2.02402941,2.564042553,11.73519757,9.619696049,0.05021704,-0.086611812,-0.126789437,0.760136168
11124500,0.156740622,24.88765714,112.6,44.8,2,19.5,506,1.071100571,0.20701124,1,1,10.349061,0.625957006,1,19.5,67.1,13.59608986,88.30811554,89.95873453,52.95735901,2.37,191.5,83.1,54.6,38.1,636.9,4.5,0.711,1.17,4,1.85,23.3,9.72,1.35,23.93,41.12,34.95,1023.6,1999,256,0.444,33.5,-0.78,-0.626,7.9,21.39,17.185694,62.54901961,92.02488688,95.36199095,55.99547511,6.08393386,7.478694517,,,-0.039576332,-0.11144761,-0.016184922,
7103970,0.045635047,9.298889292,46.8,143.6,1,36.9,709,1.051643661,0.16788637,1,1,5.2619,1.070175745,1,36.9,18.6,3.496531019,88.29545455,80.05050505,92.9040404,2.41,466,56.93,51.8,81.4,505.6,18.5,0.31,0.66,3,1.89,50.7,11.24,7.39,13.91,32.09,54,2352.6,2941,1907,0.431,10.8,-0.999,0.044,9.85,7.43,12.548144,91.82242991,94.76794716,90.00521467,95.02868069,0.854179079,1.403690987,,,-0.022841551,-0.078864281,-0.013511153,0.737907065
11152000,0.062513536,13.59908178,93.1,62.4,2,38,153,1.13407872,0.427279418,1,1,7.156277,1.825105706,1,38,76.1,12.290992,88.28083289,89.37533369,81.2066204,2.07,625.1,80.89,63.9,60.5,663.8,2.9,0.654,1.03,5,2.35,38.3,10.02,3.14,20.17,34.81,45.02,759.1,1785,113,0.387,34.7,-0.132,0.991,8.78,16.68,17.294107,68.20895522,89.46882217,89.51501155,83.69515012,3.419893111,4.751959686,14.97461206,10.20955047,0.01157158,0.010173132,0.002783593,
11113000,0.216950405,22.897975,115.4,24,2,45,62,1.064272292,0.180592794,1,1,12.550943,0.240796008,1,45,69.7,14.19968985,88.28064765,93.52351581,82.45952197,1.41,650,68.34,45.4,34.7,663.4,7.7,0.69,1.22,4,1.67,44.6,9.91,2,22.07,41.65,36.28,1251.5,2274,184,0.512,32.7,-1,0.016,6.83,9.22,16.054577,61.36363636,90.1214128,93.37748344,87.0584989,8.618055904,10.59078462,14.98787692,8.055507692,-0.003564655,-0.007694585,0.00085488,1.626622216
11055800,0.109342176,7.9,56.3,0.1,2,19.875,885,1.060896612,0.183012945,1,1,84.009376,1.028498129,1,19.875,56.3,7.9,88.27692308,83.93846154,65.32307692,2.27,50.5,78.15,44,42.4,729.1,7.1,0.609,1.21,3,1.35,32.7,9.72,5.91,13.16,30.59,56.25,1197,1962,488,0.48,34.4,-0.802,-0.597,8.44,15.03,21.01686,27.08333333,88.13924831,83.91866913,65.28034504,69.21590056,59.36613861,,,-0.06861585,-0.100423765,-0.020662158,0.809620196
11027000,0.05157359,6.499718,42.2,85.5,2,33.5,476,1.017537758,0.071232262,1,1,50.900245,0.591991427,1,33.5,40.9,6.099733659,88.27037773,84.49304175,86.77932406,1.62,58.2,51.93,53.2,38.8,797.9,0.2,0.625,1,3,1.16,28.6,11.16,2.59,16.4,30.84,52.76,653.6,1276,217,0.433,13,-0.467,-0.884,10.64,10.81,15.624757,95.77464789,88.05732484,84.58598726,87.29299363,10.30581508,11.12010309,,,,,,0.948207417
11149900,0.044378625,7.899536696,74,0.2,2,27,596,1.138543835,0.365652862,1,1,21.73561,1.616261858,1,27,70.4,7.997536696,88.25396825,79.41798942,72.56613757,1.56,556.4,63.26,62,54,737.5,1.5,0.659,1.13,4,1.35,33.5,10.91,2.31,24.37,37.78,37.85,533.4,1785,248,0.186,19.5,-0.995,-0.102,8.3,13.77,16.227347,13.94422311,87.59268413,78.10182897,74.27088482,8.848335816,13.12359813,28.84609993,15.65149173,-0.084847199,-0.178495399,-0.026298828,0.494408205
9513780,0.275989287,7.797449441,36.3,0.4,1,32,118,0.993851964,0.090330221,1,1,90.81327,1.095059029,1,32,35.7,7.797449441,88.24135091,87.10873147,91.16556837,2.34,177.5,52.71,40,52.6,949,0.8,0.196,0.87,3,1.36,22.1,10.1,3.45,30.93,30.45,38.62,1208.9,1783,721,0.467,22.5,-0.241,-0.97,17.39,4.85,18.230644,27.62711864,88.56557377,87.25409836,91.20901639,38.35176222,28.51808451,16.69070423,2.558647887,-0.009281787,-0.03409447,0.00410421,0.821159628
9537200,0.041621979,5.899080487,33,9.6,1,23.83333333,783,1.060798108,0.188971174,1,1,6.935676,1.368447575,1,23.83333333,18.2,3.99888,88.15456844,81.14842904,86.92668834,2.92,204.1,46.24,40.9,51.3,786.8,2.6,0.298,0.78,4,1.29,29.6,10.92,1.33,25.41,36.25,38.34,1624.2,2181,1412,0.276,13.1,-0.729,-0.684,22.56,8.69,20.348083,31.1627907,92.39864865,85.1965602,88.85135135,0.97103498,2.353846154,,,-0.010007957,-0.035606626,-0.010943005,
11114495,0.003508279,13.49986254,86.8,74.3,2,41.9375,732,0.988555947,0.082934392,1,1,99.929207,1.004411539,1,41.9375,86.8,13.49986254,88.15136476,85.73200993,89.95037221,2.46,124.3,88.3,49.7,35.9,606.1,3.8,0.706,1.05,4,1.37,38.6,9.71,1.12,21.93,42.54,35.53,1162,1835,429,0.521,38.3,-0.875,0.484,7.03,11.91,13.969926,77.60416667,88.07453416,85.71428571,89.9378882,72.44200871,74.63990346,91.62960579,77.48479485,0.239729372,0.026164334,-0.081860101,0.853478916
11149900,0.024733958,8.099815,71.4,26.7,2,22,665,1.10683368,0.295861418,1,1,21.73561,1.616261858,1,22,69.2,8.099815,88.14814815,79.94708995,56.24338624,1.56,556.4,63.26,62,54,737.5,1.5,0.659,1.13,4,1.35,33.5,10.91,2.31,24.37,37.78,37.85,533.4,1785,248,0.186,19.5,-0.995,-0.102,12.47,3.3,16.227347,48.80478088,86.80177954,78.64557588,57.83489867,8.848335816,13.12359813,28.84609993,15.65149173,-0.084847199,-0.178495399,-0.026298828,0.494408205
11152000,0.087881348,7.099450695,82.8,41.8,2,36,833,1.120228318,0.342174589,1,1,7.156277,1.825105706,1,36,75.7,6.599935714,88.14735718,76.61505606,79.65830219,2.07,625.1,80.89,63.9,60.5,663.8,2.9,0.654,1.03,5,2.35,38.3,10.02,3.14,20.17,34.81,45.02,759.1,1785,113,0.387,34.7,-0.132,0.991,8.57,12.76,17.294107,58.20895522,87.62124711,75.70438799,82.3556582,3.419893111,4.751959686,14.97461206,10.20955047,-0.083696349,-0.130360625,-0.01582025,
11043000,0.102880324,17.99202857,64.6,128.4,2,15,123,0.965708321,0.238945233,1,1,7.514724,1.797661564,1,15,31.3,4.89982439,88.14623338,85.15509601,45.31019202,1.41,572.5,37.11,54,29.9,879.2,0.1,0.614,1.02,5,1.08,23.8,12.19,2.65,18.48,35.38,46.14,520.6,1381,303,0.207,8.3,-0.454,-0.891,11.66,7.87,16.167722,95.08928571,92.56381798,97.61376249,52.05327414,3.722381881,4.124593886,,,-0.010855484,-0.00442999,-0.004773296,1.717087019
9513780,0.518476984,12.99308771,37.2,58.4,1,18.66666667,49,1.09105397,0.339261612,1,1,90.81327,1.095059029,1,18.66666667,35.6,11.792525,88.1383855,93.94563427,68.71911038,2.34,177.5,52.71,40,52.6,949,0.8,0.196,0.87,3,1.36,22.1,10.1,3.45,30.93,30.45,38.62,1208.9,1783,721,0.467,22.5,-0.241,-0.97,25.88,6.09,18.230644,86.77966102,89.05737705,95.20491803,68.75,38.35176222,28.51808451,16.69070423,2.558647887,-0.000477036,-0.000336455,0.001720673,1.029836206
11161000,0.268644319,12.29858667,85.4,308.7,2,25.66666667,486,0.971418792,0.147044724,1,1,18.338121,1.199590247,1,25.66666667,81.4,12.19514222,88.1073577,84.0351689,72.92919944,2.09,298.3,118.15,67.1,68.5,703.5,0.6,0.632,0.9,4,1.4,42,10.85,3,18.27,35.92,45.81,350.3,980,8,0.355,24.6,-0.996,0.09,9.89,16.79,15.746177,99.79123173,87.92436614,84.14267297,74.68844005,2.25540185,6.709420047,,,-0.020278057,-0.183563427,-0.161039514,0.536703619
11118500,0.00833705,9.193482029,96.8,211.4,2,43.875,855,1.091627205,0.257820065,1,1,82.190611,1.092289043,1,43.875,96.7,9.193482029,88.0967142,79.66522009,86.98078115,2.11,485.7,69.88,51.4,33.4,711.7,1.4,0.702,1.2,6,1.39,38.3,10.32,1.3,23.76,41.87,34.37,702.1,1835,78,0.36,29.1,-0.979,-0.203,12.56,3.19,16.615606,92.89340102,88.08933002,79.65260546,86.97270471,33.83108468,42.24663372,80.03368334,50.47848466,0.252358865,0.015863939,-0.088528978,0.913104719
11465350,0.147198903,8.999860435,98.6,169.3,2,31.66666667,485,0.994781018,0.198101004,1,1,25.433253,0.92543356,1,31.66666667,91.7,9,88.07886291,76.93718478,71.66437414,1.03,559.8,130.36,64.5,76.9,775.7,0.4,0.629,0.79,5,1.37,34.8,11.21,2.23,24.58,42.8,32.63,293.6,939,25,0.297,23.8,-0.819,0.574,8.31,22.4,15.21547,91.17647059,88.17829457,77.94573643,75.85271318,6.739087022,9.911897106,,,-0.067242615,-0.217365126,-0.171113523,0.45860699
11129800,0.022241816,8.79801257,46.3,20.9,2,18,506,1.016610267,0.059675597,1,1,19.694249,2.110868413,1,18,45.1,9.196092,88.06541406,88.23938761,61.41266527,0.98,85.3,58.44,66.4,39.6,749.9,0.1,0.68,0.97,3,1.28,24.6,11.29,2.31,24.04,39.55,36.41,443.7,1306,157,0.254,20,-0.839,-0.544,11.04,13.89,15.248683,43.29896907,87.45098039,86.73202614,62.58169935,0.276776534,1.44021102,,,0.026378043,0.019077106,0.000568816,
11451715,0.130218534,5.299877019,66.8,128.2,2,41,227,1.053246963,0.12395349,1,1,11.690112,0.296371599,1,41,42.9,4.399920195,88.01136364,81.07954545,82.84090909,0.9,247.9,70.02,59.6,55.5,854.4,1,0.615,0.96,4,1.19,43.2,10.66,0.49,37.34,42.78,19.88,560.5,1162,264,0.34,18.2,-0.265,0.964,10.43,10.33,18.827651,90.97222222,89.50892857,77.8125,86.47321429,1.945488238,3.78987495,23.98777733,10.34183138,-0.03605718,-0.06584007,0.002251203,0.654581878
11162500,0.250064431,7.39835,52.1,210.9,2,18.5,486,1.044457955,0.151594924,1,1,22.750724,1.087061052,1,18.5,51.2,7.39835,87.98165138,81.88073394,57.93577982,1.88,118.9,92.36,68.6,71.5,669.9,1,0.604,1.01,3,2.02,35.8,10.37,2.8,19.69,37.08,43.23,346.3,814,30,0.407,26.7,0.507,-0.862,10.08,13.2,15.086714,100,86.4628821,79.17030568,59.34497817,0.682512861,7.404373423,,,0.005048371,-0.134611667,-0.134314605,0.885783407
11113000,0.054891066,27.58115031,103.5,85.9,2,18.98722222,452,1.030146655,0.117519652,1,1,18.928716,1.316921813,1,18.98722222,93.3,27.58115031,87.9708384,95.92952612,42.40583232,1.41,650,68.34,45.4,34.7,663.4,7.7,0.69,1.22,4,1.67,44.6,9.91,2,22.07,41.65,36.28,1251.5,2274,184,0.512,32.7,-1,0.016,8.13,13.21,16.054577,81.36363636,88.85209713,95.58498896,44.31567329,6.141831074,9.616984615,14.98787692,8.055507692,0.164198315,-0.115015669,-0.082551455,0.693251489
9497980,0.011013314,22.37543443,52.6,143.3,1,7.9925,427,0.931270636,0.285472674,1,1,9.741345,0.397009519,1,7.9925,32.8,22.39342836,87.9559532,99.48382657,26.42807983,1.21,516.8,68.36,41,69.3,673.1,9.8,0.135,0.7,3,1.67,36.3,10.57,3.03,22.54,34.63,42.83,1688.6,2350,985,0.518,19.9,-0.996,0.089,22.86,7.1,17.814094,91.43897996,91.81438999,98.69655892,36.44421272,1.281628952,1.802612229,7.793188854,1.943034056,-0.096259291,-0.156327566,-0.016329933,0.556373867
11123500,0.002192473,10.19921463,85.5,142.3,2,42,891,1.012308468,0.100896705,1,1,47.106742,1.207876628,1,42,84.6,10.19868143,87.95110594,82.2467986,86.23399302,1.89,718.1,79.99,52.6,34.3,660.8,3.8,0.712,1.27,5,1.39,25.8,9.92,1.14,22.63,41.55,35.82,934.1,2081,242,0.378,31.2,-0.578,-0.816,8.52,11.34,18.753658,82.91457286,87.2923588,82.11517165,86.9047619,43.16949878,44.25628743,16.02817156,5.57082579,-0.041739968,-0.117735286,-0.025034786,0.578338332
9513780,0.023291581,5.59992125,42,60.5,2,43.9,114,0.992722943,0.049211302,1,1,17.300814,0.890020873,1,43.9,26.7,3.699980909,87.93642522,74.36164669,94.47628973,2.34,177.5,52.71,40,52.6,949,0.8,0.196,0.87,3,1.36,22.1,10.1,3.45,30.93,30.45,38.62,1208.9,1783,721,0.467,22.5,-0.241,-0.97,7.5,4.51,18.230644,87.45762712,91.08606557,80.16393443,95.53278689,1.899924102,1.168225352,16.69070423,2.558647887,0.086675247,0.036335539,-0.064603922,1.158136717
10263500,0.024747473,12.7977979,95.4,0.1,1,41.5,224,1.050074874,0.267982609,1,1,5.412642,1.640762971,1,41.5,67.5,7.899932919,87.90482485,81.62590879,90.54857898,3.06,59.5,67.56,44.3,40,631.2,24.1,0.602,0.89,4,1.13,51.8,8.94,6.3,12,35.17,52.83,1927.4,2858,1245,0.427,44.5,0.996,-0.085,8.31,3.47,15.711327,30.79470199,91.6967509,88.9290012,91.39590854,0.173399862,1.255462185,53.25647059,10.12907563,-0.013238355,-0.016641025,-0.001247657,
11148900,0.82108251,21.0994,98.9,65.7,2,29.5,127,1.042673724,0.239342604,1,1,21.611762,1.082710122,1,29.5,50.5,10.89297391,87.88461538,92.56410256,72.05128205,1.48,403.5,69.16,62.7,52.5,745.3,1.5,0.653,0.99,5,1.22,31.2,11.37,2.86,22.94,36.87,40.19,551.8,1138,256,0.337,21.3,-0.586,0.81,8.75,10.52,16.11163,69.348659,91.53730596,95.74361542,77.36604907,3.551364882,3.720446097,20.74907063,12.52795539,0.011650047,0.018126958,0.004527401,1.04596501
9512280,0.00225094,7.299892,34.4,0,2,25,639,1.048283676,0.168552023,1,1,77.294582,1.157801676,1,25,34.3,7.299892,87.87618229,86.24247635,84.75924334,2.43,188.7,50.78,38.1,53.2,973.2,0.5,0.208,0.98,4,1.51,22.7,10.42,5.25,18.83,28.78,52.39,1150.1,1637,693,0.484,21.1,-0.665,-0.747,10.91,6.71,17.665115,9.768211921,87.33642887,85.73237653,85.03588012,26.94965959,28.43465819,,,-0.005889694,-0.027469315,-0.008661002,0.780488717
11118500,0.012826231,26.89169231,93.7,4.9,2,22,449,1.056146264,0.229234922,1,1,82.190611,1.092289043,1,22,93.7,26.89169231,87.84872908,95.5982641,52.85182889,2.11,485.7,69.88,51.4,33.4,711.7,1.4,0.702,1.2,6,1.39,38.3,10.32,1.3,23.76,41.87,34.37,702.1,1835,78,0.36,29.1,-0.979,-0.203,9.82,18.25,16.615606,40.35532995,87.84119107,95.5955335,52.82258065,33.83108468,42.24663372,80.03368334,50.47848466,0.124952005,-0.160521487,-0.114735616,0.588751203
11451715,0.218173159,8.698840336,65.9,53.4,2,33.66666667,221,1.076532367,0.170696109,1,1,24.133838,1.666551161,1,33.66666667,58.2,8.69987395,87.84046693,89.98054475,79.01264591,0.9,247.9,70.02,59.6,55.5,854.4,1,0.615,0.96,4,1.19,43.2,10.66,0.49,37.34,42.78,19.88,560.5,1162,264,0.34,18.2,-0.265,0.964,10.43,10.33,18.827651,67.70833333,89.28571429,89.19642857,80.69196429,2.888346264,4.86014522,23.98777733,10.34183138,0.14819574,-0.007832966,-0.033504715,0.809356648
11063510,0.079561446,17.6943033,85.5,20.1,2,22,1000,0.960136073,0.211030553,1,1,15.999744,0.650293498,1,22,56.2,13.69548235,87.82004389,90.9290417,58.26627652,2.04,144.5,66.42,46,40.7,690.4,4.5,0.635,0.96,4,1.54,50.7,9.96,6.14,10.54,26.94,62.52,1273.4,2542,794,0.272,22.4,-0.728,0.686,8.58,13.15,18.45637,56.17977528,91.27906977,93.43023256,61.51162791,3.489027728,3.731418685,74.67695502,36.88442907,-0.035891857,-0.049581941,-0.016637586,
11525630,0.114281792,14.78339907,83.2,21.6,1,11.9825,296,1.074111853,0.177266266,1,1,37.82027,1.48548154,1,11.9825,75.8,13.29872941,87.79046869,96.65222529,33.37928318,1.92,94.9,115.99,60.1,76.3,758.2,22.2,0.519,0.73,3,1.43,60.7,9.98,5.88,13.74,26.92,59.33,1017.4,1752,545,0.392,24.4,0.951,-0.308,12.88,5.05,15.275653,51.54185022,89.25996205,97.68500949,35.00948767,21.35595009,26.57608008,,,0.273876697,0.164177694,0.017816894,0.672333431
11463900,0.82146077,24.88849954,69.7,47.4,2,13.96444444,44,1.024787582,0.088043412,1,1,78.702752,0.833942644,1,13.96444444,62.9,24.88675489,87.78692074,99.35036812,46.25378952,2.86,114.1,115.9,65.1,67.8,746.4,0.7,0.617,0.72,3,1.38,36.4,11.12,1.75,27.22,44.13,28.65,413,1316,58,0.282,23.9,-0.601,-0.799,8.17,17.79,15.761656,75.45454545,88.3361204,99.1638796,47.40802676,11.07121403,21.33260298,,,0.194109035,0.095483627,0.004804013,1.084489945
11159200,0.021058142,7.5,66.9,15.8,1,39,885,1.066177758,0.201062569,1,1,12.563615,1.632601188,1,39,66.9,7.5,87.76960784,75.88235294,89.48529412,1.76,71,84.62,68.1,68.6,691.1,0.1,0.629,0.85,3,1.21,34.5,10.12,2.59,21.18,36.59,42.23,305.2,863,27,0.333,21,-0.996,-0.089,16.89,3.84,16.438445,40.02242152,87.35902256,75.98684211,89.92011278,0.115679955,6.346901408,,,-0.027017337,-0.065208871,-0.013067387,0.783301461
11274630,0.010939903,3.298723929,38.3,39,2,39.75,573,1.083779076,0.220631222,1,1,14.544513,0.969698236,1,39.75,25.8,2.69980313,87.75510204,72.88629738,89.47521866,1.77,187.4,43.32,61.7,49.1,799,2.1,0.604,1.08,4,1.42,30.9,10.3,1.62,26.46,42.13,31.41,559.2,1116,65,0.472,26.1,-0.722,0.692,9.37,8.63,18.975462,68.77637131,89.00445765,71.86726102,91.01040119,2.596224212,4.075933831,,,-0.045234715,-0.097401651,-0.006249959,0.568651794
11047300,0.240865016,11.39529279,54.4,0,2,11.92333333,504,1.05233105,0.118328333,1,1,11.921157,1.8590446,1,11.92333333,48.6,11.29771104,87.7394636,89.80842912,41.22605364,1.1,139.9,46.85,61.6,36.6,812.1,0,0.652,1.08,3,1.27,23.9,11.46,2.26,24.89,42.68,32.43,423.2,1729,25,0.234,19.1,-0.597,-0.802,12.99,6.03,13.66011,14.88095238,89.40936864,90.15614392,45.34962661,4.902997679,7.699857041,11.53209435,10.94796283,0.064649032,-0.160446952,-0.110397484,0.541141138
11118500,0.046757442,29.48632221,91.3,98.5,2,18.98694444,452,1.0388797,0.15150854,1,1,82.190611,1.092289043,1,18.98694444,91.3,29.48632221,87.72473652,96.46621203,48.72907626,2.11,485.7,69.88,51.4,33.4,711.7,1.4,0.702,1.2,6,1.39,38.3,10.32,1.3,23.76,41.87,34.37,702.1,1835,78,0.36,29.1,-0.979,-0.203,10.63,13.74,16.615606,77.15736041,87.77915633,96.46401985,48.69727047,33.83108468,42.24663372,80.03368334,50.47848466,0.124952005,-0.160521487,-0.114735616,0.588751203
11077500,0.031280208,12.79818882,79,63.9,2,15.9375,895,1.080918442,0.271118801,1,1,11.075228,0.62641764,1,15.9375,35.8,8.998499655,87.68240343,92.27467811,52.1888412,1.28,240.8,51.01,60.8,37.1,825.6,0,0.654,1.13,5,1.61,20.2,10.37,1.7,25.4,46.19,28.41,553.2,1719,35,0.308,25.4,-0.221,-0.975,12.93,9.51,17.754193,81.98198198,92.84802043,91.50702427,57.91826309,2.800140695,1.788413621,,,0.182826607,0.004510949,-0.111629493,1.107408824
11113000,0.035504936,6.397521073,124.4,55,2,53,121,1.053355137,0.174913799,1,1,12.550943,0.240796008,1,53,67,4.299170406,87.62528913,67.30917502,88.97455667,1.41,650,68.34,45.4,34.7,663.4,7.7,0.69,1.22,4,1.67,44.6,9.91,2,22.07,41.65,36.28,1251.5,2274,184,0.512,32.7,-1,0.016,7.03,17.46,16.054577,73.63636364,90.8388521,73.17880795,92.10816777,8.618055904,10.59078462,14.98787692,8.055507692,-0.003564655,-0.007694585,0.00085488,1.626622216
11123500,0.022595095,27.87280196,183.7,281.5,2,54.94138889,855,1.098397395,0.265728752,1,1,11.243107,1.233641415,1,54.94138889,79.4,6.89184222,87.62517883,74.67811159,90.70100143,1.89,718.1,79.99,52.6,34.3,660.8,3.8,0.712,1.27,5,1.39,25.8,9.92,1.14,22.63,41.55,35.82,934.1,2081,242,0.378,31.2,-0.578,-0.816,11.91,3.74,18.753658,93.96984925,94.40753045,96.06866002,92.80177187,7.582963909,7.580629439,16.02817156,5.57082579,0.229292474,0.028243746,-0.09941149,0.921230013
11274500,0.020598492,3.297643299,37,44.5,2,39.5,152,1.081791893,0.216769167,1,1,27.069601,1.263529895,1,39.5,35.3,2.999023177,87.61804827,67.78593914,89.66421826,1.48,347.8,45.32,61.6,45.7,861,1.4,0.624,1.05,4,1.63,30.1,10.73,1.77,24.88,42.82,32.31,475.6,1155,62,0.378,24.4,-0.349,0.937,9.66,9.63,18.273952,65.65217391,87.31193581,69.70912738,90.07021063,7.729944851,9.815899942,,,-0.019154762,-0.045495344,0.000196474,0.856351492
11109600,0.002661863,12.09928649,96.9,0,2,44,469,1.012329868,0.420594834,1,1,41.681744,1.066478672,1,44,67.4,7.299474411,87.59736369,80.94667466,87.77711204,1.66,963.8,55.61,42.7,35,676,11.8,0.673,1.1,5,2.08,52.1,10.21,5.72,18.55,37.45,44,1385.2,2691,325,0.448,26,-0.765,0.644,5.53,7.27,16.693884,14.32432432,91.42394822,88.83495146,88.94282632,12.52429966,19.22524383,6.542218303,3.126727537,-0.088556875,-0.173314458,-0.010977479,0.46186249
11149900,0.008142867,5.799766234,89.7,17.3,2,35.5,216,1.122586787,0.304121615,1,1,8.664033,1.715767974,1,35.5,70.5,5.4,87.58694489,69.23488497,81.51417871,1.56,556.4,63.26,62,54,737.5,1.5,0.659,1.13,4,1.35,33.5,10.91,2.31,24.37,37.78,37.85,533.4,1785,248,0.186,19.5,-0.995,-0.102,12.47,3.3,16.227347,39.0438247,90.11369254,71.42857143,82.82254078,1.544994989,3.774209202,28.84609993,15.65149173,0.015682926,0.015878051,0.003511839,
11159200,0.054639498,14.69705048,70.6,22.1,2,26.5,683,1.092669062,0.259748837,1,1,12.563615,1.632601188,1,26.5,66.4,14.59749615,87.57352941,91.42156863,78.55392157,1.76,71,84.62,68.1,68.6,691.1,0.1,0.629,0.85,3,1.21,34.5,10.12,2.59,21.18,36.59,42.23,305.2,863,27,0.333,21,-0.996,-0.089,13.16,5.22,16.438445,45.06726457,88.58082707,91.63533835,79.44078947,0.115679955,6.346901408,,,-0.065019601,-0.122480704,-0.014327841,0.614253963
11143000,0.130783322,9.198488244,72.7,1.1,2,42,659,1.005888123,0.035410497,1,1,99.985297,0.997222043,1,42,72.7,9.198488244,87.57035647,82.50469043,89.54033771,2.74,120.6,116.26,67.4,72.8,639.5,3.4,0.654,0.98,4,1.47,40.3,10.29,4.14,14.13,31.45,54.42,779,1505,80,0.492,43.6,-0.447,-0.894,11.22,7.58,18.127121,20.76502732,87.5645237,82.54340685,89.53542938,33.21126627,44.52462687,86.30373134,57.91119403,-0.101820656,-0.155859565,-0.024091851,0.453496031
11149900,0.51910777,7.499639151,81.1,211.6,2,52,1018,1.072044554,0.186271719,1,1,21.73561,1.616261858,1,52,67.1,6.499682719,87.56613757,74.44444444,93.2010582,1.56,556.4,63.26,62,54,737.5,1.5,0.659,1.13,4,1.35,33.5,10.91,2.31,24.37,37.78,37.85,533.4,1785,248,0.186,19.5,-0.995,-0.102,10.24,10.95,16.227347,96.01593625,88.58131488,76.86604053,93.59861592,8.848335816,13.12359813,28.84609993,15.65149173,-0.018115559,-0.040637275,-0.022927574,0.784858977
11073360,0.841157235,18.99573684,64.8,0,2,20,85,1.038961451,0.158701468,1,1,8.872533,,1,20,60.8,18.89762963,87.56254467,95.13938528,53.43102216,0.95,132.3,74.76,53,45.8,744.3,3.4,0.65,0.9,3,1.12,44.1,10.29,6.95,11.8,32.18,56.02,1050.4,3059,211,0.295,27.1,-0.86,-0.509,8.73,9.83,14.250404,10.17964072,85.63566318,92.57017061,56.71436434,2.105303694,2.33537415,,,-0.061345468,-0.073095211,-0.009948306,
11138500,0.018802772,10.29952923,97.2,136.3,2,64,125,1.022397717,0.221215062,1,1,14.684484,0.673222561,1,64,52.4,5.899654066,87.53453039,79.14364641,94.68232044,2,728.9,69.82,57.6,39.6,665.2,7.1,0.686,1.16,5,1.44,28.2,9.8,1.39,21.86,41.68,36.45,994.2,2081,193,0.424,34.2,0.199,-0.98,8.18,9.48,16.60856,89.41176471,89.58785249,82.64642082,95.77006508,2.711386657,3.72223899,,,-0.041432708,-0.117482834,-0.00731285,0.692060588
11113000,0.018558408,14.5922949,117.8,4,2,37.5,268,0.957674414,0.203102179,1,1,12.968352,1.380960091,1,37.5,78.7,12.09960239,87.50857927,86.27316404,78.38023336,1.41,650,68.34,45.4,34.7,663.4,7.7,0.69,1.22,4,1.67,44.6,9.91,2,22.07,41.65,36.28,1251.5,2274,184,0.512,32.7,-1,0.016,7.03,17.46,16.054577,40.90909091,90.39735099,86.97571744,82.22958057,9.342552197,9.277615385,14.98787692,8.055507692,-0.140479958,-0.290401385,-0.017833839,
11274538,0.01019502,3.298584045,37.3,44.6,2,39.75,152,1.103330988,0.281355651,1,1,20.054364,1.350921136,1,39.75,35.3,2.999023177,87.48668797,67.57188498,89.13738019,1.27,469.4,42.12,61.9,44.8,864.4,1.3,0.619,0.06,4,1.31,29.8,10.95,1.77,24.47,43.22,32.31,405.1,1155,19,0.34,20.9,-0.28,0.96,9.82,8.8,18.511698,77.40384615,87.10644678,69.91504248,89.70514743,5.650655605,7.274584576,,,-0.019154762,-0.045495344,0.000196474,0.856351492
11113000,0.005184156,14.49352123,120,4.2,1,29.98861111,527,1.00605962,0.143838475,1,1,18.928716,1.316921813,1,29.98861111,89.1,14.49526422,87.48481166,86.93803159,73.57229648,1.41,650,68.34,45.4,34.7,663.4,7.7,0.69,1.22,4,1.67,44.6,9.91,2,22.07,41.65,36.28,1251.5,2274,184,0.512,32.7,-1,0.016,13.9,1.67,16.054577,41.81818182,90.61810155,86.81015453,75.82781457,6.141831074,9.616984615,14.98787692,8.055507692,0.164198315,-0.115015669,-0.082551455,0.693251489
14377100,0.097703661,8.999901429,143.7,74,1,41.75,284,,0.32567434,0.999353169,1,9.194173,1.448795502,0.993103448,41.75,133.3,8.999901429,87.48221906,75.67567568,74.42389758,1.76,985.4,191.3,67.1,117.4,611.4,14.9,0.517,0.73,5,1.23,48.6,11.28,1.86,26.48,40.95,32.57,880.2,2142,397,0.289,27.4,0.76,-0.65,7.92,13.49,15.365487,55.23012552,88.88607595,77.56962025,77.01265823,6.337759213,7.258088086,28.04867059,7.48110412,-0.018185424,-0.025822709,-0.004680866,
11129800,0.009959022,6.79987673,43.1,2.4,2,24.5,542,1.083734675,0.149305737,1,1,19.694249,2.110868413,1,24.5,43,6.8,87.47390397,83.15935978,79.05358386,0.98,85.3,58.44,66.4,39.6,749.9,0.1,0.68,0.97,3,1.28,24.6,11.29,2.31,24.04,39.55,36.41,443.7,1306,157,0.254,20,-0.839,-0.544,11.75,12.6,15.248683,15.46391753,85.91503268,82.2875817,80.32679739,0.276776534,1.44021102,,,0.026378043,0.019077106,0.000568816,
11451715,0.098577715,7.899988344,65.8,100.7,2,35.5,165,1.08059165,0.188245043,1,1,24.133838,1.666551161,1,35.5,56.8,7.899933395,87.45136187,87.93774319,80.81225681,0.9,247.9,70.02,59.6,55.5,854.4,1,0.615,0.96,4,1.19,43.2,10.66,0.49,37.34,42.78,19.88,560.5,1162,264,0.34,18.2,-0.265,0.964,7.28,15.2,18.827651,87.15277778,89.28571429,87.09821429,82.34375,2.888346264,4.86014522,23.98777733,10.34183138,0.14819574,-0.007832966,-0.033504715,0.809356648
11063510,0.593771379,8.099856552,62.2,42.4,2,40,129,1.000016485,0.025817287,1,1,75.044644,1.007263416,1,40,59.5,8.099856552,87.44534666,83.32292317,89.28794503,2.04,144.5,66.42,46,40.7,690.4,4.5,0.635,0.96,4,1.54,50.7,9.96,6.14,10.54,26.94,62.52,1273.4,2542,794,0.272,22.4,-0.728,0.686,6.77,8.28,18.45637,74.71910112,87.15116279,82.44186047,90.02906977,20.60685912,23.61986159,74.67695502,36.88442907,-0.009704062,-0.01753329,-0.004633778,0.798144832
8380500,0.088195244,13.8,28.6,243,1,15,123,1.237717305,0.591958473,1,1,99.368957,1.001978058,1,15,28.5,13.8,87.43754461,95.07494647,71.5738758,2.1,198.1,68.57,50.8,80.7,464.5,19.2,0.221,0.66,4,1.18,58,10.64,1.87,31.03,41.4,27.57,2652.5,3551,2136,0.381,25,-0.636,0.772,15.49,10.72,17.995738,99.82728843,87.38642437,94.97594869,71.60163905,30.00276242,42.76158506,96.58440182,48.47415447,0.009804609,0.004280286,0.019648497,1.00779206
9484000,0.06198571,8.795382609,38.8,0.4,1,35,445,1.148774802,0.461196376,1,1,85.517068,1.046778775,1,35,38.6,8.795382609,87.40660025,84.99377335,91.85865504,2.39,103.7,75.97,43.3,71.1,767.1,3.1,0.167,0.8,3,1.52,9.5,9.14,1.65,18.36,43.38,38.26,1878.8,2788,872,0.534,35.6,-0.977,-0.213,19.35,6.84,17.656755,13.81443299,87.36417262,84.8804719,91.88140329,21.59321881,31.624108,59.10578592,25.9246866,-0.074892772,-0.116415733,-0.009778556,0.427145513
11152000,0.082898385,15.29752229,75,148.4,2,27,846,1.119082981,0.361544461,1,1,7.156277,1.825105706,1,27,70.8,14.29760738,87.37319808,91.35077416,69.56753871,2.07,625.1,80.89,63.9,60.5,663.8,2.9,0.654,1.03,5,2.35,38.3,10.02,3.14,20.17,34.81,45.02,759.1,1785,113,0.387,34.7,-0.132,0.991,8.25,16.63,17.294107,91.04477612,86.88221709,91.31639723,73.51039261,3.419893111,4.751959686,14.97461206,10.20955047,-0.083696349,-0.130360625,-0.01582025,
9512280,0.003151315,18.09077263,36.4,20,1,7.989722222,761,0.910405251,0.27586844,1,1,77.294582,1.157801676,1,7.989722222,33.5,15.1940193,87.33877902,96.73258813,37.79019776,2.43,188.7,50.78,38.1,53.2,973.2,0.5,0.208,0.98,4,1.51,22.7,10.42,5.25,18.83,28.78,52.39,1150.1,1637,693,0.484,21.1,-0.665,-0.747,27.52,3.99,17.665115,67.21854305,88.34951456,97.59392149,38.58168003,26.94965959,28.43465819,,,-0.005889694,-0.027469315,-0.008661002,0.780488717
11152000,0.139069968,13.59982381,86,14.5,2,27,593,1.06156579,0.301554725,1,1,38.563747,1.45200031,1,27,77.1,12.4998469,87.30864198,88.49382716,71.80246914,2.07,625.1,80.89,63.9,60.5,663.8,2.9,0.654,1.03,5,2.35,38.3,10.02,3.14,20.17,34.81,45.02,759.1,1785,113,0.387,34.7,-0.132,0.991,8.78,16.68,17.294107,38.65671642,88.33718245,89.56120092,73.51039261,14.91749383,22.51871701,14.97461206,10.20955047,-0.106418682,-0.184356043,-0.025092694,0.456406466
11124500,0.057520851,5.694031081,74.4,32,2,41,234,1.058717347,0.171402872,1,1,71.062545,1.035623791,1,41,74.6,5.694031081,87.27691422,71.79044329,90.44329303,2.37,191.5,83.1,54.6,38.1,636.9,4.5,0.711,1.17,4,1.85,23.3,9.72,1.35,23.93,41.12,34.95,1023.6,1999,256,0.444,33.5,-0.78,-0.626,7.9,21.39,17.185694,54.31372549,87.1040724,72.05882353,90.61085973,68.62677395,63.6551436,,,-0.118361646,-0.255882945,-0.008246482,0.648680925
11451715,0.11011462,11.59644516,62.3,37.3,2,13.66666667,163,1.04824679,0.111260148,1,1,24.133838,1.666551161,1,13.66666667,56.4,11.59594318,87.25680934,95.42801556,39.10505837,0.9,247.9,70.02,59.6,55.5,854.4,1,0.615,0.96,4,1.19,43.2,10.66,0.49,37.34,42.78,19.88,560.5,1162,264,0.34,18.2,-0.265,0.964,7.28,15.2,18.827651,59.375,88.39285714,94.86607143,43.125,2.888346264,4.86014522,23.98777733,10.34183138,0.14819574,-0.007832966,-0.033504715,0.809356648
11159200,0.100504769,8.095417749,67,22.8,2,31.9,643,1.031336557,0.114402363,1,1,12.563615,1.632601188,1,31.9,65.9,8.095417749,87.25490196,77.64705882,83.60294118,1.76,71,84.62,68.1,68.6,691.1,0.1,0.629,0.85,3,1.21,34.5,10.12,2.59,21.18,36.59,42.23,305.2,863,27,0.333,21,-0.996,-0.089,10.55,16.18,16.438445,46.18834081,87.5,77.77255639,84.28101504,0.115679955,6.346901408,,,-0.065019601,-0.122480704,-0.014327841,0.614253963
11152050,0.089923796,13.59982381,86,15.1,2,27,593,1.101460886,0.368628875,1,1,31.232187,1.394009406,1,27,77.1,12.4998469,87.24565757,88.43672457,71.09181141,1.67,771.5,74.52,63.7,58.2,676.7,2.4,0.652,1.04,6,2.02,38.4,10.1,2.9,21.11,35.63,43.26,674.8,1785,52,0.359,31.4,0.227,0.974,9.08,15.41,17.029979,35.4368932,88.26226502,89.59193031,73.15451628,12.27500159,18.24777706,12.12311082,8.239170447,-0.106418682,-0.184356043,-0.025092694,0.456406466
11109600,0.030555606,13.4919471,67.3,5.8,2,21.88916667,789,0.96999839,0.240782254,1,1,41.681744,1.066478672,1,21.88916667,66.1,13.4919471,87.23786699,91.0724985,50.98861594,1.66,963.8,55.61,42.7,35,676,11.8,0.673,1.1,5,2.08,52.1,10.21,5.72,18.55,37.45,44,1385.2,2691,325,0.448,26,-0.765,0.644,8.74,4.34,16.693884,47.56756757,87.02804746,90.399137,52.58899676,12.52429966,19.22524383,6.542218303,3.126727537,-0.054237196,-0.108104837,-0.011410457,0.669482329
11480390,0.189090059,12.99956015,83,107.1,1,45.8,611,0.989667808,0.07829708,1,1,99.999876,1,1,45.8,83,12.99956015,87.23649539,94.00527009,84.02503294,2.41,242.6,166.38,62.2,92.3,637.8,28,0.561,0.77,4,2.23,33.3,10.96,1.59,21.87,41.57,36.56,1130,1834,820,0.306,28.7,-0.024,-1,7.31,11.22,13.178414,76.04456825,87.23649539,94.00527009,84.02503294,66.45017797,77.02790602,99.99571311,67.92250618,-0.250089728,-0.510751408,-0.21491051,0.278517547
11113000,0.013112866,21.3984,96.1,11.5,2,20,198,1.095155365,0.223365147,1,1,12.968352,1.380960091,1,20,77.8,17.09975844,87.23404255,91.1461908,40.94028826,1.41,650,68.34,45.4,34.7,663.4,7.7,0.69,1.22,4,1.67,44.6,9.91,2,22.07,41.65,36.28,1251.5,2274,184,0.512,32.7,-1,0.016,6.83,9.22,16.054577,52.72727273,87.99668874,92.82560706,46.35761589,9.342552197,9.277615385,14.98787692,8.055507692,-0.140479958,-0.290401385,-0.017833839,
9210500,0.009526623,2.2,25.9,36.8,1,22.5,1046,1.093900348,0.223745669,1,1,14.018399,1.444180227,1,22.5,23.1,2,87.22323522,73.19614483,59.61187809,1.44,398.3,58.17,50,86.1,388.4,57.6,0.187,0.82,4,1.41,72.3,11.44,2.98,18.64,51.2,30.15,2471.4,3086,2121,0.363,18.9,-0.544,0.839,10.14,3.58,18.78302,81.14285714,86.96104978,71.44344928,64.41366382,3.222772882,4.501129802,,,-0.058483321,-0.121473139,-0.014778857,
11458000,0.042752748,9.698682883,100.7,193.5,2,35.75,456,0.999514034,0.111579886,1,1,7.469418,0.749639592,1,35.75,61.9,8.389361273,87.19392752,84.7208619,78.28109696,1.81,566.3,96.01,63.5,67.6,752.1,1.4,0.629,0.68,4,1.21,26.8,11,1.67,26.49,45.86,27.64,276.3,1261,13,0.212,18.6,-0.834,0.552,7.91,19.59,16.230256,94.90084986,91.76446783,85.59287738,81.970862,0.513073094,1.896309377,,,0.278941751,0.094248912,-0.0000965,0.659041598
11462500,0.109200903,19.89736842,157.5,202.5,2,50,165,1.005751578,0.186271285,1,1,5.854759,1.781748803,1,50,53.4,10.79400975,87.13369963,95.51282051,86.95054945,1.8,938.7,115.58,63.2,79.6,757,2,0.605,1.01,5,1.18,36.1,11.16,1.09,26.66,42.65,30.69,465.2,1187,159,0.299,21.1,-0.76,-0.649,7.16,22.52,15.801847,93.11827957,96.00497159,97.65625,89.84375,1.319662649,1.833269415,5.881016299,2.132502397,0.247462344,0.074943405,0.002092771,0.783055803
14090350,0.113110182,4.299849792,79.1,39.3,1,77.5,451,1.068325359,0.269296479,1,1,7.771881,0.395126958,1,77.5,36,2.299919028,87.13163065,71.31630648,92.53438114,1.95,72.1,182.78,64.8,142.3,455.8,53.1,0.404,0.78,3,1.26,78.8,10.37,6.68,15.1,29.79,55.1,1566.6,3093,854,0.321,26.1,-0.809,0.588,6.18,15.45,16.829358,57.20108696,90.50033061,75.2920432,94.137095,2.87103158,3.739805825,44.26407767,17.35811373,-0.082263341,-0.136519084,-0.020180943,
11143000,0.088519412,9.998533333,81.5,110.1,2,20.9775,812,1.007559231,0.0658309,1,1,29.9711,1.327452654,1,20.9775,66.3,8.796877087,87.12895377,82.43309002,59.756691,2.74,120.6,116.26,67.4,72.8,639.5,3.4,0.654,0.98,4,1.47,40.3,10.29,4.14,14.13,31.45,54.42,779,1505,80,0.492,43.6,-0.447,-0.894,11.4,13.95,18.127121,83.33333333,88.92538714,84.04504927,60.72266542,15.90995837,20.11791045,86.30373134,57.91119403,-0.074426019,-0.115714332,-0.013921207,
11274630,0.013297119,10.79836412,41,1.6,2,14,588,1.114593306,0.32898959,1,1,13.905464,1.291954055,1,14,28.8,7.197117241,87.12458287,94.04894327,49.16573971,1.77,187.4,43.32,61.7,49.1,799,2.1,0.604,1.08,4,1.42,30.9,10.3,1.62,26.46,42.13,31.41,559.2,1116,65,0.472,26.1,-0.722,0.692,9.37,8.63,18.975462,19.4092827,89.84645864,97.17682021,53.04606241,4.696483564,5.048932764,,,-0.041494034,-0.069598546,-0.019274809,0.736767118
11113000,0.029493057,15.09899298,107.9,116.2,2,20.95472222,403,1.070100877,0.164319521,1,1,18.928716,1.316921813,1,20.95472222,85.5,15.09899298,87.12029162,87.72782503,45.7472661,1.41,650,68.34,45.4,34.7,663.4,7.7,0.69,1.22,4,1.67,44.6,9.91,2,22.07,41.65,36.28,1251.5,2274,184,0.512,32.7,-1,0.016,6.44,14.64,16.054577,86.81818182,89.29359823,87.52759382,47.51655629,6.141831074,9.616984615,14.98787692,8.055507692,0.164198315,-0.115015669,-0.082551455,0.693251489
11453500,0.154420286,18.99439048,78.7,83.1,2,20,116,1.019919815,0.061911041,1,1,68.402353,0.917637249,1,20,71,15.1957383,87.12026633,95.08947149,56.86641698,1.47,293.4,112.6,63,63.1,752.4,2,0.624,0.62,3,1.5,36.4,10.72,0.99,28.71,44.41,26.88,554.7,1432,273,0.243,19.3,-0.169,0.986,7.16,23.78,17.47691,72.26277372,87.93172691,97.14859438,57.85140562,38.71637619,46.98312883,,,-0.005397959,-0.024779725,-0.001144985,0.927361723
11057500,0.025132254,17.994,60.7,12.1,2,26.5,460,1.037914569,0.139726368,1,1,5.10267,0.753186471,1,26.5,27.9,9.599736842,87.11340206,95.87628866,71.30584192,1.6,329,50.34,46.1,42.4,822.1,3.2,0.566,1.05,4,1.49,23.2,10.74,3.94,14.73,32.5,52.77,880.7,2686,317,0.238,13.8,-0.199,-0.98,9.81,5.41,19.193511,59.39393939,91.14121939,96.19593538,81.18811881,2.02402941,2.564042553,11.73519757,9.619696049,0.05021704,-0.086611812,-0.126789437,0.760136168
11159200,0.027838226,7.296424982,65.8,81.4,2,35.97694444,570,1.064407417,0.187015519,1,1,12.563615,1.632601188,1,35.97694444,65.4,7.296424982,87.10784314,74.60784314,86.91176471,1.76,71,84.62,68.1,68.6,691.1,0.1,0.629,0.85,3,1.21,34.5,10.12,2.59,21.18,36.59,42.23,305.2,863,27,0.333,21,-0.996,-0.089,10.19,12.34,16.438445,79.59641256,86.93609023,74.71804511,87.40601504,0.115679955,6.346901408,,,-0.065019601,-0.122480704,-0.014327841,0.614253963
9510200,0.064250485,5.099436905,52.9,92.8,2,48.66666667,877,1.019103018,0.137021136,1,1,38.424484,0.967102488,1,48.66666667,39.7,4.499689091,87.10016835,72.26430976,94.42340067,1.74,425.3,61.33,36.1,50,956.2,2.1,0.215,1.04,5,1.39,30.1,10.19,4.14,15.96,29.86,54.17,1161.3,2161,545,0.383,21.4,-0.57,-0.822,7.77,5.8,17.785195,87.63837638,89.45284377,73.25413967,95.21238301,16.38612732,18.54300494,51.02477531,24.56769952,-0.018953429,-0.046296014,-0.012013773,0.868715379
11451715,0.054943083,4.198170364,69.3,0,2,77,497,1.055066292,0.12600813,1,1,11.690112,0.296371599,1,77,40.5,4.097804638,87.04545455,78.75,96.76136364,0.9,247.9,70.02,59.6,55.5,854.4,1,0.615,0.96,4,1.19,43.2,10.66,0.49,37.34,42.78,19.88,560.5,1162,264,0.34,18.2,-0.265,0.964,7.69,10.4,18.827651,6.423611111,90.08928571,70.9375,97.45535714,1.945488238,3.78987495,23.98777733,10.34183138,-0.028831435,-0.039762042,-0.011139522,0.691053957
11149900,0.035167007,7.899614694,75.9,18.5,2,30.5,625,1.179752228,0.410883073,1,1,21.73561,1.616261858,1,30.5,64.9,6.697910219,87.03703704,75.07936508,76.34920635,1.56,556.4,63.26,62,54,737.5,1.5,0.659,1.13,4,1.35,33.5,10.91,2.31,24.37,37.78,37.85,533.4,1785,248,0.186,19.5,-0.995,-0.102,9.33,13.34,16.227347,42.03187251,87.83984182,78.1512605,77.80523974,8.848335816,13.12359813,28.84609993,15.65149173,-0.084847199,-0.178495399,-0.026298828,0.494408205
11453500,0.264444739,18.9996,73.8,149.8,2,12.75,129,0.998005634,0.031832528,1,1,68.402353,0.917637249,1,12.75,70.7,16.69914625,87.01622971,96.42114024,38.82646692,1.47,293.4,112.6,63,63.1,752.4,2,0.624,0.62,3,1.5,36.4,10.72,0.99,28.71,44.41,26.88,554.7,1432,273,0.243,19.3,-0.169,0.986,7.16,23.78,17.47691,88.32116788,87.14859438,97.22891566,40.2811245,38.71637619,46.98312883,,,-0.005397959,-0.024779725,-0.001144985,0.927361723
11042900,0.012094811,3.19985,31.2,116.4,2,47,437,1.007794187,0.071244019,1,1,15.117915,0.970781969,1,47,27.8,2.8,87.01594533,70.8428246,93.16628702,1.45,227.1,38.42,52.1,30.4,862.2,0.2,0.588,1,3,1.35,24,11.73,2.76,18.12,34.83,47.04,611.1,1381,325,0.274,8.4,-0.245,-0.97,10.65,8.7,16.576693,99.543379,86.45710928,71.386604,94.59459459,2.290242769,3.785468956,,,,,,
9484000,0.023783944,23.88660085,37.8,121.1,1,7.75,755,1.191580466,0.82267179,1,1,69.267296,1.388299086,1,7.75,37.7,23.88660085,87.00062422,98.43945069,35.03433208,2.39,103.7,75.97,43.3,71.1,767.1,3.1,0.167,0.8,3,1.52,9.5,9.14,1.65,18.36,43.38,38.26,1878.8,2788,872,0.534,35.6,-0.977,-0.213,22.08,10.6,17.656755,93.81443299,86.80533996,98.38559454,35.25302701,12.27435075,20.33982642,59.10578592,25.9246866,0.032199617,-0.082769652,-0.028765416,0.762986287
11065000,0.097055182,9.498733971,65.4,106,2,30.5,149,1.010784593,0.090109692,1,1,33.742927,1.953161117,1,30.5,61.1,9.195742632,86.98186528,84.58549223,76.48963731,1.55,364.7,81.4,47.7,43.6,701.5,4.2,0.649,1.11,5,1.12,49.6,10,6.62,10.83,28.51,60.66,1250.1,3059,313,0.343,27.3,-0.675,0.738,6.97,17.4,19.024359,88,84.3551797,80.97251586,80.602537,9.084707504,11.94332328,33.44313134,17.52322457,-0.009785177,-0.017146948,-0.004747299,0.8073376
11152000,0.091505321,8.499240816,91.7,10,2,44,659,1.083718286,0.241344651,1,1,38.563747,1.45200031,1,44,74.9,8.499062185,86.96296296,80.49382716,86.7654321,2.07,625.1,80.89,63.9,60.5,663.8,2.9,0.654,1.03,5,2.35,38.3,10.02,3.14,20.17,34.81,45.02,759.1,1785,113,0.387,34.7,-0.132,0.991,11.91,5.11,17.294107,34.62686567,89.19168591,79.72286374,87.57505774,14.91749383,22.51871701,14.97461206,10.20955047,-0.106418682,-0.184356043,-0.025092694,0.456406466
11466170,0.180014069,8.499475249,49.5,57.7,2,40.9725,482,1.023228761,0.082556671,1,1,22.469984,1.304360211,1,40.9725,45.4,8.499359535,86.92810458,89.68253968,89.589169,1.63,56,106,64.2,74.7,734.4,0.9,0.619,0.66,2,1.24,27,11.09,1.2,26.85,43.61,29.55,220.7,744,50,0.248,12.2,0.779,-0.627,9.94,19.59,16.615901,69.89051095,86.61069377,86.87582855,90.14582413,0.386782233,1.523571429,,,0.264541567,0.141533693,-0.032432584,0.840366825
11475800,0.11730687,15.198344,105,0,1,55,980,1.014121958,0.0931231,1,1,7.751945,0.72069388,1,55,75.4,14.08525031,86.92277842,92.62708576,88.92122623,2.23,642.1,206.67,64.8,106,657.8,7.2,0.589,0.89,5,1.8,28.1,11.21,2.07,25.53,42.82,31.65,626.1,1289,239,0.382,26.8,-0.449,-0.893,9.63,12.94,16.808763,3.403755869,88.62495818,90.46503847,90.44831047,1.088201084,1.580221149,,,-0.048942164,-0.081314107,-0.004481932,0.75166344
7104905,0.11446734,10.4978482,40.9,20.7,1,18.5,1044,1.077022151,0.321302257,1,1,5.351106,0.612912952,1,18.5,17.7,4.871565512,86.90188497,87.26437893,71.77380377,2.32,613.5,54.77,51.4,80.5,521.8,16.6,0.322,0.71,3,1.84,50.4,11.26,7.38,13.5,29.69,56.81,2279.5,2941,1822,0.411,10.1,-1,0.006,10.3,7.23,13.421778,31.21546961,92.17271633,90.71047652,77.37829004,3.217745165,3.097555012,4.981222494,2.570904645,-0.035672741,-0.09085869,-0.017775988,0.640264154
11152050,0.046246524,8.499240816,91.9,11.5,2,44,659,1.108096265,0.30645744,1,1,31.232187,1.394009406,1,44,74.9,8.499062185,86.89826303,80.39702233,86.32754342,1.67,771.5,74.52,63.7,58.2,676.7,2.4,0.652,1.04,6,2.02,38.4,10.1,2.9,21.11,35.63,43.26,674.8,1785,52,0.359,31.4,0.227,0.974,12.1,4.74,17.029979,33.00970874,89.04172398,79.77991747,87.32232921,12.27500159,18.24777706,12.12311082,8.239170447,-0.106418682,-0.184356043,-0.025092694,0.456406466
11143000,0.224468324,11.09540191,69.4,13.4,2,22.5,593,1.038353543,0.162627141,1,1,99.985297,0.997222043,1,22.5,69.5,11.09540191,86.81988743,86.02251407,63.01594747,2.74,120.6,116.26,67.4,72.8,639.5,3.4,0.654,0.98,4,1.47,40.3,10.29,4.14,14.13,31.45,54.42,779,1505,80,0.492,43.6,-0.447,-0.894,8.68,23.37,18.127121,39.3442623,86.76677616,86.01595495,62.99859221,33.21126627,44.52462687,86.30373134,57.91119403,-0.101820656,-0.155859565,-0.024091851,0.453496031
11451715,0.290136033,7.098929412,50.4,113.6,2,16,542,0.989526112,0.030660521,1,1,11.690112,0.296371599,1,16,39.9,7.098929412,86.81818182,92.67045455,40.96590909,0.9,247.9,70.02,59.6,55.5,854.4,1,0.615,0.96,4,1.19,43.2,10.66,0.49,37.34,42.78,19.88,560.5,1162,264,0.34,18.2,-0.265,0.964,7.28,15.2,18.827651,88.19444444,84.33035714,84.64285714,49.79910714,1.945488238,3.78987495,23.98777733,10.34183138,-0.028831435,-0.039762042,-0.011139522,0.691053957
11113000,0.031889096,15.89311904,87.7,141.8,2,18.5,729,1.088509389,0.186426626,1,1,18.928716,1.316921813,1,18.5,83.4,15.89311904,86.81652491,88.63912515,41.40340219,1.41,650,68.34,45.4,34.7,663.4,7.7,0.69,1.22,4,1.67,44.6,9.91,2,22.07,41.65,36.28,1251.5,2274,184,0.512,32.7,-1,0.016,6.83,9.22,16.054577,89.54545455,86.67218543,88.41059603,43.4602649,6.141831074,9.616984615,14.98787692,8.055507692,0.266680581,0.059727096,-0.059527782,0.966690077
11149900,0.033436648,6.6,69.2,28.3,2,35,829,1.152763012,0.346069709,1,1,8.664033,1.715767974,1,35,67.4,6.599416364,86.78437667,74.10379882,81.08614232,1.56,556.4,63.26,62,54,737.5,1.5,0.659,1.13,4,1.35,33.5,10.91,2.31,24.37,37.78,37.85,533.4,1785,248,0.186,19.5,-0.995,-0.102,8.45,9.76,16.227347,50.99601594,86.25803262,74.29560059,82.42708848,1.544994989,3.774209202,28.84609993,15.65149173,,,,
11063510,0.063688349,11.999475,61.6,35.5,2,13,503,1.069266692,0.216851229,1,1,19.701106,0.914667921,1,13,57.5,11.1992,86.78385417,88.28125,40.13671875,2.04,144.5,66.42,46,40.7,690.4,4.5,0.635,0.96,4,1.54,50.7,9.96,6.14,10.54,26.94,62.52,1273.4,2542,794,0.272,22.4,-0.728,0.686,7.51,15.53,18.45637,68.53932584,86.97674419,88.48837209,44.06976744,6.090614167,8.283114187,74.67695502,36.88442907,-0.045797929,-0.085871561,-0.017805592,0.668526212
11204100,0.007559488,6.399094935,97.5,0.3,2,107.75,845,1.088132918,0.205293766,1,1,14.215553,0.967391659,1,107.75,54.6,6.496272616,86.77819752,78.68321641,99.83810038,2.9,249.1,79.83,55.9,53.1,703.2,25.2,0.595,0.74,4,1.36,65.9,9.43,2.64,18.72,31.31,49.98,1348.7,2824,292,0.417,34.4,0.119,-0.993,5.19,10.48,17.505672,35.79881657,93.45238095,74.66666667,99.85714286,1.184458719,2.632436772,48.9626656,16.38281815,0.301182649,0.096928178,-0.011631839,0.837459498
11143000,0.153089275,9.498317568,67.4,87.6,2,28,887,0.989132487,0.043145761,1,1,13.697515,0.363115177,1,28,56.2,8.298559151,86.73740053,84.08488064,75.43766578,2.74,120.6,116.26,67.4,72.8,639.5,3.4,0.654,0.98,4,1.47,40.3,10.29,4.14,14.13,31.45,54.42,779,1505,80,0.492,43.6,-0.447,-0.894,9.44,19.35,18.127121,79.50819672,85.9221023,82.91881746,78.10886908,0.979707657,4.544776119,86.30373134,57.91119403,-0.02982169,-0.041495503,-0.00798715,
11023340,0.094044913,4.693880554,36,2.7,2,28,885,1.047940124,0.127554245,1,1,37.099197,1.443643241,1,28,34.8,4.599604304,86.6873065,79.87616099,77.97987616,2.81,109.6,39.02,60.2,39.8,841.8,0,0.626,1.08,3,1.17,24.2,11.67,2.82,23.07,37.6,39.33,263,808,116,0.251,12.8,-0.28,-0.96,13.45,8.4,14.786058,54.43686007,86.80451128,79.69924812,78.60902256,26.23438145,28.43786496,,,-0.005470648,-0.009368654,-0.017733134,1.48298974
11113000,0.026356425,20.89639216,93.5,32.2,2,27.9,838,1.090215511,0.200860842,1,1,18.928716,1.316921813,1,27.9,82.2,20.8947345,86.66464156,91.98055893,71.02065614,1.41,650,68.34,45.4,34.7,663.4,7.7,0.69,1.22,4,1.67,44.6,9.91,2,22.07,41.65,36.28,1251.5,2274,184,0.512,32.7,-1,0.016,8.13,13.21,16.054577,63.63636364,87.69315673,92.21854305,73.45474614,6.141831074,9.616984615,14.98787692,8.055507692,0.266680581,0.059727096,-0.059527782,0.966690077
11114495,0.059914108,26.68761671,75.2,65.7,2,8.986944444,452,0.989734214,0.059129179,1,1,99.929207,1.004411539,1,8.986944444,75.2,26.68761671,86.66253102,95.71960298,27.17121588,2.46,124.3,88.3,49.7,35.9,606.1,3.8,0.706,1.05,4,1.37,38.6,9.71,1.12,21.93,42.54,35.53,1162,1835,429,0.521,38.3,-0.875,0.484,8.21,17.52,13.969926,75,86.64596273,95.71428571,27.14285714,72.44200871,74.63990346,91.62960579,77.48479485,0.109225139,-0.198628136,-0.101844596,0.531856898
11466170,0.259907954,8.297937864,51.4,124.3,2,29.5,456,1.042872064,0.126696084,1,1,22.469984,1.304360211,1,29.5,44.6,8.296955468,86.64799253,89.16900093,80.46218487,1.63,56,106,64.2,74.7,734.4,0.9,0.619,0.66,2,1.24,27,11.09,1.2,26.85,43.61,29.55,220.7,744,50,0.248,12.2,0.779,-0.627,8.29,21.98,16.615901,88.13868613,87.22934158,86.12461335,81.46266019,0.386782233,1.523571429,,,0.264541567,0.141533693,-0.032432584,0.840366825
11274630,0.097310737,3.799819775,41.3,61.9,2,24,565,1.101020338,0.274057458,1,1,14.544513,0.969698236,1,24,24.5,2.699918729,86.58892128,73.35276968,74.34402332,1.77,187.4,43.32,61.7,49.1,799,2.1,0.604,1.08,4,1.42,30.9,10.3,1.62,26.46,42.13,31.41,559.2,1116,65,0.472,26.1,-0.722,0.692,7.89,8.15,18.975462,82.48945148,90.04457652,77.16691431,77.95938583,2.596224212,4.075933831,,,-0.045234715,-0.097401651,-0.006249959,0.568651794
11042800,0.01449211,15.09784903,29.5,0,2,17.75,537,0.963060589,0.107714306,1,1,36.399541,1.263146869,1,17.75,25.1,12.59693403,86.58357771,98.46041056,62.24340176,1.14,148.5,33.74,54.3,29.5,884.7,0,0.599,0.94,4,1.23,20.3,12.27,2.7,18.97,36.43,44.59,484.1,830,321,0.326,8,-0.21,-0.978,15.34,1.81,14.66485,13.36898396,86.62162162,98.44594595,63.85135135,1.917557957,7.655757576,,,0.002190242,0.016333038,-0.015743666,
11453500,0.694891286,8.697412067,69.3,159.2,2,21,497,1.003377157,0.014824985,1,1,68.402353,0.917637249,1,21,68.7,8.697452488,86.55846858,84.39450687,58.46858094,1.47,293.4,112.6,63,63.1,752.4,2,0.624,0.62,3,1.5,36.4,10.72,0.99,28.71,44.41,26.88,554.7,1432,273,0.243,19.3,-0.169,0.986,7.16,23.78,17.47691,90.1459854,86.3253012,83.09236948,59.45783133,38.71637619,46.98312883,,,-0.106642653,-0.150364536,-0.029878285,0.389033416
11065000,0.069724443,8.099874286,64.2,50.1,2,40,129,1.036828675,0.130930275,1,1,33.742927,1.953161117,1,40,59.6,8.099856552,86.49611399,82.64248705,85.10362694,1.55,364.7,81.4,47.7,43.6,701.5,4.2,0.649,1.11,5,1.12,49.6,10,6.62,10.83,28.51,60.66,1250.1,3059,313,0.343,27.3,-0.675,0.738,7.23,10.24,19.024359,74.54545455,84.27589852,77.95983087,87.71141649,9.084707504,11.94332328,33.44313134,17.52322457,-0.009785177,-0.017146948,-0.004747299,0.8073376
11014000,0.011915494,10.99953365,54.5,83.8,2,10.83333333,625,1.020999033,0.107495608,1,1,5.043274,0.752773408,1,10.83333333,28.6,8.991853125,86.49579189,95.63886764,31.25478194,2.91,181.8,44.33,55.8,42.1,846.3,0,0.609,1.26,5,1.39,33.8,10.3,3.01,18.77,38.69,42.55,490.9,1128,158,0.343,19.4,-0.048,-0.999,11.77,8.75,16.12831,92.94117647,93.33333333,94.58333333,38.98809524,1.534653813,2.248514851,,,0.108115657,-0.065945541,-0.170737304,1.025194801
11123500,0.033833493,6.197749474,71.2,77.3,2,71,145,0.955237133,0.165772266,1,1,16.457797,0.447891372,1,71,67.2,6.197749474,86.46934461,73.50246653,96.01832276,1.89,718.1,79.99,52.6,34.3,660.8,3.8,0.712,1.27,5,1.39,25.8,9.92,1.14,22.63,41.55,35.82,934.1,2081,242,0.378,31.2,-0.578,-0.816,8.31,17.22,18.753658,68.84422111,84.2469546,72.36987818,96.87153931,5.2299529,5.452388247,16.02817156,5.57082579,-0.013665477,-0.012168644,-0.003767537,0.771068736
11129800,0.009959022,6.795076501,44.5,108.5,2,31.5,862,1.048159152,0.096664419,1,1,19.694249,2.110868413,1,31.5,40.2,5.299713169,86.46485734,77.03549061,85.87334725,0.98,85.3,58.44,66.4,39.6,749.9,0.1,0.68,0.97,3,1.28,24.6,11.29,2.31,24.04,39.55,36.41,443.7,1306,157,0.254,20,-0.839,-0.544,11.04,13.89,15.248683,91.75257732,86.66666667,81.96078431,86.73202614,0.276776534,1.44021102,,,0.039086975,0.044317388,0.003693344,
11113500,0.010581116,12.29596282,64.2,100.5,2,17.8,729,1.041276723,0.118457772,1,1,85.14101,0.938475197,1,17.8,62.2,12.29588604,86.46258503,89.18367347,53.60544218,2.67,103.3,67.78,49.9,39.1,708.5,2.6,0.693,1.18,4,1.59,40.1,9.58,1.4,23.56,44.22,32.23,996,2039,186,0.437,34.4,-0.944,-0.329,8.69,8.85,15.259699,88.11188811,86.65338645,88.77822045,53.98406375,30.60330822,37.52207164,84.35972894,53.69332043,0.244986512,0.024449276,-0.077576051,0.956848087
11043000,0.020674988,5.998836,70.5,211.5,2,59.875,437,0.962237186,0.320437785,1,1,15.431556,1.785573251,1,59.875,27.8,2.8,86.45357686,70.3957382,95.62404871,1.41,572.5,37.11,54,29.9,879.2,0.1,0.614,1.02,5,1.08,23.8,12.19,2.65,18.48,35.38,46.14,520.6,1381,303,0.207,8.3,-0.454,-0.891,11.03,9.09,16.167722,100,93.39622642,82.63041065,96.809101,1.382765683,3.507877729,,,0.003075695,0.016354704,-0.015242001,
11152000,0.274515963,7.799568902,73.5,7.2,2,38,978,1.086613245,0.297079373,1,1,38.563747,1.45200031,1,38,71.9,7.799568902,86.44444444,78.66666667,82.61728395,2.07,625.1,80.89,63.9,60.5,663.8,2.9,0.654,1.03,5,2.35,38.3,10.02,3.14,20.17,34.81,45.02,759.1,1785,113,0.387,34.7,-0.132,0.991,8.78,16.68,17.294107,32.3880597,86.37413395,78.06004619,83.69515012,14.91749383,22.51871701,14.97461206,10.20955047,-0.040209457,-0.070277138,-0.018460304,0.651840956
11077500,0.007514306,16.3989415,64.5,2.6,2,19.85722222,509,1.052912639,0.178978804,1,1,11.075228,0.62641764,1,19.85722222,33.3,13.79993441,86.39484979,96.39484979,59.95708155,1.28,240.8,51.01,60.8,37.1,825.6,0,0.654,1.13,5,1.61,20.2,10.37,1.7,25.4,46.19,28.41,553.2,1719,35,0.308,25.4,-0.221,-0.975,12.93,9.51,17.754193,38.73873874,90.54916986,94.38058748,64.20817369,2.800140695,1.788413621,,,0.051188561,-0.157130797,-0.11617759,0.627282338
11077500,0.038453489,26.49496219,64.8,70.5,2,7.961666667,885,1.069569334,0.244780398,1,1,11.075228,0.62641764,1,7.961666667,33.3,10.99608919,86.39484979,94.24892704,20.17167382,1.28,240.8,51.01,60.8,37.1,825.6,0,0.654,1.13,5,1.61,20.2,10.37,1.7,25.4,46.19,28.41,553.2,1719,35,0.308,25.4,-0.221,-0.975,12.93,9.51,17.754193,84.23423423,90.74074074,98.21200511,29.56577267,2.800140695,1.788413621,,,0.182826607,0.004510949,-0.111629493,1.107408824
11152050,0.122957027,7.799568902,73.5,7.2,2,38,978,1.117104066,0.362237471,1,1,31.232187,1.394009406,1,38,71.9,7.799568902,86.37717122,78.56079404,82.15880893,1.67,771.5,74.52,63.7,58.2,676.7,2.4,0.652,1.04,6,2.02,38.4,10.1,2.9,21.11,35.63,43.26,674.8,1785,52,0.359,31.4,0.227,0.974,9.08,15.41,17.029979,28.6407767,86.26776708,78.03759743,83.47088492,12.27500159,18.24777706,12.12311082,8.239170447,-0.040209457,-0.070277138,-0.018460304,0.651840956
11109600,0.002300485,3.699844744,67.4,0.1,2,75.8,871,1.006754871,0.217199979,1,1,41.681744,1.066478672,1,75.8,63.1,3.699844744,86.36908328,66.86638706,97.6033553,1.66,963.8,55.61,42.7,35,676,11.8,0.673,1.1,5,2.08,52.1,10.21,5.72,18.55,37.45,44,1385.2,2691,325,0.448,26,-0.765,0.644,5.21,11.63,16.693884,29.18918919,87.05501618,67.04422869,97.8425027,12.52429966,19.22524383,6.542218303,3.126727537,-0.054237196,-0.108104837,-0.011410457,0.669482329
11118500,0.009328168,12.79576601,83,0,2,11.83333333,747,1.044758977,0.153206506,1,1,82.190611,1.092289043,1,11.83333333,83.1,12.79583534,86.36081835,84.74891507,32.88902666,2.11,485.7,69.88,51.4,33.4,711.7,1.4,0.702,1.2,6,1.39,38.3,10.32,1.3,23.76,41.87,34.37,702.1,1835,78,0.36,29.1,-0.979,-0.203,9.73,9.35,16.615606,9.390862944,86.25930521,84.73945409,32.84739454,33.83108468,42.24663372,80.03368334,50.47848466,0.252358865,0.015863939,-0.088528978,0.913104719
11149900,0.041172371,12.29991699,65.8,8.9,2,14.96444444,139,1.176409096,0.396306248,1,1,8.664033,1.715767974,1,14.96444444,65.5,12.29991699,86.32958801,87.69395399,41.62653826,1.56,556.4,63.26,62,54,737.5,1.5,0.659,1.13,4,1.35,33.5,10.91,2.31,24.37,37.78,37.85,533.4,1785,248,0.186,19.5,-0.995,-0.102,8.3,13.77,16.227347,29.48207171,85.39298072,87.88927336,44.83440435,1.544994989,3.774209202,28.84609993,15.65149173,0.015682926,0.015878051,0.003511839,
11143000,0.307587347,13.79595238,74.8,87.1,2,13.75,94,0.989867925,0.085508042,1,1,13.697515,0.363115177,1,13.75,55,11.59791364,86.31299735,90.55702918,42.70557029,2.74,120.6,116.26,67.4,72.8,639.5,3.4,0.654,0.98,4,1.47,40.3,10.29,4.14,14.13,31.45,54.42,779,1505,80,0.492,43.6,-0.447,-0.894,8.33,25.11,18.127121,79.23497268,88.19802909,89.86391366,46.12857813,0.979707657,4.544776119,86.30373134,57.91119403,0.014848658,0.011437441,0.000869751,
11463200,0.575565964,6.599862069,66.3,110.4,2,19.5,784,1.019526163,0.089653819,1,1,26.99712,1.422792662,1,19.5,60,6.299879867,86.23608018,76.70378619,54.61024499,2.22,220.9,130.76,61.7,78,793.4,1.1,0.617,0.65,4,1.29,31.1,10.07,1.12,28.01,43.94,28.05,641.5,1364,128,0.429,28.1,-0.469,-0.883,7.95,18.09,12.856578,94.44444444,86.2054681,75.55923778,56.42087821,8.36721598,13.11946582,,,0.068603409,-0.054718704,-0.102410332,0.639128666
11462500,0.139970219,32.2973697,143.3,65.3,2,61.96555556,221,1.01276596,0.127076027,1,1,5.854759,1.781748803,1,61.96555556,51,7.995645024,86.21794872,88.41575092,91.8040293,1.8,938.7,115.58,63.2,79.6,757,2,0.605,1.01,5,1.18,36.1,11.16,1.09,26.66,42.65,30.69,465.2,1187,159,0.299,21.1,-0.76,-0.649,9.49,18.21,15.801847,60.21505376,95.38352273,99.68039773,93.64346591,1.319662649,1.833269415,5.881016299,2.132502397,0.247462344,0.074943405,0.002092771,0.783055803
9484000,0.053520701,5.998516098,36.8,0,2,33,536,1.063872738,0.218036117,1,1,85.517068,1.046778775,1,33,36.8,5.998516098,86.20797011,76.27646326,90.92465753,2.39,103.7,75.97,43.3,71.1,767.1,3.1,0.167,0.8,3,1.52,9.5,9.14,1.65,18.36,43.38,38.26,1878.8,2788,872,0.534,35.6,-0.977,-0.213,5.25,6.72,17.656755,5.360824742,86.18441478,76.12542689,90.95001552,21.59321881,31.624108,59.10578592,25.9246866,-0.075001263,-0.13012394,-0.017316944,0.572519765
12447390,0.164734684,3.199753316,33.2,61.9,1,27,112,1.110175406,0.329194215,1,1,96.10441,0.944237769,1,27,33.2,3.199753316,86.19860017,81.01487314,74.0376203,2.51,58.1,88.33,65.2,107.7,404.9,59.4,0.103,0.75,3,1.13,66.5,9.85,2.71,10.13,49.07,40.8,1936.8,2632,1323,0.477,35.3,-0.938,0.348,1.84,6.3,14.135952,86.13445378,86.21969862,81.10941254,74.07730946,78.74465383,66.63872633,,,-0.103767022,-0.170909208,-0.012712586,0.341069728
11028500,0.006290476,3.998883484,42.2,1.7,2,63,867,1.066257645,0.146984274,1,1,59.833561,1.393602004,1,63,40.6,3.998883484,86.15096694,72.92576419,97.2551466,1.75,146.3,47.31,53.2,40,817.6,0.1,0.607,0.82,3,1.39,26.8,11.3,2.46,16.66,32,51.34,561.3,994,400,0.27,8.7,-0.125,-0.992,11.9,10.67,15.589059,32.94392523,86.82098765,72.71604938,97.28395062,13.30200551,18.34757348,,,0.008513387,-0.004570397,-0.010924288,0.927810373
11077500,0.014111372,13.69661346,46.9,0,1,32,104,1.040497084,0.169056535,1,1,11.867328,0.9068181,1,32,35.1,11.49506098,86.14357262,93.8230384,84.80801336,1.28,240.8,51.01,60.8,37.1,825.6,0,0.654,1.13,5,1.61,20.2,10.37,1.7,25.4,46.19,28.41,553.2,1719,35,0.308,25.4,-0.221,-0.975,16.71,1.09,17.754193,14.18918919,87.29246488,92.01787995,88.0587484,4.617074093,6.360921927,,,0.033667922,0.042852639,0.004524728,1.367628761
11152000,0.044846667,7.898104615,94.9,17.2,2,37,220,1.062669882,0.215764099,1,1,7.156277,1.825105706,1,37,63.6,6.298780399,86.11852643,74.31927389,80.43246129,2.07,625.1,80.89,63.9,60.5,663.8,2.9,0.654,1.03,5,2.35,38.3,10.02,3.14,20.17,34.81,45.02,759.1,1785,113,0.387,34.7,-0.132,0.991,11.91,5.11,17.294107,42.08955224,89.74595843,78.2448037,83.02540416,3.419893111,4.751959686,14.97461206,10.20955047,0.01157158,0.010173132,0.002783593,
11153000,0.052122862,3.699828381,44.9,51.7,2,41.66666667,152,0.996437066,0.109021068,1,1,10.488957,2.512752181,1,41.66666667,32.2,3.099120145,86.11266035,69.04629113,89.26380368,1.11,375.4,52.87,62.6,46.9,835.2,1.3,0.643,1.11,5,1.85,28.4,10.45,2.08,24.44,44.87,30.7,424.1,1045,74,0.363,20.9,-0.996,-0.088,10.04,11.66,15.589845,62.3655914,87.63362488,70.31098154,90.67055394,3.405985647,4.396909963,,,-0.017526788,-0.036764162,-0.000810826,0.88266913
11114495,0.020525708,12.49974621,73.3,98.3,2,17.66666667,729,1.026906612,0.126169774,1,1,99.929207,1.004411539,1,17.66666667,73.3,12.49974621,86.10421836,84.1191067,50.52729529,2.46,124.3,88.3,49.7,35.9,606.1,3.8,0.706,1.05,4,1.37,38.6,9.71,1.12,21.93,42.54,35.53,1162,1835,429,0.521,38.3,-0.875,0.484,7.03,11.91,13.969926,82.29166667,86.08695652,84.09937888,50.46583851,72.44200871,74.63990346,91.62960579,77.48479485,0.239729372,0.026164334,-0.081860101,0.853478916
11073300,0.303491276,10.79995568,58,0,1,27,358,1.029813147,0.211524185,1,1,30.521869,0.844669747,1,27,54.9,8.799389357,86.09406953,82.00408998,74.77845944,0.81,83.6,90.33,49.8,53.3,682.5,5.3,0.643,1.21,3,1.12,50,9.57,6.38,11.96,34.18,53.86,1477.5,3059,222,0.443,40.8,-0.829,-0.56,14.25,3.33,20.142177,14.74654378,83.89783454,83.0094392,79.01166019,17.99244488,18.93767943,,,-0.094432774,-0.154988647,-0.020724766,0.607662358
11274630,0.007857389,5.599990185,34.6,49.6,2,21.5,593,1.115682027,0.301242693,1,1,13.905464,1.291954055,1,21.5,27.2,4.399393222,86.06785317,84.76084538,66.74082314,1.77,187.4,43.32,61.7,49.1,799,2.1,0.604,1.08,4,1.42,30.9,10.3,1.62,26.46,42.13,31.41,559.2,1116,65,0.472,26.1,-0.722,0.692,10.16,8.15,18.975462,75.94936709,87.2709262,86.92421991,68.89549282,4.696483564,5.048932764,,,-0.041494034,-0.069598546,-0.019274809,0.736767118
11123500,0.014669067,24.59062418,133,27.5,2,15.9,838,0.986407405,0.08687457,1,1,11.243107,1.233641415,1,15.9,71.4,21.39231707,86.05150215,94.13447783,32.97567954,1.89,718.1,79.99,52.6,34.3,660.8,3.8,0.712,1.27,5,1.39,25.8,9.92,1.14,22.63,41.55,35.82,934.1,2081,242,0.378,31.2,-0.578,-0.816,9.59,16.27,18.753658,43.46733668,91.86046512,94.68438538,40.3654485,7.582963909,7.580629439,16.02817156,5.57082579,0.229292474,0.028243746,-0.09941149,0.921230013
11073360,0.32105238,10.79995568,58,0,1,27,358,1.095802707,0.26519344,1,1,20.134001,,1,27,54.9,8.799389357,86.04651163,81.94254446,74.11080711,0.95,132.3,74.76,53,45.8,744.3,3.4,0.65,0.9,3,1.12,44.1,10.29,6.95,11.8,32.18,56.02,1050.4,3059,211,0.295,27.1,-0.86,-0.509,16.03,2.66,14.250404,10.17964072,83.81948266,83.15905338,78.50853054,16.06905269,12.00204082,,,-0.092496442,-0.15177602,-0.020368538,0.608914885
11047300,0.094929153,15.49922273,62.4,56.7,2,51.75,212,1.134780768,0.28831504,1,1,11.921157,1.8590446,1,51.75,42.9,15.58936061,86.01532567,94.25287356,95.09578544,1.1,139.9,46.85,61.6,36.6,812.1,0,0.652,1.08,3,1.27,23.9,11.46,2.26,24.89,42.68,32.43,423.2,1729,25,0.234,19.1,-0.597,-0.802,13.12,9.25,13.66011,89.28571429,90.97080788,94.50101833,95.65512559,4.902997679,7.699857041,11.53209435,10.94796283,0.041259974,-0.235467907,-0.063706538,0.495678495
11077500,0.055857514,11.09795724,57.4,0,2,12.75,805,1.038396646,0.142715378,1,1,11.075228,0.62641764,1,12.75,31.8,5.899191043,86.00858369,84.03433476,39.74248927,1.28,240.8,51.01,60.8,37.1,825.6,0,0.654,1.13,5,1.61,20.2,10.37,1.7,25.4,46.19,28.41,553.2,1719,35,0.308,25.4,-0.221,-0.975,12.94,6.47,17.754193,14.18918919,89.33588761,89.08045977,48.08429119,2.800140695,1.788413621,,,0.182826607,0.004510949,-0.111629493,1.107408824
11451715,0.052772774,10.79705882,63.7,34,2,30.875,996,0.986052505,0.170576076,1,1,11.655139,0.944331954,1,30.875,48.2,8.99985,85.98304187,92.58081611,74.13884473,0.9,247.9,70.02,59.6,55.5,854.4,1,0.615,0.96,4,1.19,43.2,10.66,0.49,37.34,42.78,19.88,560.5,1162,264,0.34,18.2,-0.265,0.964,10.43,10.33,18.827651,56.59722222,88.63839286,93.70535714,78.21428571,2.304121352,5.157482856,23.98777733,10.34183138,-0.020201164,-0.037042487,-0.012948582,0.829864732
11159200,0.050252385,10.9988,61.8,22.9,2,16,624,1.144710658,0.43515284,1,1,12.563615,1.632601188,1,16,59.5,10.79678468,85.98039216,85.19607843,54.58333333,1.76,71,84.62,68.1,68.6,691.1,0.1,0.629,0.85,3,1.21,34.5,10.12,2.59,21.18,36.59,42.23,305.2,863,27,0.333,21,-0.996,-0.089,10.55,16.18,16.438445,47.08520179,86.16071429,85.57330827,55.70958647,0.115679955,6.346901408,,,-0.065019601,-0.122480704,-0.014327841,0.614253963
7104905,0.112159531,76.87027778,185.9,56.6,1,11.99305556,749,0.8813773,0.906861563,1,1,5.351106,0.612912952,1,11.99305556,17,3.299608464,85.95940068,78.97535041,48.98501692,2.32,613.5,54.77,51.4,80.5,521.8,16.6,0.322,0.71,3,1.84,50.4,11.26,7.38,13.5,29.69,56.81,2279.5,2941,1822,0.411,10.1,-1,0.006,18.71,7.64,13.421778,57.25138122,99.86237743,100,59.6249785,3.217745165,3.097555012,4.981222494,2.570904645,-0.064060833,-0.128927104,-0.023282184,0.56043363
11059300,0.129311482,7.299485714,82,90.2,2,41.88916667,585,1.003005302,0.065488869,1,1,5.953975,1.553102126,1,41.88916667,59.4,4.79964265,85.89815333,68.60660325,83.77168439,1.38,946,67.84,42.5,47.8,641.9,27.6,0.57,1.05,5,1.86,28.1,10.09,7.16,11.69,29.16,59.16,1661,3477,292,0.43,26,0.124,-0.992,4.14,13.57,19.036583,84.24657534,87.97159343,76.12072792,86.86196183,2.220004155,3.071511628,5.803953488,2.260084567,-0.079580129,-0.141999495,-0.013038604,0.562875645
11453500,0.134152623,5.299797861,65.4,206.2,2,46,132,0.993678645,0.065021215,1,1,68.402353,0.917637249,1,46,64.7,5.299797861,85.89263421,70.62005826,88.97211819,1.47,293.4,112.6,63,63.1,752.4,2,0.624,0.62,3,1.5,36.4,10.72,0.99,28.71,44.41,26.88,554.7,1432,273,0.243,19.3,-0.169,0.986,7.16,23.78,17.47691,94.16058394,85.42168675,69.47791165,89.35742972,38.71637619,46.98312883,,,-0.005397959,-0.024779725,-0.001144985,0.927361723
11143000,0.077483836,11.09992487,66.8,0,2,28.5,290,0.991263023,0.04457898,1,1,99.985297,0.997222043,1,28.5,66.8,11.09992487,85.88180113,86.1163227,78.42401501,2.74,120.6,116.26,67.4,72.8,639.5,3.4,0.654,0.98,4,1.47,40.3,10.29,4.14,14.13,31.45,54.42,779,1505,80,0.492,43.6,-0.447,-0.894,11.22,7.58,18.127121,8.879781421,85.87517597,86.1098076,78.41389019,33.21126627,44.52462687,86.30373134,57.91119403,-0.174384752,-0.24477222,-0.020714274,0.306190458
11114495,0.017199677,11.9959981,71.8,0,2,11.83333333,747,1.001338796,0.058683242,1,1,99.929207,1.004411539,1,11.83333333,71.9,11.9959981,85.8560794,83.18858561,36.38337469,2.46,124.3,88.3,49.7,35.9,606.1,3.8,0.706,1.05,4,1.37,38.6,9.71,1.12,21.93,42.54,35.53,1162,1835,429,0.521,38.3,-0.875,0.484,7.03,11.91,13.969926,14.0625,85.83850932,83.16770186,36.30434783,72.44200871,74.63990346,91.62960579,77.48479485,0.239729372,0.026164334,-0.081860101,0.853478916
11458000,0.089505752,11.59969113,84.2,103.7,2,37.97638889,482,1.021342397,0.121427106,1,1,7.469418,0.749639592,1,37.97638889,56.6,11.09564786,85.84720862,91.38099902,80.11753183,1.81,566.3,96.01,63.5,67.6,752.1,1.4,0.629,0.68,4,1.21,26.8,11,1.67,26.49,45.86,27.64,276.3,1261,13,0.212,18.6,-0.834,0.552,9.47,18.58,16.230256,79.88668555,89.11371914,90.20639417,83.48846621,0.513073094,1.896309377,,,0.278941751,0.094248912,-0.0000965,0.659041598
11138500,0.008857504,5.599212077,71.3,37.7,2,29,235,1.100201639,0.350556218,1,1,43.010103,1.393757,1,29,70.1,5.599212077,85.84422968,71.176805,76.23649801,2,728.9,69.82,57.6,39.6,665.2,7.1,0.686,1.16,5,1.44,28.2,9.8,1.39,21.86,41.68,36.45,994.2,2081,193,0.424,34.2,0.199,-0.98,8.21,17.01,16.60856,52.35294118,85.62906725,71.5835141,77.1691974,32.67864011,35.43658938,,,-0.079948795,-0.1583225,-0.003626793,0.635399474
8294195,0.007925827,13.09837328,34.5,44.2,1,9.933333333,801,1.161910375,0.46805235,1,1,17.374893,0.678045527,1,9.928611111,16.3,7.499424,85.81192552,93.23591798,51.37874146,2.27,78.6,73.93,49.1,74.6,399.9,36.7,0.115,0.4,2,1.21,73.1,9.46,3.82,21.29,50.78,27.93,2909.1,3843,2113,0.463,34.2,0.36,-0.933,10.91,5.82,13.3997,67.85714286,93.01484583,96.26950895,57.61324705,7.408677581,8.567175573,6.818708651,2.85470229,-0.073493588,-0.117281151,-0.017968705,0.709969796
11118500,0.039819617,14.99702011,80.5,132.4,2,12.96777778,751,1.049068345,0.154912906,1,1,82.190611,1.092289043,1,12.96777778,80.5,14.99702011,85.80285183,87.29076255,36.32982021,2.11,485.7,69.88,51.4,33.4,711.7,1.4,0.702,1.2,6,1.39,38.3,10.32,1.3,23.76,41.87,34.37,702.1,1835,78,0.36,29.1,-0.979,-0.203,9.73,9.35,16.615606,86.80203046,85.79404467,87.28287841,36.29032258,33.83108468,42.24663372,80.03368334,50.47848466,0.252358865,0.015863939,-0.088528978,0.913104719
11458500,0.035207748,13.09894662,51.9,19.2,1,8.964444444,583,1.028555156,0.092614054,1,1,63.695385,1.042728974,1,8.964444444,50.5,12.39666667,85.7942316,93.75807146,29.85363754,2.59,150.4,107.96,63.9,77.4,739.6,1.4,0.626,0.64,3,1.77,23.2,10.42,1.81,24.93,43.89,31.18,301.1,824,39,0.336,17.6,-0.861,-0.509,15.88,2.82,19.519202,40.45801527,85.60187154,93.70480647,30.22118248,10.35774737,23.62679521,,,0.19127005,-0.008569863,-0.068260773,0.620423687
11143000,0.401507148,7.999666667,67.7,183.1,2,27,166,1.055083277,0.184720439,1,1,29.9711,1.327452654,1,27,62.1,7.299688689,85.79075426,78.05352798,76.52068127,2.74,120.6,116.26,67.4,72.8,639.5,3.4,0.654,0.98,4,1.47,40.3,10.29,4.14,14.13,31.45,54.42,779,1505,80,0.492,43.6,-0.447,-0.894,8.68,23.37,18.127121,93.98907104,86.20366025,79.11778508,77.35804786,15.90995837,20.11791045,86.30373134,57.91119403,0.010770338,0.00564021,0.002104102,
11101250,0.569200299,13.49971319,67.8,120.7,2,26,434,1.00270906,0.231424761,1,1,9.043463,1.218738623,1,26,58.5,11.49961512,85.78571429,87,76.57142857,3.16,237.3,62.69,59.1,33.7,843.8,0.3,0.655,0.85,3,1.36,34,10.8,2.61,18.95,41.98,39.07,471.3,1852,65,0.228,19.6,-0.987,-0.161,11.31,13.13,13.411358,89.60244648,86.48228713,88.93722809,79.49036669,0,3.349683944,19.49397387,12.38921197,-0.042418249,-0.066936498,-0.019972415,
8294195,0.015383311,11.29886016,41.5,106.5,1,15.93333333,683,1.152351327,0.42517588,1,1,6.622959,0.594145955,1,15.92333333,14.2,5.999346667,85.76799141,91.59505908,69.46831364,2.27,78.6,73.93,49.1,74.6,399.9,36.7,0.115,0.4,2,1.21,73.1,9.46,3.82,21.29,50.78,27.93,2909.1,3843,2113,0.463,34.2,0.36,-0.933,15.09,10.1,13.3997,92.85714286,94.85154168,94.84202512,74.91435097,0.743431314,2.016412214,6.818708651,2.85470229,-0.028225705,-0.226721244,-0.093833455,0.691626384
11451715,0.108515445,6.9,72,0.1,2,38.75,91,1.098714672,0.22726141,1,1,5.595129,0.165455251,1,38.75,37.2,4.598452941,85.74712644,81.43678161,80.57471264,0.9,247.9,70.02,59.6,55.5,854.4,1,0.615,0.96,4,1.19,43.2,10.66,0.49,37.34,42.78,19.88,560.5,1162,264,0.34,18.2,-0.265,0.964,7.69,10.4,18.827651,13.71527778,90.53571429,84.19642857,84.86607143,0.869588895,1.310246067,23.98777733,10.34183138,,,,1.003780864
11123500,0.044953592,5.298430179,82.4,36,2,43,234,1.000909407,0.13658021,1,1,47.106742,1.207876628,1,43,73.8,5.298430179,85.73923166,69.84866123,86.64144354,1.89,718.1,79.99,52.6,34.3,660.8,3.8,0.712,1.27,5,1.39,25.8,9.92,1.14,22.63,41.55,35.82,934.1,2081,242,0.378,31.2,-0.578,-0.816,8.67,20.64,18.753658,52.26130653,86.5448505,69.71207087,87.2923588,43.16949878,44.25628743,16.02817156,5.57082579,-0.080627628,-0.178775475,-0.002100091,0.737099819
9513780,0.025684552,12.69849388,30.7,44.1,1,12.98333333,45,1.321660478,0.879277069,1,1,90.81327,1.095059029,1,12.97166667,30.7,12.69849388,85.72899506,94.93410214,57.66062603,2.34,177.5,52.71,40,52.6,949,0.8,0.196,0.87,3,1.36,22.1,10.1,3.45,30.93,30.45,38.62,1208.9,1783,721,0.467,22.5,-0.241,-0.97,25.88,6.09,18.230644,78.6440678,85.81967213,94.91803279,57.74590164,38.35176222,28.51808451,16.69070423,2.558647887,-0.000477036,-0.000336455,0.001720673,1.029836206
11014000,0.002336371,2.399934316,35.3,11.6,2,41.8,46,1.013089519,0.137296702,1,1,7.06468,1.142409136,1,41.8,29.8,2.199425293,85.65121413,59.1611479,90.43414275,2.91,181.8,44.33,55.8,42.1,846.3,0,0.609,1.26,5,1.39,33.8,10.3,3.01,18.77,38.69,42.55,490.9,1128,158,0.343,19.4,-0.048,-0.999,11.77,8.75,16.12831,54.70588235,85.86309524,61.07142857,91.96428571,6.01277364,6.221287129,,,0.02049427,0.036833318,0.003156383,
11118500,0.013117736,15.69467241,79.3,126.8,2,17.66666667,729,1.095115631,0.234854619,1,1,82.190611,1.092289043,1,17.66666667,79.5,15.69467241,85.64786113,88.15871048,46.71419715,2.11,485.7,69.88,51.4,33.4,711.7,1.4,0.702,1.2,6,1.39,38.3,10.32,1.3,23.76,41.87,34.37,702.1,1835,78,0.36,29.1,-0.979,-0.203,9.73,9.35,16.615606,85.27918782,85.54590571,88.15136476,46.68114144,33.83108468,42.24663372,80.03368334,50.47848466,0.252358865,0.015863939,-0.088528978,0.913104719
9404450,0.039174046,4.595898,26.2,39.6,1,37,50,0.969442171,0.129332339,1,1,14.12125,1.495243097,1,37,17.2,4.498140467,85.625,89.69594595,92.87162162,2.21,193,46.03,54.3,64.1,511.3,37.5,0.146,0.49,3,1.1,77.9,10.5,1.53,27.11,45.25,27.64,2214.5,2588,1800,0.528,23.3,-0.996,0.092,17.5,4.15,16.150084,84.11371237,90.07878611,87.39422235,93.7846513,4.678595116,7.601968912,13.95839378,7.030725389,0.005865972,0.002399309,-0.003304595,1.046107973
10257600,0.003352907,7.695530994,46.3,0,2,25,544,1.083795039,0.248068397,1,1,70.099582,0.942865524,1,25,32.6,4.899888108,85.58558559,78.04054054,80.88400901,1.68,92.9,55.02,38.1,39.9,737.5,7.4,0.582,0.91,3,1.32,44,9.6,5.01,12.16,30.05,57.78,1746.6,2915,731,0.466,38.3,-0.947,0.322,4.22,11.71,18.430912,10.48387097,88.85699374,84.81210856,82.28079332,34.09728829,40.43799785,21.86157158,3.477933262,-0.065405744,-0.143502026,-0.004785318,0.459862484
11152000,0.083351382,10.69943255,88.1,42.8,2,22,652,1.070521071,0.230839886,1,1,38.563747,1.45200031,1,22,67.4,6.999868326,85.58024691,75.80246914,55.18518519,2.07,625.1,80.89,63.9,60.5,663.8,2.9,0.654,1.03,5,2.35,38.3,10.02,3.14,20.17,34.81,45.02,759.1,1785,113,0.387,34.7,-0.132,0.991,11.91,5.11,17.294107,59.25373134,88.54503464,85.03464203,56.25866051,14.91749383,22.51871701,14.97461206,10.20955047,-0.106418682,-0.184356043,-0.025092694,0.456406466
11466800,0.0864006,11.49801075,81.7,96.1,2,41.88916667,482,1.028325885,0.112329937,1,1,12.714225,1.001456134,1,41.88916667,48.5,8.999995333,85.56851312,89.55296404,84.42662779,2.06,652.2,100.52,64.6,68.1,730.4,0.8,0.63,0.68,4,1.71,30,13.03,1.22,29.33,42.59,28.08,155.1,780,16,0.185,9.2,-0.054,-0.999,9.93,19.46,16.611166,85,89.60824742,90.26804124,86.57731959,3.097905528,3.795124195,,,0.138750571,-0.02055757,-0.092766442,0.594232737
11025500,0.042274158,18.18051,49.5,67.4,2,15.94472222,821,1.042384518,0.146883665,1,1,57.038453,0.63853309,1,15.94472222,39.7,17.28151476,85.51724138,97.5862069,50.91954023,1.59,288.7,61.83,49,43.1,760.7,1.6,0.57,0.88,4,1.39,32.2,10.45,3.04,16.47,31.29,52.24,891.8,1731,269,0.428,20.2,-0.631,-0.776,8.73,11.95,16.426629,84.93150685,87.12004122,96.90880989,53.78670788,35.29497486,34.52483547,,,0.004601165,-0.01412555,-0.015278874,0.884453394
11152050,0.046246524,11.29937961,88.6,43,2,22,652,1.096402268,0.290520192,1,1,31.232187,1.394009406,1,22,67.4,6.999868326,85.50868486,75.68238213,54.49131514,1.67,771.5,74.52,63.7,58.2,676.7,2.4,0.652,1.04,6,2.02,38.4,10.1,2.9,21.11,35.63,43.26,674.8,1785,52,0.359,31.4,0.227,0.974,12.1,4.74,17.029979,56.31067961,88.49151765,86.24484182,55.96056855,12.27500159,18.24777706,12.12311082,8.239170447,-0.106418682,-0.184356043,-0.025092694,0.456406466
11015000,0.006249892,5.097848276,43.5,0.8,1,23,902,1.02000809,0.115079031,1,1,81.490142,1.480326105,1,23,43.4,5.097848276,85.49317943,73.29485834,70.33053515,1.44,117.8,76.11,45.5,48.7,677.6,11.1,0.564,0.71,3,1.32,40,10.19,5.47,12.93,24.7,62.37,1330.9,1942,1002,0.351,17.6,-0.501,-0.865,10.57,4.98,15.126983,27.11864407,85.32637076,73.10704961,70.46997389,64.84675838,71.42852292,,,-0.047403302,-0.083739091,-0.016223618,1.021402429
9484000,0.018950697,8.495901253,34.6,39.3,1,15.96305556,861,1.076240815,0.331911841,1,1,69.267296,1.388299086,1,15.96305556,34.6,8.498057143,85.48689139,84.33208489,64.12297129,2.39,103.7,75.97,43.3,71.1,767.1,3.1,0.167,0.8,3,1.52,9.5,9.14,1.65,18.36,43.38,38.26,1878.8,2788,872,0.534,35.6,-0.977,-0.213,14.33,5.94,17.656755,62.78350515,85.28407327,83.91803788,64.29680224,12.27435075,20.33982642,59.10578592,25.9246866,0.061976943,-0.000808491,-0.011439573,0.861433391
11113000,0.015421776,20.89934118,209.4,0,2,45,469,1.307222774,0.625328322,1,1,34.168763,0.626898493,1,45,67.9,6.899460784,85.47745358,77.32095491,84.64854111,1.41,650,68.34,45.4,34.7,663.4,7.7,0.69,1.22,4,1.67,44.6,9.91,2,22.07,41.65,36.28,1251.5,2274,184,0.512,32.7,-1,0.016,6.83,9.22,16.054577,13.63636364,95.36423841,92.38410596,87.0584989,19.70198669,21.99904615,14.98787692,8.055507692,-0.100884584,-0.203599969,-0.018163254,0.353398313
9342500,0.022905888,7.899058824,53.4,32.2,1,36.95,473,0.989102413,0.715607294,1,1,10.452957,1.515753581,1,36.9375,34.1,7.497807436,85.45372664,92.79441567,74.99437064,2,726.9,99.32,50.6,102.4,399.5,54.9,0.122,0.66,4,1.3,63.2,9.73,5.26,19.93,41.58,38.49,2968.1,4027,2154,0.436,31.2,-0.871,-0.491,9.26,7.87,11.980939,49.8951782,87.74877957,89.63574916,78.91475779,3.405147869,4.768551383,,,-0.039648096,-0.132480771,-0.006367292,0.631351818
8380500,0.015151857,3.69993697,26.2,75.8,1,16.66666667,136,1.08605548,0.199693171,1,1,99.368957,1.001978058,1,16.66666667,26.1,3.69993697,85.43897216,71.0028551,74.51820128,2.1,198.1,68.57,50.8,80.7,464.5,19.2,0.221,0.66,4,1.18,58,10.64,1.87,31.03,41.4,27.57,2652.5,3551,2136,0.381,25,-0.636,0.772,15.49,10.72,17.995738,70.1208981,85.33760912,70.88900766,74.54124354,30.00276242,42.76158506,96.58440182,48.47415447,0.009804609,0.004280286,0.019648497,1.00779206
11458000,0.061003921,11.09583882,80.4,45,2,25.95666667,529,0.984437912,0.092512168,1,1,7.469418,0.749639592,1,25.95666667,54.9,11.09650106,85.43095005,91.42997062,67.33594515,1.81,566.3,96.01,63.5,67.6,752.1,1.4,0.629,0.68,4,1.21,26.8,11,1.67,26.49,45.86,27.64,276.3,1261,13,0.212,18.6,-0.834,0.552,10.87,15.05,16.230256,53.25779037,88.5471469,89.03278025,72.80453258,0.513073094,1.896309377,,,0.278941751,0.094248912,-0.0000965,0.659041598
10308200,0.04031708,5.299037433,45.7,98.3,1,37,497,1.045436677,0.130789158,1,1,10.319266,0.492347313,1,37,33.9,4.798876981,85.41506533,85.24212145,75.13451191,1.86,716.4,98.02,59.8,85.2,431.7,67.2,0.457,0.84,5,1.42,68.4,9.81,7.37,12.65,29.7,57.65,2410.5,3467,1645,0.42,29.6,0.895,0.445,6.01,5.87,17.280325,86.34920635,84.25572519,81.02508179,81.51581243,3.293936015,4.147236181,15.78961474,8.075935232,-0.057478481,-0.096990859,-0.01741291,0.619771212
11169800,0.054351478,3.798946612,42.4,56.4,2,38.66666667,152,0.977341272,0.070855535,1,1,19.710195,1.254471196,1,38.66666667,32.3,2.7,85.40356394,63.31236897,88.15513627,1.22,282.9,60.85,63.3,56.7,817.9,1.8,0.626,0.99,4,1.41,31.7,10.98,2.22,23.01,45.71,31.28,604,1101,244,0.421,25.6,-0.968,-0.251,9.29,13.42,15.108,73.91304348,86.8776175,69.98604002,89.48348069,8.512952968,12.39353128,,,-0.020831647,-0.039457795,-0.000658374,0.883383447
11461000,0.218157318,26.89339548,58.4,38.6,2,7.971666667,441,1.089474093,0.352658608,1,1,32.301184,1.065652935,1,7.971666667,54.4,25.39489748,85.34820031,99.29577465,19.79655712,1.95,259.6,118.6,63.1,81.2,730.9,3,0.607,0.95,4,1.1,36,11.3,1.16,28.24,42.59,29.17,448.3,1014,191,0.314,20.6,-0.997,0.077,7.07,18.28,15.086673,52.6652452,85.79816514,99.1559633,23.11926606,6.630779176,11.66221109,,,0.168591806,-0.024895358,-0.112839417,0.580309863
11065000,0.008773788,20.19233651,86.4,0.1,2,14.97972222,65,0.982902131,0.390087612,1,1,8.140156,1.901694811,1,14.97972222,53.6,11.4979375,85.33604888,88.25526137,37.47454175,1.55,364.7,81.4,47.7,43.6,701.5,4.2,0.649,1.11,5,1.12,49.6,10,6.62,10.83,28.51,60.66,1250.1,3059,313,0.343,27.3,-0.675,0.738,7.23,10.24,19.024359,23.81818182,87.52642706,92.2832981,44.29175476,2.365863291,3.388017549,33.44313134,17.52322457,0.003139483,-0.006888002,-0.00523758,0.924603841
11073495,0.383541941,11.99994,64.6,0,1,30,362,1.161232973,0.432865615,1,1,26.085866,1.717892731,1,30,64.3,11.99694,85.3221957,84.72553699,81.77207637,2.67,208.2,61.85,53.7,37.7,823.2,0.2,0.66,0.75,4,1.15,47.4,10.92,8.04,10,27.26,62.74,638.5,2692,199,0.176,13.5,-0.99,-0.14,18,2.08,10.502607,12.19512195,85.40103866,84.76630121,82.37160992,21.64413972,15.30172911,,,-0.100140609,-0.156993692,-0.019652861,0.478553645
11143000,0.160837659,6.999868326,63.7,43.6,2,21,652,1.000346048,0.03747165,1,1,99.985297,0.997222043,1,21,63.7,6.999868326,85.31894934,75.79737336,61.21013133,2.74,120.6,116.26,67.4,72.8,639.5,3.4,0.654,0.98,4,1.47,40.3,10.29,4.14,14.13,31.45,54.42,779,1505,80,0.492,43.6,-0.447,-0.894,11.22,7.58,18.127121,61.61202186,85.31206007,75.78601595,61.19192867,33.21126627,44.52462687,86.30373134,57.91119403,-0.101820656,-0.155859565,-0.024091851,0.453496031
9512280,0.065127185,6.899608183,31.5,0.8,1,30,118,0.952295916,0.179614238,1,1,77.294582,1.157801676,1,30,29.6,6.899650056,85.31814273,84.99570077,88.62854686,2.43,188.7,50.78,38.1,53.2,973.2,0.5,0.208,0.98,4,1.51,22.7,10.42,5.25,18.83,28.78,52.39,1150.1,1637,693,0.484,21.1,-0.665,-0.747,17.98,4.72,17.665115,25.33112583,86.02785986,84.50823132,88.83495146,26.94965959,28.43465819,,,-0.008494311,-0.052430125,0.002836052,0.847229552
14180300,0.291671749,5.297667255,51.4,36.6,1,29,634,1.00799221,0.036622298,1,1,8.351728,1.069416516,1,29,46.8,4.9,85.30701754,86.7202729,63.98635478,2.72,66.6,217.85,69,177.2,547.1,33.6,0.423,0.62,3,1.28,64.1,9.46,2.82,16.13,50.93,32.94,1027.9,1745,559,0.395,26.5,0.8,-0.6,8.96,12.8,13.559303,48.78318584,83.62146385,82.64481365,66.7714414,0.338613903,3.914864865,7.992792793,1.667267267,-0.005926427,-0.192881297,-0.113116426,0.687926088
9430600,0.022296709,2.399278787,20.5,51.5,1,33.66666667,94,1.058404229,0.167907963,1,1,13.587343,1.818895817,1,33.66666667,20.2,2.199935439,85.27542373,62.83292978,84.98789346,1.85,190.5,67.41,44.7,72,593.8,14,0.222,0.58,3,1.32,53.1,9.96,2.05,31.86,33.61,34.53,2371.3,3268,1694,0.444,40.6,-0.973,-0.231,18.25,10.8,15.895541,70.82352941,78.64831039,60.52565707,87.359199,1.566147544,2.401417323,91.38944882,35.34944882,0.008405853,0.015894222,0.001934381,
10260950,0.016980389,7.897738371,55.6,36.8,2,27,138,1.005549462,0.08980925,1,1,10.926878,0.653202168,1,27,42,5.99998,85.2439969,81.87451588,71.88226181,2.1,175.1,66.31,43.9,49,724,6.7,0.611,0.97,4,1.24,39.2,10.29,5.47,13.39,28.27,58.34,1271.7,1862,921,0.362,20.2,0.925,0.379,6.68,8.08,18.304836,77.90697674,84.31845597,80.45838359,77.65379976,7.69524916,7.127527127,10.63038264,5.662649914,-0.010153694,-0.015770832,-0.004230654,0.796029693
11028500,0.031355604,5.099870766,38.3,0,2,22.75,105,1.001927237,0.056864045,1,1,59.833561,1.393602004,1,22.75,37.8,5.099850905,85.21522146,79.66313163,63.56830942,1.75,146.3,47.31,53.2,40,817.6,0.1,0.607,0.82,3,1.39,26.8,11.3,2.46,16.66,32,51.34,561.3,994,400,0.27,8.7,-0.125,-0.992,11.32,9.59,15.589059,11.21495327,85.24691358,79.62962963,63.7037037,13.30200551,18.34757348,,,-0.007998975,-0.01189086,0.000644096,0.929987858
11114495,0.018817131,14.09865874,70.3,74.3,2,11.95666667,403,1.026802375,0.090910034,1,1,99.929207,1.004411539,1,11.95666667,70.3,14.09865874,85.20471464,86.60049628,36.97270471,2.46,124.3,88.3,49.7,35.9,606.1,3.8,0.706,1.05,4,1.37,38.6,9.71,1.12,21.93,42.54,35.53,1162,1835,429,0.521,38.3,-0.875,0.484,6.78,18.37,13.969926,77.60416667,85.31055901,86.58385093,36.83229814,72.44200871,74.63990346,91.62960579,77.48479485,0.109225139,-0.198628136,-0.101844596,0.531856898
11478500,0.422476663,12.09947915,123.6,171.2,1,46,450,0.955504455,0.099512653,1,1,12.895813,1.546514251,1,46,74.5,6.999069519,85.19796586,77.58808572,79.00472212,1.44,572.4,186.88,62.5,90.6,614.2,24.9,0.537,0.86,6,1.67,36.7,10.37,1.41,23.84,42.24,33.92,923,1788,120,0.484,25.8,0.884,-0.467,13.6,11.98,14.61381,90.44834308,91.39484312,90.99099099,81.95091643,1.95071882,5.137264151,8.748707198,1.959399022,-0.086162704,-0.125107951,-0.015183729,0.585520602
11113500,0.007264237,17.89134558,56.1,21.4,2,8.928611111,723,1.029311632,0.123200186,1,1,85.14101,0.938475197,1,8.928611111,55.7,17.89134558,85.17006803,95.10204082,27.27891156,2.67,103.3,67.78,49.9,39.1,708.5,2.6,0.693,1.18,4,1.59,40.1,9.58,1.4,23.56,44.22,32.23,996,2039,186,0.437,34.4,-0.944,-0.329,11.8,5.06,15.259699,59.44055944,84.72775564,94.88711819,27.88844622,30.60330822,37.52207164,84.35972894,53.69332043,0.244986512,0.024449276,-0.077576051,0.956848087
11043000,0.013107349,18.39198797,40.4,0,2,17.91666667,537,0.950867787,0.1780101,1,1,15.431556,1.785573251,1,17.91666667,25.3,12.59693403,85.15981735,98.09741248,50.76103501,1.41,572.5,37.11,54,29.9,879.2,0.1,0.614,1.02,5,1.08,23.8,12.19,2.65,18.48,35.38,46.14,520.6,1381,303,0.207,8.3,-0.454,-0.891,15.12,1.99,16.167722,13.39285714,86.76470588,97.72475028,57.04772475,1.382765683,3.507877729,,,0.003075695,0.016354704,-0.015242001,
11148900,0.309484946,15.49854286,64.6,105.5,2,29,468,1.12305204,0.363039902,1,1,19.551763,1.597078602,1,29,55.4,12.79965517,85.14190317,90.31719533,75.29215359,1.48,403.5,69.16,62.7,52.5,745.3,1.5,0.653,0.99,5,1.22,31.2,11.37,2.86,22.94,36.87,40.19,551.8,1138,256,0.337,21.3,-0.586,0.81,8.56,15,16.11163,80.84291188,84.87731597,91.43715573,77.11567351,4.013803818,9.585947955,20.74907063,12.52795539,-0.082928249,-0.141070909,-0.02402486,
10309000,0.031517532,5.299037433,45.7,102.3,1,37,497,,0.224848259,1,1,8.083485,0.930221123,1,37,33.9,4.798876981,85.12299883,85.20109332,73.5064428,1.41,925.4,89.65,58.8,81.3,450,63.3,0.454,0.83,5,1.51,68.6,9.84,6.3,15.83,30.77,53.4,2325.5,3457,1546,0.415,27.7,0.995,0.101,6.49,5.45,17.09045,88.70056497,84.23191547,80.57437009,80.66919534,2.578302267,3.229263021,23.82247677,11.97263886,-0.057131073,-0.096480389,-0.01730306,0.62317111
11118500,0.072293302,15.09957174,76.7,0,2,12.83333333,422,1.043317661,0.255475377,1,1,82.190611,1.092289043,1,12.83333333,76.8,15.09957174,85.12089275,87.60074396,35.86484811,2.11,485.7,69.88,51.4,33.4,711.7,1.4,0.702,1.2,6,1.39,38.3,10.32,1.3,23.76,41.87,34.37,702.1,1835,78,0.36,29.1,-0.979,-0.203,9.39,15.31,16.615606,9.390862944,85.17369727,87.59305211,35.82506203,33.83108468,42.24663372,80.03368334,50.47848466,0.124952005,-0.160521487,-0.114735616,0.588751203
11451715,0.039979375,10.49865993,42.7,0,1,20,617,0.995477039,0.023417974,1,1,11.690112,0.296371599,1,20,35.2,10.58818471,85.11363636,97.78409091,51.59090909,0.9,247.9,70.02,59.6,55.5,854.4,1,0.615,0.96,4,1.19,43.2,10.66,0.49,37.34,42.78,19.88,560.5,1162,264,0.34,18.2,-0.265,0.964,13.19,3.31,18.827651,6.423611111,81.67410714,93.16964286,58.92857143,1.945488238,3.78987495,23.98777733,10.34183138,-0.028831435,-0.039762042,-0.011139522,0.691053957
11025500,0.021186121,4.599808128,49.3,33.8,1,25.75,295,1.009878526,0.104631977,1,1,7.499671,0.63456728,1,25.75,36.4,3.299815976,85.08655126,66.24500666,71.90412783,1.59,288.7,61.83,49,43.1,760.7,1.6,0.57,0.88,4,1.39,32.2,10.45,3.04,16.47,31.29,52.24,891.8,1731,269,0.428,20.2,-0.631,-0.776,12.79,4.12,16.426629,73.51598174,87.01700155,71.4064915,77.94951056,5.200985221,3.255836508,,,-0.074054021,-0.169407355,0.0000527,
11124500,0.758565463,11.39276415,64.7,128.4,2,16.75,185,1.038600849,0.15592954,1,1,71.062545,1.035623791,1,16.75,63.4,11.39276415,85.03166379,84.05296488,50.08635579,2.37,191.5,83.1,54.6,38.1,636.9,4.5,0.711,1.17,4,1.85,23.3,9.72,1.35,23.93,41.12,34.95,1023.6,1999,256,0.444,33.5,-0.78,-0.626,7.6,19.21,17.185694,89.41176471,85.4638009,84.33257919,50.67873303,68.62677395,63.6551436,,,-0.118361646,-0.255882945,-0.008246482,0.648680925
11113500,0.03536176,6.999526471,61.4,0,2,43,469,1.063368315,0.212744824,1,1,18.940755,1.81859973,1,43,54.5,6.299712573,84.96890117,76.64132688,90.87767795,2.67,103.3,67.78,49.9,39.1,708.5,2.6,0.693,1.18,4,1.59,40.1,9.58,1.4,23.56,44.22,32.23,996,2039,186,0.437,34.4,-0.944,-0.329,8.69,8.85,15.259699,13.63636364,85.98937583,78.22045153,91.23505976,12.37726183,14.70493708,84.35972894,53.69332043,-0.126354742,-0.249047754,-0.015440147,0.416299326
11449500,0.897343086,14.0993011,68,124.3,1,17.66666667,176,1.010664491,0.023870859,1,1,20.124733,1.609944458,1,17.66666667,60.3,14.09808,84.9471831,94.14612676,53.23503521,1.81,95.3,148.47,60,80.8,774.8,1.3,0.621,0.7,3,1.52,33.3,10.94,1.18,24.63,43.26,32.11,804.1,1432,460,0.359,20,0.851,-0.526,9.33,21.02,16.804113,88.61386139,86.91430984,94.55466442,54.72773322,7.764004234,10.69045121,,,-0.006529944,-0.018189741,-0.000934813,0.82201641
11461500,0.29182814,9.799066667,58.5,63.3,2,12.95666667,163,0.988796937,0.043294608,1,1,23.026463,1.979605621,1,12.95666667,45.7,8.999566154,84.92333901,92.24872232,34.66780239,2.19,238.7,114.45,62.5,77.8,761.6,2,0.595,1.06,4,1.35,37.3,11.11,0.92,28.71,43.04,28.25,497.3,1167,258,0.27,20.9,-0.276,-0.961,6.91,22.15,16.250428,72.01426025,86.94832139,90.60731799,39.87174651,5.04689448,7.209426058,23.12739841,8.386175115,0.247462344,0.074943405,0.002092771,0.783055803
9430600,0.01070242,4.798931172,29.9,61.7,1,14.5,782,1.032155821,0.672761796,1,1,31.471915,0.982202585,1,14.5,25.4,4.298910948,84.89100817,81.28065395,51.08991826,1.85,190.5,67.41,44.7,72,593.8,14,0.222,0.58,3,1.32,53.1,9.96,2.05,31.86,33.61,34.53,2371.3,3268,1694,0.444,40.6,-0.973,-0.231,19.49,9.71,15.895541,75.05882353,85.30663329,80.87609512,53.51689612,5.696973135,9.305669291,91.38944882,35.34944882,-0.06664314,-0.115874287,-0.01842746,
11057500,0.013168612,10.79648964,56.6,0.2,2,22.75,920,1.044632237,0.16177512,1,1,5.10267,0.753186471,1,22.75,24.3,3.699390888,84.87972509,78.95189003,57.56013746,1.6,329,50.34,46.1,42.4,822.1,3.2,0.566,1.05,4,1.49,23.2,10.74,3.94,14.73,32.5,52.77,880.7,2686,317,0.238,13.8,-0.199,-0.98,10.91,9.71,19.193511,29.6969697,90.46378322,91.14121939,65.29442418,2.02402941,2.564042553,11.73519757,9.619696049,0.124387617,0.004133387,-0.131043916,1.193373124
11025500,0.005590782,2.699857612,41.9,1.9,2,37,249,1.024531697,0.121483914,1,1,7.499671,0.63456728,1,37,36.1,1.999371158,84.85352863,51.19840213,84.28761651,1.59,288.7,61.83,49,43.1,760.7,1.6,0.57,0.88,4,1.39,32.2,10.45,3.04,16.47,31.29,52.24,891.8,1731,269,0.428,20.2,-0.631,-0.776,10.28,13.15,16.426629,30.3652968,83.53941267,57.44461618,87.73827924,5.200985221,3.255836508,,,-0.074054021,-0.169407355,0.0000527,
11200800,0.006080137,8.097498059,55.1,0,2,16.66666667,447,1.09903639,0.27028424,1,1,37.21031,1.51904651,1,16.66666667,55,8.097498059,84.85070974,83.01517376,46.10866373,2.53,214.7,72.15,53.2,42.8,740.6,18.4,0.594,0.64,3,1.41,65.7,9.77,2.77,17.27,29.31,53.42,1214.9,2492,303,0.417,30.8,-0.155,-0.988,5.44,9.36,15.133741,11.46993318,84.99048525,83.11132255,46.95528069,23.12020326,27.05533302,40.09669306,23.41741966,-0.253323206,-0.479090627,-0.159625748,0.40057673
11113000,0.057069283,14.29844231,110.2,0,1,16.875,369,1.085308024,0.234145832,1,1,12.550943,0.240796008,1,16.875,53.9,8.599180488,84.81110254,82.88357749,32.99922899,1.41,650,68.34,45.4,34.7,663.4,7.7,0.69,1.22,4,1.67,44.6,9.91,2,22.07,41.65,36.28,1251.5,2274,184,0.512,32.7,-1,0.016,14.72,2.17,16.054577,13.63636364,89.62472406,86.69977925,40.72847682,8.618055904,10.59078462,14.98787692,8.055507692,-0.076190649,-0.121304535,-0.021148163,0.784575117
11025500,0.018734024,4.299706752,42.2,4.7,2,62,867,0.986938134,0.127047116,1,1,57.038453,0.63853309,1,62,38.7,3.998883484,84.77011494,69.77011494,97.70114943,1.59,288.7,61.83,49,43.1,760.7,1.6,0.57,0.88,4,1.39,32.2,10.45,3.04,16.47,31.29,52.24,891.8,1731,269,0.428,20.2,-0.631,-0.776,10.28,13.15,16.426629,38.81278539,83.84853168,69.13961875,97.93920659,35.29497486,34.52483547,,,0.004601165,-0.01412555,-0.015278874,0.884453394
11059300,0.043103827,10.29601807,82.1,0,2,34,547,1.029030214,0.219026656,1,1,5.953975,1.553102126,1,34,55.1,6.098272827,84.75097929,73.47509793,77.36429771,1.38,946,67.84,42.5,47.8,641.9,27.6,0.57,1.05,5,1.86,28.1,10.09,7.16,11.69,29.16,59.16,1661,3477,292,0.43,26,0.124,-0.992,4.66,8.01,19.036583,13.69863014,87.97159343,83.00044385,81.77984909,2.220004155,3.071511628,5.803953488,2.260084567,-0.079580129,-0.141999495,-0.013038604,0.562875645
11451715,0.020903502,12.4974233,50,59.5,1,17.5,651,1.039721686,0.254270394,1,1,11.655139,0.944331954,1,17.5,44.8,12.19743606,84.73767886,96.44939057,46.79385268,0.9,247.9,70.02,59.6,55.5,854.4,1,0.615,0.96,4,1.19,43.2,10.66,0.49,37.34,42.78,19.88,560.5,1162,264,0.34,18.2,-0.265,0.964,13.19,3.31,18.827651,70.13888889,84.15178571,95.53571429,53.21428571,2.304121352,5.157482856,23.98777733,10.34183138,-0.053507114,-0.11941711,-0.015162012,0.608025122
11451100,0.087269116,11.1969697,58,0,1,18.8,292,1.01899579,0.094053752,1,1,100.000193,0.993923055,1,18.8,58,11.1969697,84.6877502,91.27301841,54.16333066,2.44,155.1,122.99,60.8,72.9,711.9,2.9,0.62,0.88,4,1.26,40.7,10.13,1.39,20.14,45.4,34.46,910.7,1815,476,0.327,31.1,-0.452,0.892,15.03,3.99,14.155992,5.66893424,84.69551282,91.26602564,54.12660256,56.45113612,70.47272727,99.99632495,87.05802708,0.245391773,0.108819985,0.019283084,0.555934591
11073300,0.201875893,9.498042105,75.5,0,2,31,155,1.069449152,0.237060335,1,1,14.041929,0.918572705,1,31,50.4,9.494022411,84.68660969,84.11680912,79.13105413,0.81,83.6,90.33,49.8,53.3,682.5,5.3,0.643,1.21,3,1.12,50,9.57,6.38,11.96,34.18,53.86,1477.5,3059,222,0.443,40.8,-0.829,-0.56,6.54,20.46,20.142177,14.74654378,87.28484175,81.0660744,83.28706274,2.357298929,3.695813397,,,-0.061335337,-0.073084818,-0.009951513,
11042900,0.01009979,7.099462038,30.9,55.2,2,12,150,0.957421459,0.11434965,1,1,15.117915,0.970781969,1,12,23.6,5.599775,84.66211086,88.61047836,39.63553531,1.45,227.1,38.42,52.1,30.4,862.2,0.2,0.588,1,3,1.35,24,11.73,2.76,18.12,34.83,47.04,611.1,1381,325,0.274,8.4,-0.245,-0.97,12.22,7.24,16.576693,87.44292237,86.33960047,90.30552291,46.386604,2.290242769,3.785468956,,,,,,
11073360,0.252561206,9.498042105,76.6,0.2,2,31,155,1.124868798,0.277128147,1,1,8.872533,,1,31,50.4,9.494022411,84.63187991,84.06004289,78.80629021,0.95,132.3,74.76,53,45.8,744.3,3.4,0.65,0.9,3,1.12,44.1,10.29,6.95,11.8,32.18,56.02,1050.4,3059,211,0.295,27.1,-0.86,-0.509,8.84,17.06,14.250404,21.85628743,87.39680793,81.23280132,83.24160704,2.105303694,2.33537415,,,-0.061345468,-0.073095211,-0.009948306,
11114495,0.065609366,20.98394815,67.4,14.9,2,13.85722222,838,1.027994122,0.097743169,1,1,99.929207,1.004411539,1,13.85722222,67.4,20.98394815,84.61538462,92.05955335,42.40074442,2.46,124.3,88.3,49.7,35.9,606.1,3.8,0.706,1.05,4,1.37,38.6,9.71,1.12,21.93,42.54,35.53,1162,1835,429,0.521,38.3,-0.875,0.484,8.21,17.52,13.969926,54.16666667,84.53416149,92.04968944,42.36024845,72.44200871,74.63990346,91.62960579,77.48479485,0.239729372,0.026164334,-0.081860101,0.853478916
11123500,0.011593295,21.19899059,104.3,2.1,2,19.8,422,1.000229026,0.075808021,1,1,11.243107,1.233641415,1,19.8,64.6,12.99980049,84.5851216,85.90844063,41.13018598,1.89,718.1,79.99,52.6,34.3,660.8,3.8,0.712,1.27,5,1.39,25.8,9.92,1.14,22.63,41.55,35.82,934.1,2081,242,0.378,31.2,-0.578,-0.816,8.31,17.22,18.753658,20.35175879,89.36877076,92.63565891,47.34219269,7.582963909,7.580629439,16.02817156,5.57082579,0.091631876,-0.223591681,-0.115236239,0.553130696
11109600,0.008902258,5.499912727,59.9,101.3,2,61.875,488,0.914567727,0.332242167,1,1,41.681744,1.066478672,1,61.875,54.4,5.499568946,84.5416417,75.97363691,95.20671061,1.66,963.8,55.61,42.7,35,676,11.8,0.673,1.1,5,2.08,52.1,10.21,5.72,18.55,37.45,44,1385.2,2691,325,0.448,26,-0.765,0.644,5.21,11.63,16.693884,84.32432432,85.7605178,75.35059331,95.68500539,12.52429966,19.22524383,6.542218303,3.126727537,-0.088556875,-0.173314458,-0.010977479,0.46186249
11466200,0.238580941,8.498485894,58.5,68.2,2,40.97638889,482,1.032554535,0.109113677,1,1,7.676397,0.941665039,1,40.97638889,35.6,6.996229544,84.53996983,88.23529412,86.92810458,1.32,144.8,107.68,64.2,75.1,733.1,1.3,0.62,0.7,4,1.27,28.1,11.03,1.27,27,44.02,28.98,258.7,780,43,0.293,15.8,0.094,-0.996,9.74,20.11,17.015969,72.92418773,87.45805369,85.73825503,89.09395973,0.862305695,1.310220994,,,0.11286134,0.003010738,-0.118101618,0.654883262
11149900,0.041783086,12.69469643,58.3,125.5,2,24,842,1.157387225,0.350103715,1,1,8.664033,1.715767974,1,24,58.2,12.69469643,84.53718566,88.06848582,68.67308721,1.56,556.4,63.26,62,54,737.5,1.5,0.659,1.13,4,1.35,33.5,10.91,2.31,24.37,37.78,37.85,533.4,1785,248,0.186,19.5,-0.995,-0.102,8.3,13.77,16.227347,85.65737052,83.76173999,88.18586258,70.95897182,1.544994989,3.774209202,28.84609993,15.65149173,,,,
11073300,0.287571532,35.19932727,61.2,2.4,2,13.66666667,551,1.057224132,0.194590609,1,1,30.521869,0.844669747,1,13.66666667,50.9,30.3906,84.52624404,98.36400818,39.40013633,0.81,83.6,90.33,49.8,53.3,682.5,5.3,0.643,1.21,3,1.12,50,9.57,6.38,11.96,34.18,53.86,1477.5,3059,222,0.443,40.8,-0.829,-0.56,9.97,4.96,20.142177,45.62211982,84.31426985,96.89061632,43.92004442,17.99244488,18.93767943,,,-0.094432774,-0.154988647,-0.020724766,0.607662358
11042400,0.001903235,4.099981899,36,0,1,32,356,1.048244164,0.20228497,1,1,5.418644,1.623115625,1,32,26.7,2.599277047,84.49266114,65.66687939,83.02488832,2.17,342.2,45.9,47.5,35.2,738.3,4.5,0.519,0.92,4,1.33,34.5,10.18,6.63,11.08,22.22,66.7,1119.3,1870,508,0.457,17,0.473,-0.881,19.54,0.32,17.322787,12.5,84.81675393,72.93193717,86.02094241,2.08734395,4.6735827,,,-0.082501895,-0.21372596,-0.002731465,
11055800,0.028597184,12.09426541,43.4,0,2,16.66666667,798,1.002248172,0.124992476,1,1,84.009376,1.028498129,1,16.66666667,43.4,12.09426541,84.49230769,90.09230769,58.24615385,2.27,50.5,78.15,44,42.4,729.1,7.1,0.609,1.21,3,1.35,32.7,9.72,5.91,13.16,30.59,56.25,1197,1962,488,0.48,34.4,-0.802,-0.597,6.9,9.23,21.01686,13.25757576,84.47319778,90.20332717,58.19470117,69.21590056,59.36613861,,,-0.06861585,-0.100423765,-0.020662158,0.809620196
11143000,0.145340892,7.899664596,60.7,53.5,2,23,921,1.007425746,0.119054543,1,1,99.985297,0.997222043,1,23,60.7,7.899664596,84.42776735,78.79924953,66.76829268,2.74,120.6,116.26,67.4,72.8,639.5,3.4,0.654,0.98,4,1.47,40.3,10.29,4.14,14.13,31.45,54.42,779,1505,80,0.492,43.6,-0.447,-0.894,8.75,17.47,18.127121,66.66666667,84.51431253,78.83622712,66.75269826,33.21126627,44.52462687,86.30373134,57.91119403,-0.041323742,-0.061614597,-0.016607488,0.638570704
11043000,0.033040412,4.299355244,29.2,1.6,2,26,60,1.065401027,0.224759194,1,1,7.514724,1.797661564,1,26,25.2,3.899930323,84.37961595,78.8774003,73.8183161,1.41,572.5,37.11,54,29.9,879.2,0.1,0.614,1.02,5,1.08,23.8,12.19,2.65,18.48,35.38,46.14,520.6,1381,303,0.207,8.3,-0.454,-0.891,11.37,3.76,16.167722,35.71428571,81.46503885,73.97336293,79.5227525,3.722381881,4.124593886,,,-0.010855484,-0.00442999,-0.004773296,1.717087019
11458500,0.059683723,13.99603657,46.2,23.2,2,15.66666667,433,1.004836955,0.042355356,1,1,63.695385,1.042728974,1,15.66666667,46.5,13.997408,84.37365476,95.39388721,52.19543693,2.59,150.4,107.96,63.9,77.4,739.6,1.4,0.626,0.64,3,1.77,23.2,10.42,1.81,24.93,43.89,31.18,301.1,824,39,0.336,17.6,-0.861,-0.509,8.48,16.55,19.519202,45.80152672,83.56018715,94.72564866,52.5095704,10.35774737,23.62679521,,,0.19127005,-0.008569863,-0.068260773,0.620423687
11059300,0.070642384,16.39027696,182.4,0,1,58.83333333,722,1.153358126,0.502529837,1,1,10.204954,0.671506587,1,58.83333333,50,5.899984997,84.32883751,75.8509955,92.35709698,1.38,946,67.84,42.5,47.8,641.9,27.6,0.57,1.05,5,1.86,28.1,10.09,7.16,11.69,29.16,59.16,1661,3477,292,0.43,26,0.124,-0.992,12.48,2.89,19.036583,13.69863014,96.27163782,90.19085664,94.62938304,5.853874082,5.295634249,5.803953488,2.260084567,-0.04443445,-0.057957017,-0.017113832,0.984463275
11138500,0.006021549,2.999725,79.9,0,2,65,75,1.030727456,0.206938805,1,1,5.562678,0.956816384,1,65,48.5,2.698647132,84.30316092,54.45402299,94.86350575,2,728.9,69.82,57.6,39.6,665.2,7.1,0.686,1.16,5,1.44,28.2,9.8,1.39,21.86,41.68,36.45,994.2,2081,193,0.424,34.2,0.199,-0.98,8.18,9.48,16.60856,8.529411765,87.63557484,58.35140998,96.06832972,2.132233872,2.931760187,,,0.030284293,0.031200972,0.00251511,
11138500,0.017248824,15.79920263,51.5,52,2,12.8,508,1.005987761,0.172334123,1,1,14.684484,0.673222561,1,12.8,43.7,15.7990233,84.28867403,96.33977901,28.86740331,2,728.9,69.82,57.6,39.6,665.2,7.1,0.686,1.16,5,1.44,28.2,9.8,1.39,21.86,41.68,36.45,994.2,2081,193,0.424,34.2,0.199,-0.98,8.18,9.48,16.60856,62.35294118,80.15184382,89.53362256,35.57483731,2.711386657,3.72223899,,,-0.017412532,-0.069081844,-0.02870181,0.694239571
11466200,0.455650486,3.998620645,45.4,122.5,2,20,444,1.047796997,0.137145832,1,1,34.361034,1.403707824,1,20,44.1,3.998620645,84.28761651,65.24633822,59.85352863,1.32,144.8,107.68,64.2,75.1,733.1,1.3,0.62,0.7,4,1.27,28.1,11.03,1.27,27,44.02,28.98,258.7,780,43,0.293,15.8,0.094,-0.996,8.63,16.48,17.015969,89.16967509,83.59899329,63.38087248,61.38842282,18.43726499,19.21139503,,,-0.164582387,-0.334582733,-0.17495533,0.362637882
11451715,0.037923292,8.595515688,49.6,19.6,2,35,977,0.980477551,0.131268526,1,1,11.655139,0.944331954,1,35,43.7,8.595515688,84.2872284,91.78590355,78.66984632,0.9,247.9,70.02,59.6,55.5,854.4,1,0.615,0.96,4,1.19,43.2,10.66,0.49,37.34,42.78,19.88,560.5,1162,264,0.34,18.2,-0.265,0.964,8.75,13.34,18.827651,43.40277778,83.79464286,88.79464286,82.03125,2.304121352,5.157482856,23.98777733,10.34183138,-0.020201164,-0.037042487,-0.012948582,0.829864732
11148900,0.138952425,8.0986,66,27.1,2,21,554,1.048971843,0.231855811,1,1,6.063932,1.901817314,1,21,51,6.799544774,84.27690583,76.96188341,54.3441704,1.48,403.5,69.16,62.7,52.5,745.3,1.5,0.653,0.99,5,1.22,31.2,11.37,2.86,22.94,36.87,40.19,551.8,1138,256,0.337,21.3,-0.586,0.81,12.18,3.6,16.11163,51.34099617,85.22784176,77.96695043,55.53329995,1.860832125,3.682081784,20.74907063,12.52795539,-0.090459047,-0.151929141,-0.023852705,0.554964854
11138500,0.016122212,14.48548621,112.2,227.4,2,33,862,1.034839215,0.236031898,1,1,5.562678,0.956816384,1,33,48.4,9.099305522,84.1954023,84.77011494,75.03591954,2,728.9,69.82,57.6,39.6,665.2,7.1,0.686,1.16,5,1.44,28.2,9.8,1.39,21.86,41.68,36.45,994.2,2081,193,0.424,34.2,0.199,-0.98,8.21,17.01,16.60856,94.70588235,91.81127983,88.01518438,80.53145336,2.132233872,2.931760187,,,0.003977115,-0.021846194,-0.005142232,
11159200,0.079366861,7.797368389,56.1,87.1,2,36,955,1.054654866,0.163464498,1,1,12.563615,1.632601188,1,36,54.3,7.796551868,84.19117647,76.61764706,87.05882353,1.76,71,84.62,68.1,68.6,691.1,0.1,0.629,0.85,3,1.21,34.5,10.12,2.59,21.18,36.59,42.23,305.2,863,27,0.333,21,-0.996,-0.089,9.86,16.46,16.438445,80.94170404,84.63345865,76.7387218,87.59398496,0.115679955,6.346901408,,,-0.027017337,-0.065208871,-0.013067387,0.783301461
11466320,0.247097626,8.498897035,60.8,75.4,2,41,482,1.04378868,0.128282439,1,1,11.48391,1.070572978,1,41,36.9,7.096092591,84.16164659,88.10240964,86.42068273,1.27,199.4,102.63,64.2,72,732.8,1,0.622,0.67,4,1.3,28.7,12.14,1.14,27.37,43.92,28.71,204.1,780,19,0.243,12.2,-0.118,-0.993,9.84,19.44,16.638396,78.06788512,87.37985792,85.29043042,88.69619724,1.207236838,1.65330993,,,0.107350829,-0.005919632,-0.100306364,0.654534435
11152000,0.02835759,8.795221714,65.8,113.8,2,27.96,812,1.099305005,0.321169677,1,1,7.156277,1.825105706,1,27.96,54.9,8.796340373,84.14308596,82.91510945,70.31500267,2.07,625.1,80.89,63.9,60.5,663.8,2.9,0.654,1.03,5,2.35,38.3,10.02,3.14,20.17,34.81,45.02,759.1,1785,113,0.387,34.7,-0.132,0.991,11.39,9.04,17.294107,84.17910448,84.75750577,80.7852194,74.18013857,3.419893111,4.751959686,14.97461206,10.20955047,-0.083696349,-0.130360625,-0.01582025,
11123500,0.039432976,23.3895949,92.7,92.9,2,12.66666667,452,0.987593522,0.102821715,1,1,11.243107,1.233641415,1,12.66666667,62.2,19.49876203,84.12017167,92.56080114,25.39341917,1.89,718.1,79.99,52.6,34.3,660.8,3.8,0.712,1.27,5,1.39,25.8,9.92,1.14,22.63,41.55,35.82,934.1,2081,242,0.378,31.2,-0.578,-0.816,9.59,16.27,18.753658,74.87437186,88.20598007,93.96456257,33.22259136,7.582963909,7.580629439,16.02817156,5.57082579,0.091631876,-0.223591681,-0.115236239,0.553130696
9497980,0.031450957,7.499845588,29,195.6,1,13,442,1.23166314,0.48189293,1,1,7.772327,1.760716106,1,13,21.1,7.1,84.10330446,90.79242862,50.88225858,1.21,516.8,68.36,41,69.3,673.1,9.8,0.135,0.7,3,1.67,36.3,10.57,3.03,22.54,34.63,42.83,1688.6,2350,985,0.518,19.9,-0.996,0.089,21.95,9.19,17.814094,97.81420765,82.35140772,85.63607925,56.55630865,2.221099145,1.845975232,7.793188854,1.943034056,,,,0.49186069
9361000,0.019591477,3.798134182,21.8,4.6,1,24.66666667,735,0.973665742,0.154848156,1,1,43.599514,0.591947759,1,24.66666667,20.4,3.798807762,84.08444542,87.88011376,71.81141982,2.08,436.5,85.38,49.5,108.6,401.4,45.1,0.12,0.54,4,1.3,62.2,10.02,1.23,23.43,44.06,32.51,2924.2,3815,2055,0.497,33.4,-0.916,0.4,10.66,2.79,10.527019,12.5,80.88452998,81.29163583,75.71243523,14.8159509,13.19154639,42.72953036,13.19221077,0.197596159,-0.079090577,-0.03381068,0.661908379
11153000,0.06901942,4.799931316,41.9,62,2,19,547,1.021751671,0.177761414,1,1,10.488957,2.512752181,1,19,29.4,4.799382838,84.07696598,81.65086447,57.41773564,1.11,375.4,52.87,62.6,46.9,835.2,1.3,0.643,1.11,5,1.85,28.4,10.45,2.08,24.44,44.87,30.7,424.1,1045,74,0.363,20.9,-0.996,-0.088,11,8.79,15.589845,70.96774194,86.34596696,77.59961127,62.22060253,3.405985647,4.396909963,,,-0.058396426,-0.094965766,-0.016198634,0.657705534
11114495,0.024147891,14.696,65.4,0,2,6.833333333,422,1.002202087,0.147368547,1,1,99.929207,1.004411539,1,6.833333333,65.4,14.696,84.05707196,86.91066998,18.5483871,2.46,124.3,88.3,49.7,35.9,606.1,3.8,0.706,1.05,4,1.37,38.6,9.71,1.12,21.93,42.54,35.53,1162,1835,429,0.521,38.3,-0.875,0.484,6.78,18.37,13.969926,14.0625,83.97515528,86.89440994,18.50931677,72.44200871,74.63990346,91.62960579,77.48479485,0.109225139,-0.198628136,-0.101844596,0.531856898
9484000,0.224459267,11.69616765,32.3,47.7,1,11.66666667,35,1.295583544,0.890746815,0.843971631,1,85.517068,1.046778775,0.925619835,11.66666667,32.3,11.69616765,84.04420922,91.03362391,51.66562889,2.39,103.7,75.97,43.3,71.1,767.1,3.1,0.167,0.8,3,1.52,9.5,9.14,1.65,18.36,43.38,38.26,1878.8,2788,872,0.534,35.6,-0.977,-0.213,22.08,10.6,17.656755,68.55670103,83.90251475,90.99658491,51.80068302,21.59321881,31.624108,59.10578592,25.9246866,-0.021709168,-0.022643293,-0.005135702,1
11114495,0.097047186,10.5,65.1,119.4,2,16.75,406,1.001902632,0.049624717,1,1,99.929207,1.004411539,1,16.75,65.3,10.5,83.99503722,81.26550868,48.75930521,2.46,124.3,88.3,49.7,35.9,606.1,3.8,0.706,1.05,4,1.37,38.6,9.71,1.12,21.93,42.54,35.53,1162,1835,429,0.521,38.3,-0.875,0.484,6.78,18.37,13.969926,83.33333333,83.85093168,81.24223602,48.69565217,72.44200871,74.63990346,91.62960579,77.48479485,0.109225139,-0.198628136,-0.101844596,0.531856898
11022480,0.065031287,9.892228332,46,3.4,2,18.66666667,820,1.012927815,0.126456521,1,1,18.106704,1.206871256,1,18.66666667,39.7,8.699473171,83.97553517,89.35779817,46.69724771,1.63,953.6,51.86,51.9,43.3,807.8,2.2,0.585,0.84,5,1.19,31,10.52,3.4,17.08,31.75,51.17,640.4,1967,89,0.294,18.5,0.017,-1,10.15,9.92,15.3664,47.11538462,82.58196721,87.60245902,51.10143443,5.172206094,4.374381292,,,0.017516316,0.024627778,-0.009151997,1.066980112
9404450,0.088765161,5.297549391,21.8,51.3,1,30.5,433,1.00454735,0.101408844,1,1,14.12125,1.495243097,1,30.5,15.8,3.898337132,83.96959459,86.79054054,88.9527027,2.21,193,46.03,54.3,64.1,511.3,37.5,0.146,0.49,3,1.1,77.9,10.5,1.53,27.11,45.25,27.64,2214.5,2588,1800,0.528,23.3,-0.996,0.092,13.41,3.77,16.150084,88.9632107,87.24832215,89.87452582,90.39976656,4.678595116,7.601968912,13.95839378,7.030725389,,,,0.42238348
11143000,0.181265215,7.599950472,58.2,3.3,2,37.5,583,1.055900753,0.153745464,1,1,99.985297,0.997222043,1,37.5,58.2,7.599950472,83.91181989,77.7673546,86.51500938,2.74,120.6,116.26,67.4,72.8,639.5,3.4,0.654,0.98,4,1.47,40.3,10.29,4.14,14.13,31.45,54.42,779,1505,80,0.492,43.6,-0.447,-0.894,8.33,25.11,18.127121,27.04918033,83.9042703,77.75692163,86.50868137,33.21126627,44.52462687,86.30373134,57.91119403,-0.101820656,-0.155859565,-0.024091851,0.453496031
11138500,0.008624412,18.89987538,62.5,73.6,2,10.5,124,1.023752133,0.17834871,1,1,14.684484,0.673222561,1,10.5,42.5,11.29998977,83.90883978,91.16022099,22.41022099,2,728.9,69.82,57.6,39.6,665.2,7.1,0.686,1.16,5,1.44,28.2,9.8,1.39,21.86,41.68,36.45,994.2,2081,193,0.424,34.2,0.199,-0.98,8.18,9.48,16.60856,71.76470588,83.62255965,92.0824295,29.09436009,2.711386657,3.72223899,,,-0.041432708,-0.117482834,-0.00731285,0.692060588
11014000,0.04314499,5.394855143,33.4,1.3,2,26.8,564,0.969888767,0.130805256,1,1,5.043274,0.752773408,1,26.8,25,4.799776491,83.89441469,85.08033665,75.43993879,2.91,181.8,44.33,55.8,42.1,846.3,0,0.609,1.26,5,1.39,33.8,10.3,3.01,18.77,38.69,42.55,490.9,1128,158,0.343,19.4,-0.048,-0.999,11.45,4.97,16.12831,30,84.94047619,82.02380952,80.41666667,1.534653813,2.248514851,,,0.108115657,-0.065945541,-0.170737304,1.025194801
11014000,0.01137034,6.29931536,36.8,10.9,1,49,853,1.023349178,0.159257352,1,1,7.06468,1.142409136,1,49,27.4,4.499952805,83.88520971,81.75128771,94.73877851,2.91,181.8,44.33,55.8,42.1,846.3,0,0.609,1.26,5,1.39,33.8,10.3,3.01,18.77,38.69,42.55,490.9,1128,158,0.343,19.4,-0.048,-0.999,16.89,1.08,16.12831,52.94117647,86.72619048,86.07142857,95.68452381,6.01277364,6.221287129,,,-0.031159249,-0.061151788,-0.024314305,
9510200,0.002969504,12.79399055,36.8,10,1,10.94138889,41,1.138922137,0.778905809,0.996632997,1,51.64207,0.937840864,1,10.94138889,33.9,12.79242906,83.87803906,94.30051813,40.61379035,1.74,425.3,61.33,36.1,50,956.2,2.1,0.215,1.04,5,1.39,30.1,10.19,4.14,15.96,29.86,54.17,1161.3,2161,545,0.383,21.4,-0.57,-0.822,27.56,4.68,17.785195,40.03690037,83.69330454,93.66450684,44.70842333,13.07368334,14.52337174,51.02477531,24.56769952,0.076011285,0.041701609,-0.025352264,1.101867789
11466320,0.364966034,3.998620645,45.6,127.4,2,20,444,1.058326765,0.162708545,1,1,24.946189,1.516647465,1,20,44.1,3.998620645,83.83017164,65.04065041,57.88166215,1.27,199.4,102.63,64.2,72,732.8,1,0.622,0.67,4,1.3,28.7,12.14,1.14,27.37,43.92,28.71,204.1,780,19,0.243,12.2,-0.118,-0.993,8.61,15.5,16.638396,91.90600522,82.44880903,62.97534476,59.94567489,13.68925187,13.95090271,,,-0.164623234,-0.334630793,-0.174980231,0.362440977
11070465,0.006320165,4.099777859,37.5,0,2,32,97,0.986639803,0.187848833,1,1,12.744957,1.953907238,1,32,22.3,2.899552,83.80645161,73.03225806,87.32258065,0.92,274.2,33.63,52.5,30.5,879.8,0.1,0.581,0.62,3,1.31,19,12.47,3.62,16.87,32.2,50.94,555.4,1359,430,0.135,7.7,0.456,-0.89,10.93,3.14,9.933606,17.43421053,89.51473137,78.97169266,88.59041017,8.348999102,5.762035011,,,-0.052103119,-0.12307969,-0.000263395,0.729581126
11461500,0.039266307,39.6125,93.3,55,1,8.9975,293,1.057010359,0.21316008,1,1,23.026463,1.979605621,1,8.9975,44,14.79921333,83.77342419,98.4241908,22.48722317,2.19,238.7,114.45,62.5,77.8,761.6,2,0.595,1.06,4,1.35,37.3,11.11,0.92,28.71,43.04,28.25,497.3,1167,258,0.27,20.9,-0.276,-0.961,15.02,3.77,16.250428,68.27094474,94.19087137,100,27.53677857,5.04689448,7.209426058,23.12739841,8.386175115,0.247462344,0.074943405,0.002092771,0.783055803
11463900,0.337518625,4.6,53.3,102.8,2,59.97833333,794,1.039251225,0.125455144,1,1,78.702752,0.833942644,1,59.97833333,48.3,3.796907216,83.69423993,62.45127761,95.45257687,2.86,114.1,115.9,65.1,67.8,746.4,0.7,0.617,0.72,3,1.38,36.4,11.12,1.75,27.22,44.13,28.65,413,1316,58,0.282,23.9,-0.601,-0.799,8.17,17.79,15.761656,93.63636364,84.19732441,67.51672241,95.61036789,11.07121403,21.33260298,,,0.037737626,-0.049186816,-0.115248336,0.675231242
11383500,0.086031094,22.89852308,100.4,0,1,33.9725,611,0.992990545,0.139262314,1,1,11.562981,0.56710067,1,33.9725,63.9,15.292616,83.67838228,98.60375542,61.38661531,1.18,539.8,148.35,51.6,86.3,606.3,32.5,0.527,0.62,4,1.49,64.2,10.29,2.55,21.19,39.81,39,1278.9,2387,161,0.504,23,-0.103,-0.995,11.85,7.23,15.939202,8.4375,88.44614265,98.98107715,70.26928675,1.378728005,1.962393479,11.6002223,5.542645424,-0.039875523,-0.037154001,-0.018046101,
11480390,0.217103401,7.899324348,67.1,121.1,1,19,606,1.003143549,0.074166124,1,1,99.999876,1,1,19,67.1,7.899324348,83.6627141,82.50988142,48.10606061,2.41,242.6,166.38,62.2,92.3,637.8,28,0.561,0.77,4,2.23,33.3,10.96,1.59,21.87,41.57,36.56,1130,1834,820,0.306,28.7,-0.024,-1,7.31,11.22,13.178414,79.94428969,83.62977602,82.50988142,48.10606061,66.45017797,77.02790602,99.99571311,67.92250618,-0.250089728,-0.510751408,-0.21491051,0.278517547
11204100,0.054110021,9.499390333,64.9,0.7,2,40.83333333,568,1.065651843,0.228687591,1,1,14.215553,0.967391659,1,40.83333333,46.7,9.496547583,83.59417161,88.72099298,86.91311387,2.9,249.1,79.83,55.9,53.1,703.2,25.2,0.595,0.74,4,1.36,65.9,9.43,2.64,18.72,31.31,49.98,1348.7,2824,292,0.417,34.4,0.119,-0.993,6.92,15.82,17.505672,40.23668639,86.23809524,84.95238095,88.4047619,1.184458719,2.632436772,48.9626656,16.38281815,0.233425458,0.031386928,-0.05449696,0.690050419
11046100,0.00751774,8.997743571,31.8,0,2,16.875,74,1.012119215,0.073471361,1,1,36.53273,0.507830697,1,16.875,25.2,6.299565789,83.58837031,87.75822494,59.83167559,2.11,67.8,40.34,64.9,35,816,0,0.655,0.95,3,1.15,23,11.12,2.52,22.77,32.67,44.56,187.1,676,13,0.264,14.1,-0.987,-0.159,12.99,9.03,16.06083,9.836065574,85.88825215,91.4756447,60.6017192,9.384390759,11.96150442,30.20707965,9.995575221,-0.015936008,-0.033325524,0.000347101,0.802610731
11153000,0.013426729,4.299117868,43.9,16.8,2,32,904,1.016920919,0.120440893,1,1,10.488957,2.512752181,1,32,28.8,4.096133333,83.57501394,76.96597881,81.31622978,1.11,375.4,52.87,62.6,46.9,835.2,1.3,0.643,1.11,5,1.85,28.4,10.45,2.08,24.44,44.87,30.7,424.1,1045,74,0.363,20.9,-0.996,-0.088,10.04,11.66,15.589845,37.6344086,87.19630709,74.24684159,83.72206025,3.405985647,4.396909963,,,-0.039911175,-0.064240113,-0.013477485,0.728067193
11113500,0.048519624,9.097024762,51,84.2,2,14.90916667,406,1.033812518,0.105354732,1,1,85.14101,0.938475197,1,14.90916667,50.4,9.097024762,83.57142857,82.78911565,47.34693878,2.67,103.3,67.78,49.9,39.1,708.5,2.6,0.693,1.18,4,1.59,40.1,9.58,1.4,23.56,44.22,32.23,996,2039,186,0.437,34.4,-0.944,-0.329,8.24,15.01,15.259699,82.86713287,83.3997344,82.47011952,47.80876494,30.60330822,37.52207164,84.35972894,53.69332043,0.13520071,-0.143701071,-0.106993406,0.625855641
11475800,0.125685932,3.296152738,71.9,6.2,1,93.85722222,948,1.008056513,0.09374925,1,1,7.751945,0.72069388,1,93.85722222,63.8,2.799842983,83.5661622,48.7000388,97.94334497,2.23,642.1,206.67,64.8,106,657.8,7.2,0.589,0.89,5,1.8,28.1,11.21,2.07,25.53,42.82,31.65,626.1,1289,239,0.382,26.8,-0.449,-0.893,8.47,31.48,16.808763,17.84037559,81.09735698,51.48879224,98.22683172,1.088201084,1.580221149,,,-0.048942164,-0.081314107,-0.004481932,0.75166344
11456000,0.153388332,11.59777613,70.3,80.6,2,35.97638889,482,1.001159523,0.048653704,1,1,8.882523,2.160787162,1,35.97638889,47.6,11.59669501,83.50114416,92.44851259,83.66132723,1.79,212.3,104.44,64,69.8,743.7,1.5,0.624,0.68,4,1.39,28.5,10.89,2.14,24.23,44.57,31.21,305.3,1261,75,0.209,20.9,-0.876,0.483,9.41,19.91,16.071526,76.06837607,88.85914333,91.59802306,85.29654036,1.060217481,3.36895902,,,0.151115828,-0.041238275,-0.085423292,0.601416408
11274538,0.001689116,5.099893795,31.5,0,2,22.91666667,228,1.163679328,0.450983377,1,1,21.29077,1.252220249,1,22.91666667,27.9,4.799940081,83.49673203,82.46187364,65.63180828,1.27,469.4,42.12,61.9,44.8,864.4,1.3,0.619,0.06,4,1.31,29.8,10.95,1.77,24.47,43.22,32.31,405.1,1155,19,0.34,20.9,-0.28,0.96,9.82,8.8,18.511698,7.451923077,83.85807096,83.6081959,68.015992,8.636513396,9.777673626,,,-0.061436979,-0.126443083,0.002099572,0.611608627
11044800,0.005630245,8.79472439,36.5,13.1,2,22.90916667,430,0.998456051,0.080231927,1,1,5.29932,0.732504198,1,22.90916667,32,7.899487174,83.49593496,88.04878049,68.45528455,1.68,85.5,40.9,59,33,853.1,0,0.666,0.86,3,1.19,26.7,10.3,3.33,15.97,31.55,52.47,405.4,859,100,0.415,18.9,-0.922,0.386,15.7,2.85,15.319151,57.32484076,84.83184626,87.50857927,69.66369252,2.005988961,2.867368421,,,-0.01057592,-0.065825723,-0.009952014,
11042900,0.009351658,15.29259848,32.7,0.4,2,13.98805556,114,0.963484479,0.134245316,1,1,15.117915,0.970781969,1,13.98805556,22.7,11.69602754,83.48519362,97.79802582,45.48215642,1.45,227.1,38.42,52.1,30.4,862.2,0.2,0.588,1,3,1.35,24,11.73,2.76,18.12,34.83,47.04,611.1,1381,325,0.274,8.4,-0.245,-0.97,11.22,8.09,16.576693,31.73515982,87.4559342,98.06110458,51.64512338,2.290242769,3.785468956,,,,,,
11042800,0.011441139,11.59767035,21.5,2.8,2,10.96888889,511,1.047136565,0.166332462,1,1,36.399541,1.263146869,1,10.96888889,21.2,11.99745369,83.46774194,98.31378299,43.32844575,1.14,148.5,33.74,54.3,29.5,884.7,0,0.599,0.94,4,1.23,20.3,12.27,2.7,18.97,36.43,44.59,484.1,830,321,0.326,8,-0.21,-0.978,12.83,6.5,14.66485,44.38502674,81.48648649,96.75675676,46.21621622,1.917557957,7.655757576,,,0.002190242,0.016333038,-0.015743666,
11461500,0.150659243,9.597792308,59.7,0,2,17.96305556,189,1.01600002,0.109353582,1,1,23.026463,1.979605621,1,17.96305556,43.1,5.499496264,83.45400341,78.70528109,48.31771721,2.19,238.7,114.45,62.5,77.8,761.6,2,0.595,1.06,4,1.35,37.3,11.11,0.92,28.71,43.04,28.25,497.3,1167,258,0.27,20.9,-0.276,-0.961,8.11,20.37,16.250428,6.417112299,87.57072803,90.15465862,52.48962656,5.04689448,7.209426058,23.12739841,8.386175115,0.247462344,0.074943405,0.002092771,0.783055803
11152000,0.069308486,8.999395714,87.2,0.3,2,37.5,583,1.03217637,0.412136228,1,1,38.563747,1.45200031,1,37.5,57.5,7.298717625,83.40740741,76.74074074,82.12345679,2.07,625.1,80.89,63.9,60.5,663.8,2.9,0.654,1.03,5,2.35,38.3,10.02,3.14,20.17,34.81,45.02,759.1,1785,113,0.387,34.7,-0.132,0.991,8.25,16.63,17.294107,14.7761194,88.47575058,81.38568129,83.23325635,14.91749383,22.51871701,14.97461206,10.20955047,-0.106418682,-0.184356043,-0.025092694,0.456406466
11063510,0.010503679,7.099907692,43.3,0,2,22,904,1.061626527,0.324519857,1,1,19.701106,0.914667921,1,22,42.8,7.099873756,83.3984375,80.79427083,59.21223958,2.04,144.5,66.42,46,40.7,690.4,4.5,0.635,0.96,4,1.54,50.7,9.96,6.14,10.54,26.94,62.52,1273.4,2542,794,0.272,22.4,-0.728,0.686,8.58,13.15,18.45637,15.16853933,82.5872093,80.11627907,61.51162791,6.090614167,8.283114187,74.67695502,36.88442907,-0.009358646,-0.03421115,-0.011835585,0.890966919
11461000,0.080281893,27.389632,52.8,64.7,2,6.9825,529,1.046569176,0.142892799,1,1,32.301184,1.065652935,1,6.9825,49.7,25.48744615,83.37245696,99.33489828,16.1971831,1.95,259.6,118.6,63.1,81.2,730.9,3,0.607,0.95,4,1.1,36,11.3,1.16,28.24,42.59,29.17,448.3,1014,191,0.314,20.6,-0.997,0.077,9.33,18.36,15.086673,69.93603412,83.87155963,99.33944954,19.33944954,6.630779176,11.66221109,,,0.168591806,-0.024895358,-0.112839417,0.580309863
11023340,0.125565461,3.199852586,30.8,3.9,2,49.5,482,1.018656819,0.080414208,1,1,37.099197,1.443643241,1,49.5,29.1,3.199889163,83.35913313,70.20123839,93.49845201,2.81,109.6,39.02,60.2,39.8,841.8,0,0.626,1.08,3,1.17,24.2,11.67,2.82,23.07,37.6,39.33,263,808,116,0.251,12.8,-0.28,-0.96,12.68,7.97,14.786058,58.02047782,83.7593985,69.92481203,93.68421053,26.23438145,28.43786496,,,-0.043319158,-0.108905474,-0.02265705,0.915032406
11462500,0.118552362,24.39437311,143.5,0,2,43,196,1.011999937,0.081713976,1,1,5.854759,1.781748803,1,43,45.6,5.399176153,83.35622711,77.28937729,80.92948718,1.8,938.7,115.58,63.2,79.6,757,2,0.605,1.01,5,1.18,36.1,11.16,1.09,26.66,42.65,30.69,465.2,1187,159,0.299,21.1,-0.76,-0.649,8.32,20.94,15.801847,5.483870968,95.41903409,98.79261364,84.81889205,1.319662649,1.833269415,5.881016299,2.132502397,0.247462344,0.074943405,0.002092771,0.783055803
11022480,0.011165189,7.299681684,50.5,0,2,23,406,1.018003631,0.305939928,1,1,79.360851,1.036983012,1,23,47.4,7.299681684,83.33333333,80.24883359,60.0311042,1.63,953.6,51.86,51.9,43.3,807.8,2.2,0.585,0.84,5,1.19,31,10.52,3.4,17.08,31.75,51.17,640.4,1967,89,0.294,18.5,0.017,-1,10.6,5.73,15.3664,13.73626374,84.47745902,80.37909836,60.29713115,57.24252031,58.6542156,,,-0.06719382,-0.136575236,-0.023271114,0.762980732
11046100,0.019212002,2.5,26.6,2.6,2,20.88916667,38,1.020560148,0.069858584,1,1,36.53273,0.507830697,1,20.88916667,24.8,2.499944667,83.28232594,64.19280796,67.17674063,2.11,67.8,40.34,64.9,35,816,0,0.655,0.95,3,1.15,23,11.12,2.52,22.77,32.67,44.56,187.1,676,13,0.264,14.1,-0.987,-0.159,15.7,3.36,16.06083,31.14754098,81.98424069,62.39255014,67.55014327,9.384390759,11.96150442,30.20707965,9.995575221,-0.015936008,-0.033325524,0.000347101,0.802610731
8377900,0.027094511,8.292019091,22.5,114.3,1,10.95,109,1.26610374,0.779572287,0.950248756,1,65.272425,1.140346217,1,10.94472222,21.7,8.199721447,83.23600137,90.02061147,58.96599107,2.05,139,89.76,48.6,96.1,380.6,31.6,0.11,0.5,3,1.21,65.4,9.68,2.96,22.74,43.83,33.43,3141.5,3642,2423,0.593,24.8,0.023,-1,13.35,11.76,13.047006,82.67716535,83.24949698,89.43661972,59.91784038,25.24947925,36.74589928,66.46402878,35.36093525,-0.03378568,-0.041146736,-0.00861868,0.946858376
8377900,0.064782365,11.19576775,24.9,246,1,6.983333333,122,1.066297016,0.295666636,1,1,65.272425,1.140346217,1,6.970833333,21.7,10.4978112,83.23600137,93.04362762,37.9594641,2.05,139,89.76,48.6,96.1,380.6,31.6,0.11,0.5,3,1.21,65.4,9.68,2.96,22.74,43.83,33.43,3141.5,3642,2423,0.593,24.8,0.023,-1,12.48,12.57,13.047006,99.80314961,85.1861167,93.30985915,39.38631791,25.24947925,36.74589928,66.46402878,35.36093525,-0.03378568,-0.041146736,-0.00861868,0.946858376
11113000,0.02008316,20.8985,86.3,23,2,47.8,552,0.998637714,0.245031803,1,1,12.550943,0.240796008,1,47.8,50.2,16.39372727,83.230532,95.14263685,86.5458751,1.41,650,68.34,45.4,34.7,663.4,7.7,0.69,1.22,4,1.67,44.6,9.91,2,22.07,41.65,36.28,1251.5,2274,184,0.512,32.7,-1,0.016,10.45,3.09,16.054577,60.90909091,86.14790287,92.27373068,90.31456954,8.618055904,10.59078462,14.98787692,8.055507692,-0.076190649,-0.121304535,-0.021148163,0.784575117
10260500,0.039166735,8.5,59.1,23.3,1,29,233,1.064970577,0.340352604,1,1,42.406867,0.740817112,1,29,36.6,5.597954545,83.19551093,79.9763733,76.16656822,1.66,349.2,58.83,40,50.2,614.2,29.5,0.571,1.07,4,1.96,33.1,10.18,7.95,11.93,24.18,63.89,1783.4,2570,952,0.526,18.9,0.47,-0.882,8.24,3.13,21.118823,61.67400881,86.7248062,83.23643411,80.28100775,23.20861916,25.41752577,,,-0.006294087,-0.005259896,0.000795715,
10308200,0.034743837,9.095583077,74.7,9,1,95.5,777,1.124899232,0.347590155,1,1,10.319266,0.492347313,1,95.5,29.6,4.8,83.1283628,85.6264412,98.15526518,1.86,716.4,98.02,59.8,85.2,431.7,67.2,0.457,0.84,5,1.42,68.4,9.81,7.37,12.65,29.7,57.65,2410.5,3467,1645,0.42,29.6,0.895,0.445,14.15,2.21,17.280325,38.0952381,90.59432933,90.34896401,98.63685932,3.293936015,4.147236181,15.78961474,8.075935232,-0.057478481,-0.096990859,-0.01741291,0.619771212
11057500,0.011361156,4.599978764,38.3,0.6,2,34,827,1.058523159,0.205388569,1,1,11.248274,1.350759162,1,34,32.5,4.49931,83.11353211,75,86.06651376,1.6,329,50.34,46.1,42.4,822.1,3.2,0.566,1.05,4,1.49,23.2,10.74,3.94,14.73,32.5,52.77,880.7,2686,317,0.238,13.8,-0.199,-0.98,9.81,5.41,19.193511,34.39393939,84.86190724,74.83064096,87.33715477,6.522506043,7.626474164,11.73519757,9.619696049,-0.110660722,-0.244874442,-0.100588062,0.506879596
11461500,0.137610017,10.09849245,58.4,19.7,2,38,141,0.994668205,0.036802847,1,1,23.026463,1.979605621,1,38,42.4,9.943735,83.09199319,93.99488927,82.3253833,2.19,238.7,114.45,62.5,77.8,761.6,2,0.595,1.06,4,1.35,37.3,11.11,0.92,28.71,43.04,28.25,497.3,1167,258,0.27,20.9,-0.276,-0.961,6.98,17.26,16.250428,40.99821747,86.83515654,91.1354206,84.19464353,5.04689448,7.209426058,23.12739841,8.386175115,0.247462344,0.074943405,0.002092771,0.783055803
11159200,0.141982928,16.69724675,52.4,42.3,2,13.83333333,948,1.049523663,0.148480094,1,1,12.563615,1.632601188,1,13.83333333,50.6,16.69676218,83.03921569,93.43137255,48.30882353,1.76,71,84.62,68.1,68.6,691.1,0.1,0.629,0.85,3,1.21,34.5,10.12,2.59,21.18,36.59,42.23,305.2,863,27,0.333,21,-0.996,-0.089,10.19,12.34,16.438445,60.31390135,83.36466165,93.28007519,49.69454887,0.115679955,6.346901408,,,-0.027017337,-0.065208871,-0.013067387,0.783301461
11449500,0.157777874,12.09901826,58.3,0,1,19.95666667,572,1.012777887,0.033750748,1,1,20.124733,1.609944458,1,19.95666667,52.8,12.29911366,83.01056338,91.63732394,57.35035211,1.81,95.3,148.47,60,80.8,774.8,1.3,0.621,0.7,3,1.52,33.3,10.94,1.18,24.63,43.26,32.11,804.1,1432,460,0.359,20,0.851,-0.526,11.4,8.74,16.804113,5.198019802,84.84592655,91.21992402,58.67454622,7.764004234,10.69045121,,,-0.138931474,-0.194389354,-0.031460759,0.448167619
11143000,0.172812433,4.999485714,59.4,192.2,2,44,415,1.007064398,0.101869114,1,1,13.697515,0.363115177,1,44,44.5,3.999596522,82.97082228,65.83554377,89.17771883,2.74,120.6,116.26,67.4,72.8,639.5,3.4,0.654,0.98,4,1.47,40.3,10.29,4.14,14.13,31.45,54.42,779,1505,80,0.492,43.6,-0.447,-0.894,8.75,17.47,18.127121,95.35519126,84.16236509,67.85546692,90.33317691,0.979707657,4.544776119,86.30373134,57.91119403,-0.06088307,-0.108076154,-0.019716675,
9513780,0.007178912,14.29869231,25.9,32.9,1,4.5,39,0.964568591,0.264043693,1,1,90.81327,1.095059029,1,4.5,25.9,14.29869231,82.96952224,96.29324547,17.07166392,2.34,177.5,52.71,40,52.6,949,0.8,0.196,0.87,3,1.36,22.1,10.1,3.45,30.93,30.45,38.62,1208.9,1783,721,0.467,22.5,-0.241,-0.97,26.92,4.37,18.230644,72.88135593,83.01229508,96.35245902,17.15163934,38.35176222,28.51808451,16.69070423,2.558647887,-0.000477036,-0.000336455,0.001720673,1.029836206
9484000,0.07509282,3.898808058,30.2,30.6,2,26.85722222,255,1.11774807,0.388631293,1,1,85.517068,1.046778775,1,26.85722222,30.1,3.898808058,82.93897883,65.44209215,86.61270237,2.39,103.7,75.97,43.3,71.1,767.1,3.1,0.167,0.8,3,1.52,9.5,9.14,1.65,18.36,43.38,38.26,1878.8,2788,872,0.534,35.6,-0.977,-0.213,5.78,6.97,17.656755,53.19587629,82.89351133,65.29028252,86.65010866,21.59321881,31.624108,59.10578592,25.9246866,-0.074892772,-0.116415733,-0.009778556,0.427145513
11124500,0.009567093,10,58.3,0,2,18.8,609,1.026626908,0.153523981,1,1,71.062545,1.035623791,1,18.8,54.6,9.99924,82.93033967,81.75014393,54.0875072,2.37,191.5,83.1,54.6,38.1,636.9,4.5,0.711,1.17,4,1.85,23.3,9.72,1.35,23.93,41.12,34.95,1023.6,1999,256,0.444,33.5,-0.78,-0.626,8.76,15.75,17.185694,11.17647059,84.0780543,82.52262443,54.60972851,68.62677395,63.6551436,,,-0.09435575,-0.192078714,-0.024127768,0.395823123
11113500,0.01694075,6.693820564,51.9,80.3,2,18.875,403,1.035203235,0.102346702,1,1,85.14101,0.938475197,1,18.875,48.4,6.693820564,82.92517007,77.4829932,55.74829932,2.67,103.3,67.78,49.9,39.1,708.5,2.6,0.693,1.18,4,1.59,40.1,9.58,1.4,23.56,44.22,32.23,996,2039,186,0.437,34.4,-0.944,-0.329,8.24,15.01,15.259699,81.81818182,83.73173971,76.69322709,56.14209827,30.60330822,37.52207164,84.35972894,53.69332043,0.13520071,-0.143701071,-0.106993406,0.625855641
11204100,0.0069229,17.88999385,60.8,0.3,1,47.88916667,993,1.08120691,0.226633856,1,1,14.215553,0.967391659,1,47.88916667,45.3,17.99372086,82.89260658,97.73340529,92.03993524,2.9,249.1,79.83,55.9,53.1,703.2,25.2,0.595,0.74,4,1.36,65.9,9.43,2.64,18.72,31.31,49.98,1348.7,2824,292,0.417,34.4,0.119,-0.993,13.81,2.81,17.505672,35.79881657,84.69047619,96.19047619,92.97619048,1.184458719,2.632436772,48.9626656,16.38281815,0.301182649,0.096928178,-0.011631839,0.837459498
11059300,0.065553737,7.598558252,74.7,15.1,2,60.5,572,1.020831947,0.123107038,1,1,5.953975,1.553102126,1,60.5,50,7.691748,82.87632904,78.56743145,93.92837157,1.38,946,67.84,42.5,47.8,641.9,27.6,0.57,1.05,5,1.86,28.1,10.09,7.16,11.69,29.16,59.16,1661,3477,292,0.43,26,0.124,-0.992,4.14,13.57,19.036583,57.53424658,86.90634709,77.0084332,95.13981358,2.220004155,3.071511628,5.803953488,2.260084567,-0.079580129,-0.141999495,-0.013038604,0.562875645
11462500,0.050980532,50.49626667,247.3,77.2,1,29.83333333,293,1.084775996,0.376589154,1,1,5.854759,1.781748803,1,29.83333333,44.9,14.79921333,82.87545788,98.35164835,66.52930403,1.8,938.7,115.58,63.2,79.6,757,2,0.605,1.01,5,1.18,36.1,11.16,1.09,26.66,42.65,30.69,465.2,1187,159,0.299,21.1,-0.76,-0.649,15.05,3.58,15.801847,66.88172043,98.89914773,99.96448864,73.40198864,1.319662649,1.833269415,5.881016299,2.132502397,0.247462344,0.074943405,0.002092771,0.783055803
10309000,0.027294795,9.095583077,74.7,9,1,95.5,777,,0.343306643,1,1,8.083485,0.930221123,1,95.5,29.6,4.8,82.85825849,85.55251855,98.02811402,1.41,925.4,89.65,58.8,81.3,450,63.3,0.454,0.83,5,1.51,68.6,9.84,6.3,15.83,30.77,53.4,2325.5,3457,1546,0.415,27.7,0.995,0.101,14.76,2.03,17.09045,37.71186441,90.35491737,90.21945272,98.57762124,2.578302267,3.229263021,23.82247677,11.97263886,-0.057131073,-0.096480389,-0.01730306,0.62317111
11451715,0.073562049,9.999615789,64.5,7.4,2,23.5,592,1.069064163,0.205046605,1,1,11.655139,0.944331954,1,23.5,40.9,6.499974286,82.8563858,85.10863805,61.71171171,0.9,247.9,70.02,59.6,55.5,854.4,1,0.615,0.96,4,1.19,43.2,10.66,0.49,37.34,42.78,19.88,560.5,1162,264,0.34,18.2,-0.265,0.964,8.75,13.34,18.827651,27.77777778,88.81696429,92.36607143,67.56696429,2.304121352,5.157482856,23.98777733,10.34183138,-0.053507114,-0.11941711,-0.015162012,0.608025122
11022480,0.006117098,3.399829623,49,1,2,63,867,0.974904839,0.10015112,1,1,18.106704,1.206871256,1,63,36.9,3.298992096,82.8440367,64.58715596,95.35168196,1.63,953.6,51.86,51.9,43.3,807.8,2.2,0.585,0.84,5,1.19,31,10.52,3.4,17.08,31.75,51.17,640.4,1967,89,0.294,18.5,0.017,-1,11.62,11.2,15.3664,38.87362637,83.81147541,61.73155738,96.10655738,5.172206094,4.374381292,,,0.017516316,0.024627778,-0.009151997,1.066980112
10260950,0.136166547,5.8,42.5,0,2,35,194,1.006566938,0.04181167,1,1,10.926878,0.653202168,1,35,35.6,5.299936957,82.80402789,79.08597986,80.98373354,2.1,175.1,66.31,43.9,49,724,6.7,0.611,0.97,4,1.24,39.2,10.29,5.47,13.39,28.27,58.34,1271.7,1862,921,0.362,20.2,0.925,0.379,7.19,15.35,18.304836,15.69767442,80.45838359,73.52231604,85.13268999,7.69524916,7.127527127,10.63038264,5.662649914,-0.010153694,-0.015770832,-0.004230654,0.796029693
11466800,0.099425817,14.29928554,68.6,65.5,2,37.5,513,1.001112533,0.161309023,1,1,12.714225,1.001456134,1,37.5,41.6,14.29115993,82.72594752,97.32750243,80.32069971,2.06,652.2,100.52,64.6,68.1,730.4,0.8,0.63,0.68,4,1.71,30,13.03,1.22,29.33,42.59,28.08,155.1,780,16,0.185,9.2,-0.054,-0.999,11.27,16.5,16.611166,73.75,86.92783505,94.18556701,83.09278351,3.097905528,3.795124195,,,0.138750571,-0.02055757,-0.092766442,0.594232737
11143000,0.403855143,10.7979249,58.1,162.9,2,24,451,1.015572074,0.063979272,1,1,13.697515,0.363115177,1,24,43.7,8.99815,82.70557029,85.99469496,71.61803714,2.74,120.6,116.26,67.4,72.8,639.5,3.4,0.654,0.98,4,1.47,40.3,10.29,4.14,14.13,31.45,54.42,779,1505,80,0.492,43.6,-0.447,-0.894,8.33,25.11,18.127121,91.2568306,83.81041764,85.68747067,74.47207884,0.979707657,4.544776119,86.30373134,57.91119403,-0.06088307,-0.108076154,-0.019716675,
11063510,0.063492385,3.99975,42.4,97.8,2,32,127,1.017490875,0.0473868,1,1,75.044644,1.007263416,1,32,42,3.99975,82.66708307,68.26983136,83.79138039,2.04,144.5,66.42,46,40.7,690.4,4.5,0.635,0.96,4,1.54,50.7,9.96,6.14,10.54,26.94,62.52,1273.4,2542,794,0.272,22.4,-0.728,0.686,6.77,8.28,18.45637,91.01123596,82.20930233,67.90697674,84.9127907,20.60685912,23.61986159,74.67695502,36.88442907,-0.009704062,-0.01753329,-0.004633778,0.798144832
11113000,0.014637618,13.09969704,70.4,0,2,20.83333333,422,1.069592437,0.15751116,1,1,18.928716,1.316921813,1,20.83333333,65.3,13.09969704,82.62454435,85.41919806,45.56500608,1.41,650,68.34,45.4,34.7,663.4,7.7,0.69,1.22,4,1.67,44.6,9.91,2,22.07,41.65,36.28,1251.5,2274,184,0.512,32.7,-1,0.016,6.44,14.64,16.054577,13.63636364,83.55408389,85.54083885,47.35099338,6.141831074,9.616984615,14.98787692,8.055507692,0.164198315,-0.115015669,-0.082551455,0.693251489
10321590,0.002554812,3.799977942,18.9,36.2,1,27,252,1.026467581,0.099957933,1,1,10.934387,0.579158788,1,27,10.4,3.498572138,82.53317721,94.18423107,82.10382514,1.45,476.6,31.03,52.6,69.9,545.9,39,0.172,1.1,4,1.34,63.8,11.2,2.06,27.06,43.56,29.38,1821.7,2574,1498,0.301,12.2,-0.936,0.351,5.48,2.71,21.107389,86.63366337,88.80486358,91.90391459,86.31376038,4.108979966,3.921023919,,,0.006897289,0.002120577,0.008203922,
11025500,0.00353102,2.99973,44.3,15.7,2,45,609,1.043990865,0.11987343,1,1,7.499671,0.63456728,1,45,32,2.3,82.52330226,55.52596538,89.78029294,1.59,288.7,61.83,49,43.1,760.7,1.6,0.57,0.88,4,1.39,32.2,10.45,3.04,16.47,31.29,52.24,891.8,1731,269,0.428,20.2,-0.631,-0.776,9.46,12.2,16.426629,57.53424658,84.87892839,60.17516744,91.98866564,5.200985221,3.255836508,,,0.008491982,-0.028601102,-0.009951843,
11453500,0.199781245,11.09772606,55.2,40.8,2,27.66666667,862,1.036269447,0.120547045,1,1,68.402353,0.917637249,1,27.66666667,51.8,10.99794197,82.52184769,89.72118186,74.38618394,1.47,293.4,112.6,63,63.1,752.4,2,0.624,0.62,3,1.5,36.4,10.72,0.99,28.71,44.41,26.88,554.7,1432,273,0.243,19.3,-0.169,0.986,7.16,23.78,17.47691,49.6350365,82.51004016,89.07630522,75.2811245,38.71637619,46.98312883,,,0.098622258,-0.053867392,-0.128054236,0.478776431
11065000,0.036026884,11.59899273,58,0,1,27,362,0.846021237,0.545111065,1,1,24.135281,0.744402096,1,27,57.9,11.59899273,82.47734139,83.98791541,73.74622356,1.55,364.7,81.4,47.7,43.6,701.5,4.2,0.649,1.11,5,1.12,49.6,10,6.62,10.83,28.51,60.66,1250.1,3059,313,0.343,27.3,-0.675,0.738,15.23,2.84,19.024359,11.81818182,83.03382664,84.14376321,76.9820296,10.41161438,14.07153825,33.44313134,17.52322457,-0.103024742,-0.16457491,-0.019126961,0.529473004
11152000,0.3234396,5.599969231,60,15.2,2,44,210,1.001319001,0.075476899,1,1,10.954941,1.60170771,1,44,51.6,5.599353846,82.40165631,71.73913043,86.12836439,2.07,625.1,80.89,63.9,60.5,663.8,2.9,0.654,1.03,5,2.35,38.3,10.02,3.14,20.17,34.81,45.02,759.1,1785,113,0.387,34.7,-0.132,0.991,8.78,16.68,17.294107,39.55223881,83.27944573,70.48498845,87.57505774,2.102052119,3.129195329,14.97461206,10.20955047,0.008995308,0.013725339,0.004678276,1.119487192
8380500,0.034449034,7.298192,22.6,5.2,1,28.66666667,199,0.944765542,0.179986643,1,1,99.368957,1.001978058,1,28.66666667,22.5,7.298192,82.3697359,86.15274804,91.89864383,2.1,198.1,68.57,50.8,80.7,464.5,19.2,0.221,0.66,4,1.18,58,10.64,1.87,31.03,41.4,27.57,2652.5,3551,2136,0.381,25,-0.636,0.772,7.23,4.83,17.995738,13.29879102,82.3178336,86.08587208,91.91163371,30.00276242,42.76158506,96.58440182,48.47415447,-0.199068604,-0.335592939,-0.086661644,0.521622128
11073495,0.474667154,9.197333208,57.3,3.6,1,21.83333333,727,1.176216076,0.476884525,1,1,26.085866,1.717892731,1,21.83333333,50.9,9.196236792,82.33890215,80.31026253,61.03818616,2.67,208.2,61.85,53.7,37.7,823.2,0.2,0.66,0.75,4,1.15,47.4,10.92,8.04,10,27.26,62.74,638.5,2692,199,0.176,13.5,-0.99,-0.14,18,2.08,10.502607,39.3728223,83.61223312,80.49624928,61.5118292,21.64413972,15.30172911,,,-0.047959038,-0.060850333,-0.019647186,0.841883212
11451715,0.12222266,8.099315,38.1,92.2,2,12.5,174,1.000499492,0.091306117,1,1,11.690112,0.296371599,1,12.5,31.8,8.098524615,82.27272727,94.65909091,29.00568182,0.9,247.9,70.02,59.6,55.5,854.4,1,0.615,0.96,4,1.19,43.2,10.66,0.49,37.34,42.78,19.88,560.5,1162,264,0.34,18.2,-0.265,0.964,7.28,15.2,18.827651,85.24305556,79.19642857,87.58928571,39.24107143,1.945488238,3.78987495,23.98777733,10.34183138,-0.03605718,-0.06584007,0.002251203,0.654581878
14090400,0.11690003,9.99884,88.4,15.8,1,39,404,1.174413585,0.452736995,1,1,36.85011,0.50286905,1,39,35.5,4.299459126,82.25931677,82.42753623,72.76138716,2.44,60.8,179.14,64.7,149,470.7,55.9,0.408,0.88,3,1.21,79.3,9.42,5.77,16.41,30.13,53.46,1587.3,3142,999,0.28,32.5,0.173,0.985,14.22,2.87,16.157364,30.76923077,91.68343394,93.74021909,76.42521797,18.80299516,23.00625,92.19934211,43.30855263,-0.018342964,-0.030861208,-0.002493921,0.634657182
11123500,0.002377808,16.39984599,75.1,148.6,2,18.66666667,750,1.031537463,0.100721852,1,1,11.243107,1.233641415,1,18.66666667,55.5,15.19767069,82.22460658,88.12589413,38.98426323,1.89,718.1,79.99,52.6,34.3,660.8,3.8,0.712,1.27,5,1.39,25.8,9.92,1.14,22.63,41.55,35.82,934.1,2081,242,0.378,31.2,-0.578,-0.816,8.52,11.34,18.753658,83.91959799,85.04983389,88.92580288,45.45957918,7.582963909,7.580629439,16.02817156,5.57082579,0.229292474,0.028243746,-0.09941149,0.921230013
11124500,0.015230457,15.49828333,52.2,69.7,2,10,890,1.07681499,0.232839256,1,1,71.062545,1.035623791,1,10,52.2,15.49828333,82.21070812,89.06160046,30.94415659,2.37,191.5,83.1,54.6,38.1,636.9,4.5,0.711,1.17,4,1.85,23.3,9.72,1.35,23.93,41.12,34.95,1023.6,1999,256,0.444,33.5,-0.78,-0.626,7.83,11.57,17.185694,72.54901961,82.29638009,89.19683258,31.87217195,68.62677395,63.6551436,,,-0.043692357,-0.109650374,-0.026983016,0.583171137
11143000,0.084058222,12.99293651,53.5,32.1,2,13.91666667,917,1.04093698,0.126986453,1,1,99.985297,0.997222043,1,13.91666667,53.5,12.99293651,82.19981238,88.83677298,46.59943715,2.74,120.6,116.26,67.4,72.8,639.5,3.4,0.654,0.98,4,1.47,40.3,10.29,4.14,14.13,31.45,54.42,779,1505,80,0.492,43.6,-0.447,-0.894,8.75,17.47,18.127121,55.73770492,82.21492257,88.83153449,46.57437823,33.21126627,44.52462687,86.30373134,57.91119403,-0.041323742,-0.061614597,-0.016607488,0.638570704
11062000,0.002838779,11.59899273,54.8,0,1,26,362,0.905170679,0.393205944,1,1,45.631597,0.587979741,1,26,54.8,11.59899273,82.18149038,83.83413462,75,1.97,119.7,109.2,48.3,52.3,619.9,7.1,0.655,0.94,4,1.19,53.5,9.25,6.33,11.52,31.03,57.45,1697.8,3059,730,0.416,43.5,-0.072,0.997,12.73,3.71,17.137994,12.8440367,82.5494388,84.01924105,77.65900588,20.85678981,29.43759398,4.942857143,3.360902256,-0.119751885,-0.18363737,-0.01921793,0.485560207
7103700,0.005080308,6.298421926,19.1,28.1,1,7,773,0.889273072,0.416323039,1,1,10.334753,0.918584336,1,7,13.8,6.295794828,82.12239285,91.42791657,25.97983039,2.23,264.2,59.97,52.8,94.9,393.5,27.6,0.361,0.86,4,1.42,49.5,10.03,9,11.62,33.61,54.77,2775.2,4300,1873,0.373,26.9,0.329,0.944,14.17,10.32,15.226314,49.59555106,81.92642616,86.49369113,35.67620402,5.396997417,6.578652536,9.350870553,5.675132475,-0.073427221,-0.138797398,-0.02782991,0.527450528
11113500,0.010334406,8.098454545,45.9,0,2,9.9375,747,1.019035432,0.069251727,1,1,85.14101,0.938475197,1,9.9375,45.9,8.098454545,82.10884354,80.95238095,31.08843537,2.67,103.3,67.78,49.9,39.1,708.5,2.6,0.693,1.18,4,1.59,40.1,9.58,1.4,23.56,44.22,32.23,996,2039,186,0.437,34.4,-0.944,-0.329,8.69,8.85,15.259699,13.63636364,81.54050465,80.67729084,31.8061089,30.60330822,37.52207164,84.35972894,53.69332043,0.244986512,0.024449276,-0.077576051,0.956848087
11451715,0.001302185,22.49405357,80.7,84.5,2,8.988333333,134,1.028396162,0.165570493,1,1,11.690112,0.296371599,1,8.988333333,31.6,12.69406428,82.10227273,98.75,16.36363636,0.9,247.9,70.02,59.6,55.5,854.4,1,0.615,0.96,4,1.19,43.2,10.66,0.49,37.34,42.78,19.88,560.5,1162,264,0.34,18.2,-0.265,0.964,7.69,10.4,18.827651,81.94444444,92.03125,99.41964286,25.98214286,1.945488238,3.78987495,23.98777733,10.34183138,-0.03605718,-0.06584007,0.002251203,0.654581878
8380500,0.009805825,2.2992906,22.2,92.5,1,17.66666667,185,1.016027682,0.253810654,1,1,99.368957,1.001978058,1,17.66666667,22.2,2.2,82.10206995,57.61955746,76.17773019,2.1,198.1,68.57,50.8,80.7,464.5,19.2,0.221,0.66,4,1.18,58,10.64,1.87,31.03,41.4,27.57,2652.5,3551,2136,0.381,25,-0.636,0.772,7.23,4.83,17.995738,78.23834197,81.81008373,57.86566898,76.19811153,30.00276242,42.76158506,96.58440182,48.47415447,-0.199068604,-0.335592939,-0.086661644,0.521622128
11023340,0.052189759,3.798163195,27.7,0,1,37,722,1.060996075,0.16197137,1,1,37.099197,1.443643241,1,37,27.6,3.798163195,82.08204334,74.38080495,86.02941176,2.81,109.6,39.02,60.2,39.8,841.8,0,0.626,1.08,3,1.17,24.2,11.67,2.82,23.07,37.6,39.33,263,808,116,0.251,12.8,-0.28,-0.96,18.71,1.45,14.786058,18.77133106,81.95488722,74.36090226,86.42857143,26.23438145,28.43786496,,,-0.005470648,-0.009368654,-0.017733134,1.48298974
11027000,0.016396509,14.38335563,32,57.9,2,5.961666667,821,1.041807255,0.115994213,1,1,50.900245,0.591991427,1,5.961666667,28.6,12.99918889,82.07422134,96.95162359,17.76010603,1.62,58.2,51.93,53.2,38.8,797.9,0.2,0.625,1,3,1.16,28.6,11.16,2.59,16.4,30.84,52.76,653.6,1276,217,0.433,13,-0.467,-0.884,9.92,11.16,15.624757,87.32394366,83.50318471,97.19745223,19.17197452,10.30581508,11.12010309,,,0.010100541,-0.003177161,-0.009773989,0.978380779
11451715,0.008532741,12.89169863,50.1,0,1,18.92861111,292,0.996851414,0.10094858,1,1,24.133838,1.666551161,1,18.92861111,41.2,10.09254277,82.00389105,93.38521401,52.67509728,0.9,247.9,70.02,59.6,55.5,854.4,1,0.615,0.96,4,1.19,43.2,10.66,0.49,37.34,42.78,19.88,560.5,1162,264,0.34,18.2,-0.265,0.964,17.68,2.67,18.827651,6.423611111,84.21875,96.02678571,55.75892857,2.888346264,4.86014522,23.98777733,10.34183138,0.14819574,-0.007832966,-0.033504715,0.809356648
11059300,0.02328804,12.09426541,43.5,7.3,2,16.66666667,798,0.91133789,0.595223296,0.999245283,1,10.204954,0.671506587,1,16.66666667,43.4,12.09426541,81.98458574,89.4026975,39.43481053,1.38,946,67.84,42.5,47.8,641.9,27.6,0.57,1.05,5,1.86,28.1,10.09,7.16,11.69,29.16,59.16,1661,3477,292,0.43,26,0.124,-0.992,4.66,8.01,19.036583,46.57534247,78.65068797,85.79671549,47.33688415,5.853874082,5.295634249,5.803953488,2.260084567,-0.04443445,-0.057957017,-0.017113832,0.984463275
10257600,0.012192387,17.99660571,50.9,4.5,1,5,418,1.344522948,0.765201151,1,1,70.099582,0.942865524,1,5,26.6,13.09591196,81.98198198,94.59459459,16.1036036,1.68,92.9,55.02,38.1,39.9,737.5,7.4,0.582,0.91,3,1.32,44,9.6,5.01,12.16,30.05,57.78,1746.6,2915,731,0.466,38.3,-0.947,0.322,20.39,1.6,18.430912,40.32258065,89.90083507,96.29436326,18.26722338,34.09728829,40.43799785,21.86157158,3.477933262,-0.047580923,-0.121901129,0.001309405,0.56005622
11113500,0.009292741,5.89551757,47.4,72.4,1,36.66666667,529,1.03920804,0.12430167,1,1,85.14101,0.938475197,1,36.66666667,44.9,5.89551757,81.97278912,74.55782313,87.68707483,2.67,103.3,67.78,49.9,39.1,708.5,2.6,0.693,1.18,4,1.59,40.1,9.58,1.4,23.56,44.22,32.23,996,2039,186,0.437,34.4,-0.944,-0.329,14.94,1.75,15.259699,79.02097902,81.93891102,73.97078353,88.04780876,30.60330822,37.52207164,84.35972894,53.69332043,0.13520071,-0.143701071,-0.106993406,0.625855641
9183500,0.012005112,3.499955182,21.3,6,1,11.96777778,132,1.143791415,0.270555672,1,1,9.554376,1.58693339,1,11.96777778,20.9,3.299012054,81.96603339,72.94185377,46.91997697,0.97,74.3,66.99,52.1,75.1,523.8,35.2,0.117,0.82,2,1.82,55.8,9.43,4.38,18.47,33.98,47.55,2553,3783,1677,0.424,25.3,-0.048,-0.999,7.27,6.93,20.493111,36.4973262,79.79692788,72.8976829,50.53371518,2.287409489,3.148183042,10.63889637,3.052489906,-0.068280905,-0.240527158,-0.071704447,0.696418606
11057500,0.012480057,8.298159336,50.6,64.4,2,19.8,932,1.05830344,0.21054091,1,1,5.10267,0.753186471,1,19.8,21,2.799632952,81.95876289,70.79037801,52.36254296,1.6,329,50.34,46.1,42.4,822.1,3.2,0.566,1.05,4,1.49,23.2,10.74,3.94,14.73,32.5,52.77,880.7,2686,317,0.238,13.8,-0.199,-0.98,10.91,9.71,19.193511,90,89.03074518,86.97238145,61.25586243,2.02402941,2.564042553,11.73519757,9.619696049,0.124387617,0.004133387,-0.131043916,1.193373124
11124500,0.009019979,11.99894,48.6,100.4,2,9.833333333,180,0.998099475,0.1147593,1,1,10.349061,0.625957006,1,9.833333333,43.9,11.49912744,81.94635488,87.27647868,24.65612105,2.37,191.5,83.1,54.6,38.1,636.9,4.5,0.711,1.17,4,1.85,23.3,9.72,1.35,23.93,41.12,34.95,1023.6,1999,256,0.444,33.5,-0.78,-0.626,8.76,15.75,17.185694,83.1372549,81.10859729,85.18099548,30.4581448,6.08393386,7.478694517,,,0.03041636,0.030588094,0.002068006,
11138500,0.000858556,7.599496059,71.5,24.1,1,27.83333333,423,1.001185874,0.243270318,1,1,14.684484,0.673222561,1,27.83333333,38.7,5.799750649,81.94060773,78.52209945,69.5441989,2,728.9,69.82,57.6,39.6,665.2,7.1,0.686,1.16,5,1.44,28.2,9.8,1.39,21.86,41.68,36.45,994.2,2081,193,0.424,34.2,0.199,-0.98,16.64,2.46,16.60856,43.52941176,85.71041215,76.84381779,75.81344902,2.711386657,3.72223899,,,-0.017412532,-0.069081844,-0.02870181,0.694239571
11138500,0.008507866,12.09737143,66.1,21,2,22.95666667,145,1.033192968,0.227103652,1,1,5.562678,0.956816384,1,22.95666667,41.6,7.898990903,81.93247126,81.82471264,52.15517241,2,728.9,69.82,57.6,39.6,665.2,7.1,0.686,1.16,5,1.44,28.2,9.8,1.39,21.86,41.68,36.45,994.2,2081,193,0.424,34.2,0.199,-0.98,8.21,17.01,16.60856,41.47058824,84.49023861,85.35791757,55.63991323,2.132233872,2.931760187,,,0.030284293,0.031200972,0.00251511,
11065000,0.018401663,5.89384058,50.1,101.1,2,32,127,1.024591873,0.088325567,1,1,33.742927,1.953161117,1,32,42,3.99975,81.93005181,67.74611399,78.20595855,1.55,364.7,81.4,47.7,43.6,701.5,4.2,0.649,1.11,5,1.12,49.6,10,6.62,10.83,28.51,60.66,1250.1,3059,313,0.343,27.3,-0.675,0.738,7.23,10.24,19.024359,87.27272727,81.05179704,71.35306554,82.02959831,9.084707504,11.94332328,33.44313134,17.52322457,-0.009785177,-0.017146948,-0.004747299,0.8073376
9510200,0.003795106,25.09300051,65.9,10.7,1,15.5,7,1.22940151,0.533687749,1,1,38.424484,0.967102488,1,15.5,29.7,15.79600572,81.92340067,96.67508418,53.57744108,1.74,425.3,61.33,36.1,50,956.2,2.1,0.215,1.04,5,1.39,30.1,10.19,4.14,15.96,29.86,54.17,1161.3,2161,545,0.383,21.4,-0.57,-0.822,27.56,4.68,17.785195,42.06642066,92.54859611,99.02807775,58.31533477,16.38612732,18.54300494,51.02477531,24.56769952,-0.003355298,-0.003700994,0.002072383,1.043331469
11143000,0.111999362,8.698609457,51.7,178,1,17,415,1.036071269,0.112702729,1,1,29.9711,1.327452654,1,17,49.1,8.498721353,81.89781022,81.60583942,53.26034063,2.74,120.6,116.26,67.4,72.8,639.5,3.4,0.654,0.98,4,1.47,40.3,10.29,4.14,14.13,31.45,54.42,779,1505,80,0.492,43.6,-0.447,-0.894,16.01,5.19,18.127121,93.16939891,81.46410136,81.04176443,54.4814641,15.90995837,20.11791045,86.30373134,57.91119403,-0.136880481,-0.207611445,-0.024214942,
9484000,0.28944869,8.492571429,30.5,130.4,1,14.66666667,784,0.921833335,0.277011995,1,1,69.267296,1.388299086,1,14.66666667,28.4,7.798266021,81.89762797,82.39700375,60.95505618,2.39,103.7,75.97,43.3,71.1,767.1,3.1,0.167,0.8,3,1.52,9.5,9.14,1.65,18.36,43.38,38.26,1878.8,2788,872,0.534,35.6,-0.977,-0.213,22.08,10.6,17.656755,95.05154639,83.17292766,83.8248991,61.13008382,12.27435075,20.33982642,59.10578592,25.9246866,0.032199617,-0.082769652,-0.028765416,0.762986287
11274538,0.002473348,3.199524138,27.8,17.8,2,30,170,1.124504786,0.363681724,1,1,21.29077,1.252220249,1,30,25,3.199524138,81.8627451,70.26143791,80.22875817,1.27,469.4,42.12,61.9,44.8,864.4,1.3,0.619,0.06,4,1.31,29.8,10.95,1.77,24.47,43.22,32.31,405.1,1155,19,0.34,20.9,-0.28,0.96,8.64,5.48,18.511698,58.41346154,81.50924538,68.96551724,81.80909545,8.636513396,9.777673626,,,-0.061436979,-0.126443083,0.002099572,0.611608627
11015000,0.006730653,5.298813412,36.6,0,1,30,875,1.018673458,0.087865765,1,1,81.490142,1.480326105,1,30,35.6,5.298813412,81.82056663,74.34417629,84.94228751,1.44,117.8,76.11,45.5,48.7,677.6,11.1,0.564,0.71,3,1.32,40,10.19,5.47,12.93,24.7,62.37,1330.9,1942,1002,0.351,17.6,-0.501,-0.865,7.93,16.06,15.126983,9.322033898,81.8537859,74.09921671,85.01305483,64.84675838,71.42852292,,,-0.047403302,-0.083739091,-0.016223618,1.021402429
11478500,0.248835786,14.983325,107.5,58.2,1,51.5,446,0.958948087,0.091067865,1,1,12.895813,1.546514251,1,51.5,63.6,8.699391492,81.65637486,84.59861969,83.72684344,1.44,572.4,186.88,62.5,90.6,614.2,24.9,0.537,0.86,6,1.67,36.7,10.37,1.41,23.84,42.24,33.92,923,1788,120,0.484,25.8,0.884,-0.467,13.6,11.98,14.61381,54.19103314,89.15812364,94.71885679,86.05156881,1.95071882,5.137264151,8.748707198,1.959399022,-0.086162704,-0.125107951,-0.015183729,0.585520602
11143000,0.130313723,14.79980615,50.1,54.7,2,13,504,1.003205575,0.088819199,1,1,29.9711,1.327452654,1,13,48.3,14.59962667,81.60583942,91.72749392,42.94403893,2.74,120.6,116.26,67.4,72.8,639.5,3.4,0.654,0.98,4,1.47,40.3,10.29,4.14,14.13,31.45,54.42,779,1505,80,0.492,43.6,-0.447,-0.894,8.33,25.11,18.127121,66.93989071,81.01830127,90.94321915,44.46269357,15.90995837,20.11791045,86.30373134,57.91119403,-0.136880481,-0.207611445,-0.024214942,
11148900,0.131232846,12.99861333,56.2,56.5,2,28.5,500,1.073345042,0.264428943,1,1,10.274829,1.729434032,1,28.5,45.4,12.9974029,81.58188932,90.72107323,74.67859139,1.48,403.5,69.16,62.7,52.5,745.3,1.5,0.653,0.99,5,1.22,31.2,11.37,2.86,22.94,36.87,40.19,551.8,1138,256,0.337,21.3,-0.586,0.81,8.56,15,16.11163,65.13409962,82.37356034,88.48272409,76.6649975,2.112819809,3.949739777,20.74907063,12.52795539,-0.089672211,-0.151613332,-0.019478339,
11143000,0.063865464,5.6,47.9,169.1,2,12.96777778,827,0.995359885,0.056149091,1,1,13.697515,0.363115177,1,12.96777778,41.1,5.299857755,81.56498674,72.20159151,40.0530504,2.74,120.6,116.26,67.4,72.8,639.5,3.4,0.654,0.98,4,1.47,40.3,10.29,4.14,14.13,31.45,54.42,779,1505,80,0.492,43.6,-0.447,-0.894,8.33,25.11,18.127121,91.80327869,80.00938527,70.57719381,43.6884092,0.979707657,4.544776119,86.30373134,57.91119403,-0.02982169,-0.041495503,-0.00798715,
7103700,0.170415381,4.696326064,17.1,181.3,1,16.875,752,0.990407517,0.270454143,1,1,10.334753,0.918584336,1,16.875,13.5,4.597978363,81.54939262,87.14187486,72.42722897,2.23,264.2,59.97,52.8,94.9,393.5,27.6,0.361,0.86,4,1.42,49.5,10.03,9,11.62,33.61,54.77,2775.2,4300,1873,0.373,26.9,0.329,0.944,15.24,9.63,15.226314,98.07886754,79.24293585,80.91345299,76.76381731,5.396997417,6.578652536,9.350870553,5.675132475,-0.073427221,-0.138797398,-0.02782991,0.527450528
14182500,0.362352612,4.49870093,56.1,36.4,1,27,622,1.008575322,0.053461567,1,1,94.322738,0.972852816,1,27,55.9,4.49870093,81.51427939,73.45583352,61.52313482,1.73,286.8,224.25,70.2,175.5,549.7,22.8,0.386,0.68,3,1.26,56.8,10.1,2.57,20.62,47.93,31.45,818.3,1661,209,0.42,35.9,-0.784,-0.621,6.18,19.4,13.492479,45.90163934,81.59171076,73.41269841,61.68430335,74.72694879,73.6289749,93.98661088,73.25648536,-0.244625316,-0.502415227,-0.227598821,0.304124638
11152000,0.071120472,7.4988125,56.4,51.3,2,23.66666667,920,1.080911699,0.264542114,1,1,38.563747,1.45200031,1,23.66666667,53.1,6.999498674,81.48148148,75.7037037,65.33333333,2.07,625.1,80.89,63.9,60.5,663.8,2.9,0.654,1.03,5,2.35,38.3,10.02,3.14,20.17,34.81,45.02,759.1,1785,113,0.387,34.7,-0.132,0.991,8.57,12.76,17.294107,63.58208955,82.00923788,76.90531178,67.34411085,14.91749383,22.51871701,14.97461206,10.20955047,-0.040209457,-0.070277138,-0.018460304,0.651840956
11152000,0.239182225,25.48736,59.7,54.8,2,23.9,182,1.009473431,0.090089663,1,1,10.954941,1.60170771,1,23.9,48.6,16.09837458,81.44409938,92.80538302,66.07142857,2.07,625.1,80.89,63.9,60.5,663.8,2.9,0.654,1.03,5,2.35,38.3,10.02,3.14,20.17,34.81,45.02,759.1,1785,113,0.387,34.7,-0.132,0.991,8.25,16.63,17.294107,64.92537313,83.1408776,96.8591224,69.44572748,2.102052119,3.129195329,14.97461206,10.20955047,0.008995308,0.013725339,0.004678276,1.119487192
11143000,0.050481893,9.499165368,51.5,4.8,2,29.5,133,0.994130087,0.201513102,1,1,99.985297,0.997222043,1,29.5,51.5,9.499165368,81.42589118,82.97373358,79.52626642,2.74,120.6,116.26,67.4,72.8,639.5,3.4,0.654,0.98,4,1.47,40.3,10.29,4.14,14.13,31.45,54.42,779,1505,80,0.492,43.6,-0.447,-0.894,11.4,13.95,18.127121,30.32786885,81.41717504,83.01267011,79.51665885,33.21126627,44.52462687,86.30373134,57.91119403,-0.174384752,-0.24477222,-0.020714274,0.306190458
11028500,0.024581245,5.899672327,32.2,52.9,2,18,842,1.035673051,0.101253572,1,1,59.833561,1.393602004,1,18,31.3,5.399949525,81.40985652,81.03555833,56.36306925,1.75,146.3,47.31,53.2,40,817.6,0.1,0.607,0.82,3,1.39,26.8,11.3,2.46,16.66,32,51.34,561.3,994,400,0.27,8.7,-0.125,-0.992,11.32,9.59,15.589059,86.91588785,81.69753086,83.7037037,56.45061728,13.30200551,18.34757348,,,0.008513387,-0.004570397,-0.010924288,0.927810373
11149900,0.017201806,14.797,54.6,50.4,2,28.5,500,1.128571081,0.290194252,1,1,8.664033,1.715767974,1,28.5,50,14.79694545,81.40716961,90.90422686,74.23756019,1.56,556.4,63.26,62,54,737.5,1.5,0.659,1.13,4,1.35,33.5,10.91,2.31,24.37,37.78,37.85,533.4,1785,248,0.186,19.5,-0.995,-0.102,8.3,13.77,16.227347,60.15936255,82.1799308,90.95402867,76.09985171,1.544994989,3.774209202,28.84609993,15.65149173,-0.095944476,-0.147464849,-0.019542126,
11152050,0.033436971,7.499948276,56.7,52.2,2,25,920,1.08041161,0.283463762,1,1,31.232187,1.394009406,1,25,53.1,6.999498674,81.38957816,75.58312655,68.48635236,1.67,771.5,74.52,63.7,58.2,676.7,2.4,0.652,1.04,6,2.02,38.4,10.1,2.9,21.11,35.63,43.26,674.8,1785,52,0.359,31.4,0.227,0.974,8.75,11.74,17.029979,61.16504854,82.04951857,77.16643741,70.70151307,12.27500159,18.24777706,12.12311082,8.239170447,-0.040209457,-0.070277138,-0.018460304,0.651840956
11152050,0.154889151,25.48736,60.2,55.3,2,23.9,182,1.026398121,0.112348425,1,1,8.868908,1.491041107,1,23.9,48.6,16.09837458,81.32154006,92.76795005,65.16649324,1.67,771.5,74.52,63.7,58.2,676.7,2.4,0.652,1.04,6,2.02,38.4,10.1,2.9,21.11,35.63,43.26,674.8,1785,52,0.359,31.4,0.227,0.974,8.44,15.13,17.029979,63.10679612,83.26455754,96.83631362,68.98211829,1.729693567,2.523499676,12.12311082,8.239170447,0.008995308,0.013725339,0.004678276,1.119487192
11113500,0.025575598,13.09862456,43.9,9.3,2,14.75,838,1.036277852,0.114111483,1,1,85.14101,0.938475197,1,14.75,43.6,13.09857778,81.29251701,90.6122449,46.83673469,2.67,103.3,67.78,49.9,39.1,708.5,2.6,0.693,1.18,4,1.59,40.1,9.58,1.4,23.56,44.22,32.23,996,2039,186,0.437,34.4,-0.944,-0.329,9.53,12.82,15.259699,49.65034965,80.77689243,89.97343958,47.31075697,30.60330822,37.52207164,84.35972894,53.69332043,0.244986512,0.024449276,-0.077576051,0.956848087
9404450,0.005223206,5.299785507,18.2,14.9,1,10.5,45,1.071825098,0.211517787,1,1,14.12125,1.495243097,1,10.5,14.1,5.298630609,81.26689189,92.26351351,43.85135135,2.21,193,46.03,54.3,64.1,511.3,37.5,0.146,0.49,3,1.1,77.9,10.5,1.53,27.11,45.25,27.64,2214.5,2588,1800,0.528,23.3,-0.996,0.092,17.5,4.15,16.150084,57.52508361,84.03851765,90.07878611,49.41639918,4.678595116,7.601968912,13.95839378,7.030725389,0.005865972,0.002399309,-0.003304595,1.046107973
11014000,0.012351616,3.998588875,49,153.1,2,55.88916667,638,1.057936971,0.168045833,1,1,5.043274,0.752773408,1,55.88916667,22.6,3.495788625,81.25478194,74.44529457,95.71537873,2.91,181.8,44.33,55.8,42.1,846.3,0,0.609,1.26,5,1.39,33.8,10.3,3.01,18.77,38.69,42.55,490.9,1128,158,0.343,19.4,-0.048,-0.999,11.77,8.75,16.12831,99.41176471,91.72619048,74.22619048,96.66666667,1.534653813,2.248514851,,,0.108115657,-0.065945541,-0.170737304,1.025194801
11073300,0.287571532,16.9981594,74.3,28.3,2,34.5,799,1.106213208,0.32026556,1,1,30.521869,0.844669747,1,34.5,41.6,9.499314286,81.2542604,83.9127471,83.23108384,0.81,83.6,90.33,49.8,53.3,682.5,5.3,0.643,1.21,3,1.12,50,9.57,6.38,11.96,34.18,53.86,1477.5,3059,222,0.443,40.8,-0.829,-0.56,6.43,18.88,20.142177,70.50691244,87.00721821,90.33870072,86.11882288,17.99244488,18.93767943,,,-0.040385227,-0.049763671,-0.021835675,0.961353526
11149900,0.019339309,11.09957647,56.6,15.4,2,28,983,1.143579801,0.34903568,1,1,21.73561,1.616261858,1,28,46.7,9.397338462,81.24338624,83.49206349,74.07407407,1.56,556.4,63.26,62,54,737.5,1.5,0.659,1.13,4,1.35,33.5,10.91,2.31,24.37,37.78,37.85,533.4,1785,248,0.186,19.5,-0.995,-0.102,9.33,13.34,16.227347,36.65338645,82.99555116,85.61542264,75.67968364,8.848335816,13.12359813,28.84609993,15.65149173,-0.018115559,-0.040637275,-0.022927574,0.784858977
11372000,0.03129779,5.099960819,81.5,0,1,56,674,1.058310559,0.189118186,1,1,6.341896,0.624858698,1,56,59,4.099701101,81.19843682,66.86930091,84.45505862,1.46,589.9,149.15,61.6,92.2,773.2,13.3,0.544,0.71,4,1.55,62,10.11,2.48,20.64,39.59,39.77,857.8,1883,245,0.39,33.5,-0.806,0.592,9.94,9.97,14.264321,6.582278481,85.98919649,73.26130993,87.84604997,1.867578044,3.624563485,,,-0.121718287,-0.174870667,-0.022687286,0.503725216
11073360,0.385262856,16.9981594,74.3,28.3,2,34.5,799,1.195607905,0.399157742,1,1,20.134001,,1,34.5,41.6,9.499314286,81.19015048,83.85772914,82.93433653,0.95,132.3,74.76,53,45.8,744.3,3.4,0.65,0.9,3,1.12,44.1,10.29,6.95,11.8,32.18,56.02,1050.4,3059,211,0.295,27.1,-0.86,-0.509,8.45,15.84,14.250404,60.17964072,87.12162906,90.42377545,86.04843148,16.06905269,12.00204082,,,-0.03889716,-0.047009512,-0.021770958,0.962903443
11138500,0.004972634,8.8,59.6,6.4,2,28.8,161,0.98549833,0.203241427,1,1,5.562678,0.956816384,1,28.8,40,7.092675077,81.14224138,79.66954023,69.97126437,2,728.9,69.82,57.6,39.6,665.2,7.1,0.686,1.16,5,1.44,28.2,9.8,1.39,21.86,41.68,36.45,994.2,2081,193,0.424,34.2,0.199,-0.98,9.16,14.96,16.60856,31.76470588,82.78199566,79.69088937,76.51843818,2.132233872,2.931760187,,,0.030284293,0.031200972,0.00251511,
9484000,0.016930018,4.297434843,27.3,36.8,2,28,538,1.064680655,0.209014834,1,1,85.517068,1.046778775,1,28,27.3,4.297434843,81.08655044,67.31008717,87.51556663,2.39,103.7,75.97,43.3,71.1,767.1,3.1,0.167,0.8,3,1.52,9.5,9.14,1.65,18.36,43.38,38.26,1878.8,2788,872,0.534,35.6,-0.977,-0.213,5.25,6.72,17.656755,60.41237113,80.99968954,67.18410432,87.55045017,21.59321881,31.624108,59.10578592,25.9246866,-0.075001263,-0.13012394,-0.017316944,0.572519765
11383500,0.044012249,12.59878119,97.8,97.7,1,99.5,1027,1.057677959,0.181022497,1,1,21.253635,0.395356367,1,99.5,61.4,7.496976214,81.06280193,83.67149758,94.58937198,1.18,539.8,148.35,51.6,86.3,606.3,32.5,0.527,0.62,4,1.49,64.2,10.29,2.55,21.19,39.81,39,1278.9,2387,161,0.504,23,-0.103,-0.995,11.85,7.23,15.939202,83.33333333,87.93668122,94.06841339,95.92430859,4.402933364,6.852537977,11.6002223,5.542645424,-0.06398127,-0.04151837,-0.008385857,
11169800,0.066362855,6.097193684,37.7,75.6,2,17.75,912,0.961638489,0.126626151,1,1,19.710195,1.254471196,1,17.75,26.4,5.098935126,81.05345912,82.2851153,55.89622642,1.22,282.9,60.85,63.3,56.7,817.9,1.8,0.626,0.99,4,1.41,31.7,10.98,2.22,23.01,45.71,31.28,604,1101,244,0.421,25.6,-0.968,-0.251,9.94,10.2,15.108,84.47204969,84.5974872,82.82922289,59.81852024,8.512952968,12.39353128,,,-0.05197041,-0.089555726,-0.018581726,0.693486301
11065000,0.00550497,18.99719433,84.8,24.6,1,23.9,1003,0.939995418,0.398252983,1,1,33.742927,1.953161117,1,23.9,39.6,6.59910303,81.02331606,78.30310881,66.87176166,1.55,364.7,81.4,47.7,43.6,701.5,4.2,0.649,1.11,5,1.12,49.6,10,6.62,10.83,28.51,60.66,1250.1,3059,313,0.343,27.3,-0.675,0.738,14.32,1.99,19.024359,58.36363636,87.26215645,91.38477801,72.35729387,9.084707504,11.94332328,33.44313134,17.52322457,0.084418299,-0.035580624,-0.099919284,0.745010548
11025500,0.002452097,6.298436842,47.3,2.4,1,23,901,1.057071406,0.210925279,1,1,16.382785,0.674671611,1,23,29.9,4.498766866,81.0012837,74.19768935,62.7406932,1.59,288.7,61.83,49,43.1,760.7,1.6,0.57,0.88,4,1.39,32.2,10.45,3.04,16.47,31.29,52.24,891.8,1731,269,0.428,20.2,-0.631,-0.776,12.79,4.12,16.426629,32.19178082,86.50180319,78.92838743,67.64554353,11.15906388,12.28919293,,,-0.027877997,-0.041292397,-0.019523264,1.382956825
11143000,0.455511033,5.099496229,49.9,11.8,2,40.8,210,1.020516718,0.122799176,1,1,86.219962,1.022908078,1,40.8,49.2,4.999412903,80.97826087,68.10018904,88.70510397,2.74,120.6,116.26,67.4,72.8,639.5,3.4,0.654,0.98,4,1.47,40.3,10.29,4.14,14.13,31.45,54.42,779,1505,80,0.492,43.6,-0.447,-0.894,8.68,23.37,18.127121,37.43169399,80.94791178,68.60628813,88.78460817,14.47744466,22.15223881,86.30373134,57.91119403,-0.031238989,-0.040315131,0.002169895,1.009060924
11451100,0.106073968,5.299167507,46.9,85.5,1,22.96305556,945,1.057155397,0.214048358,1,1,99.307087,1,1,22.96305556,46.9,5.299167507,80.96477182,72.57806245,60.80864692,2.44,155.1,122.99,60.8,72.9,711.9,2.9,0.62,0.88,4,1.26,40.7,10.13,1.39,20.14,45.4,34.46,910.7,1815,476,0.327,31.1,-0.452,0.892,8.57,17.58,14.155992,79.02494331,80.98958333,72.55608974,60.73717949,57.75060676,75.95280464,99.99632495,87.05802708,-0.061798733,-0.106175213,-0.013565527,
11153000,0.057780192,4.597168793,39.6,83.4,2,16.8,912,1.002083474,0.121439338,1,1,10.488957,2.512752181,1,16.8,25.6,4.597168793,80.95370887,80.08923592,52.03569437,1.11,375.4,52.87,62.6,46.9,835.2,1.3,0.643,1.11,5,1.85,28.4,10.45,2.08,24.44,44.87,30.7,424.1,1045,74,0.363,20.9,-0.996,-0.088,11,8.79,15.589845,80.64516129,85.08260447,76.19047619,57.53158406,3.405985647,4.396909963,,,-0.039911175,-0.064240113,-0.013477485,0.728067193
9404450,0.013028672,3.798778684,18.3,39.8,1,13,35,1.081406508,0.222393702,1,1,14.12125,1.495243097,1,13,13.9,3.698828571,80.92905405,85.2027027,54.7972973,2.21,193,46.03,54.3,64.1,511.3,37.5,0.146,0.49,3,1.1,77.9,10.5,1.53,27.11,45.25,27.64,2214.5,2588,1800,0.528,23.3,-0.996,0.092,17.5,4.15,16.150084,84.28093645,84.11146776,83.04639626,59.32302305,4.678595116,7.601968912,13.95839378,7.030725389,0.005865972,0.002399309,-0.003304595,1.046107973
11148900,0.432998213,5.799907414,48.1,138.7,2,27,162,1.12329474,0.361517702,1,1,10.274829,1.729434032,1,27,43.7,5.799907414,80.82727781,72.49860257,72.94577977,1.48,403.5,69.16,62.7,52.5,745.3,1.5,0.653,0.99,5,1.22,31.2,11.37,2.86,22.94,36.87,40.19,551.8,1138,256,0.337,21.3,-0.586,0.81,9.43,14.72,16.11163,88.12260536,79.29394091,70.30545819,75.112669,2.112819809,3.949739777,20.74907063,12.52795539,0.006038307,0.003284054,0.005339703,
11025500,0.002648265,4.399959949,38.5,3.5,2,32.66666667,977,1.068921984,0.177326742,1,1,7.499671,0.63456728,1,32.66666667,28.9,3.499876278,80.82556591,67.97603196,79.72703063,1.59,288.7,61.83,49,43.1,760.7,1.6,0.57,0.88,4,1.39,32.2,10.45,3.04,16.47,31.29,52.24,891.8,1731,269,0.428,20.2,-0.631,-0.776,9.46,12.2,16.426629,36.07305936,82.07109737,69.91241628,84.1576507,5.200985221,3.255836508,,,0.005724847,-0.008200152,-0.023048129,
11456000,0.106838308,9.698608208,76.7,153,2,35.66666667,456,0.957112667,0.128863093,1,1,8.882523,2.160787162,1,35.66666667,41.7,9.696370526,80.82379863,89.01601831,83.15789474,1.79,212.3,104.44,64,69.8,743.7,1.5,0.624,0.68,4,1.39,28.5,10.89,2.14,24.23,44.57,31.21,305.3,1261,75,0.209,20.9,-0.876,0.483,7.94,21.08,16.071526,93.16239316,90.07413509,87.76771005,84.84349259,1.060217481,3.36895902,,,0.151115828,-0.041238275,-0.085423292,0.601416408
9430600,0.070903533,8.1960671,22.9,55.6,1,11.8,839,1.090272251,0.499398243,1,1,91.945834,1.032051864,1,11.8,22.9,8.1960671,80.75761389,91.56808457,45.98540146,1.85,190.5,67.41,44.7,72,593.8,14,0.222,0.58,3,1.32,53.1,9.96,2.05,31.86,33.61,34.53,2371.3,3268,1694,0.444,40.6,-0.973,-0.231,18.25,10.8,15.895541,72.94117647,80.71339174,91.53942428,46.23279099,15.38212465,16.98897638,91.38944882,35.34944882,-0.033410195,-0.0663011,-0.011012309,0.650067681
11042400,0.001820485,3.297413735,29.8,44.4,2,33.85722222,611,1.052353225,0.236335632,1,1,5.418644,1.623115625,1,33.85722222,22.3,2.699849684,80.72750479,66.94320357,84.49266114,2.17,342.2,45.9,47.5,35.2,738.3,4.5,0.519,0.92,4,1.33,34.5,10.18,6.63,11.08,22.22,66.7,1119.3,1870,508,0.457,17,0.473,-0.881,8.41,8.93,17.322787,81.94444444,80.9947644,66.7539267,87.22513089,2.08734395,4.6735827,,,-0.013044584,-0.070847167,-0.014318167,
11022480,0.015886639,4.39949899,41.1,9.7,2,35,124,1.08225862,0.222402667,1,1,18.106704,1.206871256,1,35,32.9,3.999856,80.6116208,69.5412844,78.74617737,1.63,953.6,51.86,51.9,43.3,807.8,2.2,0.585,0.84,5,1.19,31,10.52,3.4,17.08,31.75,51.17,640.4,1967,89,0.294,18.5,0.017,-1,10.9,10.13,15.3664,59.47802198,80.22540984,68.08401639,82.17213115,5.172206094,4.374381292,,,-0.002651266,0.004306109,-0.002820247,0.966853157
11149900,0.155223402,5.799979221,55.3,26.1,2,37,991,1.138830135,0.334018419,1,1,21.73561,1.616261858,1,37,45.4,4.799202539,80.60846561,67.67195767,82.93650794,1.56,556.4,63.26,62,54,737.5,1.5,0.659,1.13,4,1.35,33.5,10.91,2.31,24.37,37.78,37.85,533.4,1785,248,0.186,19.5,-0.995,-0.102,9.33,13.34,16.227347,47.21115538,82.37765695,71.5274345,83.95946614,8.848335816,13.12359813,28.84609993,15.65149173,-0.018115559,-0.040637275,-0.022927574,0.784858977
11042400,0.006868194,5.1,35.4,15.5,2,23.5,946,0.969638824,0.205783956,1,1,5.418644,1.623115625,1,23.5,22.2,3.7,80.56796426,75.30312699,68.21952776,2.17,342.2,45.9,47.5,35.2,738.3,4.5,0.519,0.92,4,1.33,34.5,10.18,6.63,11.08,22.22,66.7,1119.3,1870,508,0.457,17,0.473,-0.881,7.88,8.66,17.322787,65.27777778,84.5026178,77.7486911,73.45549738,2.08734395,4.6735827,,,-0.023759569,-0.085498497,-0.017434759,
11025500,0.003629104,12.79428966,44.2,37.2,2,21.8,897,1.086395575,0.212331689,1,1,7.499671,0.63456728,1,21.8,28.6,7.595685,80.55925433,87.81624501,57.689747,1.59,288.7,61.83,49,43.1,760.7,1.6,0.57,0.88,4,1.39,32.2,10.45,3.04,16.47,31.29,52.24,891.8,1731,269,0.428,20.2,-0.631,-0.776,9.34,6.58,16.426629,74.88584475,84.77588872,93.4054611,62.67387944,5.200985221,3.255836508,,,0.005724847,-0.008200152,-0.023048129,
11065000,0.03540573,8.597605854,68.4,3.9,1,23.5,727,0.991340722,0.352507269,1,1,24.135281,0.744402096,1,23.5,49.6,7.294334073,80.54380665,75.34743202,63.56495468,1.55,364.7,81.4,47.7,43.6,701.5,4.2,0.649,1.11,5,1.12,49.6,10,6.62,10.83,28.51,60.66,1250.1,3059,313,0.343,27.3,-0.675,0.738,15.23,2.84,19.024359,38.90909091,84.77801268,79.33403805,67.52114165,10.41161438,14.07153825,33.44313134,17.52322457,-0.06041197,-0.08610189,-0.015125256,0.79787982
9508300,0.414095431,5.8,22.3,91.6,2,13,241,1.082963278,0.219969264,1,1,83.630661,1.091927993,1,13,21.3,5.499337014,80.51444679,81.88865398,59.91895701,1.24,93,61.67,39.9,60.5,779.9,8.4,0.144,0.7,3,1.58,36,10.05,2.68,22.26,37.89,39.84,1496.5,2272,712,0.503,27.8,0.203,-0.979,5.2,6.96,16.736963,96.19771863,81.13207547,83.50803634,60.25506639,25.49898573,26.68935484,,,-0.07765983,-0.144763968,-0.009734719,0.3593483
11451715,0.214746355,7.398918182,38.4,83.7,2,32.5,221,1.003486397,0.048796632,1,1,11.690112,0.296371599,1,32.5,29.6,6.597662698,80.51136364,90.79545455,74.14772727,0.9,247.9,70.02,59.6,55.5,854.4,1,0.615,0.96,4,1.19,43.2,10.66,0.49,37.34,42.78,19.88,560.5,1162,264,0.34,18.2,-0.265,0.964,10.43,10.33,18.827651,81.25,79.50892857,85.35714286,79.59821429,1.945488238,3.78987495,23.98777733,10.34183138,-0.03605718,-0.06584007,0.002251203,0.654581878
9342500,0.042851151,12.5981894,60.8,10.6,1,43,761,0.929883827,0.327519421,1,1,10.452957,1.515753581,1,43,25.2,6.795912981,80.43233506,91.24071155,80.62373339,2,726.9,99.32,50.6,102.4,399.5,54.9,0.122,0.66,4,1.3,63.2,9.73,5.26,19.93,41.58,38.49,2968.1,4027,2154,0.436,31.2,-0.871,-0.491,13.75,7.06,11.980939,25.47169811,89.7953436,95.83176868,83.61809989,3.405147869,4.768551383,,,-0.025874019,-0.126403499,-0.011865462,0.768926331
8380500,0.015294799,10.79551948,20.7,129.9,1,4.5,90,1.123720795,0.80144716,0.930313589,1,99.368957,1.001978058,0.933333333,4.5,20.7,10.79551948,80.40685225,92.29122056,19.00428266,2.1,198.1,68.57,50.8,80.7,464.5,19.2,0.221,0.66,4,1.18,58,10.64,1.87,31.03,41.4,27.57,2652.5,3551,2136,0.381,25,-0.636,0.772,16.47,10.22,17.995738,90.50086356,80.34028149,92.19668626,19.08070551,30.00276242,42.76158506,96.58440182,48.47415447,0.009804609,0.004280286,0.019648497,1.00779206
11203580,0.019150682,19.09067789,52.5,0.8,1,20,400,1.020483974,0.120100076,1,1,6.246067,1.193245956,1,20,38.4,17.89197714,80.37305122,98.21826281,52.92316258,3,51.9,99.58,58.8,59.6,566.1,44.5,0.588,0.8,3,1.45,66.6,8.94,3.15,17.84,31.45,50.72,1892.1,2824,1137,0.45,34.8,-0.299,-0.954,11.2,3.96,17.121843,39.92094862,82.80943026,97.20039293,55.32907662,2.237154834,3.130057803,95.38420039,49.0867052,0.146144756,-0.169955884,-0.083807146,0.510440537
11463900,0.139226433,6.299470069,41.6,17.3,2,14.66666667,67,0.99792749,0.043207503,1,1,78.702752,0.833942644,1,14.66666667,40.6,6.299943724,80.33780858,77.39281074,48.20268515,2.86,114.1,115.9,65.1,67.8,746.4,0.7,0.617,0.72,3,1.38,36.4,11.12,1.75,27.22,44.13,28.65,413,1316,58,0.282,23.9,-0.601,-0.799,8.17,17.79,15.761656,46.36363636,79.32692308,75.29264214,49.28929766,11.07121403,21.33260298,,,0.194109035,0.095483627,0.004804013,1.084489945
11143000,0.394463163,14.68274538,48.3,47.8,2,9.928611111,182,1.005997417,0.123816419,1,1,86.219962,1.022908078,1,9.928611111,47.8,14.68274538,80.29300567,91.06805293,33.74291115,2.74,120.6,116.26,67.4,72.8,639.5,3.4,0.654,0.98,4,1.47,40.3,10.29,4.14,14.13,31.45,54.42,779,1505,80,0.492,43.6,-0.447,-0.894,8.33,25.11,18.127121,62.84153005,80.19709057,90.66166119,34.16236509,14.47744466,22.15223881,86.30373134,57.91119403,-0.031238989,-0.040315131,0.002169895,1.009060924
11014000,0.010280034,3.996766323,35.6,9.8,2,43.75,710,1.033328995,0.166817071,1,1,7.06468,1.142409136,1,43.75,23.3,2.199760702,80.27961737,59.82339956,91.39072848,2.91,181.8,44.33,55.8,42.1,846.3,0,0.609,1.26,5,1.39,33.8,10.3,3.01,18.77,38.69,42.55,490.9,1128,158,0.343,19.4,-0.048,-0.999,11.45,4.97,16.12831,50.58823529,86.07142857,74.04761905,92.73809524,6.01277364,6.221287129,,,-0.031159249,-0.061151788,-0.024314305,
11057500,0.008598329,3.898931097,27.8,109.7,2,24.66666667,476,1.061800917,0.307712274,1,1,11.248274,1.350759162,1,24.66666667,27.5,3.898931097,80.21788991,71.55963303,77.29357798,1.6,329,50.34,46.1,42.4,822.1,3.2,0.566,1.05,4,1.49,23.2,10.74,3.94,14.73,32.5,52.77,880.7,2686,317,0.238,13.8,-0.199,-0.98,9.81,5.41,19.193511,96.96969697,79.52058364,70.66180302,79.20792079,6.522506043,7.626474164,11.73519757,9.619696049,-0.17479477,-0.361559937,-0.105857091,0.402129986
11027000,0.006811606,3.998037955,26.5,16.9,1,47,722,1.035940456,0.094636675,1,1,70.526293,1.115871643,1,47,26.4,3.997455273,80.21235521,71.87902188,94.43371943,1.62,58.2,51.93,53.2,38.8,797.9,0.2,0.625,1,3,1.16,28.6,11.16,2.59,16.4,30.84,52.76,653.6,1276,217,0.433,13,-0.467,-0.884,17.76,1.79,15.624757,66.1971831,80.06369427,71.84713376,94.49044586,49.6480909,49.63608247,,,-0.025618471,-0.03325335,-0.013415509,1.239786878
11456000,0.111506648,7.59371558,63.2,37.2,2,21.95666667,529,0.972693699,0.075564443,1,1,8.882523,2.160787162,1,21.95666667,40.7,7.59371558,80.18306636,82.10526316,60.9610984,1.79,212.3,104.44,64,69.8,743.7,1.5,0.624,0.68,4,1.39,28.5,10.89,2.14,24.23,44.57,31.21,305.3,1261,75,0.209,20.9,-0.876,0.483,10.83,16.43,16.071526,54.13105413,87.02635914,81.17792422,63.46787479,1.060217481,3.36895902,,,0.151115828,-0.041238275,-0.085423292,0.601416408
11203580,0.082931727,9.199142,56.3,3.6,1,21.8,625,1.021128092,0.07792618,1,1,6.246067,1.193245956,1,21.8,38.2,8.797424,80.17817372,88.25167038,54.98329621,3,51.9,99.58,58.8,59.6,566.1,44.5,0.588,0.8,3,1.45,66.6,8.94,3.15,17.84,31.45,50.72,1892.1,2824,1137,0.45,34.8,-0.299,-0.954,10.67,3.7,17.121843,45.84980237,84.7740668,85.26522593,57.19548134,2.237154834,3.130057803,95.38420039,49.0867052,0.146144756,-0.169955884,-0.083807146,0.510440537
11062000,0.019161758,8.597605854,61.3,3.5,1,23.5,727,1.049509965,0.271058392,1,1,45.631597,0.587979741,1,23.5,47.4,7.294334073,80.16826923,75.12019231,67.03725962,1.97,119.7,109.2,48.3,52.3,619.9,7.1,0.655,0.94,4,1.19,53.5,9.25,6.33,11.52,31.03,57.45,1697.8,3059,730,0.416,43.5,-0.072,0.997,12.73,3.71,17.137994,35.32110092,83.91234634,79.04863709,70.17637627,20.85678981,29.43759398,4.942857143,3.360902256,-0.078821144,-0.112891637,-0.015407568,0.700665482
11173510,0.034385271,4.499233684,32.1,101.7,2,20.5,486,1.164789847,0.395496607,1,1,77.737397,1.168928262,1,20.5,32,4.499233684,80.16241299,74.43155452,59.69837587,1.34,360.7,62.25,63.9,58.9,792.6,3.7,0.583,1.01,4,1.32,32.1,10.44,2.07,24.39,45.37,30.25,741.8,1309,136,0.517,25.7,-0.113,-0.994,8.33,8.8,16.911694,92.039801,80.12820513,74.17582418,60.00457875,17.24073271,29.29254228,,,-0.03302541,-0.141543883,-0.082939116,0.666629687
11027000,0.017320941,2.898894274,25.4,3.9,2,34,867,1.000194331,0.074260508,1,1,50.900245,0.591991427,1,34,25.4,2.898894274,80.05301524,63.75082836,87.37574553,1.62,58.2,51.93,53.2,38.8,797.9,0.2,0.625,1,3,1.16,28.6,11.16,2.59,16.4,30.84,52.76,653.6,1276,217,0.433,13,-0.467,-0.884,11.4,11.03,15.624757,45.07042254,79.39490446,62.92993631,87.86624204,10.30581508,11.12010309,,,0.010100541,-0.003177161,-0.009773989,0.978380779
9404450,0.019366944,4.09988563,14.5,1.5,1,7.75,367,1.034486407,0.165400617,1,1,14.12125,1.495243097,1,7.75,13.3,4.099690203,80.05067568,87.77027027,30.77702703,2.21,193,46.03,54.3,64.1,511.3,37.5,0.146,0.49,3,1.1,77.9,10.5,1.53,27.11,45.25,27.64,2214.5,2588,1800,0.528,23.3,-0.996,0.092,18.37,3.18,16.150084,24.74916388,79.39889116,85.35161949,36.29997082,4.678595116,7.601968912,13.95839378,7.030725389,,,,0.42238348
11022480,0.010393128,5.993911322,49.9,0.6,2,49,47,1.090864732,0.26701432,1,1,18.106704,1.206871256,1,49,31.9,2.699869612,80.03058104,58.96024465,90.76452599,1.63,953.6,51.86,51.9,43.3,807.8,2.2,0.585,0.84,5,1.19,31,10.52,3.4,17.08,31.75,51.17,640.4,1967,89,0.294,18.5,0.017,-1,10.6,5.73,15.3664,35.85164835,84.22131148,75.20491803,92.26434426,5.172206094,4.374381292,,,-0.002651266,0.004306109,-0.002820247,0.966853157
11173575,0.024172895,4.499233684,32.1,102.5,2,20.5,486,1.165198056,0.415393688,1,1,73.616074,0.93656286,1,20.5,32,4.499233684,80.00464468,74.45424988,59.54482118,1.33,385.4,62.15,64.2,58.9,791.9,3.5,0.584,1.05,4,1.31,31.9,10.49,2.02,24.69,45.37,29.94,718.4,1309,104,0.514,25.8,-0.023,-1,8.39,8.83,17.382289,93.11926606,79.95877233,74.11818598,59.87173614,15.79414913,27.71761806,,,-0.032382521,-0.140382283,-0.082930973,0.668678281
11101250,0.427198547,12.69994645,40.9,2.4,2,18.5,536,1.165148618,0.250735626,1,1,9.043463,1.218738623,1,18.5,39.7,12.69994645,80,89.14285714,55.60714286,3.16,237.3,62.69,59.1,33.7,843.8,0.3,0.655,0.85,3,1.36,34,10.8,2.61,18.95,41.98,39.07,471.3,1852,65,0.228,19.6,-0.987,-0.161,15.13,3.6,13.411358,35.77981651,79.24176507,87.5699192,58.39030454,0,3.349683944,19.49397387,12.38921197,-0.042418249,-0.066936498,-0.019972415,
11274630,0.038078114,3.498927731,23.2,112.7,2,23,567,1.072872494,0.180954565,1,1,14.544513,0.969698236,1,23,17.6,2.799736756,79.97084548,74.11078717,69.15451895,1.77,187.4,43.32,61.7,49.1,799,2.1,0.604,1.08,4,1.42,30.9,10.3,1.62,26.46,42.13,31.41,559.2,1116,65,0.472,26.1,-0.722,0.692,7.89,8.15,18.975462,97.0464135,80.08915305,73.79891035,72.43684993,2.596224212,4.075933831,,,-0.045234715,-0.097401651,-0.006249959,0.568651794
9510200,0.002956188,26.59955562,37.2,89.2,1,9,827,1.179412103,0.555510711,1,1,13.021051,1.954168424,1,9,25,17.89284586,79.93589744,98.5042735,32.47863248,1.74,425.3,61.33,36.1,50,956.2,2.1,0.215,1.04,5,1.39,30.1,10.19,4.14,15.96,29.86,54.17,1161.3,2161,545,0.383,21.4,-0.57,-0.822,26.64,6.95,17.785195,86.34686347,83.90928726,99.31605472,38.39092873,2.9162357,3.650787679,51.02477531,24.56769952,-0.010580844,-0.053186635,-0.012575144,0.712944338
11073495,0.344099685,11.298785,44.2,32.9,2,14.75,881,1.160117783,0.427551591,1,1,26.085866,1.717892731,1,14.75,43.1,10.99896909,79.89260143,83.29355609,48.74701671,2.67,208.2,61.85,53.7,37.7,823.2,0.2,0.66,0.75,4,1.15,47.4,10.92,8.04,10,27.26,62.74,638.5,2692,199,0.176,13.5,-0.99,-0.14,12.06,12.59,10.502607,65.15679443,80.12117715,83.66993653,49.33641085,21.64413972,15.30172911,,,-0.047959038,-0.060850333,-0.019647186,0.841883212
11451715,0.008098679,4.49892,56.8,16.5,1,49,1058,0.983658823,0.275291245,1,1,11.655139,0.944331954,1,49,35.6,3.998366526,79.86221516,70.42925278,89.40116587,0.9,247.9,70.02,59.6,55.5,854.4,1,0.615,0.96,4,1.19,43.2,10.66,0.49,37.34,42.78,19.88,560.5,1162,264,0.34,18.2,-0.265,0.964,17.68,2.67,18.827651,38.88888889,86.40625,72.90178571,91.07142857,2.304121352,5.157482856,23.98777733,10.34183138,-0.020201164,-0.037042487,-0.012948582,0.829864732
11152000,0.032932856,11.59976667,51.3,59.3,2,13.91666667,917,1.133077835,0.418987985,1,1,38.563747,1.45200031,1,13.91666667,49.4,11.59976667,79.85185185,87.11111111,38.71604938,2.07,625.1,80.89,63.9,60.5,663.8,2.9,0.654,1.03,5,2.35,38.3,10.02,3.14,20.17,34.81,45.02,759.1,1785,113,0.387,34.7,-0.132,0.991,8.57,12.76,17.294107,67.76119403,80.41570439,86.92840647,40.7852194,14.91749383,22.51871701,14.97461206,10.20955047,-0.040209457,-0.070277138,-0.018460304,0.651840956
11204100,0.010753798,5.598725478,48.2,74.9,2,35,449,1.132823677,0.310094008,1,1,45.981764,1.33889849,1,35,48.2,5.598725478,79.83831455,70.79862812,83.12101911,2.9,249.1,79.83,55.9,53.1,703.2,25.2,0.595,0.74,4,1.36,65.9,9.43,2.64,18.72,31.31,49.98,1348.7,2824,292,0.417,34.4,0.119,-0.993,5.19,10.48,17.505672,86.39053254,79.66666667,70.80952381,83.5952381,14.70255814,23.47442794,48.9626656,16.38281815,-0.176420369,-0.332865736,-0.145271664,0.486976376
11062000,0.061506877,13.59409412,58.9,2.1,1,18.8,906,1.049916297,0.363344757,1,1,45.631597,0.587979741,1,18.8,46.5,10.69938273,79.83774038,82.45192308,52.34375,1.97,119.7,109.2,48.3,52.3,619.9,7.1,0.655,0.94,4,1.19,53.5,9.25,6.33,11.52,31.03,57.45,1697.8,3059,730,0.416,43.5,-0.072,0.997,8.72,5.53,17.137994,30.73394495,83.24425441,86.63816141,54.46285409,20.85678981,29.43759398,4.942857143,3.360902256,-0.078821144,-0.112891637,-0.015407568,0.700665482
11073360,0.212322641,11.09566768,46.8,36.9,2,15,877,1.138998843,0.286980827,1,1,20.134001,,1,15,39,9.1,79.82216142,82.96853625,42.95485636,0.95,132.3,74.76,53,45.8,744.3,3.4,0.65,0.9,3,1.12,44.1,10.29,6.95,11.8,32.18,56.02,1050.4,3059,211,0.295,27.1,-0.86,-0.509,9.69,15.15,14.250404,64.67065868,80.90258668,83.3241607,47.38580077,16.06905269,12.00204082,,,-0.03889716,-0.047009512,-0.021770958,0.962903443
11113500,0.009703925,8.499134952,49,1.7,1,15.98416667,527,1.00666531,0.161560708,1,1,85.14101,0.938475197,1,15.98416667,40.9,8.499916286,79.79591837,81.83673469,50.13605442,2.67,103.3,67.78,49.9,39.1,708.5,2.6,0.693,1.18,4,1.59,40.1,9.58,1.4,23.56,44.22,32.23,996,2039,186,0.437,34.4,-0.944,-0.329,14.94,1.75,15.259699,37.41258741,82.60292165,81.47410359,50.59760956,30.60330822,37.52207164,84.35972894,53.69332043,0.13520071,-0.143701071,-0.106993406,0.625855641
11169800,0.051148445,3.8997,31.3,35.2,2,29,142,0.986812559,0.10788645,1,1,19.710195,1.254471196,1,29,24.9,3.199860714,79.79559748,68.29140461,79.27148847,1.22,282.9,60.85,63.3,56.7,817.9,1.8,0.626,0.99,4,1.41,31.7,10.98,2.22,23.01,45.71,31.28,604,1101,244,0.421,25.6,-0.968,-0.251,8.01,11.87,15.108,59.62732919,80.64215914,70.77710563,81.59609121,8.512952968,12.39353128,,,-0.020831647,-0.039457795,-0.000658374,0.883383447
11025500,0.002452097,3.398823821,32.3,209.4,2,30,195,0.932946378,0.249400586,1,1,7.499671,0.63456728,1,30,27.6,2.699795301,79.79360852,59.58721704,77.59653795,1.59,288.7,61.83,49,43.1,760.7,1.6,0.57,0.88,4,1.39,32.2,10.45,3.04,16.47,31.29,52.24,891.8,1731,269,0.428,20.2,-0.631,-0.776,8.73,11.95,16.426629,98.63013699,79.05718702,63.26635755,82.50901597,5.200985221,3.255836508,,,-0.074054021,-0.169407355,0.0000527,
11114495,0.00266538,9.999810511,50,41.2,2,11.96888889,723,1.010052444,0.111630314,1,1,99.929207,1.004411539,1,11.96888889,50.3,9.999810511,79.77667494,80.64516129,37.09677419,2.46,124.3,88.3,49.7,35.9,606.1,3.8,0.706,1.05,4,1.37,38.6,9.71,1.12,21.93,42.54,35.53,1162,1835,429,0.521,38.3,-0.875,0.484,9.97,6.35,13.969926,66.66666667,79.7515528,80.62111801,37.01863354,72.44200871,74.63990346,91.62960579,77.48479485,0.239729372,0.026164334,-0.081860101,0.853478916
11152000,0.053000607,14.99775,49.6,52.3,2,13.8,504,1.088146286,0.255257872,1,1,7.156277,1.825105706,1,13.8,43.8,14.48896,79.76508275,91.51094501,35.31767218,2.07,625.1,80.89,63.9,60.5,663.8,2.9,0.654,1.03,5,2.35,38.3,10.02,3.14,20.17,34.81,45.02,759.1,1785,113,0.387,34.7,-0.132,0.991,8.25,16.63,17.294107,63.88059701,79.72286374,91.03926097,40.57736721,3.419893111,4.751959686,14.97461206,10.20955047,-0.144762853,-0.216354713,-0.026505137,
11065000,0.05636965,19.39980399,72.3,0,2,20.5,173,0.910478043,0.39221836,1,1,7.378567,1.615275352,1,20.5,36.8,9.699668421,79.74300831,86.39455782,47.88359788,1.55,364.7,81.4,47.7,43.6,701.5,4.2,0.649,1.11,5,1.12,49.6,10,6.62,10.83,28.51,60.66,1250.1,3059,313,0.343,27.3,-0.675,0.738,7.23,10.24,19.024359,11.81818182,85.54439746,91.64904863,54.04334038,1.590212935,1.93646833,33.44313134,17.52322457,-0.091922443,-0.176545355,-0.007113512,
9508300,0.073684628,2.399785333,19.6,29.2,1,22.92861111,410,1.249541608,0.669230382,0.96124031,1,83.630661,1.091927993,1,22.92861111,20.5,2.799711542,79.72163495,60.99365751,75.49330514,1.24,93,61.67,39.9,60.5,779.9,8.4,0.144,0.7,3,1.58,36,10.05,2.68,22.26,37.89,39.84,1496.5,2272,712,0.503,27.8,0.203,-0.979,23.2,8.16,16.736963,65.01901141,78.546471,55.93990217,75.64640112,25.49898573,26.68935484,,,-0.07765983,-0.144763968,-0.009734719,0.3593483
11065000,0.01087018,19.89989798,71.1,0,2,23,191,1.021147618,0.464098964,1,1,8.140156,1.901694811,1,23,35,10.9937931,79.70128988,87.64426341,55.26137135,1.55,364.7,81.4,47.7,43.6,701.5,4.2,0.649,1.11,5,1.12,49.6,10,6.62,10.83,28.51,60.66,1250.1,3059,313,0.343,27.3,-0.675,0.738,11.2,4.11,19.024359,11.81818182,85.35940803,92.12473573,61.76004228,2.365863291,3.388017549,33.44313134,17.52322457,0.003139483,-0.006888002,-0.00523758,0.924603841
11077500,0.011712439,5.298773492,34.5,93,2,30.8,476,1.060496118,0.222453701,1,1,24.501378,1.161798467,1,30.8,31.6,4.899001191,79.68638632,70.77690663,85.24590164,1.28,240.8,51.01,60.8,37.1,825.6,0,0.654,1.13,5,1.61,20.2,10.37,1.7,25.4,46.19,28.41,553.2,1719,35,0.308,25.4,-0.221,-0.975,12.34,11.9,17.754193,88.28828829,81.25798212,73.05236271,86.7816092,9.989975637,12.6130814,,,-0.041399881,-0.062625955,-0.015173694,0.666868373
11149900,0.008702689,7.797992204,51.7,86.4,2,27.96,808,1.100316063,0.258885815,1,1,8.664033,1.715767974,1,27.96,45.8,7.797558621,79.6682718,77.90262172,73.35473515,1.56,556.4,63.26,62,54,737.5,1.5,0.659,1.13,4,1.35,33.5,10.91,2.31,24.37,37.78,37.85,533.4,1785,248,0.186,19.5,-0.995,-0.102,11.41,6.72,16.227347,75.69721116,81.19130005,77.65694513,75.28423134,1.544994989,3.774209202,28.84609993,15.65149173,,,,
11063510,0.011365921,10.39407468,42.9,0,2,20,173,0.934879616,0.243912048,1,1,15.999744,0.650293498,1,20,33.9,8.5,79.66349671,85.36942209,55.12070227,2.04,144.5,66.42,46,40.7,690.4,4.5,0.635,0.96,4,1.54,50.7,9.96,6.14,10.54,26.94,62.52,1273.4,2542,794,0.272,22.4,-0.728,0.686,6.77,8.28,18.45637,15.16853933,82.35465116,86.56976744,58.72093023,3.489027728,3.731418685,74.67695502,36.88442907,-0.08731622,-0.16929898,-0.006783363,
11047300,0.08096303,11.29428195,34.9,34.7,2,11.8,161,1.076192759,0.180400395,1,1,11.921157,1.8590446,1,11.8,29.6,11.19567182,79.61685824,89.50191571,40.88122605,1.1,139.9,46.85,61.6,36.6,812.1,0,0.652,1.08,3,1.27,23.9,11.46,2.26,24.89,42.68,32.43,423.2,1729,25,0.234,19.1,-0.597,-0.802,12.34,9.9,13.66011,80.55555556,82.95994569,89.74881195,44.94229464,4.902997679,7.699857041,11.53209435,10.94796283,0.041259974,-0.235467907,-0.063706538,0.495678495
11152050,0.013066478,14.99775,50.5,52.5,2,13.8,504,1.118555824,0.335311378,1,1,5.778692,1.628838967,1,13.8,43.8,14.48896,79.6027912,91.46537842,34.64841653,1.67,771.5,74.52,63.7,58.2,676.7,2.4,0.652,1.04,6,2.02,38.4,10.1,2.9,21.11,35.63,43.26,674.8,1785,52,0.359,31.4,0.227,0.974,8.44,15.13,17.029979,62.13592233,79.96331958,90.96744613,40.46309033,2.814091554,3.832378483,12.12311082,8.239170447,-0.144762853,-0.216354713,-0.026505137,
11025500,0.027071154,4.998370238,31.8,100.8,2,19,842,0.983937479,0.097966616,1,1,57.038453,0.63853309,1,19,29.3,4.998370238,79.59770115,76.32183908,57.04022989,1.59,288.7,61.83,49,43.1,760.7,1.6,0.57,0.88,4,1.39,32.2,10.45,3.04,16.47,31.29,52.24,891.8,1731,269,0.428,20.2,-0.631,-0.776,9.46,12.2,16.426629,93.60730594,78.82534776,73.26120556,59.47964967,35.29497486,34.52483547,,,0.004601165,-0.01412555,-0.015278874,0.884453394
11456000,0.022808178,12.29847008,54,25.5,2,13.8,433,1.01668731,0.064185434,1,1,8.882523,2.160787162,1,13.8,38.8,10.59905564,79.49656751,90.84668192,42.58581236,1.79,212.3,104.44,64,69.8,743.7,1.5,0.624,0.68,4,1.39,28.5,10.89,2.14,24.23,44.57,31.21,305.3,1261,75,0.209,20.9,-0.876,0.483,8.25,16.25,16.071526,46.72364672,84.76112026,92.6276771,46.60214168,1.060217481,3.36895902,,,0.151115828,-0.041238275,-0.085423292,0.601416408
11152050,0.044411344,13.2,56,395,2,13.93333333,484,1.210241828,0.658570265,1,1,12.095121,1.606303196,1,13.93333333,47.5,11.59891613,79.47900053,86.49654439,35.40669856,1.67,771.5,74.52,63.7,58.2,676.7,2.4,0.652,1.04,6,2.02,38.4,10.1,2.9,21.11,35.63,43.26,674.8,1785,52,0.359,31.4,0.227,0.974,8.75,11.74,17.029979,99.51456311,81.8431912,88.9041724,40.76111875,9.186214151,9.799792612,12.12311082,8.239170447,-0.124185954,-0.333706557,-0.13432245,0.476982831
11138500,0.004351055,12.09894,48.7,73.5,2,9.833333333,180,1.058562162,0.273203262,1,1,5.562678,0.956816384,1,9.833333333,37.3,9.897153467,79.41810345,86.92528736,18.2112069,2,728.9,69.82,57.6,39.6,665.2,7.1,0.686,1.16,5,1.44,28.2,9.8,1.39,21.86,41.68,36.45,994.2,2081,193,0.424,34.2,0.199,-0.98,9.16,14.96,16.60856,71.17647059,79.12147505,85.46637744,26.1659436,2.132233872,2.931760187,,,0.030284293,0.031200972,0.00251511,
11129800,0.00763525,13.49230345,28.3,24,1,20.8,597,1.042173693,0.172385276,1,1,19.694249,2.110868413,1,20.8,27.8,13.49992874,79.33194154,95.3375087,66.35351427,0.98,85.3,58.44,66.4,39.6,749.9,0.1,0.68,0.97,3,1.28,24.6,11.29,2.31,24.04,39.55,36.41,443.7,1306,157,0.254,20,-0.839,-0.544,15.76,1.22,15.248683,47.42268041,77.51633987,94.11764706,67.2875817,0.276776534,1.44021102,,,0.026378043,0.019077106,0.000568816,
11113500,0.048519624,10.09584127,41.4,0,2,7.875,422,1.019705733,0.059571567,1,1,85.14101,0.938475197,1,7.875,39.4,9.997,79.31972789,84.62585034,22.4829932,2.67,103.3,67.78,49.9,39.1,708.5,2.6,0.693,1.18,4,1.59,40.1,9.58,1.4,23.56,44.22,32.23,996,2039,186,0.437,34.4,-0.944,-0.329,8.24,15.01,15.259699,13.63636364,79.71447543,84.19654714,23.20717131,30.60330822,37.52207164,84.35972894,53.69332043,0.13520071,-0.143701071,-0.106993406,0.625855641
11475800,0.463053433,9.498968421,61.5,173.3,1,17,589,1.028346654,0.104425055,1,1,7.751945,0.72069388,1,17,54.4,8.199118881,79.29763291,79.31703531,35.68102445,2.23,642.1,206.67,64.8,106,657.8,7.2,0.589,0.89,5,1.8,28.1,11.21,2.07,25.53,42.82,31.65,626.1,1289,239,0.382,26.8,-0.449,-0.893,8.47,31.48,16.808763,87.32394366,77.98594848,78.55470057,40.93342255,1.088201084,1.580221149,,,-0.084355112,-0.115455323,-0.012523929,0.650926216
11025500,0.014320248,2.699738127,49.7,0,1,53,313,1.132667328,0.329492948,1,1,7.499671,0.63456728,1,53,26.8,1.4,79.2942743,44.00798935,94.60719041,1.59,288.7,61.83,49,43.1,760.7,1.6,0.57,0.88,4,1.39,32.2,10.45,3.04,16.47,31.29,52.24,891.8,1731,269,0.428,20.2,-0.631,-0.776,15.58,1.76,16.426629,10.0456621,87.22308089,57.29005667,95.82689335,5.200985221,3.255836508,,,-0.074054021,-0.169407355,0.0000527,
11023340,0.17827195,5.399848221,25.7,140.9,2,13,124,0.996863824,0.076486268,1,1,37.099197,1.443643241,1,13,24.5,5.099950704,79.21826625,82.35294118,43.45975232,2.81,109.6,39.02,60.2,39.8,841.8,0,0.626,1.08,3,1.17,24.2,11.67,2.82,23.07,37.6,39.33,263,808,116,0.251,12.8,-0.28,-0.96,12.68,7.97,14.786058,100,80.37593985,83.15789474,44.5112782,26.23438145,28.43786496,,,-0.015959233,-0.015997482,-0.002117241,1.554540454
9497980,0.003249202,14.29629269,21.5,121.9,1,5.889166667,427,0.46656635,1.20557023,0.683060109,1,9.741345,0.397009519,1,5.889166667,20.2,14.29993436,79.21541638,97.9008947,14.96902959,1.21,516.8,68.36,41,69.3,673.1,9.8,0.135,0.7,3,1.67,36.3,10.57,3.03,22.54,34.63,42.83,1688.6,2350,985,0.518,19.9,-0.996,0.089,22.86,7.1,17.814094,87.43169399,75.80813347,95.95933264,23.16214807,1.281628952,1.802612229,7.793188854,1.943034056,-0.096259291,-0.156327566,-0.016329933,0.556373867
11055800,0.020746977,7.799600681,31.4,93,2,29.94138889,129,0.982716205,0.122603852,1,1,84.009376,1.028498129,1,29.94138889,31.4,7.799600681,79.2,83.50769231,85.53846154,2.27,50.5,78.15,44,42.4,729.1,7.1,0.609,1.21,3,1.35,32.7,9.72,5.91,13.16,30.59,56.25,1197,1962,488,0.48,34.4,-0.802,-0.597,8.44,15.03,21.01686,94.6969697,79.23598275,83.48736907,85.52064079,69.21590056,59.36613861,,,-0.006372639,-0.009138372,0.000588325,1.425186313
11274630,0.005590834,3.498736825,26.8,184.9,2,23.5,532,1.053895365,0.161539781,1,1,13.905464,1.291954055,1,23.5,19,2.899874266,79.19911012,72.13570634,72.13570634,1.77,187.4,43.32,61.7,49.1,799,2.1,0.604,1.08,4,1.42,30.9,10.3,1.62,26.46,42.13,31.41,559.2,1116,65,0.472,26.1,-0.722,0.692,7.89,8.15,18.975462,100,83.40762754,73.69985141,75.0371471,4.696483564,5.048932764,,,-0.041494034,-0.069598546,-0.019274809,0.736767118
11461000,0.170162708,9.498223684,45.7,118.7,2,9.961666667,532,1.028711744,0.099521204,1,1,32.301184,1.065652935,1,9.961666667,41.2,9.497985263,79.06885759,88.18466354,26.6627543,1.95,259.6,118.6,63.1,81.2,730.9,3,0.607,0.95,4,1.1,36,11.3,1.16,28.24,42.59,29.17,448.3,1014,191,0.314,20.6,-0.997,0.077,9.33,18.36,15.086673,86.8869936,80.69724771,87.04587156,29.83486239,6.630779176,11.66221109,,,0.168591806,-0.024895358,-0.112839417,0.580309863
11015000,0.006009512,3.999701818,31.6,2.7,1,28,885,0.991338237,0.083852352,1,1,81.490142,1.480326105,1,28,31.4,3.999701818,79.03987408,67.89087093,83.13221406,1.44,117.8,76.11,45.5,48.7,677.6,11.1,0.564,0.71,3,1.32,40,10.19,5.47,12.93,24.7,62.37,1330.9,1942,1002,0.351,17.6,-0.501,-0.865,7.93,16.06,15.126983,35.38135593,78.98172324,67.72845953,83.21148825,64.84675838,71.42852292,,,-0.047403302,-0.083739091,-0.016223618,1.021402429
8405105,0.022836145,7.798780249,27.4,20.4,1,7.889166667,144,1.003595287,0.304459168,1,1,25.346613,0.9934997,1,7.889166667,20.9,6.897258946,79.03915762,78.31523527,41.70779862,2,843.2,45.1,50.1,51,797.4,2.1,0.465,1.03,6,2,15.9,11.31,1.46,24.88,44.89,30.23,1512.1,2198,1053,0.403,10.5,0.526,0.85,20.43,9.72,22.253605,37.23404255,78.99439851,75.1933849,49.74659909,18.45302136,15.1032851,,,0.027796139,0.029102044,0.000595624,1.23055231
11023340,0.088619245,2.699317184,24.2,0.4,2,31,18,1.040215497,0.161621994,1,1,37.099197,1.443643241,1,31,24.1,2.699317184,79.0247678,65.24767802,81.26934985,2.81,109.6,39.02,60.2,39.8,841.8,0,0.626,1.08,3,1.17,24.2,11.67,2.82,23.07,37.6,39.33,263,808,116,0.251,12.8,-0.28,-0.96,15.1,3.5,14.786058,42.15017065,78.34586466,64.43609023,81.80451128,26.23438145,28.43786496,,,-0.015959233,-0.015997482,-0.002117241,1.554540454
11525630,0.057886861,6.39958,48.2,134.9,1,12.9375,299,1.078344592,0.233018534,1,1,37.82027,1.48548154,1,12.9375,43.8,5.397943034,78.86963371,77.39267428,35.80149665,1.92,94.9,115.99,60.1,76.3,758.2,22.2,0.519,0.73,3,1.43,60.7,9.98,5.88,13.74,26.92,59.33,1017.4,1752,545,0.392,24.4,0.951,-0.308,12.88,5.05,15.275653,92.2907489,80.72106262,82.31499051,37.41935484,21.35595009,26.57608008,,,0.273876697,0.164177694,0.017816894,0.672333431
11274538,0.006213533,2.199981401,23,0,2,56.5,116,1.02552856,0.439034874,1,1,21.29077,1.252220249,1,56.5,22.3,2.199981053,78.8671024,58.9869281,95.80610022,1.27,469.4,42.12,61.9,44.8,864.4,1.3,0.619,0.06,4,1.31,29.8,10.95,1.77,24.47,43.22,32.31,405.1,1155,19,0.34,20.9,-0.28,0.96,11.98,4.67,18.511698,7.451923077,76.4117941,58.02098951,96.15192404,8.636513396,9.777673626,,,-0.061436979,-0.126443083,0.002099572,0.611608627
11149900,0.04707595,4.799607,46.4,130.1,2,25.5,530,1.051206672,0.172343534,1,1,8.664033,1.715767974,1,25.5,43.8,4.799607,78.83895131,66.13162119,70.27822365,1.56,556.4,63.26,62,54,737.5,1.5,0.659,1.13,4,1.35,33.5,10.91,2.31,24.37,37.78,37.85,533.4,1785,248,0.186,19.5,-0.995,-0.102,9.33,13.34,16.227347,86.45418327,78.79387049,66.68314385,72.44191794,1.544994989,3.774209202,28.84609993,15.65149173,-0.095944476,-0.147464849,-0.019542126,
11149900,0.02040806,7.299425974,46.5,42.1,2,22.66666667,934,1.092275876,0.236833183,1,1,21.73561,1.616261858,1,22.66666667,41.7,6.496526316,78.83597884,74.28571429,57.08994709,1.56,556.4,63.26,62,54,737.5,1.5,0.659,1.13,4,1.35,33.5,10.91,2.31,24.37,37.78,37.85,533.4,1785,248,0.186,19.5,-0.995,-0.102,8.45,9.76,16.227347,56.37450199,78.84330203,76.17399901,58.62580326,8.848335816,13.12359813,28.84609993,15.65149173,-0.018115559,-0.040637275,-0.022927574,0.784858977
11113500,0.293310719,11.79825376,41.7,31.1,2,10.93333333,435,1.074533002,0.207425869,1,1,85.14101,0.938475197,1,10.93333333,38,11.79692903,78.7755102,88.23129252,34.69387755,2.67,103.3,67.78,49.9,39.1,708.5,2.6,0.693,1.18,4,1.59,40.1,9.58,1.4,23.56,44.22,32.23,996,2039,186,0.437,34.4,-0.944,-0.329,8.56,17.65,15.259699,63.63636364,80.04648074,87.91500664,35.32536521,30.60330822,37.52207164,84.35972894,53.69332043,0.13520071,-0.143701071,-0.106993406,0.625855641
11047300,0.116384356,11.59895717,36,110.5,2,11.91666667,610,1.133606079,0.289532984,1,1,11.921157,1.8590446,1,11.91666667,28.7,11.59968473,78.77394636,90.26819923,41.14942529,1.1,139.9,46.85,61.6,36.6,812.1,0,0.652,1.08,3,1.27,23.9,11.46,2.26,24.89,42.68,32.43,423.2,1729,25,0.234,19.1,-0.597,-0.802,14.87,2.27,13.66011,97.22222222,83.299389,90.49558724,45.28173795,4.902997679,7.699857041,11.53209435,10.94796283,0.064649032,-0.160446952,-0.110397484,0.541141138
11461000,0.298875526,13.19226311,43.2,245.8,2,27.83333333,467,1.071956601,0.219038205,1,1,32.301184,1.065652935,1,27.83333333,40.7,10.994152,78.75586854,91.66666667,72.69170579,1.95,259.6,118.6,63.1,81.2,730.9,3,0.607,0.95,4,1.1,36,11.3,1.16,28.24,42.59,29.17,448.3,1014,191,0.314,20.6,-0.997,0.077,6.98,23.46,15.086673,99.36034115,79.65137615,93.98165138,74.34862385,6.630779176,11.66221109,,,0.168591806,-0.024895358,-0.112839417,0.580309863
11451715,0.042720817,10.29743757,43.7,66.2,2,30.83333333,225,1.164490489,0.354766264,1,1,24.133838,1.666551161,1,30.83333333,35.4,10.28678333,78.74513619,93.87159533,76.21595331,0.9,247.9,70.02,59.6,55.5,854.4,1,0.615,0.96,4,1.19,43.2,10.66,0.49,37.34,42.78,19.88,560.5,1162,264,0.34,18.2,-0.265,0.964,10.43,10.33,18.827651,74.65277778,82.03125,92.8125,78.125,2.888346264,4.86014522,23.98777733,10.34183138,0.14819574,-0.007832966,-0.033504715,0.809356648
11453500,0.107129073,4.399821749,42.9,21.8,2,25,122,0.996257577,0.059342888,1,1,68.402353,0.917637249,1,25,42.9,4.399821749,78.71410737,66.87473991,71.53558052,1.47,293.4,112.6,63,63.1,752.4,2,0.624,0.62,3,1.5,36.4,10.72,0.99,28.71,44.41,26.88,554.7,1432,273,0.243,19.3,-0.169,0.986,7.16,23.78,17.47691,36.13138686,77.42971888,65.70281124,72.53012048,38.71637619,46.98312883,,,-0.005397959,-0.024779725,-0.001144985,0.927361723
11063510,0.020968164,5.498418182,33.3,0.9,2,36.5,937,0.992373532,0.152699157,1,1,75.044644,1.007263416,1,36.5,32.9,5.498418182,78.70081199,75.26545909,86.78950656,2.04,144.5,66.42,46,40.7,690.4,4.5,0.635,0.96,4,1.54,50.7,9.96,6.14,10.54,26.94,62.52,1273.4,2542,794,0.272,22.4,-0.728,0.686,8.58,13.15,18.45637,33.14606742,78.48837209,74.06976744,87.70348837,20.60685912,23.61986159,74.67695502,36.88442907,0.082420918,-0.038169893,-0.099867697,0.741913803
10258500,0.001360145,7.896263217,38,57.9,1,72,51,1.025684515,0.434225423,1,1,11.73672,0.555594701,1,72,20.6,7.834624361,78.62997658,87.64637002,98.82903981,2,241.5,37.78,41.9,27.9,813.4,5.1,0.464,0.98,4,2.22,43.9,9.87,5.3,11.18,26.56,62.26,1195.3,2452,208,0.44,22.7,0.863,0.506,22.06,1.91,22.326342,84.43396226,85.79429735,84.9796334,98.98167006,8.066832101,8.632173913,,,,,,0.946192032
11204100,0.00503587,11.08936411,44.1,8,2,8.75,930,1.016393576,0.091639507,1,1,14.215553,0.967391659,1,8.75,37.3,10.79994866,78.62924987,91.68915273,19.45493794,2.9,249.1,79.83,55.9,53.1,703.2,25.2,0.595,0.74,4,1.36,65.9,9.43,2.64,18.72,31.31,49.98,1348.7,2824,292,0.417,34.4,0.119,-0.993,6.92,15.82,17.505672,52.07100592,77.64285714,88.23809524,23.5,1.184458719,2.632436772,48.9626656,16.38281815,0.301182649,0.096928178,-0.011631839,0.837459498
11451715,0.013935668,7.29972159,50.7,249.7,2,25,822,1.088678524,0.22780531,1,1,5.595129,0.165455251,1,25,27.3,3.999992258,78.62068966,77.81609195,64.2816092,0.9,247.9,70.02,59.6,55.5,854.4,1,0.615,0.96,4,1.19,43.2,10.66,0.49,37.34,42.78,19.88,560.5,1162,264,0.34,18.2,-0.265,0.964,7.69,10.4,18.827651,98.61111111,84.41964286,85.17857143,72.09821429,0.869588895,1.310246067,23.98777733,10.34183138,-0.012961866,-0.028181083,-0.023621235,0.712904405
11042900,0.007231949,2.4,17.8,0,2,23.5,636,1.00751726,0.07766989,1,1,6.890085,1.723145088,1,23.5,16.2,2.399927236,78.53333333,68.46666667,72.8,1.45,227.1,38.42,52.1,30.4,862.2,0.2,0.588,1,3,1.35,24,11.73,2.76,18.12,34.83,47.04,611.1,1381,325,0.274,8.4,-0.245,-0.97,14.75,2.16,16.576693,13.24200913,76.61574618,63.04347826,75.64629847,1.886222907,1.07675033,,,,,,
11204100,0.02023442,8.699521301,52.1,33.4,2,22.66666667,826,1.080561514,0.197484727,1,1,14.215553,0.967391659,1,22.66666667,37.1,7.299850353,78.49433351,81.97517539,52.67134377,2.9,249.1,79.83,55.9,53.1,703.2,25.2,0.595,0.74,4,1.36,65.9,9.43,2.64,18.72,31.31,49.98,1348.7,2824,292,0.417,34.4,0.119,-0.993,5.19,10.48,17.505672,69.82248521,81.64285714,82.95238095,54.85714286,1.184458719,2.632436772,48.9626656,16.38281815,0.301182649,0.096928178,-0.011631839,0.837459498
11046250,0.012367674,10.49171667,25.2,16.8,2,11.83333333,518,1.073045662,0.206123852,1,1,14.830853,1.562492382,1,11.83333333,24.5,10.4907548,78.44175492,90.92284418,41.18759455,2.14,109.9,44.67,63.3,35,819.1,0,0.651,0.91,3,1.21,21.3,10.53,2.35,22.35,34.44,43.22,322.5,958,5,0.333,18.1,-0.472,-0.882,13.19,8.63,15.647458,64.51612903,79.25495557,90.97744361,44.12166781,5.815160593,5.688262056,,,-0.07217237,-0.131841652,-0.01744988,1.040754556
11138500,0.014879053,17.59881558,88.9,54.1,2,29.75,512,1.059967567,0.329849128,1,1,14.684484,0.673222561,1,29.75,33.2,12.29077217,78.41850829,92.05801105,71.96132597,2,728.9,69.82,57.6,39.6,665.2,7.1,0.686,1.16,5,1.44,28.2,9.8,1.39,21.86,41.68,36.45,994.2,2081,193,0.424,34.2,0.199,-0.98,8.07,14.16,16.60856,63.52941176,88.85574837,91.21475054,77.76572668,2.711386657,3.72223899,,,-0.017412532,-0.069081844,-0.02870181,0.694239571
11148900,0.173339641,4.899804004,44.9,117.9,2,23,898,1.110456532,0.327961871,1,1,19.551763,1.597078602,1,23,39.9,4.399809962,78.32498609,65.05286589,60.93489149,1.48,403.5,69.16,62.7,52.5,745.3,1.5,0.653,0.99,5,1.22,31.2,11.37,2.86,22.94,36.87,40.19,551.8,1138,256,0.337,21.3,-0.586,0.81,10.3,11.45,16.11163,84.6743295,78.11717576,66.49974962,62.51877817,4.013803818,9.585947955,20.74907063,12.52795539,-0.042442506,-0.05083615,-0.016209405,
11383500,0.055080883,8.998402899,54.6,122.9,1,30,317,0.988563156,0.210194303,1,1,15.279904,1.201487848,1,30,49.5,7.69675,78.30587241,85.04435995,62.18842417,1.18,539.8,148.35,51.6,86.3,606.3,32.5,0.527,0.62,4,1.49,64.2,10.29,2.55,21.19,39.81,39,1278.9,2387,161,0.504,23,-0.103,-0.995,11.85,7.23,15.939202,88.54166667,78.94832606,87.40902475,67.19432314,2.669585637,6.439551686,11.6002223,5.542645424,-0.103261117,-0.128258178,-0.00872834,0.570603288
11143000,0.116225753,6.999215385,50.6,138.9,2,20.75,534,1.047208557,0.164729747,1,1,29.9711,1.327452654,1,20.75,41.3,6.296960345,78.29683698,73.81995134,59.6107056,2.74,120.6,116.26,67.4,72.8,639.5,3.4,0.654,0.98,4,1.47,40.3,10.29,4.14,14.13,31.45,54.42,779,1505,80,0.492,43.6,-0.447,-0.894,8.68,23.37,18.127121,88.25136612,81.13561708,75.59831065,60.62881276,15.90995837,20.11791045,86.30373134,57.91119403,-0.136880481,-0.207611445,-0.024214942,
11063510,0.004781525,5.297605379,35.2,0,2,33,501,1.021369721,0.131999416,1,1,19.701106,0.914667921,1,33,31.4,5.296320477,78.28776042,74.08854167,83.72395833,2.04,144.5,66.42,46,40.7,690.4,4.5,0.635,0.96,4,1.54,50.7,9.96,6.14,10.54,26.94,62.52,1273.4,2542,794,0.272,22.4,-0.728,0.686,7.51,15.53,18.45637,15.16853933,79.18604651,72.96511628,85.46511628,6.090614167,8.283114187,74.67695502,36.88442907,-0.045797929,-0.085871561,-0.017805592,0.668526212
11274500,0.014899304,7.997011831,26.8,50.7,2,12.5,911,1.039664107,0.219961449,1,1,27.069601,1.263529895,1,12.5,22.7,7.997324444,78.25288562,92.96956978,43.36306401,1.48,347.8,45.32,61.6,45.7,861,1.4,0.624,1.05,4,1.63,30.1,10.73,1.77,24.88,42.82,32.31,475.6,1155,62,0.378,24.4,-0.349,0.937,10.59,8.17,18.273952,71.30434783,81.24373119,92.17652959,45.2106319,7.729944851,9.815899942,,,-0.038463304,-0.06331748,-0.014461163,0.693667672
11113000,0.073623732,6.298075862,66.3,52.6,2,38,537,1.104740741,0.247876657,1,1,34.168763,0.626898493,1,38,42.1,3.199937931,78.24933687,61.20689655,79.70822281,1.41,650,68.34,45.4,34.7,663.4,7.7,0.69,1.22,4,1.67,44.6,9.91,2,22.07,41.65,36.28,1251.5,2274,184,0.512,32.7,-1,0.016,7.03,17.46,16.054577,72.27272727,82.89183223,72.84768212,82.94701987,19.70198669,21.99904615,14.98787692,8.055507692,-0.100884584,-0.203599969,-0.018163254,0.353398313
11065000,0.015062964,10.4976121,48.9,0,1,41,787,0.965769868,0.232321381,1,1,33.742927,1.953161117,1,41,34.1,8.196994708,78.20595855,82.70725389,85.91321244,1.55,364.7,81.4,47.7,43.6,701.5,4.2,0.649,1.11,5,1.12,49.6,10,6.62,10.83,28.51,60.66,1250.1,3059,313,0.343,27.3,-0.675,0.738,15.23,2.84,19.024359,11.81818182,80.81395349,82.55813953,88.39852008,9.084707504,11.94332328,33.44313134,17.52322457,0.084418299,-0.035580624,-0.099919284,0.745010548
11152000,0.048923637,7.099703458,59.3,188.3,2,31,913,1.031454993,0.313453359,1,1,38.563747,1.45200031,1,31,45.3,5.299686645,78.19753086,69.08641975,76.19753086,2.07,625.1,80.89,63.9,60.5,663.8,2.9,0.654,1.03,5,2.35,38.3,10.02,3.14,20.17,34.81,45.02,759.1,1785,113,0.387,34.7,-0.132,0.991,8.57,12.76,17.294107,95.2238806,83.04849885,75.79676674,77.69053118,14.91749383,22.51871701,14.97461206,10.20955047,-0.040209457,-0.070277138,-0.018460304,0.651840956
11073495,0.403943108,8.997476038,39.3,60.9,1,12.93333333,728,1.132661923,0.361168603,1,1,26.085866,1.717892731,1,12.93333333,38.8,8.997476038,78.19212411,79.89260143,43.64558473,2.67,208.2,61.85,53.7,37.7,823.2,0.2,0.66,0.75,4,1.15,47.4,10.92,8.04,10,27.26,62.74,638.5,2692,199,0.176,13.5,-0.99,-0.14,18,2.08,10.502607,76.30662021,78.1881131,79.86151183,44.40276976,21.64413972,15.30172911,,,-0.047959038,-0.060850333,-0.019647186,0.841883212
11204100,0.011595005,5.399088608,68.2,26.9,2,30.96666667,495,1.140028593,0.322441897,1,1,14.215553,0.967391659,1,30.96666667,36.5,3.899861025,78.143551,63.62655154,77.81975175,2.9,249.1,79.83,55.9,53.1,703.2,25.2,0.595,0.74,4,1.36,65.9,9.43,2.64,18.72,31.31,49.98,1348.7,2824,292,0.417,34.4,0.119,-0.993,4.92,15.35,17.505672,65.0887574,87.5,69.71428571,80.38095238,1.184458719,2.632436772,48.9626656,16.38281815,0.233425458,0.031386928,-0.05449696,0.690050419
11383500,0.059802102,10.49654731,74.7,35.3,1,23.8,1068,1.004115442,0.104971927,1,1,15.279904,1.201487848,1,23.8,48.8,6.799402834,78.01013942,82.00253485,51.96451204,1.18,539.8,148.35,51.6,86.3,606.3,32.5,0.527,0.62,4,1.49,64.2,10.29,2.55,21.19,39.81,39,1278.9,2387,161,0.504,23,-0.103,-0.995,11.85,7.23,15.939202,57.8125,83.95196507,90.90247453,58.16957787,2.669585637,6.439551686,11.6002223,5.542645424,-0.093088912,-0.147086845,-0.016403308,0.537688566
9484000,0.087653801,19.99335733,23.5,159.9,1,7.833333333,802,1.203883384,0.667813055,1,1,69.267296,1.388299086,1,7.833333333,23.5,19.99335733,77.90262172,97.40948814,35.65855181,2.39,103.7,75.97,43.3,71.1,767.1,3.1,0.167,0.8,3,1.52,9.5,9.14,1.65,18.36,43.38,38.26,1878.8,2788,872,0.534,35.6,-0.977,-0.213,21.03,13.39,17.656755,97.31958763,77.46041602,97.36106799,35.87395219,12.27435075,20.33982642,59.10578592,25.9246866,0.032199617,-0.082769652,-0.028765416,0.762986287
11274538,0.052302264,3.3,26.3,119,2,23.5,146,1.082196131,0.253092811,1,1,20.054364,1.350921136,1,23.5,22.7,3.299493869,77.84877529,70.39403621,71.53887114,1.27,469.4,42.12,61.9,44.8,864.4,1.3,0.619,0.06,4,1.31,29.8,10.95,1.77,24.47,43.22,32.31,405.1,1155,19,0.34,20.9,-0.28,0.96,8.08,8.42,18.511698,97.59615385,80.05997001,70.71464268,73.11344328,5.650655605,7.274584576,,,-0.019154762,-0.045495344,0.000196474,0.856351492
11274538,0.007661347,7.997011831,27.5,51.7,2,13.5,911,1.062920167,0.26235897,1,1,20.054364,1.350921136,1,13.5,22.7,7.997324444,77.84877529,92.91799787,45.1544196,1.27,469.4,42.12,61.9,44.8,864.4,1.3,0.619,0.06,4,1.31,29.8,10.95,1.77,24.47,43.22,32.31,405.1,1155,19,0.34,20.9,-0.28,0.96,10.93,7.55,18.511698,82.69230769,81.30934533,92.30384808,47.72613693,5.650655605,7.274584576,,,-0.038463304,-0.06331748,-0.014461163,0.693667672
11152000,0.049376634,6.296960345,48.5,136.9,2,21.75,534,1.088771003,0.299758053,1,1,7.156277,1.825105706,1,21.75,40.6,6.296960345,77.81633743,74.15910304,52.42925788,2.07,625.1,80.89,63.9,60.5,663.8,2.9,0.654,1.03,5,2.35,38.3,10.02,3.14,20.17,34.81,45.02,759.1,1785,113,0.387,34.7,-0.132,0.991,8.78,16.68,17.294107,88.95522388,79.35334873,72.79445727,55.56581986,3.419893111,4.751959686,14.97461206,10.20955047,-0.144762853,-0.216354713,-0.026505137,
9510200,0.024634901,11.29793243,31.4,80.9,1,18,10,0.930765935,0.220444569,1,1,38.424484,0.967102488,1,18,23.3,9.996993,77.77777778,91.16161616,60.35353535,1.74,425.3,61.33,36.1,50,956.2,2.1,0.215,1.04,5,1.39,30.1,10.19,4.14,15.96,29.86,54.17,1161.3,2161,545,0.383,21.4,-0.57,-0.822,27.56,4.68,17.785195,83.02583026,81.0475162,91.79265659,64.20086393,16.38612732,18.54300494,51.02477531,24.56769952,-0.003355298,-0.003700994,0.002072383,1.043331469
11466800,0.03191178,13.19317257,66,42.2,2,26.92333333,104,1.003004781,0.173300635,1,1,12.714225,1.001456134,1,26.92333333,32.8,10.09978372,77.74538387,92.07968902,68.73177843,2.06,652.2,100.52,64.6,68.1,730.4,0.8,0.63,0.68,4,1.71,30,13.03,1.22,29.33,42.59,28.08,155.1,780,16,0.185,9.2,-0.054,-0.999,8.21,20.47,16.611166,60.625,86.18556701,92.65979381,73.03092784,3.097905528,3.795124195,,,0.312025727,0.18382691,0.033137834,1.066667466
11152050,0.022976448,6.296960345,49.2,137.2,2,21.75,534,1.110915542,0.350397079,1,1,5.778692,1.628838967,1,21.75,40.6,6.296960345,77.69726248,74.02039721,51.74449812,1.67,771.5,74.52,63.7,58.2,676.7,2.4,0.652,1.04,6,2.02,38.4,10.1,2.9,21.11,35.63,43.26,674.8,1785,52,0.359,31.4,0.227,0.974,9.08,15.41,17.029979,86.89320388,79.50481431,72.71893627,55.34158643,2.814091554,3.832378483,12.12311082,8.239170447,-0.144762853,-0.216354713,-0.026505137,
11022480,0.002506229,6.795101031,38,34.9,2,31,854,1.30255093,0.666554962,1,1,18.106704,1.206871256,1,31,28.6,4.79996722,77.67584098,74.86238532,74.74006116,1.63,953.6,51.86,51.9,43.3,807.8,2.2,0.585,0.84,5,1.19,31,10.52,3.4,17.08,31.75,51.17,640.4,1967,89,0.294,18.5,0.017,-1,10.9,10.13,15.3664,76.0989011,78.56045082,78.17622951,78.79098361,5.172206094,4.374381292,,,0.017516316,0.024627778,-0.009151997,1.066980112
11153000,0.017198282,7.799941641,33,134.2,2,16.5,124,1.01132458,0.102643809,1,1,10.488957,2.512752181,1,16.5,22.4,5.799890909,77.66313441,87.11656442,51.33853876,1.11,375.4,52.87,62.6,46.9,835.2,1.3,0.643,1.11,5,1.85,28.4,10.45,2.08,24.44,44.87,30.7,424.1,1045,74,0.363,20.9,-0.996,-0.088,8.66,11.24,15.589845,94.62365591,81.5840622,89.31000972,56.92419825,3.405985647,4.396909963,,,-0.017526788,-0.036764162,-0.000810826,0.88266913
11123500,0.017981437,8.599764784,43,57,2,12.75,144,0.986612079,0.163922584,1,1,16.457797,0.447891372,1,12.75,40,8.499908571,77.66032417,80.33826638,26.60324172,1.89,718.1,79.99,52.6,34.3,660.8,3.8,0.712,1.27,5,1.39,25.8,9.92,1.14,22.63,41.55,35.82,934.1,2081,242,0.378,31.2,-0.578,-0.816,8.31,17.22,18.753658,61.80904523,76.63344408,79.18050941,33.41638981,5.2299529,5.452388247,16.02817156,5.57082579,-0.013665477,-0.012168644,-0.003767537,0.771068736
11143000,0.101433385,3.799796822,42.3,81.5,2,46.88916667,264,1.018763928,0.104824844,1,1,86.219962,1.022908078,1,46.88916667,42.2,3.69979295,77.64650284,59.3100189,91.72967864,2.74,120.6,116.26,67.4,72.8,639.5,3.4,0.654,0.98,4,1.47,40.3,10.29,4.14,14.13,31.45,54.42,779,1505,80,0.492,43.6,-0.447,-0.894,11.22,7.58,18.127121,77.59562842,77.70999531,60.11262318,91.78789301,14.47744466,22.15223881,86.30373134,57.91119403,-0.031238989,-0.040315131,0.002169895,1.009060924
11057500,0.01489,8,24,39.3,2,2.9875,145,1.334036762,1.285519682,0.476293103,1,11.248274,1.350759162,0.685185185,2.9875,23.7,7.9,77.58027523,86.63990826,4.415137615,1.6,329,50.34,46.1,42.4,822.1,3.2,0.566,1.05,4,1.49,23.2,10.74,3.94,14.73,32.5,52.77,880.7,2686,317,0.238,13.8,-0.199,-0.98,9.16,10.07,19.193511,80.3030303,76.34184471,86.50338718,5.211047421,6.522506043,7.626474164,11.73519757,9.619696049,0.097784004,0.025767833,-0.025238392,1.021227041
10260950,0.021023339,6.79670566,36.9,91.5,2,43.5,946,0.988766691,0.173234069,1,1,10.926878,0.653202168,1,43.5,26,3.199881991,77.53679318,67.62199845,88.18745159,2.1,175.1,66.31,43.9,49,724,6.7,0.611,0.97,4,1.24,39.2,10.29,5.47,13.39,28.27,58.34,1271.7,1862,921,0.362,20.2,0.925,0.379,8.4,12.73,18.304836,91.86046512,78.7092883,76.71893848,90.74185766,7.69524916,7.127527127,10.63038264,5.662649914,0.078235695,-0.10005319,-0.114749105,0.605979138
10258500,0.002579586,4.499553387,26.2,10.1,2,19.5,939,1.036207104,0.408618068,1,1,34.911598,1.024974947,1,19.5,20.2,3.399979351,77.53581662,68.8252149,57.47851003,2,241.5,37.78,41.9,27.9,813.4,5.1,0.464,0.98,4,2.22,43.9,9.87,5.3,11.18,26.56,62.26,1195.3,2452,208,0.44,22.7,0.863,0.506,7.76,8.36,22.326342,52.35849057,80.06619145,73.16700611,59.36863544,14.07063824,14.53863354,,,-0.03430361,-0.072449092,-0.013696117,
11109600,0.007080674,3.499653398,38,36.9,2,28,538,1.022615777,0.359645272,1,1,41.681744,1.066478672,1,28,34.1,2.999786866,77.5014979,63.0617136,74.3858598,1.66,963.8,55.61,42.7,35,676,11.8,0.673,1.1,5,2.08,52.1,10.21,5.72,18.55,37.45,44,1385.2,2691,325,0.448,26,-0.765,0.644,5.91,14.06,16.693884,67.02702703,78.74865156,65.85760518,76.83387271,12.52429966,19.22524383,6.542218303,3.126727537,-0.088556875,-0.173314458,-0.010977479,0.46186249
9512280,0.063476496,12.59522057,19.6,68.7,1,11.875,444,1.16917848,0.546592521,1,1,77.294582,1.157801676,1,11.875,19.5,12.59513857,77.47205503,94.88392089,52.7300086,2.43,188.7,50.78,38.1,53.2,973.2,0.5,0.208,0.98,4,1.51,22.7,10.42,5.25,18.83,28.78,52.39,1150.1,1637,693,0.484,21.1,-0.665,-0.747,23.71,3.67,17.665115,93.70860927,77.10004221,94.3436049,53.46137611,26.94965959,28.43465819,,,-0.008494311,-0.052430125,0.002836052,0.847229552
11113000,0.180356361,9.298615385,56,115.4,2,18.9475,405,0.826974803,0.367548622,1,1,18.928716,1.316921813,1,18.9475,45.8,8.599689351,77.46051033,78.55407047,42.16281896,1.41,650,68.34,45.4,34.7,663.4,7.7,0.69,1.22,4,1.67,44.6,9.91,2,22.07,41.65,36.28,1251.5,2274,184,0.512,32.7,-1,0.016,6.44,14.64,16.054577,85.90909091,80.5187638,79.85651214,44.15011038,6.141831074,9.616984615,14.98787692,8.055507692,0.164198315,-0.115015669,-0.082551455,0.693251489
11466800,0.050798343,8.198392022,55.7,80.6,2,18.90916667,157,1.018959,0.102992085,1,1,12.714225,1.001456134,1,18.90916667,32.3,5.398730455,77.45383868,74.97570457,46.69582119,2.06,652.2,100.52,64.6,68.1,730.4,0.8,0.63,0.68,4,1.71,30,13.03,1.22,29.33,42.59,28.08,155.1,780,16,0.185,9.2,-0.054,-0.999,11.27,16.5,16.611166,79.375,83.42268041,81.64948454,51.71134021,3.097905528,3.795124195,,,0.312025727,0.18382691,0.033137834,1.066667466
11065000,0.006522108,7.796323404,47.5,0,2,33.5,500,1.012708101,0.327744883,1,1,8.140156,1.901694811,1,33.5,31.4,5.296320477,77.42701969,73.72708758,78.51323829,1.55,364.7,81.4,47.7,43.6,701.5,4.2,0.649,1.11,5,1.12,49.6,10,6.62,10.83,28.51,60.66,1250.1,3059,313,0.343,27.3,-0.675,0.738,7.67,19.01,19.024359,11.81818182,80.12684989,76.84989429,83.0602537,2.365863291,3.388017549,33.44313134,17.52322457,-0.045784416,-0.085541489,-0.017990704,0.672484666
11057500,0.01618104,8.497505714,47.9,0,2,21,903,1.050665705,0.292250833,1,1,5.10267,0.753186471,1,21,16.7,4.29779451,77.36254296,82.21649485,55.24054983,1.6,329,50.34,46.1,42.4,822.1,3.2,0.566,1.05,4,1.49,23.2,10.74,3.94,14.73,32.5,52.77,880.7,2686,317,0.238,13.8,-0.199,-0.98,9.9,10.79,19.193511,14.09090909,87.96248046,87.28504429,63.54872329,2.02402941,2.564042553,11.73519757,9.619696049,0.124387617,0.004133387,-0.131043916,1.193373124
11059300,0.023826838,5.499978714,62.9,0.4,2,65,611,0.996820102,0.067726018,1,1,5.953975,1.553102126,1,65,36.5,4.098214483,77.33631785,65.47285954,95.04756575,1.38,946,67.84,42.5,47.8,641.9,27.6,0.57,1.05,5,1.86,28.1,10.09,7.16,11.69,29.16,59.16,1661,3477,292,0.43,26,0.124,-0.992,4.77,15.02,19.036583,29.96575342,84.62050599,70.88326676,96.02751886,2.220004155,3.071511628,5.803953488,2.260084567,-0.079580129,-0.141999495,-0.013038604,0.562875645
11149900,0.03923844,9.799872629,66.7,66.6,2,33,193,1.133724852,0.314977796,1,1,12.824107,0.507351319,1,33,28.3,5.399436364,77.28790915,77.55511022,74.51569806,1.56,556.4,63.26,62,54,737.5,1.5,0.659,1.13,4,1.35,33.5,10.91,2.31,24.37,37.78,37.85,533.4,1785,248,0.186,19.5,-0.995,-0.102,10.24,10.95,16.227347,67.33067729,85.61542264,83.39100346,80.5981216,0.822336042,1.076312006,28.84609993,15.65149173,0.019497291,0.027794087,0.004308875,1.178214387
11152000,0.032932856,4.999641139,49.5,28.8,2,44.5,186,1.128991516,0.363781988,1,1,38.563747,1.45200031,1,44.5,43.3,4.299613299,77.20987654,62.71604938,87.08641975,2.07,625.1,80.89,63.9,60.5,663.8,2.9,0.654,1.03,5,2.35,38.3,10.02,3.14,20.17,34.81,45.02,759.1,1785,113,0.387,34.7,-0.132,0.991,8.57,12.76,17.294107,52.23880597,79.67667436,67.52886836,87.87528868,14.91749383,22.51871701,14.97461206,10.20955047,-0.172413345,-0.259903939,-0.017081463,0.414664174
11138500,0.011460368,5.899379115,45.2,0,2,31,214,0.931842729,0.271351659,1,1,43.010103,1.393757,1,31,42,5.899452535,77.20295623,72.37066515,78.19783968,2,728.9,69.82,57.6,39.6,665.2,7.1,0.686,1.16,5,1.44,28.2,9.8,1.39,21.86,41.68,36.45,994.2,2081,193,0.424,34.2,0.199,-0.98,8.21,17.01,16.60856,8.529411765,77.81995662,72.34273319,79.04013015,32.67864011,35.43658938,,,-0.079948795,-0.1583225,-0.003626793,0.635399474
8294195,0.006484768,9.494932286,15.7,46.9,1,3.966666667,387,0.939022438,0.304082098,1,1,17.374893,0.678045527,1,3.966666667,11.3,8.496425,77.0798963,94.48503417,15.49611124,2.27,78.6,73.93,49.1,74.6,399.9,36.7,0.115,0.4,2,1.21,73.1,9.46,3.82,21.29,50.78,27.93,2909.1,3843,2113,0.463,34.2,0.36,-0.933,15.09,10.1,13.3997,69.04761905,78.42596117,92.50095166,21.38370765,7.408677581,8.567175573,6.818708651,2.85470229,-0.039297524,-0.049703246,-0.002356364,0.726785306
11461500,0.052434162,14.29791385,43.1,44.1,2,10.95,238,1.016221504,0.071314136,1,1,23.026463,1.979605621,1,10.95,31.9,14.29817462,77.06558773,98.16865417,28.57751278,2.19,238.7,114.45,62.5,77.8,761.6,2,0.595,1.06,4,1.35,37.3,11.11,0.92,28.71,43.04,28.25,497.3,1167,258,0.27,20.9,-0.276,-0.961,9.37,17.85,16.250428,59.71479501,80.87514146,96.83138438,33.91173142,5.04689448,7.209426058,23.12739841,8.386175115,0.247462344,0.074943405,0.002092771,0.783055803
11148900,0.171234301,8.599082529,51.5,52.7,2,22,823,1.017199781,0.227347322,1,1,6.063932,1.901817314,1,22,36.9,5.999004444,77.01793722,72.86995516,56.58632287,1.48,403.5,69.16,62.7,52.5,745.3,1.5,0.653,0.99,5,1.22,31.2,11.37,2.86,22.94,36.87,40.19,551.8,1138,256,0.337,21.3,-0.586,0.81,8.75,10.52,16.11163,62.83524904,80.67100651,79.81972959,57.56134201,1.860832125,3.682081784,20.74907063,12.52795539,-0.028729434,-0.048945195,-0.013939367,0.763799659
9404450,0.013762268,3.998431579,18,36.9,1,11.95472222,390,0.973908904,0.159958672,1,1,14.12125,1.495243097,1,11.95472222,11.3,3.697752685,76.99324324,84.89864865,50.32094595,2.21,193,46.03,54.3,64.1,511.3,37.5,0.146,0.49,3,1.1,77.9,10.5,1.53,27.11,45.25,27.64,2214.5,2588,1800,0.528,23.3,-0.996,0.092,18.37,3.18,16.150084,82.27424749,83.80507733,84.38867814,55.26699737,4.678595116,7.601968912,13.95839378,7.030725389,,,,0.42238348
9510200,0.006644765,8.599973429,29.6,34.6,1,7.833333333,404,0.960972378,0.220421134,1,1,51.64207,0.937840864,1,7.833333333,23.2,7.797470284,76.80350737,85.41251495,27.30171383,1.74,425.3,61.33,36.1,50,956.2,2.1,0.215,1.04,5,1.39,30.1,10.19,4.14,15.96,29.86,54.17,1161.3,2161,545,0.383,21.4,-0.57,-0.822,27.56,4.68,17.785195,65.68265683,80.03959683,86.32109431,31.64146868,13.07368334,14.52337174,51.02477531,24.56769952,-0.052821781,-0.210129636,-0.058818677,0.567500373
11059300,0.08830298,4.899525097,49.2,0.2,2,46,562,1.034137266,0.110803379,1,1,5.953975,1.553102126,1,46,34.6,4.299907937,76.72076105,66.81589256,86.01007275,1.38,946,67.84,42.5,47.8,641.9,27.6,0.57,1.05,5,1.86,28.1,10.09,7.16,11.69,29.16,59.16,1661,3477,292,0.43,26,0.124,-0.992,4.66,8.01,19.036583,28.93835616,80.84775854,69.15224146,88.63737239,2.220004155,3.071511628,5.803953488,2.260084567,-0.079580129,-0.141999495,-0.013038604,0.562875645
11475800,0.061299454,10.6973958,58.5,129.1,1,34.66666667,809,0.993008506,0.122911476,1,1,7.751945,0.72069388,1,34.66666667,48.5,8.89542936,76.71711292,81.21847109,71.78890182,2.23,642.1,206.67,64.8,106,657.8,7.2,0.589,0.89,5,1.8,28.1,11.21,2.07,25.53,42.82,31.65,626.1,1289,239,0.382,26.8,-0.449,-0.893,13.95,11.96,16.808763,77.23004695,76.81498829,81.63265306,75.6105721,1.088201084,1.580221149,,,-0.048942164,-0.081314107,-0.004481932,0.75166344
11065000,0.012966572,10.99651621,42.3,30.8,2,14.75,881,0.994873294,0.460505472,1,1,24.135281,0.744402096,1,14.75,38.3,10.19628986,76.70694864,81.75226586,40.33232628,1.55,364.7,81.4,47.7,43.6,701.5,4.2,0.649,1.11,5,1.12,49.6,10,6.62,10.83,28.51,60.66,1250.1,3059,313,0.343,27.3,-0.675,0.738,8.63,16.46,19.024359,64.36363636,77.74841438,83.19238901,43.68393235,10.41161438,14.07153825,33.44313134,17.52322457,-0.06041197,-0.08610189,-0.015125256,0.79787982
10258500,0.001876063,2.199869674,24.6,15.7,2,36.5,244,0.943326847,0.72729672,1,1,34.911598,1.024974947,1,36.5,19.5,1.599870506,76.70487106,49.74212034,89.4269341,2,241.5,37.78,41.9,27.9,813.4,5.1,0.464,0.98,4,2.22,43.9,9.87,5.3,11.18,26.56,62.26,1195.3,2452,208,0.44,22.7,0.863,0.506,9.65,6.02,22.326342,61.32075472,79.27698574,54.32790224,90.55498982,14.07063824,14.53863354,,,-0.067585553,-0.149738128,-0.003304783,
11169800,0.180170646,5.099973296,28.5,135.8,2,24.5,146,1.031855877,0.10823672,1,1,19.710195,1.254471196,1,24.5,21.9,4.099125216,76.59853249,75.68134172,73.58490566,1.22,282.9,60.85,63.3,56.7,817.9,1.8,0.626,0.99,4,1.41,31.7,10.98,2.22,23.01,45.71,31.28,604,1101,244,0.421,25.6,-0.968,-0.251,8.01,11.87,15.108,97.51552795,78.92042811,78.17589577,76.54723127,8.512952968,12.39353128,,,-0.020831647,-0.039457795,-0.000658374,0.883383447
11159200,0.074979748,10.79454588,38.8,85.9,2,8.75,650,1.031088835,0.10857102,1,1,12.563615,1.632601188,1,8.75,36.9,10.19564,76.59313725,83.92156863,28.89705882,1.76,71,84.62,68.1,68.6,691.1,0.1,0.629,0.85,3,1.21,34.5,10.12,2.59,21.18,36.59,42.23,305.2,863,27,0.333,21,-0.996,-0.089,11.51,14.9,16.438445,80.49327354,77.32612782,85.29135338,30.73308271,0.115679955,6.346901408,,,-0.065019601,-0.122480704,-0.014327841,0.614253963
9497980,0.002043764,9.695029025,22.7,154.9,1,5.8,419,0.801092198,0.592916655,1,1,9.741345,0.397009519,1,5.8,17.4,9.699371842,76.58293187,93.56503785,14.19476944,1.21,516.8,68.36,41,69.3,673.1,9.8,0.135,0.7,3,1.67,36.3,10.57,3.03,22.54,34.63,42.83,1688.6,2350,985,0.518,19.9,-0.996,0.089,22.86,7.1,17.814094,93.80692168,77.0464025,89.96350365,22.34098019,1.281628952,1.802612229,7.793188854,1.943034056,-0.096259291,-0.156327566,-0.016329933,0.556373867
11274500,0.103399544,3.3,24.3,117.7,2,15.5,146,1.042451054,0.170460487,1,1,27.069601,1.263529895,1,15.5,20.9,3.299493869,76.57397692,70.67156348,52.8593914,1.48,347.8,45.32,61.6,45.7,861,1.4,0.624,1.05,4,1.63,30.1,10.73,1.77,24.88,42.82,32.31,475.6,1155,62,0.378,24.4,-0.349,0.937,8.1,9.04,18.273952,96.52173913,78.48545637,70.56168506,54.38816449,7.729944851,9.815899942,,,-0.019154762,-0.045495344,0.000196474,0.856351492
11149900,0.003460718,4.896219862,40.2,27.6,2,64.5,921,1.241949446,0.527776013,1,1,8.664033,1.715767974,1,64.5,40.1,4.896219862,76.56500803,66.50615302,95.90690209,1.56,556.4,63.26,62,54,737.5,1.5,0.659,1.13,4,1.35,33.5,10.91,2.31,24.37,37.78,37.85,533.4,1785,248,0.186,19.5,-0.995,-0.102,10.24,10.95,16.227347,50,75.87740979,67.02916461,96.16905586,1.544994989,3.774209202,28.84609993,15.65149173,,,,
8294195,0.012969536,10.49464725,16.8,23.4,1,3.983333333,61,1.045668057,0.228697564,1,1,17.374893,0.678045527,1,3.974444444,11.1,9.499371842,76.53782701,95.73415037,15.89677115,2.27,78.6,73.93,49.1,74.6,399.9,36.7,0.115,0.4,2,1.21,73.1,9.46,3.82,21.29,50.78,27.93,2909.1,3843,2113,0.463,34.2,0.36,-0.933,14.07,10.23,13.3997,44.84126984,80.31023982,93.6239056,21.94518462,7.408677581,8.567175573,6.818708651,2.85470229,-0.020832888,-0.02608942,-0.004104328,1
9342500,0.015543281,7.396837565,45.6,2.2,1,47,491,1.015848028,0.596346733,1,1,10.452957,1.515753581,1,47,20.2,1.998866,76.45800495,62.08061247,83.64107183,2,726.9,99.32,50.6,102.4,399.5,54.9,0.122,0.66,4,1.3,63.2,9.73,5.26,19.93,41.58,38.49,2968.1,4027,2154,0.436,31.2,-0.871,-0.491,4.16,9.2,11.980939,13.20754717,85.51445738,88.37776943,86.2091626,3.405147869,4.768551383,,,-0.025874019,-0.126403499,-0.011865462,0.768926331
11152050,0.013433514,3.699236506,41.2,85.2,2,46.94472222,264,1.098389529,0.326736409,1,1,8.868908,1.491041107,1,46.94472222,38.7,3.699466722,76.43080125,60.14568158,87.40894901,1.67,771.5,74.52,63.7,58.2,676.7,2.4,0.652,1.04,6,2.02,38.4,10.1,2.9,21.11,35.63,43.26,674.8,1785,52,0.359,31.4,0.227,0.974,12.1,4.74,17.029979,74.27184466,75.49289317,59.55983494,88.85832187,1.729693567,2.523499676,12.12311082,8.239170447,0.008995308,0.013725339,0.004678276,1.119487192
11057500,0.013254682,8.499709767,48.4,0,2,19.83333333,842,1.085897708,0.330225434,1,1,5.10267,0.753186471,1,19.83333333,16.1,3.398845078,76.37457045,76.63230241,52.49140893,1.6,329,50.34,46.1,42.4,822.1,3.2,0.566,1.05,4,1.49,23.2,10.74,3.94,14.73,32.5,52.77,880.7,2686,317,0.238,13.8,-0.199,-0.98,9.81,5.41,19.193511,14.09090909,88.35330902,87.54559666,61.33402814,2.02402941,2.564042553,11.73519757,9.619696049,0.124387617,0.004133387,-0.131043916,1.193373124
11138500,0.002020133,10.09958,52.1,48,2,10.8,121,1.019938513,0.206008369,1,1,5.562678,0.956816384,1,10.8,31.7,8.198794419,76.36494253,82.39942529,22.30603448,2,728.9,69.82,57.6,39.6,665.2,7.1,0.686,1.16,5,1.44,28.2,9.8,1.39,21.86,41.68,36.45,994.2,2081,193,0.424,34.2,0.199,-0.98,8.07,14.16,16.60856,58.23529412,80.39587852,82.32104121,30.17895879,2.132233872,2.931760187,,,0.030284293,0.031200972,0.00251511,
11023340,0.020927577,3.199942069,22.3,11.9,2,35,875,1.05254724,0.143428207,1,1,37.099197,1.443643241,1,35,21.1,3.199942069,76.27708978,70.35603715,83.90092879,2.81,109.6,39.02,60.2,39.8,841.8,0,0.626,1.08,3,1.17,24.2,11.67,2.82,23.07,37.6,39.33,263,808,116,0.251,12.8,-0.28,-0.96,13.45,8.4,14.786058,71.50170648,76.76691729,70.07518797,84.36090226,26.23438145,28.43786496,,,-0.005470648,-0.009368654,-0.017733134,1.48298974
11109600,0.003995733,3.699349843,34,10.6,2,41,842,0.993425776,0.287666975,1,1,41.681744,1.066478672,1,41,31.6,3.699347507,76.2732175,66.26722588,85.17076093,1.66,963.8,55.61,42.7,35,676,11.8,0.673,1.1,5,2.08,52.1,10.21,5.72,18.55,37.45,44,1385.2,2691,325,0.448,26,-0.765,0.644,5.53,7.27,16.693884,51.89189189,76.86084142,66.7206041,86.596548,12.52429966,19.22524383,6.542218303,3.126727537,-0.054237196,-0.108104837,-0.011410457,0.669482329
11461500,0.172012521,8.197690435,38,89.2,2,11.95,241,1.004722063,0.028332833,1,1,23.026463,1.979605621,1,11.95,31,6.798955007,76.2350937,84.62521295,31.45229983,2.19,238.7,114.45,62.5,77.8,761.6,2,0.595,1.06,4,1.35,37.3,11.11,0.92,28.71,43.04,28.25,497.3,1167,258,0.27,20.9,-0.276,-0.961,9.37,17.85,16.250428,80.57040998,78.19690683,85.96755941,36.87287816,5.04689448,7.209426058,23.12739841,8.386175115,0.247462344,0.074943405,0.002092771,0.783055803
9510200,0.061986737,12.09708571,23.9,257.7,1,9,430,0.992364588,0.149340039,1,1,51.64207,0.937840864,1,9,22.6,12.09558676,76.14587485,93.70267039,33.99760861,1.74,425.3,61.33,36.1,50,956.2,2.1,0.215,1.04,5,1.39,30.1,10.19,4.14,15.96,29.86,54.17,1161.3,2161,545,0.383,21.4,-0.57,-0.822,26.64,6.95,17.785195,99.63099631,74.49604032,92.69258459,38.39092873,13.07368334,14.52337174,51.02477531,24.56769952,-0.052821781,-0.210129636,-0.058818677,0.567500373
11160500,0.106778436,3.19987069,47,93.8,2,40.5,499,0.902324467,0.279607011,1,1,19.295537,0.992160412,1,40.5,40.5,2.699972826,76.14364135,46.47758463,88.38060384,2.46,275.8,118.78,67,68.2,703.2,0.7,0.632,0.89,4,1.34,42.1,10.75,3,18.37,36.19,45.44,364.3,980,76,0.323,25.1,-0.998,-0.056,9.9,16.89,15.363053,76.2993763,77.94368601,50.55460751,89.12116041,2.493591322,7.196736766,,,-0.022487058,-0.187511714,-0.163053542,0.533704057
9404450,0.015405524,1.89998427,12.3,22.9,1,31,416,1.027200623,0.085155973,1,1,14.12125,1.495243097,1,31,10.8,1.898237237,75.92905405,61.35135135,89.64527027,2.21,193,46.03,54.3,64.1,511.3,37.5,0.146,0.49,3,1.1,77.9,10.5,1.53,27.11,45.25,27.64,2214.5,2588,1800,0.528,23.3,-0.996,0.092,17.5,4.15,16.150084,68.89632107,76.04318646,60.31514444,90.9979574,4.678595116,7.601968912,13.95839378,7.030725389,,,,0.42238348
11022480,0.005612289,6.798261321,34.9,0,2,25,853,1.160372247,0.369204361,1,1,18.106704,1.206871256,1,25,26.4,4.8974,75.90214067,75.10703364,67.67584098,1.63,953.6,51.86,51.9,43.3,807.8,2.2,0.585,0.84,5,1.19,31,10.52,3.4,17.08,31.75,51.17,640.4,1967,89,0.294,18.5,0.017,-1,10.9,10.13,15.3664,13.73626374,76.94672131,78.32991803,72.43852459,5.172206094,4.374381292,,,0.017516316,0.024627778,-0.009151997,1.066980112
11453500,0.152490032,9.496121988,39.3,0,2,12.94138889,190,0.993802486,0.055199362,1,1,68.402353,0.917637249,1,12.94138889,38.2,8.996313158,75.86350395,85.26841448,39.70037453,1.47,293.4,112.6,63,63.1,752.4,2,0.624,0.62,3,1.5,36.4,10.72,0.99,28.71,44.41,26.88,554.7,1432,273,0.243,19.3,-0.169,0.986,9.9,16.96,17.47691,5.109489051,75.32128514,85.06024096,41.12449799,38.71637619,46.98312883,,,-0.005397959,-0.024779725,-0.001144985,0.927361723
11152000,0.058889563,6.799214367,41.8,138.4,2,18.5,620,1.042672009,0.167801222,1,1,38.563747,1.45200031,1,18.5,40.5,6.799214367,75.85185185,74.91358025,49.2345679,2.07,625.1,80.89,63.9,60.5,663.8,2.9,0.654,1.03,5,2.35,38.3,10.02,3.14,20.17,34.81,45.02,759.1,1785,113,0.387,34.7,-0.132,0.991,9.53,13.87,17.294107,89.25373134,75.93533487,74.68822171,50.66974596,14.91749383,22.51871701,14.97461206,10.20955047,-0.106418682,-0.184356043,-0.025092694,0.456406466
11022480,0.009353815,6.999788175,33.3,0,2,34.5,379,1.078698172,0.350770015,1,1,79.360851,1.036983012,1,34.5,33.1,6.999788175,75.84240539,79.36754795,81.38932089,1.63,953.6,51.86,51.9,43.3,807.8,2.2,0.585,0.84,5,1.19,31,10.52,3.4,17.08,31.75,51.17,640.4,1967,89,0.294,18.5,0.017,-1,13.48,4.66,15.3664,13.73626374,75.89651639,79.3545082,81.60860656,57.24252031,58.6542156,,,-0.06719382,-0.136575236,-0.023271114,0.762980732
11478500,0.231521169,8.5,81,128.4,1,43.97916667,614,0.966212992,0.084176456,1,1,12.895813,1.546514251,1,43.97916667,49.9,7.799512334,75.82637123,81.36578278,77.62440973,1.44,572.4,186.88,62.5,90.6,614.2,24.9,0.537,0.86,6,1.67,36.7,10.37,1.41,23.84,42.24,33.92,923,1788,120,0.484,25.8,0.884,-0.467,8.41,13.56,14.61381,83.04093567,84.21870146,82.07517863,80.73936005,1.95071882,5.137264151,8.748707198,1.959399022,-0.086162704,-0.125107951,-0.015183729,0.585520602
11152050,0.043677272,6.799214367,42.1,139.6,2,18.5,620,1.061213606,0.217122598,1,1,31.232187,1.394009406,1,18.5,40.5,6.799214367,75.75682382,74.78908189,48.56079404,1.67,771.5,74.52,63.7,58.2,676.7,2.4,0.652,1.04,6,2.02,38.4,10.1,2.9,21.11,35.63,43.26,674.8,1785,52,0.359,31.4,0.227,0.974,9.8,12.93,17.029979,87.37864078,75.83677212,74.69050894,50.41265475,12.27500159,18.24777706,12.12311082,8.239170447,-0.106418682,-0.184356043,-0.025092694,0.456406466
11161000,0.102521507,3.19987069,47,94.6,2,40.5,499,0.941187561,0.270312634,1,1,18.338121,1.199590247,1,40.5,40.5,2.699972826,75.75196668,45.99722351,87.48264692,2.09,298.3,118.15,67.1,68.5,703.5,0.6,0.632,0.9,4,1.4,42,10.85,3,18.27,35.92,45.81,350.3,980,8,0.355,24.6,-0.996,0.09,9.89,16.79,15.746177,77.87056367,77.39578857,50.06446068,88.3326171,2.25540185,6.709420047,,,-0.020278057,-0.183563427,-0.161039514,0.536703619
11169800,0.029427872,3.998892743,24.8,128.2,2,20,487,0.981518626,0.07320102,1,1,36.191218,1.399114615,1,20,22.6,3.499281463,75.73786893,69.93496748,62.4062031,1.22,282.9,60.85,63.3,56.7,817.9,1.8,0.626,0.99,4,1.41,31.7,10.98,2.22,23.01,45.71,31.28,604,1101,244,0.421,25.6,-0.968,-0.251,8.67,8.1,15.108,96.89440994,75.47696603,71.28897161,64.4253141,13.56218898,17.84697773,,,-0.082744059,-0.225169293,-0.088574681,0.566077478
11169800,0.012812135,6.799713846,29.1,17.8,2,11,921,0.991172263,0.107815789,1,1,19.710195,1.254471196,1,11,21,5.899219416,75.73375262,86.37316562,34.77463312,1.22,282.9,60.85,63.3,56.7,817.9,1.8,0.626,0.99,4,1.41,31.7,10.98,2.22,23.01,45.71,31.28,604,1101,244,0.421,25.6,-0.968,-0.251,9.94,10.2,15.108,45.96273292,79.43229409,85.71428571,40.48394602,8.512952968,12.39353128,,,-0.05197041,-0.089555726,-0.018581726,0.693486301
8377900,0.013649115,4.498882759,17.8,174.1,1,12.75,770,1.051739677,0.299006559,1,1,9.194168,1.012725398,1,12.75,11.9,4.298079099,75.68395263,82.91139241,60.95345039,2.05,139,89.76,48.6,96.1,380.6,31.6,0.11,0.5,3,1.21,65.4,9.68,2.96,22.74,43.83,33.43,3141.5,3642,2423,0.593,24.8,0.023,-1,13.35,11.76,13.047006,95.47244094,78.15224681,77.36418511,65.78638498,0.36219532,3.062589928,66.46402878,35.36093525,-0.065045307,-0.177388886,-0.017441766,
11014000,0.009189727,4.497475999,26,146.5,2,16,758,1.021154118,0.109428141,1,1,7.06468,1.142409136,1,16,18.4,3.69998351,75.68064753,75.79102281,48.74908021,2.91,181.8,44.33,55.8,42.1,846.3,0,0.609,1.26,5,1.39,33.8,10.3,3.01,18.77,38.69,42.55,490.9,1128,158,0.343,19.4,-0.048,-0.999,11.77,8.75,16.12831,98.82352941,79.58333333,77.44047619,53.18452381,6.01277364,6.221287129,,,-0.031159249,-0.061151788,-0.024314305,
11466200,0.186366916,8.997577864,62.7,139.7,2,32.5,456,1.056445163,0.191832075,1,1,7.676397,0.941665039,1,32.5,23.6,7.695174997,75.6661639,90.29663147,80.09049774,1.32,144.8,107.68,64.2,75.1,733.1,1.3,0.62,0.7,4,1.27,28.1,11.03,1.27,27,44.02,28.98,258.7,780,43,0.293,15.8,0.094,-0.996,8.23,21.97,17.015969,92.23826715,88.71644295,87.16442953,83.34731544,0.862305695,1.310220994,,,0.11286134,0.003010738,-0.118101618,0.654883262
11124500,0.003105239,10.29944511,48.6,34.7,2,8.833333333,121,1.052006615,0.174748579,1,1,10.349061,0.625957006,1,8.833333333,30.7,6.799592453,75.65337001,76.40990371,21.07977992,2.37,191.5,83.1,54.6,38.1,636.9,4.5,0.711,1.17,4,1.85,23.3,9.72,1.35,23.93,41.12,34.95,1023.6,1999,256,0.444,33.5,-0.78,-0.626,7.6,19.21,17.185694,55.68627451,81.10859729,82.86199095,27.06447964,6.08393386,7.478694517,,,0.03041636,0.030588094,0.002068006,
11138500,0.000621579,4.4,48,0,2,33.5,119,0.943995471,0.238106431,1,1,5.562678,0.956816384,1,33.5,30.8,4.1,75.61063218,67.02586207,75.3591954,2,728.9,69.82,57.6,39.6,665.2,7.1,0.686,1.16,5,1.44,28.2,9.8,1.39,21.86,41.68,36.45,994.2,2081,193,0.424,34.2,0.199,-0.98,8.07,14.16,16.60856,8.529411765,78.79609544,66.97396963,80.80260304,2.132233872,2.931760187,,,0.030284293,0.031200972,0.00251511,
9510200,0.023036961,7.399373182,26.1,245,1,12.83333333,427,0.828090586,0.442738498,1,1,51.64207,0.937840864,1,12.83333333,21.9,7.397912651,75.58788362,84.41610203,47.54882423,1.74,425.3,61.33,36.1,50,956.2,2.1,0.215,1.04,5,1.39,30.1,10.19,4.14,15.96,29.86,54.17,1161.3,2161,545,0.383,21.4,-0.57,-0.822,26.64,6.95,17.785195,99.26199262,76.76385889,82.28941685,51.36789057,13.07368334,14.52337174,51.02477531,24.56769952,-0.052821781,-0.210129636,-0.058818677,0.567500373
12097500,0.07979924,7.298633143,43.2,171.2,1,14.96666667,800,0.917750659,0.279651341,1,1,32.826882,1.454692123,1,14.95833333,24.8,5.298879413,75.56907821,90.03831418,31.68807753,2.07,190.2,164.67,72.5,178.5,439.2,51.5,0.402,0.69,3,1.42,62.8,9.76,2.57,10.43,45.1,44.47,1214.1,2025,536,0.456,35.7,0.768,-0.641,6.01,11.33,12.777585,97.51434034,81.71770432,90.75238288,37.01074833,9.869632382,18.2318612,33.08943218,15.41735016,0.20681609,-0.132331655,0.027277249,0.476903246
11113000,0.004704949,7.999614118,86.8,0,2,65,747,1.154720547,0.327448691,1,1,12.550943,0.240796008,1,65,31.9,2.699797802,75.55898227,56.8234387,92.98380879,1.41,650,68.34,45.4,34.7,663.4,7.7,0.69,1.22,4,1.67,44.6,9.91,2,22.07,41.65,36.28,1251.5,2274,184,0.512,32.7,-1,0.016,10.02,5.32,16.054577,13.63636364,86.36865342,77.86975717,94.97792494,8.618055904,10.59078462,14.98787692,8.055507692,-0.025422236,-0.026393799,-0.019054104,1.216620088
11044800,0.003974291,2.799963554,23.3,6.5,2,31,956,0.999439837,0.048727171,1,1,5.29932,0.732504198,1,31,20.6,2.699934701,75.52845528,61.46341463,86.38211382,1.68,85.5,40.9,59,33,853.1,0,0.666,0.86,3,1.19,26.7,10.3,3.33,15.97,31.55,52.47,405.4,859,100,0.415,18.9,-0.922,0.386,14.55,2.14,15.319151,45.85987261,76.80164722,61.70212766,88.4351407,2.005988961,2.867368421,,,-0.034260791,-0.085538764,-0.020799185,
11113500,0.042763058,6.899313824,30.5,53.7,2,11.9,405,1.026336647,0.168247454,1,1,85.14101,0.938475197,1,11.9,29.9,6.899313824,75.51020408,78.16326531,37.85714286,2.67,103.3,67.78,49.9,39.1,708.5,2.6,0.693,1.18,4,1.59,40.1,9.58,1.4,23.56,44.22,32.23,996,2039,186,0.437,34.4,-0.944,-0.329,8.24,15.01,15.259699,74.82517483,75.63081009,77.68924303,38.47941567,30.60330822,37.52207164,84.35972894,53.69332043,0.13520071,-0.143701071,-0.106993406,0.625855641
11042900,0.017082362,1.9,23.4,1,2,35.66666667,492,1.018496752,0.165036727,1,1,15.117915,0.970781969,1,35.66666667,14.9,1.399862261,75.32270311,49.50645406,86.25664389,1.45,227.1,38.42,52.1,30.4,862.2,0.2,0.588,1,3,1.35,24,11.73,2.76,18.12,34.83,47.04,611.1,1381,325,0.274,8.4,-0.245,-0.97,12.22,7.24,16.576693,36.07305936,81.2573443,56.81551116,89.01292597,2.290242769,3.785468956,,,,,,
11462500,0.044042353,27.39242338,66.9,75.4,2,12.8,238,1.053138162,0.201188005,1,1,5.854759,1.781748803,1,12.8,31.9,14.29817462,75.2518315,98.07692308,24.54212454,1.8,938.7,115.58,63.2,79.6,757,2,0.605,1.01,5,1.18,36.1,11.16,1.09,26.66,42.65,30.69,465.2,1187,159,0.299,21.1,-0.76,-0.649,9.49,18.21,15.801847,66.02150538,84.69460227,99.25426136,35.47585227,1.319662649,1.833269415,5.881016299,2.132502397,0.247462344,0.074943405,0.002092771,0.783055803
11077500,0.010924554,11.69331286,35.6,125.9,2,12.5,911,1.071163695,0.234869046,1,1,11.075228,0.62641764,1,12.5,18.3,4.598424275,75.2360515,78.36909871,38.88412017,1.28,240.8,51.01,60.8,37.1,825.6,0,0.654,1.13,5,1.61,20.2,10.37,1.7,25.4,46.19,28.41,553.2,1719,35,0.308,25.4,-0.221,-0.975,14.86,2.53,17.754193,93.69369369,81.83269476,89.8467433,47.31800766,2.800140695,1.788413621,,,0.182826607,0.004510949,-0.111629493,1.107408824
11014000,0.042054683,4.999888462,30,139.2,2,13,772,1.008828619,0.066571367,1,1,7.06468,1.142409136,1,13,17.9,3.999690526,74.98160412,78.07211185,41.75864606,2.91,181.8,44.33,55.8,42.1,846.3,0,0.609,1.26,5,1.39,33.8,10.3,3.01,18.77,38.69,42.55,490.9,1128,158,0.343,19.4,-0.048,-0.999,11.77,8.75,16.12831,97.64705882,82.5,80.23809524,47.14285714,6.01277364,6.221287129,,,-0.031159249,-0.061151788,-0.024314305,
10329500,0.00520855,2.3,15.7,4.9,1,15,625,1.031776584,0.113619817,1,1,7.158851,0.686330042,1,15,10.1,1.899111346,74.90664675,70.35100822,47.51680358,2.05,454.5,54.55,56.3,75.7,540.9,41.9,0.294,1.06,5,1.48,64.7,10.64,1.48,26.66,42,31.34,1893.5,2914,1447,0.317,16.6,-0.616,0.788,9.11,5.44,21.369587,29.06976744,74.61378491,67.66191325,54.90196078,3.378392083,2.556039604,2.245632563,1.528184818,-0.01878581,-0.053986826,-0.003253468,0.77684056
11451100,0.21543422,7.299929469,32.7,110.8,1,21,589,1.04896309,0.195261755,1,1,99.307087,1,1,21,32.7,7.299929469,74.81985588,81.74539632,58.22658127,2.44,155.1,122.99,60.8,72.9,711.9,2.9,0.62,0.88,4,1.26,40.7,10.13,1.39,20.14,45.4,34.46,910.7,1815,476,0.327,31.1,-0.452,0.892,8.57,17.58,14.155992,87.52834467,74.83974359,81.73076923,58.19310897,57.75060676,75.95280464,99.99632495,87.05802708,-0.129196826,-0.201373229,-0.028370223,
11073360,0.32105238,3.999989474,28.3,58,1,16.5,359,1.141483679,0.448004682,1,1,20.134001,,1,16.5,27.9,3.999989474,74.79480164,65.66347469,45.93023256,0.95,132.3,74.76,53,45.8,744.3,3.4,0.65,0.9,3,1.12,44.1,10.29,6.95,11.8,32.18,56.02,1050.4,3059,211,0.295,27.1,-0.86,-0.509,16.03,2.66,14.250404,76.04790419,72.20693451,65.05228398,50,16.06905269,12.00204082,,,-0.092496442,-0.15177602,-0.020368538,0.608914885
11449500,0.151538071,8.598560807,37.7,178.3,1,22,414,1.022119925,0.053276071,1,1,20.124733,1.609944458,1,22,35.3,8.699948571,74.75792254,84.19894366,61.64172535,1.81,95.3,148.47,60,80.8,774.8,1.3,0.621,0.7,3,1.52,33.3,10.94,1.18,24.63,43.26,32.11,804.1,1432,460,0.359,20,0.851,-0.526,16.58,6.3,16.804113,94.05940594,76.23469818,83.91726467,62.83241874,7.764004234,10.69045121,,,-0.138931474,-0.194389354,-0.031460759,0.448167619
11022480,0.013629845,8.599644377,43.5,12.6,2,44,94,1.060883913,0.224921455,1,1,18.106704,1.206871256,1,44,25.1,6.599607273,74.74006116,83.18042813,86.63608563,1.63,953.6,51.86,51.9,43.3,807.8,2.2,0.585,0.84,5,1.19,31,10.52,3.4,17.08,31.75,51.17,640.4,1967,89,0.294,18.5,0.017,-1,10.15,9.92,15.3664,63.73626374,81.35245902,84.78483607,88.80635246,5.172206094,4.374381292,,,-0.002651266,0.004306109,-0.002820247,0.966853157
11458500,0.058930616,12.99862313,30.5,4,2,29,542,1.054042039,0.150082159,1,1,63.695385,1.042728974,1,29,30,12.99843879,74.68790357,94.53293155,80.34868704,2.59,150.4,107.96,63.9,77.4,739.6,1.4,0.626,0.64,3,1.77,23.2,10.42,1.81,24.93,43.89,31.18,301.1,824,39,0.336,17.6,-0.861,-0.509,12.86,5.96,19.519202,23.85496183,74.01105912,93.61973628,80.58273075,10.35774737,23.62679521,,,0.19127005,-0.008569863,-0.068260773,0.620423687
9537200,0.009850535,3.695498364,12.8,42.4,1,12.5,758,1.005877918,0.056943071,1,1,6.935676,1.368447575,1,12.5,11.3,3.698676,74.68400144,78.54821235,56.41025641,2.92,204.1,46.24,40.9,51.3,786.8,2.6,0.298,0.78,4,1.29,29.6,10.92,1.33,25.41,36.25,38.34,1624.2,2181,1412,0.276,13.1,-0.729,-0.684,22.56,8.69,20.348083,61.39534884,71.29914005,72.51228501,60.67260442,0.97103498,2.353846154,,,-0.010007957,-0.035606626,-0.010943005,
11043000,0.020823373,4,30.8,40.4,2,31.5,538,0.940525238,0.227886221,1,1,15.431556,1.785573251,1,31.5,15,1.999992982,74.6194825,60.4261796,80.3652968,1.41,572.5,37.11,54,29.9,879.2,0.1,0.614,1.02,5,1.08,23.8,12.19,2.65,18.48,35.38,46.14,520.6,1381,303,0.207,8.3,-0.454,-0.891,15.12,1.99,16.167722,77.45535714,82.51942286,73.0299667,85.01664817,1.382765683,3.507877729,,,0.003075695,0.016354704,-0.015242001,
11453500,0.107129073,8.993315897,37,84.4,2,10.96305556,865,1.031301445,0.13769884,1,1,68.402353,0.917637249,1,10.96305556,35.8,8.992118298,74.6150645,85.22679983,33.08364544,1.47,293.4,112.6,63,63.1,752.4,2,0.624,0.62,3,1.5,36.4,10.72,0.99,28.71,44.41,26.88,554.7,1432,273,0.243,19.3,-0.169,0.986,7.16,23.78,17.47691,72.99270073,74.437751,83.69477912,34.65863454,38.71637619,46.98312883,,,0.098622258,-0.053867392,-0.128054236,0.478776431
11114495,0.535354198,10.59732549,37.4,52.8,2,11.98833333,435,0.977752816,0.118500043,1,1,99.929207,1.004411539,1,11.98833333,37.4,10.59732549,74.59677419,81.32754342,37.15880893,2.46,124.3,88.3,49.7,35.9,606.1,3.8,0.706,1.05,4,1.37,38.6,9.71,1.12,21.93,42.54,35.53,1162,1835,429,0.521,38.3,-0.875,0.484,7.21,23.87,13.969926,70.83333333,74.59627329,81.30434783,37.08074534,72.44200871,74.63990346,91.62960579,77.48479485,0.109225139,-0.198628136,-0.101844596,0.531856898
11138500,0.003640124,15.4986805,36.6,0.7,2,7.833333333,588,0.990087096,0.284232698,1,1,14.684484,0.673222561,1,7.833333333,27.7,15.48678261,74.58563536,95.78729282,12.70718232,2,728.9,69.82,57.6,39.6,665.2,7.1,0.686,1.16,5,1.44,28.2,9.8,1.39,21.86,41.68,36.45,994.2,2081,193,0.424,34.2,0.199,-0.98,9.16,14.96,16.60856,19.70588235,73.8340564,88.93709328,18.70932755,2.711386657,3.72223899,,,-0.017412532,-0.069081844,-0.02870181,0.694239571
11451100,0.078140548,5.798819821,32.2,30.8,1,13.91666667,238,1.013752801,0.062031761,1,1,100.000193,0.993923055,1,13.91666667,32.3,5.798819821,74.47958367,74.77982386,42.75420336,2.44,155.1,122.99,60.8,72.9,711.9,2.9,0.62,0.88,4,1.26,40.7,10.13,1.39,20.14,45.4,34.46,910.7,1815,476,0.327,31.1,-0.452,0.892,8.57,17.58,14.155992,48.63945578,74.45913462,74.75961538,42.70833333,56.45113612,70.47272727,99.99632495,87.05802708,0.245391773,0.108819985,0.019283084,0.555934591
11451100,0.05057227,3.999922105,32,2.7,1,18,423,1.029807815,0.129105517,1,1,99.307087,1,1,18,32,3.999922105,74.39951962,64.81184948,53.00240192,2.44,155.1,122.99,60.8,72.9,711.9,2.9,0.62,0.88,4,1.26,40.7,10.13,1.39,20.14,45.4,34.46,910.7,1815,476,0.327,31.1,-0.452,0.892,16.42,6.1,14.155992,19.3877551,74.37900641,64.78365385,52.96474359,57.75060676,75.95280464,99.99632495,87.05802708,-0.129196826,-0.201373229,-0.028370223,
11159200,0.050252385,4.799721366,34.4,92.4,2,36.875,614,1.070952389,0.210086377,1,1,12.563615,1.632601188,1,36.875,33.1,4.799478699,74.3627451,63.03921569,87.45098039,1.76,71,84.62,68.1,68.6,691.1,0.1,0.629,0.85,3,1.21,34.5,10.12,2.59,21.18,36.59,42.23,305.2,863,27,0.333,21,-0.996,-0.089,9.86,16.46,16.438445,82.28699552,74.90601504,63.20488722,87.96992481,0.115679955,6.346901408,,,-0.065019601,-0.122480704,-0.014327841,0.614253963
11274538,0.001701181,7.299680788,25.5,0,2,27.5,169,1.076951057,0.265661963,1,1,20.054364,1.350921136,1,27.5,19.6,5.999895,74.3343983,87.27369542,77.60915868,1.27,469.4,42.12,61.9,44.8,864.4,1.3,0.619,0.06,4,1.31,29.8,10.95,1.77,24.47,43.22,32.31,405.1,1155,19,0.34,20.9,-0.28,0.96,9.82,8.8,18.511698,7.451923077,79.26036982,90.8045977,78.88555722,5.650655605,7.274584576,,,-0.019154762,-0.045495344,0.000196474,0.856351492
9404450,0.055900043,6.092625507,14.7,25.2,1,5.923333333,30,1.045702576,0.130705636,1,1,14.12125,1.495243097,1,5.923333333,10.1,5.099708848,74.32432432,91.82432432,21.68918919,2.21,193,46.03,54.3,64.1,511.3,37.5,0.146,0.49,3,1.1,77.9,10.5,1.53,27.11,45.25,27.64,2214.5,2588,1800,0.528,23.3,-0.996,0.092,17.5,4.15,16.150084,71.90635452,79.61774146,92.32564926,26.42252699,4.678595116,7.601968912,13.95839378,7.030725389,0.005865972,0.002399309,-0.003304595,1.046107973
9513780,0.002552502,11.3891731,17.6,71.9,1,18.8,36,0.868957036,0.548096447,1,1,90.81327,1.095059029,1,18.8,17.3,10.68991428,74.29983526,92.95716639,68.90444811,2.34,177.5,52.71,40,52.6,949,0.8,0.196,0.87,3,1.36,22.1,10.1,3.45,30.93,30.45,38.62,1208.9,1783,721,0.467,22.5,-0.241,-0.97,26.92,4.37,18.230644,91.52542373,74.91803279,93.40163934,68.93442623,38.35176222,28.51808451,16.69070423,2.558647887,-0.000477036,-0.000336455,0.001720673,1.029836206
11461000,0.213794172,16.69872364,40.7,321.2,2,13.75,509,1.030840705,0.099804263,1,1,32.301184,1.065652935,1,13.75,32.9,15.98584828,74.25665102,97.22222222,38.10641628,1.95,259.6,118.6,63.1,81.2,730.9,3,0.607,0.95,4,1.1,36,11.3,1.16,28.24,42.59,29.17,448.3,1014,191,0.314,20.6,-0.997,0.077,9.33,18.36,15.086673,100,78.05504587,97.24770642,40.88073394,6.630779176,11.66221109,,,0.168591806,-0.024895358,-0.112839417,0.580309863
11057500,0.012996474,3.399613869,20.6,137.5,2,16,478,1.026443691,0.139485501,1,1,11.248274,1.350759162,1,16,20.4,3.498963368,74.25458716,67.94724771,52.58027523,1.6,329,50.34,46.1,42.4,822.1,3.2,0.566,1.05,4,1.49,23.2,10.74,3.94,14.73,32.5,52.77,880.7,2686,317,0.238,13.8,-0.199,-0.98,9.81,5.41,19.193511,98.48484848,73.00677436,66.85773841,55.18499218,6.522506043,7.626474164,11.73519757,9.619696049,-0.17479477,-0.361559937,-0.105857091,0.402129986
11451715,0.04226391,11.99878667,45.3,65.5,2,11.66666667,614,1.070737417,0.221599112,1,1,11.655139,0.944331954,1,11.66666667,26.7,7.09945194,74.16534181,87.75834658,27.92792793,0.9,247.9,70.02,59.6,55.5,854.4,1,0.615,0.96,4,1.19,43.2,10.66,0.49,37.34,42.78,19.88,560.5,1162,264,0.34,18.2,-0.265,0.964,8.75,13.34,18.827651,73.95833333,82.54464286,95.08928571,36.16071429,2.304121352,5.157482856,23.98777733,10.34183138,-0.053507114,-0.11941711,-0.015162012,0.608025122
11025500,0.002354013,3.998699226,27.1,8.3,2,34,617,1.030287114,0.116065931,1,1,7.499671,0.63456728,1,34,21.4,2.999829375,74.06790945,63.31557923,81.12516644,1.59,288.7,61.83,49,43.1,760.7,1.6,0.57,0.88,4,1.39,32.2,10.45,3.04,16.47,31.29,52.24,891.8,1731,269,0.428,20.2,-0.631,-0.776,10.28,13.15,16.426629,46.11872146,75.60535806,67.18186502,85.23956723,5.200985221,3.255836508,,,0.008491982,-0.028601102,-0.009951843,
11153000,0.009730607,2.899932299,27.1,95.5,2,24,146,1.029001725,0.157034461,1,1,10.488957,2.512752181,1,24,19.4,2.699472231,74.06581149,63.46904629,71.0819855,1.11,375.4,52.87,62.6,46.9,835.2,1.3,0.643,1.11,5,1.85,28.4,10.45,2.08,24.44,44.87,30.7,424.1,1045,74,0.363,20.9,-0.996,-0.088,8.66,11.24,15.589845,84.94623656,77.55102041,63.21671526,74.75704568,3.405985647,4.396909963,,,-0.017526788,-0.036764162,-0.000810826,0.88266913
11124500,0.05855593,8.799894293,31.1,3.7,2,12,486,1.072342076,0.201394767,1,1,71.062545,1.035623791,1,12,32.1,8.891142152,74.00690846,79.10189983,38.31318365,2.37,191.5,83.1,54.6,38.1,636.9,4.5,0.711,1.17,4,1.85,23.3,9.72,1.35,23.93,41.12,34.95,1023.6,1999,256,0.444,33.5,-0.78,-0.626,10.57,5.44,17.185694,34.50980392,73.81221719,79.46832579,39.11199095,68.62677395,63.6551436,,,-0.09435575,-0.192078714,-0.024127768,0.395823123
11451100,0.077227691,4.897741449,31.5,58,1,21,293,1.099902875,0.27825403,1,1,100.000193,0.993923055,1,21,31.5,4.897741449,73.99919936,70.53642914,58.22658127,2.44,155.1,122.99,60.8,72.9,711.9,2.9,0.62,0.88,4,1.26,40.7,10.13,1.39,20.14,45.4,34.46,910.7,1815,476,0.327,31.1,-0.452,0.892,15.03,3.99,14.155992,66.89342404,74.03846154,70.51282051,58.19310897,56.45113612,70.47272727,99.99632495,87.05802708,0.245391773,0.108819985,0.019283084,0.555934591
11451715,0.003084123,8.299750988,63.9,1.9,2,19,182,1.115799569,0.306154863,1,1,5.595129,0.165455251,1,19,22.2,4.799674839,73.87931034,83.16091954,48.33333333,0.9,247.9,70.02,59.6,55.5,854.4,1,0.615,0.96,4,1.19,43.2,10.66,0.49,37.34,42.78,19.88,560.5,1162,264,0.34,18.2,-0.265,0.964,10.43,10.33,18.827651,21.52777778,88.72767857,88.03571429,56.69642857,0.869588895,1.310246067,23.98777733,10.34183138,,,,1.003780864
11458500,0.167189735,12.49356293,32.4,302,2,9.5,509,1.027042947,0.077557481,1,1,63.695385,1.042728974,1,9.5,28.8,9.597079054,73.69780456,88.54928971,32.19974171,2.59,150.4,107.96,63.9,77.4,739.6,1.4,0.626,0.64,3,1.77,23.2,10.42,1.81,24.93,43.89,31.18,301.1,824,39,0.336,17.6,-0.861,-0.509,10.87,16.65,19.519202,99.61832061,75.88260315,92.93917482,32.53934496,10.35774737,23.62679521,,,0.19127005,-0.008569863,-0.068260773,0.620423687
11057500,0.024185491,3.299857569,22.4,16.3,2,30,141,1.021280242,0.106973257,1,1,11.248274,1.350759162,1,30,19.7,3.1994468,73.62385321,65.30963303,83.11353211,1.6,329,50.34,46.1,42.4,822.1,3.2,0.566,1.05,4,1.49,23.2,10.74,3.94,14.73,32.5,52.77,880.7,2686,317,0.238,13.8,-0.199,-0.98,9.16,10.07,19.193511,62.72727273,74.57008859,66.23241271,84.65346535,6.522506043,7.626474164,11.73519757,9.619696049,0.097784004,0.025767833,-0.025238392,1.021227041
11372000,0.228493071,10.79891538,43.4,89.7,1,6.954722222,255,1.288053814,0.67278712,1,1,91.657499,0.929124384,1,6.954722222,37.5,9.799113333,73.4965035,88.6013986,14.51048951,1.46,589.9,149.15,61.6,92.2,773.2,13.3,0.544,0.71,4,1.55,62,10.11,2.48,20.64,39.59,39.77,857.8,1883,245,0.39,33.5,-0.806,0.592,9.94,9.97,14.264321,76.4556962,76.29979743,90.47940581,15.76637407,51.50065731,67.58848957,,,0.208107421,0.058257862,0.006654826,0.705512305
11478500,0.112792364,9.99969,58.2,0.6,1,18,445,0.997763817,0.015488804,1,1,12.895813,1.546514251,1,18,44,8.299639636,73.41082456,82.96403923,33.87213948,1.44,572.4,186.88,62.5,90.6,614.2,24.9,0.537,0.86,6,1.67,36.7,10.37,1.41,23.84,42.24,33.92,923,1788,120,0.484,25.8,0.884,-0.467,13.6,11.98,14.61381,10.52631579,77.29108419,86.11369991,40.09009009,1.95071882,5.137264151,8.748707198,1.959399022,-0.086162704,-0.125107951,-0.015183729,0.585520602
11124500,0.006609722,4.297015714,30.2,12.2,2,32.5,539,1.103466349,0.276060494,1,1,71.062545,1.035623791,1,32.5,30.8,4.399508293,73.3736327,67.7029361,84.59988486,2.37,191.5,83.1,54.6,38.1,636.9,4.5,0.711,1.17,4,1.85,23.3,9.72,1.35,23.93,41.12,34.95,1023.6,1999,256,0.444,33.5,-0.78,-0.626,7.83,11.57,17.185694,42.74509804,73.47285068,67.13800905,84.8699095,68.62677395,63.6551436,,,-0.09435575,-0.192078714,-0.024127768,0.395823123
9513780,0.013719699,6.497633117,16.6,45.7,1,7.8,450,1.104679359,0.32566414,1,1,90.81327,1.095059029,1,7.8,16.7,6.597545455,73.35255354,83.85502471,37.41762768,2.34,177.5,52.71,40,52.6,949,0.8,0.196,0.87,3,1.36,22.1,10.1,3.45,30.93,30.45,38.62,1208.9,1783,721,0.467,22.5,-0.241,-0.97,23.11,4.32,18.230644,79.49152542,73.42213115,83.60655738,37.5204918,38.35176222,28.51808451,16.69070423,2.558647887,-0.009281787,-0.03409447,0.00410421,0.821159628
9430600,0.008621394,3.299814545,14.9,62.6,1,8,82,1.078048568,0.249685489,1,1,13.587343,1.818895817,1,8,11.8,2.499214784,73.35048426,67.03995157,26.89164649,1.85,190.5,67.41,44.7,72,593.8,14,0.222,0.58,3,1.32,53.1,9.96,2.05,31.86,33.61,34.53,2371.3,3268,1694,0.444,40.6,-0.973,-0.231,18.25,10.8,15.895541,76.23529412,71.7146433,71.28911139,32.12765957,1.566147544,2.401417323,91.38944882,35.34944882,0.008405853,0.015894222,0.001934381,
11148900,0.162111162,6.798718198,49.2,3.5,2,28,891,1.078526564,0.301791721,1,1,21.611762,1.082710122,1,28,25,3.499885557,73.33333333,64.67948718,70.67307692,1.48,403.5,69.16,62.7,52.5,745.3,1.5,0.653,0.99,5,1.22,31.2,11.37,2.86,22.94,36.87,40.19,551.8,1138,256,0.337,21.3,-0.586,0.81,9.43,14.72,16.11163,29.31034483,79.66950426,74.41161743,76.28943415,3.551364882,3.720446097,20.74907063,12.52795539,-0.01053454,-0.029824538,0.000681522,0.881405809
10260500,0.003405803,5.897381552,41,0,1,32.94472222,722,1.096462962,0.290459961,1,1,11.670864,0.93362125,1,32.94472222,20.8,3.199556222,73.29931973,66.53061224,78.23129252,1.66,349.2,58.83,40,50.2,614.2,29.5,0.571,1.07,4,1.96,33.1,10.18,7.95,11.93,24.18,63.89,1783.4,2570,952,0.526,18.9,0.47,-0.882,12.18,2.42,21.118823,12.99559471,81.58914729,75.72674419,83.76937984,4.82989193,5.76185567,,,-0.056374194,-0.083432383,-0.019008364,0.834120058
11065000,0.015451185,5.098414493,46.1,0,2,24.5,22,1.016567265,0.23959208,1,1,24.135281,0.744402096,1,24.5,33.3,4.599919684,73.29305136,65.98187311,70.24169184,1.55,364.7,81.4,47.7,43.6,701.5,4.2,0.649,1.11,5,1.12,49.6,10,6.62,10.83,28.51,60.66,1250.1,3059,313,0.343,27.3,-0.675,0.738,10.46,5.55,19.024359,11.81818182,79.38689218,68.65750529,73.91649049,10.41161438,14.07153825,33.44313134,17.52322457,-0.005104962,-0.006981354,-0.00082228,1.397800831
11044800,0.083460101,6.499803636,28.8,83.6,2,27.8,915,0.98973594,0.12162703,1,1,5.29932,0.732504198,1,27.8,18.8,3.199339854,73.29268293,64.79674797,82.88617886,1.68,85.5,40.9,59,33,853.1,0,0.666,0.86,3,1.19,26.7,10.3,3.33,15.97,31.55,52.47,405.4,859,100,0.415,18.9,-0.922,0.386,13.04,7.5,15.319151,88.53503185,80.91969801,82.22374743,85.27796843,2.005988961,2.867368421,,,-0.034260791,-0.085538764,-0.020799185,
11123500,0.012618552,6.798971143,33,120.8,2,15.66666667,951,1.031585263,0.176273718,1,1,47.106742,1.207876628,1,15.66666667,33,6.798971143,73.28288708,74.330617,37.71827707,1.89,718.1,79.99,52.6,34.3,660.8,3.8,0.712,1.27,5,1.39,25.8,9.92,1.14,22.63,41.55,35.82,934.1,2081,242,0.378,31.2,-0.578,-0.816,8.67,20.64,18.753658,78.89447236,72.53599114,74.25249169,39.64562569,43.16949878,44.25628743,16.02817156,5.57082579,-0.041739968,-0.117735286,-0.025034786,0.578338332
11057500,0.016525317,9.197160345,28,0,2,8.666666667,516,1.035115583,0.138093142,1,1,5.10267,0.753186471,1,8.666666667,14.3,5.499698462,73.28178694,88.57388316,18.42783505,1.6,329,50.34,46.1,42.4,822.1,3.2,0.566,1.05,4,1.49,23.2,10.74,3.94,14.73,32.5,52.77,880.7,2686,317,0.238,13.8,-0.199,-0.98,9.16,10.07,19.193511,14.09090909,79.67691506,88.53569567,31.65711308,2.02402941,2.564042553,11.73519757,9.619696049,0.05021704,-0.086611812,-0.126789437,0.760136168
11451100,0.078140548,8.99720087,30.4,92.9,1,16.875,295,1.028615174,0.110206507,1,1,100.000193,0.993923055,1,16.875,30.4,8.99720087,73.21857486,86.70936749,50.80064051,2.44,155.1,122.99,60.8,72.9,711.9,2.9,0.62,0.88,4,1.26,40.7,10.13,1.39,20.14,45.4,34.46,910.7,1815,476,0.327,31.1,-0.452,0.892,15.03,3.99,14.155992,81.17913832,73.21714744,86.69871795,50.76121795,56.45113612,70.47272727,99.99632495,87.05802708,0.245391773,0.108819985,0.019283084,0.555934591
9342500,0.020451686,6.399846824,28.1,40.4,1,7.9,769,0.99529608,0.187686221,1,1,10.452957,1.515753581,1,7.889166667,17.1,5.799571429,73.1704571,88.94393155,13.90452601,2,726.9,99.32,50.6,102.4,399.5,54.9,0.122,0.66,4,1.3,63.2,9.73,5.26,19.93,41.58,38.49,2968.1,4027,2154,0.436,31.2,-0.871,-0.491,13.75,7.06,11.980939,57.86163522,77.9102516,86.10589561,20.42808862,3.405147869,4.768551383,,,-0.025874019,-0.126403499,-0.011865462,0.768926331
11466200,0.307026293,9.99895,32,266.9,2,14,509,1.030122616,0.11414585,1,1,7.676397,0.941665039,1,14,21.8,7.299164898,73.15233786,88.88888889,41.22674711,1.32,144.8,107.68,64.2,75.1,733.1,1.3,0.62,0.7,4,1.27,28.1,11.03,1.27,27,44.02,28.98,258.7,780,43,0.293,15.8,0.094,-0.996,11.07,16.56,17.015969,99.27797834,75.75503356,89.63926174,47.79781879,0.862305695,1.310220994,,,0.11286134,0.003010738,-0.118101618,0.654883262
11159200,0.048657071,5.299621256,32,16.1,2,9.75,660,1.131943408,0.373467091,1,1,12.563615,1.632601188,1,9.75,31.7,5.298716908,73.1127451,65.53921569,33.21078431,1.76,71,84.62,68.1,68.6,691.1,0.1,0.629,0.85,3,1.21,34.5,10.12,2.59,21.18,36.59,42.23,305.2,863,27,0.333,21,-0.996,-0.089,11.51,14.9,16.438445,40.58295964,73.07330827,65.83646617,35.07988722,0.115679955,6.346901408,,,-0.065019601,-0.122480704,-0.014327841,0.614253963
11466170,0.199734712,9.19701165,25,227,2,9.5,509,1.003166968,0.06213771,1,1,22.469984,1.304360211,1,9.5,23.9,8.697130286,73.06255836,90.24276377,30.95238095,1.63,56,106,64.2,74.7,734.4,0.9,0.619,0.66,2,1.24,27,11.09,1.2,26.85,43.61,29.55,220.7,744,50,0.248,12.2,0.779,-0.627,11.24,15.8,16.615901,98.54014599,71.71895714,88.82015024,33.31860362,0.386782233,1.523571429,,,0.264541567,0.141533693,-0.032432584,0.840366825
9183500,0.533560537,3.199102329,18.3,65.1,1,18.75,436,1.053306063,0.174621838,1,1,9.554376,1.58693339,1,18.75,14.4,2.199575007,72.9562464,60.9671848,64.11917098,0.97,74.3,66.99,52.1,75.1,523.8,35.2,0.117,0.82,2,1.82,55.8,9.43,4.38,18.47,33.98,47.55,2553,3783,1677,0.424,25.3,-0.048,-0.999,17.24,5.5,20.493111,89.57219251,76.67274147,69.79953137,66.58422286,2.287409489,3.148183042,10.63889637,3.052489906,-0.068280905,-0.240527158,-0.071704447,0.696418606
11148900,0.070879772,6.695894928,38.2,79.7,2,35.85722222,897,1.078389444,0.27111221,1,1,19.551763,1.597078602,1,35.85722222,29.9,6.196536842,72.95492487,74.12353923,82.35948804,1.48,403.5,69.16,62.7,52.5,745.3,1.5,0.653,0.99,5,1.22,31.2,11.37,2.86,22.94,36.87,40.19,551.8,1138,256,0.337,21.3,-0.586,0.81,10.3,11.45,16.11163,73.94636015,75.41311968,74.06109164,83.52528793,4.013803818,9.585947955,20.74907063,12.52795539,-0.042442506,-0.05083615,-0.016209405,
11451715,0.040893189,3.999540465,45,270.2,2,36.5,112,1.080166765,0.189707978,1,1,5.595129,0.165455251,1,36.5,21.4,3.999947463,72.93103448,77.64367816,78.64942529,0.9,247.9,70.02,59.6,55.5,854.4,1,0.615,0.96,4,1.19,43.2,10.66,0.49,37.34,42.78,19.88,560.5,1162,264,0.34,18.2,-0.265,0.964,7.69,10.4,18.827651,99.30555556,82.45535714,69.10714286,83.37053571,0.869588895,1.310246067,23.98777733,10.34183138,,,,1.003780864
9430600,0.014864472,4.099912242,17,21.9,1,13.66666667,408,0.978870683,0.370310108,1,1,51.133435,1.205781063,1,13.66666667,14.3,4.099898909,72.89445629,79.26439232,49.92004264,1.85,190.5,67.41,44.7,72,593.8,14,0.222,0.58,3,1.32,53.1,9.96,2.05,31.86,33.61,34.53,2371.3,3268,1694,0.444,40.6,-0.973,-0.231,19.49,9.71,15.895541,44.70588235,74.76846058,77.4718398,51.18898623,11.52470622,12.07322835,91.38944882,35.34944882,-0.06560322,-0.150798354,-0.047865587,0.617887885
11077500,0.008466823,8.099047636,27.4,10,2,12,42,1.056085225,0.226002909,1,1,11.867328,0.9068181,1,12,17.9,5.299317101,72.87145242,79.71619366,37.56260434,1.28,240.8,51.01,60.8,37.1,825.6,0,0.654,1.13,5,1.61,20.2,10.37,1.7,25.4,46.19,28.41,553.2,1719,35,0.308,25.4,-0.221,-0.975,12.93,9.51,17.754193,49.54954955,76.94763729,83.14176245,46.04086845,4.617074093,6.360921927,,,0.033667922,0.042852639,0.004524728,1.367628761
11057500,0.01075867,14.09275385,80.2,134.9,2,23.98166667,923,1.11542171,0.352344744,1,1,5.10267,0.753186471,1,23.98166667,13.8,5.201233623,72.85223368,86.94158076,67.01030928,1.6,329,50.34,46.1,42.4,822.1,3.2,0.566,1.05,4,1.49,23.2,10.74,3.94,14.73,32.5,52.77,880.7,2686,317,0.238,13.8,-0.199,-0.98,10.91,9.71,19.193511,98.18181818,93.95518499,94.05940594,78.16571131,2.02402941,2.564042553,11.73519757,9.619696049,0.124387617,0.004133387,-0.131043916,1.193373124
10258500,0.00211057,3,22.4,126.9,2,38.5,928,1.006596926,0.325506727,1,1,34.911598,1.024974947,1,38.5,16.5,2.799825,72.83667622,63.20916905,91.00286533,2,241.5,37.78,41.9,27.9,813.4,5.1,0.464,0.98,4,2.22,43.9,9.87,5.3,11.18,26.56,62.26,1195.3,2452,208,0.44,22.7,0.863,0.506,7.76,8.36,22.326342,96.69811321,76.96028513,62.93279022,91.95519348,14.07063824,14.53863354,,,-0.03430361,-0.072449092,-0.013696117,
11077500,0.040687789,10.49539976,27.4,0,2,5.75,479,0.999600185,0.078578515,1,1,11.075228,0.62641764,1,5.75,16.3,8.294917703,72.83261803,91.15879828,11.28755365,1.28,240.8,51.01,60.8,37.1,825.6,0,0.654,1.13,5,1.61,20.2,10.37,1.7,25.4,46.19,28.41,553.2,1719,35,0.308,25.4,-0.221,-0.975,12.07,11.6,17.754193,14.18918919,76.94763729,88.25031928,19.73180077,2.800140695,1.788413621,,,0.051188561,-0.157130797,-0.11617759,0.627282338
9512280,0.006002506,6.3,15.5,57.4,1,3,418,1.279993284,0.988192648,0.969924812,1,77.294582,1.157801676,1,3,15.5,6.3,72.8288908,82.67411866,8.684436801,2.43,188.7,50.78,38.1,53.2,973.2,0.5,0.208,0.98,4,1.51,22.7,10.42,5.25,18.83,28.78,52.39,1150.1,1637,693,0.484,21.1,-0.665,-0.747,26.51,5.84,17.665115,90.39735099,72.41452089,82.31321233,9.09666526,26.94965959,28.43465819,,,-0.008494311,-0.052430125,0.002836052,0.847229552
11143000,0.101902984,3.899970088,32.1,170.6,2,26.5,913,1.016371833,0.119522292,1,1,99.985297,0.997222043,1,26.5,32.1,3.899970088,72.79549719,61.21013133,76.7120075,2.74,120.6,116.26,67.4,72.8,639.5,3.4,0.654,0.98,4,1.47,40.3,10.29,4.14,14.13,31.45,54.42,779,1505,80,0.492,43.6,-0.447,-0.894,8.75,17.47,18.127121,92.07650273,72.78273111,61.19192867,76.70107931,33.21126627,44.52462687,86.30373134,57.91119403,-0.041323742,-0.061614597,-0.016607488,0.638570704
11466320,0.264138842,9.99895,32.4,272.9,2,14,509,1.024782756,0.109048087,1,1,11.48391,1.070572978,1,14,22.4,7.299164898,72.76606426,88.45381526,39.83433735,1.27,199.4,102.63,64.2,72,732.8,1,0.622,0.67,4,1.3,28.7,12.14,1.14,27.37,43.92,28.71,204.1,780,19,0.243,12.2,-0.118,-0.993,11.18,16.12,16.638396,99.47780679,74.50898454,89.34391977,46.53155036,1.207236838,1.65330993,,,0.107350829,-0.005919632,-0.100306364,0.654534435
11065000,0.011103113,6.59779127,31.2,0,2,19.75,898,0.981627652,0.193055255,1,1,33.742927,1.953161117,1,19.75,25.2,6.298874483,72.76554404,77.00777202,49.09326425,1.55,364.7,81.4,47.7,43.6,701.5,4.2,0.649,1.11,5,1.12,49.6,10,6.62,10.83,28.51,60.66,1250.1,3059,313,0.343,27.3,-0.675,0.738,6.97,17.4,19.024359,11.81818182,72.96511628,73.20295983,53.17124736,9.084707504,11.94332328,33.44313134,17.52322457,0.084418299,-0.035580624,-0.099919284,0.745010548
11042900,0.016583607,4.798646337,17.3,108.3,2,8,167,0.968237733,0.09091458,1,1,6.890085,1.723145088,1,8,12.1,3.298299987,72.7,76.4,27.63333333,1.45,227.1,38.42,52.1,30.4,862.2,0.2,0.588,1,3,1.35,24,11.73,2.76,18.12,34.83,47.04,611.1,1381,325,0.274,8.4,-0.245,-0.97,11.07,3.91,16.576693,99.08675799,76.02820212,81.49236193,31.96239718,1.886222907,1.07675033,,,,,,
11390000,0.129283681,16.39580273,100.1,94,1,20.8,199,1.07959075,0.207153738,1,1,17.151958,0.299544475,1,20.8,46.6,9.795817431,72.68518519,89.45473251,33.59053498,0.96,383.3,174.98,52.3,88.3,636,22.2,0.555,0.94,4,1.45,56.7,10.42,2.18,18.76,41.93,39.31,1133.9,2185,119,0.495,20.6,-0.376,-0.926,12.92,7.65,16.983946,80.77601411,86.52535958,96.13928842,45.13626041,5.771488145,6.206548396,19.93289851,13.77177146,0.278427234,0.178082882,0.040610399,1.066559278
11475800,0.243433805,4.899225718,49,54.1,1,44,600,1.011675722,0.094974557,1,1,7.751945,0.72069388,1,44,40.4,3.999565283,72.6814125,57.46992627,81.2378735,2.23,642.1,206.67,64.8,106,657.8,7.2,0.589,0.89,5,1.8,28.1,11.21,2.07,25.53,42.82,31.65,626.1,1289,239,0.382,26.8,-0.449,-0.893,8.47,31.48,16.808763,50.46948357,73.00100368,60.55536969,83.7571094,1.088201084,1.580221149,,,-0.084355112,-0.115455323,-0.012523929,0.650926216
11073300,0.177488201,8.197418364,28.1,5.4,2,15.75,798,1.019295713,0.226457321,1,1,30.521869,0.844669747,1,15.75,25.1,8.192184,72.56305385,80.77709611,44.98977505,0.81,83.6,90.33,49.8,53.3,682.5,5.3,0.643,1.21,3,1.12,50,9.57,6.38,11.96,34.18,53.86,1477.5,3059,222,0.443,40.8,-0.829,-0.56,6.64,12,20.142177,52.53456221,72.12659634,78.23431427,48.88950583,17.99244488,18.93767943,,,-0.040385227,-0.049763671,-0.021835675,0.961353526
10258500,0.01170194,21.69952348,48.2,2.9,1,4.968888889,41,1.242585073,0.551193317,1,1,11.73672,0.555594701,1,4.968888889,15,9.797921053,72.54098361,91.56908665,11.53395785,2,241.5,37.78,41.9,27.9,813.4,5.1,0.464,0.98,4,2.22,43.9,9.87,5.3,11.18,26.56,62.26,1195.3,2452,208,0.44,22.7,0.863,0.506,24.58,2.45,22.326342,36.32075472,88.64562118,97.65784114,15.32586558,8.066832101,8.632173913,,,,,,0.946192032
11148900,0.120004367,4.897869176,33.4,151.1,2,18,522,1.150756917,0.417743363,1,1,6.063932,1.901817314,1,18,28.9,4.599222259,72.53363229,66.14349776,49.63565022,1.48,403.5,69.16,62.7,52.5,745.3,1.5,0.653,0.99,5,1.22,31.2,11.37,2.86,22.94,36.87,40.19,551.8,1138,256,0.337,21.3,-0.586,0.81,10.3,11.45,16.11163,90.8045977,72.65898848,65.84877316,51.22684026,1.860832125,3.682081784,20.74907063,12.52795539,-0.090459047,-0.151929141,-0.023852705,0.554964854
11124500,0.001774422,4.299849298,34.7,0,2,15.92333333,120,1.021322304,0.154664672,1,1,10.349061,0.625957006,1,15.92333333,25.8,3.19986469,72.52407153,61.07290234,44.36038514,2.37,191.5,83.1,54.6,38.1,636.9,4.5,0.711,1.17,4,1.85,23.3,9.72,1.35,23.93,41.12,34.95,1023.6,1999,256,0.444,33.5,-0.78,-0.626,7.6,19.21,17.185694,11.17647059,75.3959276,67.92986425,48.64253394,6.08393386,7.478694517,,,0.03041636,0.030588094,0.002068006,
11118500,0.034514222,7.093101226,34,108.4,2,17.93333333,405,1.077735253,0.222856224,1,1,82.190611,1.092289043,1,17.93333333,33.9,6.998805124,72.47365158,74.89150651,47.17916925,2.11,485.7,69.88,51.4,33.4,711.7,1.4,0.702,1.2,6,1.39,38.3,10.32,1.3,23.76,41.87,34.37,702.1,1835,78,0.36,29.1,-0.979,-0.203,9.39,15.31,16.615606,80.7106599,72.6426799,75.06203474,47.14640199,33.83108468,42.24663372,80.03368334,50.47848466,0.124952005,-0.160521487,-0.114735616,0.588751203
11073360,0.291087491,8.197418364,28.1,5.4,2,15.75,798,1.100872716,0.294432699,1,1,20.134001,,1,15.75,25.1,8.192184,72.46922025,80.71135431,44.18604651,0.95,132.3,74.76,53,45.8,744.3,3.4,0.65,0.9,3,1.12,44.1,10.29,6.95,11.8,32.18,56.02,1050.4,3059,211,0.295,27.1,-0.86,-0.509,8.73,9.83,14.250404,38.62275449,72.09686296,78.15079802,48.45899835,16.06905269,12.00204082,,,-0.03889716,-0.047009512,-0.021770958,0.962903443
11451715,0.048203703,5.298440186,34.7,25.4,2,21.66666667,238,1.003064685,0.081577968,1,1,24.133838,1.666551161,1,21.66666667,26,5.29781442,72.44649805,77.77237354,58.21984436,0.9,247.9,70.02,59.6,55.5,854.4,1,0.615,0.96,4,1.19,43.2,10.66,0.49,37.34,42.78,19.88,560.5,1162,264,0.34,18.2,-0.265,0.964,10.43,10.33,18.827651,50,77.72321429,77.23214286,60.89285714,2.888346264,4.86014522,23.98777733,10.34183138,0.14819574,-0.007832966,-0.033504715,0.809356648
9510200,0.013981971,8.49959814,25.3,13.2,1,12.8,774,1.135593256,0.787411069,1,1,51.64207,0.937840864,1,12.8,19.1,8.095878363,72.41929055,86.56835393,47.40932642,1.74,425.3,61.33,36.1,50,956.2,2.1,0.215,1.04,5,1.39,30.1,10.19,4.14,15.96,29.86,54.17,1161.3,2161,545,0.383,21.4,-0.57,-0.822,27.56,4.68,17.785195,46.12546125,76.09791217,85.99712023,51.24190065,13.07368334,14.52337174,51.02477531,24.56769952,0.021089831,-0.083028358,-0.053698101,0.855361738
11043000,0.02715447,11.299935,35,165,2,9,432,0.937810909,0.312223864,1,1,7.514724,1.797661564,1,9,13.6,3.399995792,72.34121123,75.92319055,24.48301329,1.41,572.5,37.11,54,29.9,879.2,0.1,0.614,1.02,5,1.08,23.8,12.19,2.65,18.48,35.38,46.14,520.6,1381,303,0.207,8.3,-0.454,-0.891,11.37,3.76,16.167722,98.66071429,84.60044395,92.56381798,32.88013319,3.722381881,4.124593886,,,-0.033410288,-0.08991149,-0.016134402,1.053456228
8294195,0.023056953,11.13097086,20.1,30.8,1,13,78,1.042666416,0.293780392,1,1,17.374893,0.678045527,1,13,9.6,4.822947278,72.2955456,86.23615366,64.48267735,2.27,78.6,73.93,49.1,74.6,399.9,36.7,0.115,0.4,2,1.21,73.1,9.46,3.82,21.29,50.78,27.93,2909.1,3843,2113,0.463,34.2,0.36,-0.933,10.91,5.82,13.3997,55.55555556,84.26912828,94.49942901,68.84278645,7.408677581,8.567175573,6.818708651,2.85470229,-0.020832888,-0.02608942,-0.004104328,1
11453500,0.29725905,7.497842776,32,122.6,2,20,578,1.013029082,0.090073722,1,1,68.402353,0.917637249,1,20,32,7.497842776,72.24302955,80.31627133,56.86641698,1.47,293.4,112.6,63,63.1,752.4,2,0.624,0.62,3,1.5,36.4,10.72,0.99,28.71,44.41,26.88,554.7,1432,273,0.243,19.3,-0.169,0.986,12.19,6.28,17.47691,84.30656934,71.56626506,78.59437751,57.85140562,38.71637619,46.98312883,,,-0.106642653,-0.150364536,-0.029878285,0.389033416
11113500,0.016392506,2.299228683,26.7,8.5,2,30.66666667,535,1.029291936,0.102524207,1,1,18.940755,1.81859973,1,30.66666667,24.7,1.999812228,72.14927436,50.17277125,82.86109191,2.67,103.3,67.78,49.9,39.1,708.5,2.6,0.693,1.18,4,1.59,40.1,9.58,1.4,23.56,44.22,32.23,996,2039,186,0.437,34.4,-0.944,-0.329,8.56,17.65,15.259699,48.25174825,73.30677291,52.32403718,83.53253652,12.37726183,14.70493708,84.35972894,53.69332043,-0.126354742,-0.249047754,-0.015440147,0.416299326
9510200,0.015047264,11.19902454,20.9,82.5,1,9.916666667,433,1.29621268,0.700012532,0.986531987,1,13.021051,1.954168424,1,9.916666667,17.4,11.19902454,72.09401709,94.65811966,35.57692308,1.74,425.3,61.33,36.1,50,956.2,2.1,0.215,1.04,5,1.39,30.1,10.19,4.14,15.96,29.86,54.17,1161.3,2161,545,0.383,21.4,-0.57,-0.822,27.56,4.68,17.785195,84.50184502,71.2562995,91.61267099,41.3786897,2.9162357,3.650787679,51.02477531,24.56769952,,,,0.342386832
11073495,0.251614394,7.799678005,28.4,0,1,23,943,1.156568083,0.433547112,1,1,26.085866,1.717892731,1,23,27.7,7.799678005,72.01670644,76.849642,66.07995227,2.67,208.2,61.85,53.7,37.7,823.2,0.2,0.66,0.75,4,1.15,47.4,10.92,8.04,10,27.26,62.74,638.5,2692,199,0.176,13.5,-0.99,-0.14,16.68,1.5,10.502607,12.19512195,71.89844201,76.74552799,66.76283901,21.64413972,15.30172911,,,-0.047959038,-0.060850333,-0.019647186,0.841883212
11149900,0.026820568,6.299932671,56.8,6,2,28,891,1.177255295,0.411361407,1,1,12.824107,0.507351319,1,28,22.6,3.199886839,71.97728791,63.66065464,68.06947228,1.56,556.4,63.26,62,54,737.5,1.5,0.659,1.13,4,1.35,33.5,10.91,2.31,24.37,37.78,37.85,533.4,1785,248,0.186,19.5,-0.995,-0.102,9.33,13.34,16.227347,27.09163347,83.14384577,73.30696985,75.67968364,0.822336042,1.076312006,28.84609993,15.65149173,-0.013391784,-0.028371436,0.001328225,0.879304078
8380500,0.333054974,5.798947508,14.8,8,1,10.5,156,1.033116685,0.136098118,1,1,99.368957,1.001978058,1,10.5,14.8,5.798947508,71.90399714,81.56673804,56.33476089,2.1,198.1,68.57,50.8,80.7,464.5,19.2,0.221,0.66,4,1.18,58,10.64,1.87,31.03,41.4,27.57,2652.5,3551,2136,0.381,25,-0.636,0.772,12.32,5.84,17.995738,17.35751295,71.83324425,81.3825049,56.38695885,30.00276242,42.76158506,96.58440182,48.47415447,0.009804609,0.004280286,0.019648497,1.00779206
11113000,0.007580195,15.69982281,53.7,39,2,13,800,1.106167354,0.246943073,1,1,12.550943,0.240796008,1,13,26.2,8.593921004,71.81958365,82.72937548,24.63377024,1.41,650,68.34,45.4,34.7,663.4,7.7,0.69,1.22,4,1.67,44.6,9.91,2,22.07,41.65,36.28,1251.5,2274,184,0.512,32.7,-1,0.016,6.83,9.22,16.054577,67.27272727,80.07726269,88.18984547,33.25055188,8.618055904,10.59078462,14.98787692,8.055507692,-0.025422236,-0.026393799,-0.019054104,1.216620088
11027000,0.012747434,2.999906129,20.8,0,2,21,853,1.032468137,0.080747465,1,1,50.900245,0.591991427,1,21,17.9,2.899161594,71.80251822,64.14844268,65.40755467,1.62,58.2,51.93,53.2,38.8,797.9,0.2,0.625,1,3,1.16,28.6,11.16,2.59,16.4,30.84,52.76,653.6,1276,217,0.433,13,-0.467,-0.884,10.64,10.81,15.624757,11.97183099,74.07643312,64.52229299,66.11464968,10.30581508,11.12010309,,,0.010100541,-0.003177161,-0.009773989,0.978380779
7103700,0.006227128,4.89985411,22.5,118.1,1,13.875,706,0.985305792,0.395075256,1,1,10.334753,0.918584336,1,13.875,9.1,2.99967,71.77400871,78.18015127,63.67178547,2.23,264.2,59.97,52.8,94.9,393.5,27.6,0.361,0.86,4,1.42,49.5,10.03,9,11.62,33.61,54.77,2775.2,4300,1873,0.373,26.9,0.329,0.944,7.25,7.11,15.226314,92.41658241,85.23191754,81.9086547,69.63746224,5.396997417,6.578652536,9.350870553,5.675132475,-0.073427221,-0.138797398,-0.02782991,0.527450528
11466800,0.025789928,6.899051698,52.8,118.6,2,30.91666667,144,1.004688928,0.101916501,1,1,12.714225,1.001456134,1,30.91666667,26.3,4.798624579,71.74441205,70.84548105,73.66375121,2.06,652.2,100.52,64.6,68.1,730.4,0.8,0.63,0.68,4,1.71,30,13.03,1.22,29.33,42.59,28.08,155.1,780,16,0.185,9.2,-0.054,-0.999,11.27,16.5,16.611166,90.625,82.35051546,76.74226804,77.40206186,3.097905528,3.795124195,,,0.312025727,0.18382691,0.033137834,1.066667466
10258500,0.003634871,2.299284011,22.1,231.1,2,47,189,1.035532627,0.37377652,1,1,34.911598,1.024974947,1,47,15.6,1.599352029,71.66189112,48.93982808,94.61318052,2,241.5,37.78,41.9,27.9,813.4,5.1,0.464,0.98,4,2.22,43.9,9.87,5.3,11.18,26.56,62.26,1195.3,2452,208,0.44,22.7,0.863,0.506,7.76,8.36,22.326342,99.52830189,76.83299389,55.49898167,95.18839104,14.07063824,14.53863354,,,-0.067585553,-0.149738128,-0.003304783,
11148900,0.077195792,22.89303226,52.7,93.6,2,12,819,0.958642335,0.260170208,1,1,6.063932,1.901817314,1,12,27.1,8.992971428,71.49663677,83.632287,35.48206278,1.48,403.5,69.16,62.7,52.5,745.3,1.5,0.653,0.99,5,1.22,31.2,11.37,2.86,22.94,36.87,40.19,551.8,1138,256,0.337,21.3,-0.586,0.81,8.75,10.52,16.11163,79.31034483,81.12168252,96.54481723,38.18227341,1.860832125,3.682081784,20.74907063,12.52795539,-0.028729434,-0.048945195,-0.013939367,0.763799659
7103970,0.034271859,11.4925965,14.7,9.4,1,2.5,344,0.764444653,0.845908114,0.982881598,1,5.2619,1.070175745,1,2.5,9.2,7.422748815,71.48989899,92.24747475,1.212121212,2.41,466,56.93,51.8,81.4,505.6,18.5,0.31,0.66,3,1.89,50.7,11.24,7.39,13.91,32.09,54,2352.6,2941,1907,0.431,10.8,-0.999,0.044,9.85,7.43,12.548144,22.42990654,72.89240396,92.45610986,4.26733878,0.854179079,1.403690987,,,-0.045625292,-0.111324372,-0.010237437,0.616935612
11475800,0.232408723,8.198058182,45.7,86.6,1,27.75,967,1.018907884,0.09215284,1,1,7.751945,0.72069388,1,27.75,38.4,6.798809262,71.40085371,73.26348467,62.99961195,2.23,642.1,206.67,64.8,106,657.8,7.2,0.589,0.89,5,1.8,28.1,11.21,2.07,25.53,42.82,31.65,626.1,1289,239,0.382,26.8,-0.449,-0.893,8.47,31.48,16.808763,67.37089202,71.34493142,74.43961191,67.96587487,1.088201084,1.580221149,,,-0.048942164,-0.081314107,-0.004481932,0.75166344
11113000,0.005227721,20.59660294,90.9,0,2,20.8,8,1.141896925,0.303908186,1,1,12.550943,0.240796008,1,20.8,25.7,3.899602484,71.39552814,65.61295297,41.01773323,1.41,650,68.34,45.4,34.7,663.4,7.7,0.69,1.22,4,1.67,44.6,9.91,2,22.07,41.65,36.28,1251.5,2274,184,0.512,32.7,-1,0.016,14.72,2.17,16.054577,13.63636364,87.14128035,91.88741722,47.29580574,8.618055904,10.59078462,14.98787692,8.055507692,-0.003564655,-0.007694585,0.00085488,1.626622216
11063510,0.017636774,2.199807519,22.6,123.6,2,41.5,537,1.01847274,0.272098334,1,1,19.701106,0.914667921,1,41.5,22,2.199807519,71.35416667,55.46875,89.6484375,2.04,144.5,66.42,46,40.7,690.4,4.5,0.635,0.96,4,1.54,50.7,9.96,6.14,10.54,26.94,62.52,1273.4,2542,794,0.272,22.4,-0.728,0.686,8.58,13.15,18.45637,92.69662921,71.4244186,54.41860465,90.75581395,6.090614167,8.283114187,74.67695502,36.88442907,-0.045797929,-0.085871561,-0.017805592,0.668526212
11042400,0.000910243,24.19305343,34.6,9.6,2,15.97166667,547,0.963417753,0.280102124,1,1,5.418644,1.623115625,1,15.97166667,14.1,8.199346233,71.31461391,91.32099553,49.77664327,2.17,342.2,45.9,47.5,35.2,738.3,4.5,0.519,0.92,4,1.33,34.5,10.18,6.63,11.08,22.22,66.7,1119.3,1870,508,0.457,17,0.473,-0.881,8.6,5.23,17.322787,58.10185185,83.97905759,99.10994764,54.97382199,2.08734395,4.6735827,,,-0.013044584,-0.070847167,-0.014318167,
11274630,0.013720209,4.79916,22.3,90,2,14,545,1.106303047,0.280600804,1,1,14.544513,0.969698236,1,14,13.1,3.198740687,71.28279883,77.31778426,47.696793,1.77,187.4,43.32,61.7,49.1,799,2.1,0.604,1.08,4,1.42,30.9,10.3,1.62,26.46,42.13,31.41,559.2,1116,65,0.472,26.1,-0.722,0.692,7.89,8.15,18.975462,91.98312236,79.04903418,83.3085686,53.04606241,2.596224212,4.075933831,,,-0.045234715,-0.097401651,-0.006249959,0.568651794
11466800,0.095952426,7.499064785,37.3,153.2,2,22.85722222,535,0.942234935,0.167180834,1,1,12.714225,1.001456134,1,22.85722222,26,5.999927097,71.2585034,78.6686103,54.51895044,2.06,652.2,100.52,64.6,68.1,730.4,0.8,0.63,0.68,4,1.71,30,13.03,1.22,29.33,42.59,28.08,155.1,780,16,0.185,9.2,-0.054,-0.999,11.27,16.5,16.611166,93.75,74.08247423,79.01030928,58.59793814,3.097905528,3.795124195,,,0.138750571,-0.02055757,-0.092766442,0.594232737
11077500,0.025047685,8.592918591,23,135.3,2,11.66666667,886,0.992291851,0.113679369,1,1,11.075228,0.62641764,1,11.66666667,15.2,8.498419397,71.20171674,91.58798283,35.83690987,1.28,240.8,51.01,60.8,37.1,825.6,0,0.654,1.13,5,1.61,20.2,10.37,1.7,25.4,46.19,28.41,553.2,1719,35,0.308,25.4,-0.221,-0.975,12.93,9.51,17.754193,95.4954955,73.18007663,84.41890166,44.31673052,2.800140695,1.788413621,,,0.182826607,0.004510949,-0.111629493,1.107408824
11044800,0.05663364,4.696675368,22.8,129.2,2,18,168,1.016436892,0.080370016,1,1,5.29932,0.732504198,1,18,17,4.395409439,71.17886179,74.14634146,60.40650407,1.68,85.5,40.9,59,33,853.1,0,0.666,0.86,3,1.19,26.7,10.3,3.33,15.97,31.55,52.47,405.4,859,100,0.415,18.9,-0.922,0.386,12.79,9.41,15.319151,96.17834395,76.32120796,74.05628003,62.28551819,2.005988961,2.867368421,,,-0.01646926,-0.029844553,-0.003557036,
11456000,0.053485844,15.09852308,36.3,6.8,1,29,542,1.034692634,0.110478459,1,1,8.882523,2.160787162,1,29,28,11.99936308,71.09839817,93.18077803,76.72768879,1.79,212.3,104.44,64,69.8,743.7,1.5,0.624,0.68,4,1.39,28.5,10.89,2.14,24.23,44.57,31.21,305.3,1261,75,0.209,20.9,-0.876,0.483,13.01,5.88,16.071526,29.34472934,76.35914333,96.21087315,79.0568369,1.060217481,3.36895902,,,0.151115828,-0.041238275,-0.085423292,0.601416408
11138500,0.002004593,11.596325,39.4,3.3,2,16,557,1.045407675,0.217905461,1,1,14.684484,0.673222561,1,16,24,7.999923636,70.99447514,84.59944751,38.08701657,2,728.9,69.82,57.6,39.6,665.2,7.1,0.686,1.16,5,1.44,28.2,9.8,1.39,21.86,41.68,36.45,994.2,2081,193,0.424,34.2,0.199,-0.98,8.21,17.01,16.60856,27.64705882,75.92190889,84.86984816,43.68221258,2.711386657,3.72223899,,,-0.017412532,-0.069081844,-0.02870181,0.694239571
11159200,0.029991899,3.999947463,30.3,241.1,2,27,944,1.096851217,0.272819195,1,1,12.563615,1.632601188,1,27,29.4,3.999947463,70.98039216,57.94117647,79.24019608,1.76,71,84.62,68.1,68.6,691.1,0.1,0.629,0.85,3,1.21,34.5,10.12,2.59,21.18,36.59,42.23,305.2,863,27,0.333,21,-0.996,-0.089,10.19,12.34,16.438445,98.87892377,71.52255639,58.03571429,80.09868421,0.115679955,6.346901408,,,-0.027017337,-0.065208871,-0.013067387,0.783301461
11043000,0.001236542,3.899581173,24.3,0,2,14.85722222,180,1.068753547,0.266278607,1,1,15.431556,1.785573251,1,14.85722222,12.9,2.39925834,70.96651446,65.75342466,43.18873668,1.41,572.5,37.11,54,29.9,879.2,0.1,0.614,1.02,5,1.08,23.8,12.19,2.65,18.48,35.38,46.14,520.6,1381,303,0.207,8.3,-0.454,-0.891,15.12,1.99,16.167722,13.39285714,78.07991121,72.08657048,50.99889012,1.382765683,3.507877729,,,0.013981674,0.051814534,-0.003729714,
11057500,0.012393988,6.299489402,31.1,0,2,21.75,490,1.100986383,0.316031425,1,1,5.10267,0.753186471,1,21.75,12.9,2.799659535,70.91924399,70.96219931,56.09965636,1.6,329,50.34,46.1,42.4,822.1,3.2,0.566,1.05,4,1.49,23.2,10.74,3.94,14.73,32.5,52.77,880.7,2686,317,0.238,13.8,-0.199,-0.98,9.16,10.07,19.193511,14.09090909,81.60500261,81.70922355,64.14799375,2.02402941,2.564042553,11.73519757,9.619696049,0.05021704,-0.086611812,-0.126789437,0.760136168
9484000,0.055432155,14.19034246,19.8,136,1,3.889166667,783,1.079327219,0.300158435,1,1,69.267296,1.388299086,1,3.889166667,17.6,12.19421139,70.88014981,91.72908864,11.65730337,2.39,103.7,75.97,43.3,71.1,767.1,3.1,0.167,0.8,3,1.52,9.5,9.14,1.65,18.36,43.38,38.26,1878.8,2788,872,0.534,35.6,-0.977,-0.213,22.08,10.6,17.656755,95.87628866,73.51754114,93.75970196,11.89071717,12.27435075,20.33982642,59.10578592,25.9246866,0.032199617,-0.082769652,-0.028765416,0.762986287
11461500,0.212346492,13.1982,33.1,264,2,13.75,218,1.006276953,0.070849145,1,1,23.026463,1.979605621,1,13.75,24.3,10.29669071,70.86882453,94.80408859,37.11669506,2.19,238.7,114.45,62.5,77.8,761.6,2,0.595,1.06,4,1.35,37.3,11.11,0.92,28.71,43.04,28.25,497.3,1167,258,0.27,20.9,-0.276,-0.961,9.37,17.85,16.250428,99.64349376,74.82082233,96.15239532,42.26706903,5.04689448,7.209426058,23.12739841,8.386175115,0.247462344,0.074943405,0.002092771,0.783055803
11451715,0.017933605,4.896273275,25.4,0,2,16.5,236,1.060506476,0.142728134,1,1,24.133838,1.666551161,1,16.5,23.6,4.897741449,70.81712062,76.60505837,47.27626459,0.9,247.9,70.02,59.6,55.5,854.4,1,0.615,0.96,4,1.19,43.2,10.66,0.49,37.34,42.78,19.88,560.5,1162,264,0.34,18.2,-0.265,0.964,10.43,10.33,18.827651,6.423611111,71.33928571,75.53571429,50.75892857,2.888346264,4.86014522,23.98777733,10.34183138,0.14819574,-0.007832966,-0.033504715,0.809356648
11077500,0.009454619,5.099483077,21.7,0,2,12.5,754,1.049270561,0.168257115,1,1,11.126418,1.048190759,1,12.5,16.3,3.7,70.7641196,70.59800664,38.37209302,1.28,240.8,51.01,60.8,37.1,825.6,0,0.654,1.13,5,1.61,20.2,10.37,1.7,25.4,46.19,28.41,553.2,1719,35,0.308,25.4,-0.221,-0.975,12.94,6.47,17.754193,14.18918919,71.96679438,72.60536398,47.31800766,2.324327314,4.497757475,,,-0.025541878,-0.032130577,-0.095557387,0.773881984
13313000,0.052410558,3.698127704,17.2,0,1,16,1066,0.938075771,0.146578629,1,1,7.076427,0.940008242,1,16,15.2,3.199566841,70.64859387,82.79706106,38.89029643,2.37,561.9,111.97,63.9,127.1,412.2,72.3,0.331,0.76,4,1.26,70.8,10.51,12.33,5.96,24.01,70.04,2180.4,2779,1439,0.559,25,0.842,-0.539,13.25,2.96,16.262621,4.50928382,69.87402259,81.16854909,45.7319722,1.766800634,2.555686065,13.92731803,7.197579641,-0.047543199,-0.101328147,-0.011592697,
11065000,0.01498532,4.099668642,38.4,199.1,2,47,537,0.99736197,0.498195461,1,1,8.140156,1.901694811,1,47,22.2,2.199945865,70.57026477,55.19348269,89.51120163,1.55,364.7,81.4,47.7,43.6,701.5,4.2,0.649,1.11,5,1.12,49.6,10,6.62,10.83,28.51,60.66,1250.1,3059,313,0.343,27.3,-0.675,0.738,8.63,16.46,19.024359,95.27272727,76.53276956,64.64059197,91.78118393,2.365863291,3.388017549,33.44313134,17.52322457,-0.045784416,-0.085541489,-0.017990704,0.672484666
11456000,0.030010761,8.797939231,36.9,0.3,2,13.75,527,1.003754319,0.088883475,1,1,8.882523,2.160787162,1,13.75,27.4,8.79712,70.54919908,86.6819222,42.49427918,1.79,212.3,104.44,64,69.8,743.7,1.5,0.624,0.68,4,1.39,28.5,10.89,2.14,24.23,44.57,31.21,305.3,1261,75,0.209,20.9,-0.876,0.483,10.83,16.43,16.071526,15.95441595,76.68863262,85.13179572,46.51976936,1.060217481,3.36895902,,,0.151115828,-0.041238275,-0.085423292,0.601416408
11065000,0.004790644,4.3,28.7,0,2,26.75,872,0.950834544,0.323714986,1,1,33.742927,1.953161117,1,26.75,22.7,3.899893161,70.49870466,67.16321244,71.66450777,1.55,364.7,81.4,47.7,43.6,701.5,4.2,0.649,1.11,5,1.12,49.6,10,6.62,10.83,28.51,60.66,1250.1,3059,313,0.343,27.3,-0.675,0.738,6.97,17.4,19.024359,11.81818182,71.3794926,65.43340381,76.55919662,9.084707504,11.94332328,33.44313134,17.52322457,0.084418299,-0.035580624,-0.099919284,0.745010548
11042800,0.010869082,2.799929191,16.2,29.5,2,15,538,0.915855041,0.225966411,1,1,36.399541,1.263146869,1,15,11.6,1.999992982,70.49120235,61.95014663,56.8914956,1.14,148.5,33.74,54.3,29.5,884.7,0,0.599,0.94,4,1.23,20.3,12.27,2.7,18.97,36.43,44.59,484.1,830,321,0.326,8,-0.21,-0.978,15.34,1.81,14.66485,79.67914439,76.08108108,68.04054054,58.91891892,1.917557957,7.655757576,,,0.002190242,0.016333038,-0.015743666,
11153000,0.004292027,7.595983235,32.6,0.5,2,23.75,960,0.96418131,0.166162361,1,1,10.488957,2.512752181,1,23.75,16.4,4.99868,70.44060234,82.76631344,69.79921919,1.11,375.4,52.87,62.6,46.9,835.2,1.3,0.643,1.11,5,1.85,28.4,10.45,2.08,24.44,44.87,30.7,424.1,1045,74,0.363,20.9,-0.996,-0.088,13.25,3.13,15.589845,17.20430108,81.3654033,88.53255588,73.63945578,3.405985647,4.396909963,,,-0.039911175,-0.064240113,-0.013477485,0.728067193
11063510,0.011444306,3.798900082,21.3,97.1,2,18,504,0.985815316,0.36779831,1,1,19.701106,0.914667921,1,18,20.8,3.798900082,70.41015625,67.70833333,52.9296875,2.04,144.5,66.42,46,40.7,690.4,4.5,0.635,0.96,4,1.54,50.7,9.96,6.14,10.54,26.94,62.52,1273.4,2542,794,0.272,22.4,-0.728,0.686,7.51,15.53,18.45637,90.4494382,70.23255814,66.74418605,55.81395349,6.090614167,8.283114187,74.67695502,36.88442907,-0.045797929,-0.085871561,-0.017805592,0.668526212
11047300,0.142292526,6.498793182,22,94.5,2,6.8,589,1.119688712,0.265755016,1,1,11.921157,1.8590446,1,6.8,19.6,6.499338636,70.34482759,79.08045977,19.31034483,1.1,139.9,46.85,61.6,36.6,812.1,0,0.652,1.08,3,1.27,23.9,11.46,2.26,24.89,42.68,32.43,423.2,1729,25,0.234,19.1,-0.597,-0.802,13.12,9.25,13.66011,94.84126984,73.18397828,79.4976239,23.42158859,4.902997679,7.699857041,11.53209435,10.94796283,0.064649032,-0.160446952,-0.110397484,0.541141138
11159200,0.098111799,9.099246512,28.5,302,2,11.75,611,1.085189604,0.248062769,1,1,12.563615,1.632601188,1,11.75,28.1,9.099246512,70.34313725,81.2254902,41.05392157,1.76,71,84.62,68.1,68.6,691.1,0.1,0.629,0.85,3,1.21,34.5,10.12,2.59,21.18,36.59,42.23,305.2,863,27,0.333,21,-0.996,-0.089,9.86,16.46,16.438445,99.77578475,70.2537594,81.34398496,42.69266917,0.115679955,6.346901408,,,-0.065019601,-0.122480704,-0.014327841,0.614253963
11451715,0.021817316,9,54.2,0.3,2,20,123,1.146063325,0.321714966,1,1,5.595129,0.165455251,1,20,18.5,4.298802,70.28735632,79.02298851,51.03448276,0.9,247.9,70.02,59.6,55.5,854.4,1,0.615,0.96,4,1.19,43.2,10.66,0.49,37.34,42.78,19.88,560.5,1162,264,0.34,18.2,-0.265,0.964,7.28,15.2,18.827651,16.14583333,85.44642857,90.26785714,58.92857143,0.869588895,1.310246067,23.98777733,10.34183138,,,,1.003780864
11109600,0.009548627,4.298369412,25.9,1.6,2,19,912,1.026911565,0.367495835,1,1,41.681744,1.066478672,1,19,22.6,3.699460441,70.28160575,66.44697424,45.8657879,1.66,963.8,55.61,42.7,35,676,11.8,0.673,1.1,5,2.08,52.1,10.21,5.72,18.55,37.45,44,1385.2,2691,325,0.448,26,-0.765,0.644,7.19,10.69,16.693884,39.18918919,72.22222222,70.17259978,47.8425027,12.52429966,19.22524383,6.542218303,3.126727537,-0.054237196,-0.108104837,-0.011410457,0.669482329
11461000,0.103951962,10.59705377,36.6,36.5,2,5.958333333,433,0.966911487,0.10349811,1,1,32.301184,1.065652935,1,5.958333333,27.9,8.49924924,70.26604069,85.3286385,12.01095462,1.95,259.6,118.6,63.1,81.2,730.9,3,0.607,0.95,4,1.1,36,11.3,1.16,28.24,42.59,29.17,448.3,1014,191,0.314,20.6,-0.997,0.077,7.07,18.28,15.086673,50.10660981,75.76146789,89.35779817,14.75229358,6.630779176,11.66221109,,,0.168591806,-0.024895358,-0.112839417,0.580309863
11073495,0.072628155,7.899847478,26.2,1.3,2,10,878,1.154482119,0.414491378,1,1,26.085866,1.717892731,1,10,25.4,7.897897778,70.25656325,77.08830549,34.45704057,2.67,208.2,61.85,53.7,37.7,823.2,0.2,0.66,0.75,4,1.15,47.4,10.92,8.04,10,27.26,62.74,638.5,2692,199,0.176,13.5,-0.99,-0.14,12.06,12.59,10.502607,32.05574913,70.42700519,76.9763416,35.40103866,21.64413972,15.30172911,,,-0.047959038,-0.060850333,-0.019647186,0.841883212
11077500,0.030457045,7.89826069,28.2,2.2,2,18,453,1.035617885,0.135166172,1,1,11.075228,0.62641764,1,18,14.8,6.999864308,70.17167382,88.49785408,57.12446352,1.28,240.8,51.01,60.8,37.1,825.6,0,0.654,1.13,5,1.61,20.2,10.37,1.7,25.4,46.19,28.41,553.2,1719,35,0.308,25.4,-0.221,-0.975,12.07,11.6,17.754193,37.83783784,77.7458493,82.82247765,61.7816092,2.800140695,1.788413621,,,0.051188561,-0.157130797,-0.11617759,0.627282338
11027000,0.006762952,5.299262103,17,5.9,2,10,95,1.049349391,0.139697906,1,1,50.900245,0.591991427,1,10,16.9,5.398371197,70.14579192,80.84824387,37.342611,1.62,58.2,51.93,53.2,38.8,797.9,0.2,0.625,1,3,1.16,28.6,11.16,2.59,16.4,30.84,52.76,653.6,1276,217,0.433,13,-0.467,-0.884,9.92,11.16,15.624757,53.52112676,69.61783439,79.49044586,38.85350318,10.30581508,11.12010309,,,-0.00933244,-0.026663326,0.000626046,0.906814577
9430600,0.095429913,2.899741717,17.5,41.4,1,37.5,97,1.067664682,0.314343708,1,1,13.587343,1.818895817,1,37.5,10.5,1.399868973,70.14225182,46.79176755,87.68159806,1.85,190.5,67.41,44.7,72,593.8,14,0.222,0.58,3,1.32,53.1,9.96,2.05,31.86,33.61,34.53,2371.3,3268,1694,0.444,40.6,-0.973,-0.231,18.25,10.8,15.895541,62.94117647,75.29411765,67.38423029,89.58698373,1.566147544,2.401417323,91.38944882,35.34944882,0.008405853,0.015894222,0.001934381,
11047300,0.049185041,5.4,21.8,2.1,2,11.93333333,153,1.051592118,0.119699702,1,1,11.921157,1.8590446,1,11.93333333,19.4,5.398938478,70,73.7164751,41.34099617,1.1,139.9,46.85,61.6,36.6,812.1,0,0.652,1.08,3,1.27,23.9,11.46,2.26,24.89,42.68,32.43,423.2,1729,25,0.234,19.1,-0.597,-0.802,12.34,9.9,13.66011,42.85714286,72.98031229,74.67752885,45.45145961,4.902997679,7.699857041,11.53209435,10.94796283,0.041259974,-0.235467907,-0.063706538,0.495678495
9497800,0.509091848,15.49984694,118.6,112.9,1,33,85,1.004424611,0.184040583,1,0,33.497407,1.389714454,1,33,97.8,14.9964,98.60465116,98.35841313,87.44186047,1.91,750.9,58.79,40.7,71.3,676.3,12.1,0.147,0.83,4,1.76,37.1,10.42,0.91,29.33,42.37,28.3,1747.1,2298,991,0.582,19.4,-0.996,0.088,18.22,5.02,18.999934,87.24832215,98.84740666,97.16862942,88.49912303,23.5959096,23.57343188,,,0.002883956,-0.003379113,0.000836715,
11113500,0.973133695,21.89869412,308.3,1.8,2,101.75,121,1.016315399,0.075256344,1,1,66.999622,0.838860715,1,101.75,305.9,21.99411765,99.44328462,97.70354906,99.65205289,2.67,103.3,67.78,49.9,39.1,708.5,2.6,0.693,1.18,4,1.59,40.1,9.58,1.4,23.56,44.22,32.23,996,2039,186,0.437,34.4,-0.944,-0.329,8.56,17.65,15.259699,38.1443299,99.13678619,96.87915007,99.66799469,21.19042058,21.87531462,84.35972894,53.69332043,-0.008635262,-0.01860218,-0.000983513,
11480390,0.708504109,18.99962105,369.1,58.6,1,114,430,1.015131667,0.081518765,1,1,99.999876,1,1,114,369.1,18.99962105,99.27536232,97.6284585,98.60013175,2.41,242.6,166.38,62.2,92.3,637.8,28,0.561,0.77,4,2.23,33.3,10.96,1.59,21.87,41.57,36.56,1130,1834,820,0.306,28.7,-0.024,-1,12.79,9.86,13.178414,52.83687943,99.27536232,97.6284585,98.60013175,66.45017797,77.02790602,99.99571311,67.92250618,-0.250089728,-0.510751408,-0.21491051,0.278517547
11151870,1.781620655,26.19880577,303.6,0,1,44,479,1.04924919,0.196616911,1,1,65.578591,1.047112542,1,44,296.9,25.5989563,98.98403483,97.04886309,88.80019352,2.01,284.5,100.15,65.8,64.7,623,4,0.657,0.97,4,1.85,37.3,10.09,3.84,16.04,33.25,50.71,899.6,1785,292,0.427,39,0.12,0.993,16.26,4.16,16.869365,10,99.10588235,97.22352941,89.05882353,29.2493,38.1689,,,-0.107688796,-0.184255154,-0.025755047,0.460283466
11152000,0.842573749,26.19880577,304,0,1,44,479,1.089670035,0.261796344,1,1,38.563747,1.45200031,1,44,297,25.5989563,98.91358025,96.98765432,86.7654321,2.07,625.1,80.89,63.9,60.5,663.8,2.9,0.654,1.03,5,2.35,38.3,10.02,3.14,20.17,34.81,45.02,759.1,1785,113,0.387,34.7,-0.132,0.991,16.53,3.41,17.294107,5.363984674,98.93764434,97.18244804,87.57505774,14.91749383,22.51871701,14.97461206,10.20955047,-0.106418682,-0.184356043,-0.025092694,0.456406466
11114495,1.50354796,31.6,310.1,65.4,2,52.8,424,1.032192127,0.122728992,1,1,99.929207,1.004411539,1,52.8,310.8,31.6,98.01488834,97.3325062,95.03722084,2.46,124.3,88.3,49.7,35.9,606.1,3.8,0.706,1.05,4,1.37,38.6,9.71,1.12,21.93,42.54,35.53,1162,1835,429,0.521,38.3,-0.875,0.484,7.21,23.87,13.969926,71.18644068,98.01242236,97.32919255,95.0310559,72.44200871,74.63990346,91.62960579,77.48479485,0.109225139,-0.198628136,-0.101844596,0.531856898
11153000,0.106357795,7.4963147,91.5,75.7,2,79,496,1.034789406,0.117717174,1,1,27.540676,2.080203017,1,79,75.2,7.4963147,96.36363636,91.44385027,98.85026738,1.11,375.4,52.87,62.6,46.9,835.2,1.3,0.643,1.11,5,1.85,28.4,10.45,2.08,24.44,44.87,30.7,424.1,1045,74,0.363,20.9,-0.996,-0.088,9.17,7.02,15.589845,70.21276596,96.35568513,88.43537415,98.9552964,9.778177304,9.362972829,,,-0.052327164,-0.176531456,-0.080735722,0.628460483
11169800,0.247234165,11.59850167,71.5,0,2,47.88916667,493,1.0303639,0.095371823,1,1,36.191218,1.399114615,1,47.88916667,62,10.49995265,93.94697349,95.54777389,94.19709855,1.22,282.9,60.85,63.3,56.7,817.9,1.8,0.626,0.99,4,1.41,31.7,10.98,2.22,23.01,45.71,31.28,604,1101,244,0.421,25.6,-0.968,-0.251,8.67,8.1,15.108,5.238095238,94.36947417,95.71893904,94.60214053,13.56218898,17.84697773,,,-0.082744059,-0.225169293,-0.088574681,0.566077478
11063510,1.495206477,6.799962119,44.9,0,2,20,186,1.006377456,0.047585509,1,1,75.044644,1.007263416,1,20,43.9,6.799925641,83.38538413,80.19987508,57.02685821,2.04,144.5,66.42,46,40.7,690.4,4.5,0.635,0.96,4,1.54,50.7,9.96,6.14,10.54,26.94,62.52,1273.4,2542,794,0.272,22.4,-0.728,0.686,7.51,15.53,18.45637,14.11290323,82.90697674,78.6627907,58.72093023,20.60685912,23.61986159,74.67695502,36.88442907,-0.009704062,-0.01753329,-0.004633778,0.798144832
10257600,0.451118337,10.49207523,15.1,0,1,1.978333333,743,1.030344732,0.233713931,1,1,70.099582,0.942865524,1,1.978333333,14.8,10.19247046,70.83333333,91.38513514,2.364864865,1.68,92.9,55.02,38.1,39.9,737.5,7.4,0.582,0.91,3,1.32,44,9.6,5.01,12.16,30.05,57.78,1746.6,2915,731,0.466,38.3,-0.947,0.322,20.9,1.08,18.430912,13.04347826,68.18893528,90.08350731,2.870563674,34.09728829,40.43799785,21.86157158,3.477933262,-0.065405744,-0.143502026,-0.004785318,0.459862484
