AntecedentPrecip_mm,SeasonFlag,DaysSinceFire,D1,CoefVar,RainedPercent,WYT,burnedarea_per,fire_centers,burnedStormoverlap,burned_storm_depth_per,burned_storm_int_per,burnedStormDur,BAS_COMPACTNESS,DRAIN_SQKM,PPTAVG_BASIN,RH_BASIN,WD_BASIN,PET,PRECIP_SEAS_IND,STREAMS_KM_SQ_KM,STRAHLER_MAX,MAINSTEM_SINUOUSITY,BFI_AVE,TOPWET,PERMAVE,ELEV_MEAN_M_BASIN,RRMEAN,SLOPE_PCT,ASPECT_NORTHNESS,ASPECT_EASTNESS,AvgMonthly_temp_DegC,AvgMonthly_Precip_cm,riparian_area_per,fire_intersect_percent_m_h,PeakMultiplier,GAGE_ID
93,2,129,0.982716205,0.122603852,1,1,84.009376,1.028498129,1,79.2,83.50769231,29.94138889,2.27,50.5,78.15,44,42.4,729.1,0.609,1.21,3,1.35,32.7,9.72,5.91,1197,0.48,34.4,-0.802,-0.597,8.44,15.03,21.01686,59.36613861,1.088235294,11055800
0,2,798,1.002248172,0.124992476,1,1,84.009376,1.028498129,1,84.49230769,90.09230769,16.66666667,2.27,50.5,78.15,44,42.4,729.1,0.609,1.21,3,1.35,32.7,9.72,5.91,1197,0.48,34.4,-0.802,-0.597,6.9,9.23,21.01686,59.36613861,0.346938776,11055800
43.4,2,799,1.077728881,0.21311175,1,1,84.009376,1.028498129,1,96.52307692,98.33846154,35,2.27,50.5,78.15,44,42.4,729.1,0.609,1.21,3,1.35,32.7,9.72,5.91,1197,0.48,34.4,-0.802,-0.597,6.33,15.75,21.01686,59.36613861,3,11055800
7.4,2,874,1.03360918,0.129984635,1,1,84.009376,1.028498129,1,63.16923077,64.36923077,17.92861111,2.27,50.5,78.15,44,42.4,729.1,0.609,1.21,3,1.35,32.7,9.72,5.91,1197,0.48,34.4,-0.802,-0.597,8.44,15.03,21.01686,59.36613861,1.141975309,11055800
0.1,2,885,1.060896612,0.183012945,1,1,84.009376,1.028498129,1,88.27692308,83.93846154,19.875,2.27,50.5,78.15,44,42.4,729.1,0.609,1.21,3,1.35,32.7,9.72,5.91,1197,0.48,34.4,-0.802,-0.597,8.44,15.03,21.01686,59.36613861,15,11055800
1.9,2,1579,1.041046591,0.152093011,1,1,84.009376,1.028498129,1,81.66153846,86.64615385,17.5,2.27,50.5,78.15,44,42.4,729.1,0.609,1.21,3,1.35,32.7,9.72,5.91,1197,0.48,34.4,-0.802,-0.597,7.24,17.52,21.01686,59.36613861,0.270044053,11055800
35,2,1580,1.076884064,0.222565285,1,1,84.009376,1.028498129,1,89.04615385,79.01538462,42,2.27,50.5,78.15,44,42.4,729.1,0.609,1.21,3,1.35,32.7,9.72,5.91,1197,0.48,34.4,-0.802,-0.597,7.24,17.52,21.01686,59.36613861,0.132384546,11055800
93.5,2,1582,1.080343453,0.225510659,1,1,84.009376,1.028498129,1,79.78461538,67.44615385,32,2.27,50.5,78.15,44,42.4,729.1,0.609,1.21,3,1.35,32.7,9.72,5.91,1197,0.48,34.4,-0.802,-0.597,7.24,17.52,21.01686,59.36613861,0.961832061,11055800
27,2,91,1.014382952,0.059445527,1,0,22.469984,1.304360211,1,96.35854342,86.36788049,32.5,1.63,56,106,64.2,74.7,734.4,0.619,0.66,2,1.24,27,11.09,1.2,220.7,0.248,12.2,0.779,-0.627,8.29,21.98,16.615901,1.523571429,0.688073394,11466170
27.8,2,454,1.034672374,0.100951567,1,1,22.469984,1.304360211,1,96.49859944,97.99253035,14.9525,1.63,56,106,64.2,74.7,734.4,0.619,0.66,2,1.24,27,11.09,1.2,220.7,0.248,12.2,0.779,-0.627,8.29,21.98,16.615901,1.523571429,1.30628224,11466170
57.7,2,482,1.023228761,0.082556671,1,1,22.469984,1.304360211,1,86.92810458,89.68253968,40.9725,1.63,56,106,64.2,74.7,734.4,0.619,0.66,2,1.24,27,11.09,1.2,220.7,0.248,12.2,0.779,-0.627,9.94,19.59,16.615901,1.523571429,0.833723653,11466170
227,2,509,1.003166968,0.06213771,1,1,22.469984,1.304360211,1,73.06255836,90.24276377,9.5,1.63,56,106,64.2,74.7,734.4,0.619,0.66,2,1.24,27,11.09,1.2,220.7,0.248,12.2,0.779,-0.627,11.24,15.8,16.615901,1.523571429,0.70035461,11466170
81.4,2,534,0.972893715,0.111313759,1,1,22.469984,1.304360211,1,57.60971055,76.84407096,3.933333333,1.63,56,106,64.2,74.7,734.4,0.619,0.66,2,1.24,27,11.09,1.2,220.7,0.248,12.2,0.779,-0.627,11.24,15.8,16.615901,1.523571429,2.952602953,11466170
110.2,2,1528,1.045480186,0.10944484,1,1,22.469984,1.304360211,1,83.82352941,64.14565826,19,1.63,56,106,64.2,74.7,734.4,0.619,0.66,2,1.24,27,11.09,1.2,220.7,0.248,12.2,0.779,-0.627,8.78,16.02,16.615901,1.523571429,1.979345955,11466170
18.1,1,84,0.99683691,0.190884967,1,1,75.667468,0.940114363,1,95.6405694,85.9430605,54.5,2.64,57.5,157.25,64.1,149.6,492.3,0.401,0.84,3,1.26,78.7,9.59,6.55,1477.3,0.381,24.7,-0.096,0.995,6.45,14.53,17.677713,46.90643478,1.331395349,14092750
22.7,2,1636,1.047274551,0.112593084,1,1,50.900245,0.591991427,1,90.52352551,92.44532803,25.85722222,1.62,58.2,51.93,53.2,38.8,797.9,0.625,1,3,1.16,28.6,11.16,2.59,653.6,0.433,13,-0.467,-0.884,13.53,3.36,15.624757,11.12010309,0.292740047,11027000
31.8,2,75,1.023248631,0.110170893,1,1,36.53273,0.507830697,1,91.77505738,81.10175976,35,2.11,67.8,40.34,64.9,35,816,0.655,0.95,3,1.15,23,11.12,2.52,187.1,0.264,14.1,-0.987,-0.159,12.99,9.03,16.06083,11.96150442,0.261087866,11046100
25.4,2,96,1.042892966,0.131483531,1,1,36.53273,0.507830697,1,93.07574598,73.14460597,42.9,2.11,67.8,40.34,64.9,35,816,0.655,0.95,3,1.15,23,11.12,2.52,187.1,0.264,14.1,-0.987,-0.159,12.99,9.03,16.06083,11.96150442,0.369159693,11046100
31.4,2,914,1.037907938,0.143413948,1,1,61.385841,1.075061642,1,89.9106478,73.41772152,29,2.11,67.8,40.34,64.9,35,816,0.655,0.95,3,1.15,23,11.12,2.52,187.1,0.264,14.1,-0.987,-0.159,12.99,9.03,16.06083,3.734070796,0.192468619,11046100
47.1,1,60,0.999114666,0.096324416,1,0,5.210638,0.317886659,1,92.71438531,97.09504997,30,2.89,69.7,280.14,69.5,183.8,547.9,0.415,0.56,3,1.26,63.9,9.23,2.35,1300.6,0.457,58.3,0.676,-0.737,5.37,25.6,13.27064,4.119081779,2.454083988,12178100
51.7,1,799,1.006486266,0.058904866,1,1,5.210638,0.317886659,1,97.49012317,98.86125959,62.5,2.89,69.7,280.14,69.5,183.8,547.9,0.415,0.56,3,1.26,63.9,9.23,2.35,1300.6,0.457,58.3,0.676,-0.737,5.37,25.6,13.27064,4.119081779,1.283687943,12178100
42.1,2,268,1.040656511,0.144515403,1,0,12.563615,1.632601188,1,87.89215686,95.49019608,27.92333333,1.76,71,84.62,68.1,68.6,691.1,0.629,0.85,3,1.21,34.5,10.12,2.59,305.2,0.333,21,-0.996,-0.089,10.55,16.18,16.438445,6.346901408,0.593333333,11159200
0,2,277,1.094359391,0.286927718,1,0,12.563615,1.632601188,1,92.79411765,92.05882353,49.66666667,1.76,71,84.62,68.1,68.6,691.1,0.629,0.85,3,1.21,34.5,10.12,2.59,305.2,0.333,21,-0.996,-0.089,10.55,16.18,16.438445,6.346901408,13.44444444,11159200
29.2,2,285,1.116036354,0.348123835,1,0,12.563615,1.632601188,1,67.45098039,69.26470588,11.5,1.76,71,84.62,68.1,68.6,691.1,0.629,0.85,3,1.21,34.5,10.12,2.59,305.2,0.333,21,-0.996,-0.089,11.51,14.9,16.438445,6.346901408,11.73939394,11159200
55.1,2,286,1.079009679,0.230507778,1,0,12.563615,1.632601188,1,86.56862745,84.26470588,29.9,1.76,71,84.62,68.1,68.6,691.1,0.629,0.85,3,1.21,34.5,10.12,2.59,305.2,0.333,21,-0.996,-0.089,11.51,14.9,16.438445,6.346901408,4.287671233,11159200
81.4,2,570,1.064407417,0.187015519,1,1,12.563615,1.632601188,1,87.10784314,74.60784314,35.97694444,1.76,71,84.62,68.1,68.6,691.1,0.629,0.85,3,1.21,34.5,10.12,2.59,305.2,0.333,21,-0.996,-0.089,10.19,12.34,16.438445,6.346901408,0.306705511,11159200
76.5,2,607,1.087103869,0.25761191,1,1,12.563615,1.632601188,1,99.11764706,97.99019608,67,1.76,71,84.62,68.1,68.6,691.1,0.629,0.85,3,1.21,34.5,10.12,2.59,305.2,0.333,21,-0.996,-0.089,9.86,16.46,16.438445,6.346901408,0.264285714,11159200
302,2,611,1.085189604,0.248062769,1,1,12.563615,1.632601188,1,70.34313725,81.2254902,11.75,1.76,71,84.62,68.1,68.6,691.1,0.629,0.85,3,1.21,34.5,10.12,2.59,305.2,0.333,21,-0.996,-0.089,9.86,16.46,16.438445,6.346901408,2.153440367,11159200
92.4,2,614,1.070952389,0.210086377,1,1,12.563615,1.632601188,1,74.3627451,63.03921569,36.875,1.76,71,84.62,68.1,68.6,691.1,0.629,0.85,3,1.21,34.5,10.12,2.59,305.2,0.333,21,-0.996,-0.089,9.86,16.46,16.438445,6.346901408,0.868965517,11159200
22.9,2,624,1.144710658,0.43515284,1,1,12.563615,1.632601188,1,85.98039216,85.19607843,16,1.76,71,84.62,68.1,68.6,691.1,0.629,0.85,3,1.21,34.5,10.12,2.59,305.2,0.333,21,-0.996,-0.089,10.55,16.18,16.438445,6.346901408,2.602941176,11159200
2.7,2,641,1.048812599,0.153656917,1,1,12.563615,1.632601188,1,60.53921569,51.56862745,17,1.76,71,84.62,68.1,68.6,691.1,0.629,0.85,3,1.21,34.5,10.12,2.59,305.2,0.333,21,-0.996,-0.089,10.55,16.18,16.438445,6.346901408,4.515384615,11159200
22.8,2,643,1.031336557,0.114402363,1,1,12.563615,1.632601188,1,87.25490196,77.64705882,31.9,1.76,71,84.62,68.1,68.6,691.1,0.629,0.85,3,1.21,34.5,10.12,2.59,305.2,0.333,21,-0.996,-0.089,10.55,16.18,16.438445,6.346901408,1.183098592,11159200
85.9,2,650,1.031088835,0.10857102,1,1,12.563615,1.632601188,1,76.59313725,83.92156863,8.75,1.76,71,84.62,68.1,68.6,691.1,0.629,0.85,3,1.21,34.5,10.12,2.59,305.2,0.333,21,-0.996,-0.089,11.51,14.9,16.438445,6.346901408,0.854545455,11159200
16.1,2,660,1.131943408,0.373467091,1,1,12.563615,1.632601188,1,73.1127451,65.53921569,9.75,1.76,71,84.62,68.1,68.6,691.1,0.629,0.85,3,1.21,34.5,10.12,2.59,305.2,0.333,21,-0.996,-0.089,11.51,14.9,16.438445,6.346901408,0.853146853,11159200
22.1,2,683,1.092669062,0.259748837,1,1,12.563615,1.632601188,1,87.57352941,91.42156863,26.5,1.76,71,84.62,68.1,68.6,691.1,0.629,0.85,3,1.21,34.5,10.12,2.59,305.2,0.333,21,-0.996,-0.089,13.16,5.22,16.438445,6.346901408,0.988893912,11159200
7.5,2,706,1.098911327,0.278608485,1,1,12.563615,1.632601188,1,58.70098039,49.11764706,11.85722222,1.76,71,84.62,68.1,68.6,691.1,0.629,0.85,3,1.21,34.5,10.12,2.59,305.2,0.333,21,-0.996,-0.089,13.16,5.22,16.438445,6.346901408,3.010526316,11159200
10.4,2,940,1.087664545,0.245580667,1,1,12.563615,1.632601188,1,98.92156863,83.28431373,69.8,1.76,71,84.62,68.1,68.6,691.1,0.629,0.85,3,1.21,34.5,10.12,2.59,305.2,0.333,21,-0.996,-0.089,10.19,12.34,16.438445,6.346901408,0.3065,11159200
241.1,2,944,1.096851217,0.272819195,1,1,12.563615,1.632601188,1,70.98039216,57.94117647,27,1.76,71,84.62,68.1,68.6,691.1,0.629,0.85,3,1.21,34.5,10.12,2.59,305.2,0.333,21,-0.996,-0.089,10.19,12.34,16.438445,6.346901408,0.723507876,11159200
42.3,2,948,1.049523663,0.148480094,1,1,12.563615,1.632601188,1,83.03921569,93.43137255,13.83333333,1.76,71,84.62,68.1,68.6,691.1,0.629,0.85,3,1.21,34.5,10.12,2.59,305.2,0.333,21,-0.996,-0.089,10.19,12.34,16.438445,6.346901408,4.523506989,11159200
87.1,2,955,1.054654866,0.163464498,1,1,12.563615,1.632601188,1,84.19117647,76.61764706,36,1.76,71,84.62,68.1,68.6,691.1,0.629,0.85,3,1.21,34.5,10.12,2.59,305.2,0.333,21,-0.996,-0.089,9.86,16.46,16.438445,6.346901408,1.008669118,11159200
72.5,2,1002,1.083251533,0.249540169,1,1,12.563615,1.632601188,1,93.92156863,94.65686275,51.75,1.76,71,84.62,68.1,68.6,691.1,0.629,0.85,3,1.21,34.5,10.12,2.59,305.2,0.333,21,-0.996,-0.089,10.55,16.18,16.438445,6.346901408,0.273012552,11159200
23.2,2,1009,1.105708742,0.297628312,1,1,12.563615,1.632601188,1,93.1372549,83.38235294,23.5,1.76,71,84.62,68.1,68.6,691.1,0.629,0.85,3,1.21,34.5,10.12,2.59,305.2,0.333,21,-0.996,-0.089,10.55,16.18,16.438445,6.346901408,11.14503817,11159200
24.6,2,1028,1.053945393,0.159132241,1,1,12.563615,1.632601188,1,55.41666667,32.69607843,27,1.76,71,84.62,68.1,68.6,691.1,0.629,0.85,3,1.21,34.5,10.12,2.59,305.2,0.333,21,-0.996,-0.089,11.51,14.9,16.438445,6.346901408,5.883333333,11159200
40.7,2,1031,1.05469156,0.162005248,1,1,12.563615,1.632601188,1,97.99019608,89.06862745,79,1.76,71,84.62,68.1,68.6,691.1,0.629,0.85,3,1.21,34.5,10.12,2.59,305.2,0.333,21,-0.996,-0.089,11.51,14.9,16.438445,6.346901408,0.944047619,11159200
0,2,1338,1.085152508,0.241327013,1,1,12.563615,1.632601188,1,97.69607843,99.01960784,51,1.76,71,84.62,68.1,68.6,691.1,0.629,0.85,3,1.21,34.5,10.12,2.59,305.2,0.333,21,-0.996,-0.089,9.86,16.46,16.438445,6.346901408,1.079104478,11159200
183,2,1341,1.095010808,0.268446666,1,1,12.563615,1.632601188,1,86.2745098,86.37254902,29.66666667,1.76,71,84.62,68.1,68.6,691.1,0.629,0.85,3,1.21,34.5,10.12,2.59,305.2,0.333,21,-0.996,-0.089,9.86,16.46,16.438445,6.346901408,1.534438106,11159200
109.2,2,1395,1.093186093,0.263473823,1,1,12.563615,1.632601188,1,89.46078431,94.75490196,17,1.76,71,84.62,68.1,68.6,691.1,0.629,0.85,3,1.21,34.5,10.12,2.59,305.2,0.333,21,-0.996,-0.089,11.51,14.9,16.438445,6.346901408,1.328947368,11159200
43.9,2,1406,1.111361152,0.317937932,1,1,12.563615,1.632601188,1,85.93137255,87.84313725,27.5,1.76,71,84.62,68.1,68.6,691.1,0.629,0.85,3,1.21,34.5,10.12,2.59,305.2,0.333,21,-0.996,-0.089,11.51,14.9,16.438445,6.346901408,0.93427098,11159200
36,2,1653,1.076884232,0.227820372,1,1,12.563615,1.632601188,1,97.15686275,95.98039216,40,1.76,71,84.62,68.1,68.6,691.1,0.629,0.85,3,1.21,34.5,10.12,2.59,305.2,0.333,21,-0.996,-0.089,13.12,11.48,16.438445,6.346901408,6.62295082,11159200
195.9,2,1655,1.083017014,0.235175371,1,1,12.563615,1.632601188,1,96.54411765,95.14705882,33.5,1.76,71,84.62,68.1,68.6,691.1,0.629,0.85,3,1.21,34.5,10.12,2.59,305.2,0.333,21,-0.996,-0.089,10.19,12.34,16.438445,6.346901408,1.267605634,11159200
106.5,2,466,1.073597045,0.160133533,1,1,37.41514,,1,97.33606557,95.49180328,39,1.19,73.8,63.62,64.2,39.5,751,0.688,1.15,4,1.4,24.8,11.06,2.09,511,0.283,19,-0.632,-0.775,10.49,13.31,18.11282,5.613414634,0.705598074,11128250
19.9,2,525,1.05690073,0.135441902,1,1,37.41514,,1,96.58469945,89.3442623,38.5,1.19,73.8,63.62,64.2,39.5,751,0.688,1.15,4,1.4,24.8,11.06,2.09,511,0.283,19,-0.632,-0.775,11.66,13.59,18.11282,5.613414634,28.54545455,11128250
30.5,2,1194,1.044207067,0.099561042,1,1,37.41514,,1,82.34289617,65.23224044,51,1.19,73.8,63.62,64.2,39.5,751,0.688,1.15,4,1.4,24.8,11.06,2.09,511,0.283,19,-0.632,-0.775,10.49,13.31,18.11282,5.613414634,2.15,11128250
96.9,2,1608,1.061067933,0.165712014,1,1,37.41514,,1,79.03005464,80.25956284,16.97583333,1.19,73.8,63.62,64.2,39.5,751,0.688,1.15,4,1.4,24.8,11.06,2.09,511,0.283,19,-0.632,-0.775,10.9,15.25,18.11282,5.613414634,16.66666667,11128250
6.6,1,84,1.109110051,0.210916228,1,0,9.554376,1.58693339,1,88.68739206,63.2412205,33.5,0.97,74.3,66.99,52.1,75.1,523.8,0.117,0.82,2,1.82,55.8,9.43,4.38,2553,0.424,25.3,-0.048,-0.999,13.06,4.73,20.493111,3.148183042,0.789699571,9183500
6,1,132,1.143791415,0.270555672,1,1,9.554376,1.58693339,1,81.96603339,72.94185377,11.96777778,0.97,74.3,66.99,52.1,75.1,523.8,0.117,0.82,2,1.82,55.8,9.43,4.38,2553,0.424,25.3,-0.048,-0.999,7.27,6.93,20.493111,3.148183042,1.541617052,9183500
23.4,1,61,1.045668057,0.228697564,1,1,17.374893,0.678045527,1,76.53782701,95.73415037,3.974444444,2.27,78.6,73.93,49.1,74.6,399.9,0.115,0.4,2,1.21,73.1,9.46,3.82,2909.1,0.463,34.2,0.36,-0.933,14.07,10.23,13.3997,8.567175573,1.884816754,8294195
30.8,1,78,1.042666416,0.293780392,1,1,17.374893,0.678045527,1,72.2955456,86.23615366,13,2.27,78.6,73.93,49.1,74.6,399.9,0.115,0.4,2,1.21,73.1,9.46,3.82,2909.1,0.463,34.2,0.36,-0.933,10.91,5.82,13.3997,8.567175573,4.507251077,8294195
46.9,1,387,0.939022438,0.304082098,1,1,17.374893,0.678045527,1,77.0798963,94.48503417,3.966666667,2.27,78.6,73.93,49.1,74.6,399.9,0.115,0.4,2,1.21,73.1,9.46,3.82,2909.1,0.463,34.2,0.36,-0.933,15.09,10.1,13.3997,8.567175573,0.942408377,8294195
78.9,1,397,1.043001341,0.345542334,1,1,17.374893,0.678045527,1,89.30002357,89.13504596,12.5,2.27,78.6,73.93,49.1,74.6,399.9,0.115,0.4,2,1.21,73.1,9.46,3.82,2909.1,0.463,34.2,0.36,-0.933,15.09,10.1,13.3997,8.567175573,1.714285714,8294195
0.4,2,142,1.078808368,0.251024485,1,1,14.041929,0.918572705,1,98.71794872,95.51282051,72.85722222,0.81,83.6,90.33,49.8,53.3,682.5,0.643,1.21,3,1.12,50,9.57,6.38,1477.5,0.443,40.8,-0.829,-0.56,6.54,20.46,20.142177,3.695813397,1.2998679,11073300
0,2,155,1.069449152,0.237060335,1,1,14.041929,0.918572705,1,84.68660969,84.11680912,31,0.81,83.6,90.33,49.8,53.3,682.5,0.643,1.21,3,1.12,50,9.57,6.38,1477.5,0.443,40.8,-0.829,-0.56,6.54,20.46,20.142177,3.695813397,1.270788913,11073300
28.3,2,799,1.106213208,0.32026556,1,1,30.521869,0.844669747,1,81.2542604,83.9127471,34.5,0.81,83.6,90.33,49.8,53.3,682.5,0.643,1.21,3,1.12,50,9.57,6.38,1477.5,0.443,40.8,-0.829,-0.56,6.43,18.88,20.142177,18.93767943,2.636645963,11073300
3.5,2,1213,1.070457641,0.232882019,1,0,30.521869,0.844669747,1,73.44921609,77.70961145,20.5,0.81,83.6,90.33,49.8,53.3,682.5,0.643,1.21,3,1.12,50,9.57,6.38,1477.5,0.443,40.8,-0.829,-0.56,6.54,20.46,20.142177,18.93767943,2.663316583,11073300
0,2,1497,1.086143096,0.255621679,1,1,30.521869,0.844669747,1,83.29925017,74.16496251,19.75,0.81,83.6,90.33,49.8,53.3,682.5,0.643,1.21,3,1.12,50,9.57,6.38,1477.5,0.443,40.8,-0.829,-0.56,9.71,6.03,20.142177,18.93767943,4.022234098,11073300
160.2,2,1554,1.104401992,0.30972003,1,1,30.521869,0.844669747,1,93.45603272,82.54942059,58.75,0.81,83.6,90.33,49.8,53.3,682.5,0.643,1.21,3,1.12,50,9.57,6.38,1477.5,0.443,40.8,-0.829,-0.56,6.43,18.88,20.142177,18.93767943,1.335338346,11073300
20.9,2,506,1.016610267,0.059675597,1,1,19.694249,2.110868413,1,88.06541406,88.23938761,18,0.98,85.3,58.44,66.4,39.6,749.9,0.68,0.97,3,1.28,24.6,11.29,2.31,443.7,0.254,20,-0.839,-0.544,11.04,13.89,15.248683,1.44021102,6.090909091,11129800
17,2,525,1.066834283,0.129849569,1,1,19.694249,2.110868413,1,96.03340292,86.91718859,38.5,0.98,85.3,58.44,66.4,39.6,749.9,0.68,0.97,3,1.28,24.6,11.29,2.31,443.7,0.254,20,-0.839,-0.544,11.75,12.6,15.248683,1.44021102,2.625,11129800
45.6,2,543,1.066944226,0.132026173,1,1,19.694249,2.110868413,1,94.98956159,91.37091162,32,0.98,85.3,58.44,66.4,39.6,749.9,0.68,0.97,3,1.28,24.6,11.29,2.31,443.7,0.254,20,-0.839,-0.544,11.75,12.6,15.248683,1.44021102,4.96875,11129800
8.4,2,1170,0.984361199,0.06388494,1,1,19.694249,2.110868413,1,96.31176061,76.61795407,96.85722222,0.98,85.3,58.44,66.4,39.6,749.9,0.68,0.97,3,1.28,24.6,11.29,2.31,443.7,0.254,20,-0.839,-0.544,10.71,7.97,15.248683,1.44021102,1.28125,11129800
30.5,2,1213,1.004771032,0.071456577,1,1,19.694249,2.110868413,1,88.23938761,74.04314544,64.975,0.98,85.3,58.44,66.4,39.6,749.9,0.68,0.97,3,1.28,24.6,11.29,2.31,443.7,0.254,20,-0.839,-0.544,10.42,11.75,15.248683,1.44021102,3.727272727,11129800
346.6,2,1595,1.045288684,0.087254498,1,1,19.694249,2.110868413,1,98.12108559,94.43284621,48.8,0.98,85.3,58.44,66.4,39.6,749.9,0.68,0.97,3,1.28,24.6,11.29,2.31,443.7,0.254,20,-0.839,-0.544,11.04,13.89,15.248683,1.44021102,20.54852321,11129800
95.4,2,171,1.013335381,0.08587029,1,1,5.29932,0.732504198,1,99.51219512,97.88617886,70.99222222,1.68,85.5,40.9,59,33,853.1,0.666,0.86,3,1.19,26.7,10.3,3.33,405.4,0.415,18.9,-0.922,0.386,12.79,9.41,15.319151,2.867368421,2.843788169,11044800
16.4,2,202,1.003000491,0.114941694,1,1,5.29932,0.732504198,1,69.63414634,83.65853659,16.5,1.68,85.5,40.9,59,33,853.1,0.666,0.86,3,1.19,26.7,10.3,3.33,405.4,0.415,18.9,-0.922,0.386,13.04,7.5,15.319151,2.867368421,1.632189239,11044800
38.4,2,203,0.954629813,0.128637638,1,1,5.29932,0.732504198,1,94.22764228,75.6097561,84,1.68,85.5,40.9,59,33,853.1,0.666,0.86,3,1.19,26.7,10.3,3.33,405.4,0.415,18.9,-0.922,0.386,13.04,7.5,15.319151,2.867368421,1.285714286,11044800
13.1,2,430,0.998456051,0.080231927,1,1,5.29932,0.732504198,1,83.49593496,88.04878049,22.90916667,1.68,85.5,40.9,59,33,853.1,0.666,0.86,3,1.19,26.7,10.3,3.33,405.4,0.415,18.9,-0.922,0.386,15.7,2.85,15.319151,2.867368421,0.125,11044800
17.5,2,899,1.014010661,0.08822605,1,1,5.29932,0.732504198,1,96.66666667,85.04065041,45.83333333,1.68,85.5,40.9,59,33,853.1,0.666,0.86,3,1.19,26.7,10.3,3.33,405.4,0.415,18.9,-0.922,0.386,12.79,9.41,15.319151,2.867368421,5.948356164,11044800
8.2,2,912,0.963203653,0.175656889,1,1,5.29932,0.732504198,1,27.11382114,45.69105691,6,1.68,85.5,40.9,59,33,853.1,0.666,0.86,3,1.19,26.7,10.3,3.33,405.4,0.415,18.9,-0.922,0.386,13.04,7.5,15.319151,2.867368421,0.916334661,11044800
83.6,2,915,0.98973594,0.12162703,1,1,5.29932,0.732504198,1,73.29268293,64.79674797,27.8,1.68,85.5,40.9,59,33,853.1,0.666,0.86,3,1.19,26.7,10.3,3.33,405.4,0.415,18.9,-0.922,0.386,13.04,7.5,15.319151,2.867368421,1.352634237,11044800
33.8,2,1269,1.005750367,0.081834548,1,1,5.29932,0.732504198,1,98.45528455,87.15447154,100,1.68,85.5,40.9,59,33,853.1,0.666,0.86,3,1.19,26.7,10.3,3.33,405.4,0.415,18.9,-0.922,0.386,12.79,9.41,15.319151,2.867368421,4.109589041,11044800
11,2,483,1.082450761,0.18105897,1,1,98.034239,1.017024877,1,96.48493544,81.68340507,42.8,1.9,87.1,62.38,62.8,59.5,791,0.574,1.07,3,1.31,29.5,10.31,2.21,814.2,0.599,26.7,-0.303,-0.953,8.19,8.49,17.898739,27.85556831,0.232352941,11172945
26.6,2,846,1.037312662,0.081900925,1,1,98.034239,1.017024877,1,98.85222382,99.52175992,50.66666667,1.9,87.1,62.38,62.8,59.5,791,0.574,1.07,3,1.31,29.5,10.31,2.21,814.2,0.599,26.7,-0.303,-0.953,8.19,8.49,17.898739,27.85556831,4.996272889,11172945
0,2,863,1.028458026,0.063021278,1,1,98.034239,1.017024877,1,94.06982305,90.57867049,22.95833333,1.9,87.1,62.38,62.8,59.5,791,0.574,1.07,3,1.31,29.5,10.31,2.21,814.2,0.599,26.7,-0.303,-0.953,8.19,8.49,17.898739,27.85556831,15.74106199,11172945
1.1,2,150,1.016329295,0.080371918,1,1,83.630661,1.091927993,1,98.69626498,91.57857646,54.5,1.24,93,61.67,39.9,60.5,779.9,0.144,0.7,3,1.58,36,10.05,2.68,1496.5,0.503,27.8,0.203,-0.979,7.84,4.83,16.736963,26.68935484,1.674712121,9508300
0,2,216,1.039556197,0.126197395,1,1,83.630661,1.091927993,1,98.13248767,94.08033827,25.5,1.24,93,61.67,39.9,60.5,779.9,0.144,0.7,3,1.58,36,10.05,2.68,1496.5,0.503,27.8,0.203,-0.979,3.78,7.12,16.736963,26.68935484,2.564768446,9508300
25.7,2,231,1.05349702,0.141937582,1,1,83.630661,1.091927993,1,99.64763918,87.24453841,60.83333333,1.24,93,61.67,39.9,60.5,779.9,0.144,0.7,3,1.58,36,10.05,2.68,1496.5,0.503,27.8,0.203,-0.979,5.2,6.96,16.736963,26.68935484,0.931246399,9508300
37.4,2,240,1.030437735,0.090575257,1,1,83.630661,1.091927993,1,95.13742072,95.06694856,14.88916667,1.24,93,61.67,39.9,60.5,779.9,0.144,0.7,3,1.58,36,10.05,2.68,1496.5,0.503,27.8,0.203,-0.979,5.2,6.96,16.736963,26.68935484,3.810046669,9508300
0,2,303,1.054583529,0.151788986,1,1,83.630661,1.091927993,1,95.9478506,96.05355884,19.66666667,1.24,93,61.67,39.9,60.5,779.9,0.144,0.7,3,1.58,36,10.05,2.68,1496.5,0.503,27.8,0.203,-0.979,11.42,3,16.736963,26.68935484,1.438450899,9508300
30.1,2,1642,1.086649765,0.233411259,1,1,83.630661,1.091927993,1,79.42212826,62.47357294,14,1.24,93,61.67,39.9,60.5,779.9,0.144,0.7,3,1.58,36,10.05,2.68,1496.5,0.503,27.8,0.203,-0.979,4.27,5.36,16.736963,26.68935484,0.723611111,9508300
20.2,2,1645,1.063690036,0.178041901,1,1,83.630661,1.091927993,1,97.1106413,90.20436927,35,1.24,93,61.67,39.9,60.5,779.9,0.144,0.7,3,1.58,36,10.05,2.68,1496.5,0.503,27.8,0.203,-0.979,4.27,5.36,16.736963,26.68935484,5.689441887,9508300
0,2,1690,1.038957819,0.108436383,1,1,83.630661,1.091927993,1,99.40098661,89.49964764,55.93333333,1.24,93,61.67,39.9,60.5,779.9,0.144,0.7,3,1.58,36,10.05,2.68,1496.5,0.503,27.8,0.203,-0.979,5.2,6.96,16.736963,26.68935484,1.785559965,9508300
0,1,555,1.101204412,0.206079919,1,1,20.124733,1.609944458,1,90.49295775,88.38028169,60,1.81,95.3,148.47,60,80.8,774.8,0.621,0.7,3,1.52,33.3,10.94,1.18,804.1,0.359,20,0.851,-0.526,9.33,21.02,16.804113,10.69045121,0.5,11449500
76.3,1,901,1.058120823,0.170400383,1,0,20.124733,1.609944458,1,64.34859155,62.54401408,11.83333333,1.81,95.3,148.47,60,80.8,774.8,0.621,0.7,3,1.52,33.3,10.94,1.18,804.1,0.359,20,0.851,-0.526,9.33,21.02,16.804113,10.69045121,2.088888889,11449500
24.8,2,176,1.043314118,0.133894475,1,0,18.940755,1.81859973,1,67.00069109,72.42570836,10,2.67,103.3,67.78,49.9,39.1,708.5,0.693,1.18,4,1.59,40.1,9.58,1.4,996,0.437,34.4,-0.944,-0.329,8.56,17.65,15.259699,14.70493708,1.492537313,11113500
41.4,2,423,1.041791911,0.12638524,1,1,85.14101,0.938475197,1,95.30612245,95.85034014,29.75,2.67,103.3,67.78,49.9,39.1,708.5,0.693,1.18,4,1.59,40.1,9.58,1.4,996,0.437,34.4,-0.944,-0.329,8.56,17.65,15.259699,37.52207164,0.411184211,11113500
21.4,2,723,1.029311632,0.123200186,1,1,85.14101,0.938475197,1,85.17006803,95.10204082,8.928611111,2.67,103.3,67.78,49.9,39.1,708.5,0.693,1.18,4,1.59,40.1,9.58,1.4,996,0.437,34.4,-0.944,-0.329,11.8,5.06,15.259699,37.52207164,0.155882353,11113500
9.3,2,838,1.036277852,0.114111483,1,1,85.14101,0.938475197,1,81.29251701,90.6122449,14.75,2.67,103.3,67.78,49.9,39.1,708.5,0.693,1.18,4,1.59,40.1,9.58,1.4,996,0.437,34.4,-0.944,-0.329,9.53,12.82,15.259699,37.52207164,1.883032454,11113500
0,2,852,1.061995991,0.183062508,1,1,85.14101,0.938475197,1,95.71428571,95.37414966,31,2.67,103.3,67.78,49.9,39.1,708.5,0.693,1.18,4,1.59,40.1,9.58,1.4,996,0.437,34.4,-0.944,-0.329,11.81,2.95,15.259699,37.52207164,0.76119403,11113500
44.1,2,1194,1.031070302,0.105069473,1,1,18.940755,1.81859973,1,77.15964064,91.84519696,13,2.67,103.3,67.78,49.9,39.1,708.5,0.693,1.18,4,1.59,40.1,9.58,1.4,996,0.437,34.4,-0.944,-0.329,8.69,8.85,15.259699,14.70493708,0.448052738,11113500
84.2,2,1628,1.037772876,0.133340254,1,1,18.940755,1.81859973,1,86.45473393,87.97512094,15.5,2.67,103.3,67.78,49.9,39.1,708.5,0.693,1.18,4,1.59,40.1,9.58,1.4,996,0.437,34.4,-0.944,-0.329,8.56,17.65,15.259699,14.70493708,0.36809816,11113500
20.9,2,1635,1.02886021,0.10713021,1,1,18.940755,1.81859973,1,93.02004147,93.78023497,23,2.67,103.3,67.78,49.9,39.1,708.5,0.693,1.18,4,1.59,40.1,9.58,1.4,996,0.437,34.4,-0.944,-0.329,8.56,17.65,15.259699,14.70493708,0.493421053,11113500
383.5,2,1662,1.0724711,0.245454179,1,1,18.940755,1.81859973,1,92.39806496,87.56046994,34,2.67,103.3,67.78,49.9,39.1,708.5,0.693,1.18,4,1.59,40.1,9.58,1.4,996,0.437,34.4,-0.944,-0.329,9.53,12.82,15.259699,14.70493708,2.601226994,11113500
47.7,1,35,1.295583544,0.890746815,0.843971631,1,85.517068,1.046778775,0.925619835,84.04420922,91.03362391,11.66666667,2.39,103.7,75.97,43.3,71.1,767.1,0.167,0.8,3,1.52,9.5,9.14,1.65,1878.8,0.534,35.6,-0.977,-0.213,22.08,10.6,17.656755,31.624108,3.877358491,9484000
51,1,396,1.178933533,0.592478906,1,1,85.517068,1.046778775,1,60.42963885,66.15815691,28.66666667,2.39,103.7,75.97,43.3,71.1,767.1,0.167,0.8,3,1.52,9.5,9.14,1.65,1878.8,0.534,35.6,-0.977,-0.213,22.08,10.6,17.656755,31.624108,0.810891089,9484000
12.1,1,418,1.067904619,0.238523012,1,1,85.517068,1.046778775,1,68.57098381,58.59277709,37,2.39,103.7,75.97,43.3,71.1,767.1,0.167,0.8,3,1.52,9.5,9.14,1.65,1878.8,0.534,35.6,-0.977,-0.213,21.03,13.39,17.656755,31.624108,4.887820513,9484000
116.3,1,419,1.149125498,0.592609588,1,1,69.267296,1.388299086,1,90.32459426,95.28714107,9.964444444,2.39,103.7,75.97,43.3,71.1,767.1,0.167,0.8,3,1.52,9.5,9.14,1.65,1878.8,0.534,35.6,-0.977,-0.213,22.08,10.6,17.656755,20.33982642,35.52631579,9484000
212.1,1,433,1.060626221,0.351125284,1,1,69.267296,1.388299086,1,95.47440699,95.38077403,38.88916667,2.39,103.7,75.97,43.3,71.1,767.1,0.167,0.8,3,1.52,9.5,9.14,1.65,1878.8,0.534,35.6,-0.977,-0.213,21.03,13.39,17.656755,20.33982642,4.547362682,9484000
113.5,1,437,1.184818848,0.686367421,1,1,69.267296,1.388299086,1,98.93882647,98.37702871,42,2.39,103.7,75.97,43.3,71.1,767.1,0.167,0.8,3,1.52,9.5,9.14,1.65,1878.8,0.534,35.6,-0.977,-0.213,21.03,13.39,17.656755,20.33982642,1.728907331,9484000
126.5,1,451,1.124037442,0.388728275,1,1,69.267296,1.388299086,1,98.47066167,98.25218477,22.75,2.39,103.7,75.97,43.3,71.1,767.1,0.167,0.8,3,1.52,9.5,9.14,1.65,1878.8,0.534,35.6,-0.977,-0.213,21.03,13.39,17.656755,20.33982642,2.171507607,9484000
36.8,2,538,1.064680655,0.209014834,1,1,85.517068,1.046778775,1,81.08655044,67.31008717,28,2.39,103.7,75.97,43.3,71.1,767.1,0.167,0.8,3,1.52,9.5,9.14,1.65,1878.8,0.534,35.6,-0.977,-0.213,5.25,6.72,17.656755,31.624108,0.775531849,9484000
0.1,2,560,1.177845593,0.520940804,1,1,85.517068,1.046778775,1,93.08841843,84.12204234,39,2.39,103.7,75.97,43.3,71.1,767.1,0.167,0.8,3,1.52,9.5,9.14,1.65,1878.8,0.534,35.6,-0.977,-0.213,5.25,6.72,17.656755,31.624108,22.67080745,9484000
57.5,2,565,1.077374174,0.229199494,1,1,85.517068,1.046778775,1,96.46637609,79.32752179,71.9,2.39,103.7,75.97,43.3,71.1,767.1,0.167,0.8,3,1.52,9.5,9.14,1.65,1878.8,0.534,35.6,-0.977,-0.213,4.8,7.13,17.656755,31.624108,2.44198895,9484000
12.5,2,573,1.023976085,0.184658362,1,1,69.267296,1.388299086,1,95.59925094,78.12109863,33.5,2.39,103.7,75.97,43.3,71.1,767.1,0.167,0.8,3,1.52,9.5,9.14,1.65,1878.8,0.534,35.6,-0.977,-0.213,5.25,6.72,17.656755,20.33982642,3.37175062,9484000
39.4,2,586,1.022750894,0.2167159,1,1,85.517068,1.046778775,1,51.74346202,47.94520548,30,2.39,103.7,75.97,43.3,71.1,767.1,0.167,0.8,3,1.52,9.5,9.14,1.65,1878.8,0.534,35.6,-0.977,-0.213,4.8,7.13,17.656755,31.624108,2.626923077,9484000
12.1,2,611,1.047463647,0.178203882,1,1,85.517068,1.046778775,1,94.6762142,84.27770859,80.5,2.39,103.7,75.97,43.3,71.1,767.1,0.167,0.8,3,1.52,9.5,9.14,1.65,1878.8,0.534,35.6,-0.977,-0.213,5.78,6.97,17.656755,31.624108,2.633858268,9484000
66.6,1,777,0.986235371,0.196571752,1,1,85.517068,1.046778775,1,90.84682441,97.82067248,17.91666667,2.39,103.7,75.97,43.3,71.1,767.1,0.167,0.8,3,1.52,9.5,9.14,1.65,1878.8,0.534,35.6,-0.977,-0.213,21.03,13.39,17.656755,31.624108,0.61180228,9484000
73.8,1,804,1.119668157,0.399693303,1,1,69.267296,1.388299086,1,99.37578027,97.65917603,30.66666667,2.39,103.7,75.97,43.3,71.1,767.1,0.167,0.8,3,1.52,9.5,9.14,1.65,1878.8,0.534,35.6,-0.977,-0.213,21.03,13.39,17.656755,20.33982642,8.933451771,9484000
39.3,1,861,1.076240815,0.331911841,1,1,69.267296,1.388299086,1,85.48689139,84.33208489,15.96305556,2.39,103.7,75.97,43.3,71.1,767.1,0.167,0.8,3,1.52,9.5,9.14,1.65,1878.8,0.534,35.6,-0.977,-0.213,14.33,5.94,17.656755,20.33982642,0.846341463,9484000
0,2,910,1.114222045,0.368167411,1,1,69.267296,1.388299086,1,98.90761548,97.12858926,43.95472222,2.39,103.7,75.97,43.3,71.1,767.1,0.167,0.8,3,1.52,9.5,9.14,1.65,1878.8,0.534,35.6,-0.977,-0.213,5.25,6.72,17.656755,20.33982642,0.164517914,9484000
33.2,1,1146,1.329860092,1.109351791,0.85106383,1,85.517068,1.046778775,0.933884298,29.34308842,40.50435866,5.889166667,2.39,103.7,75.97,43.3,71.1,767.1,0.167,0.8,3,1.52,9.5,9.14,1.65,1878.8,0.534,35.6,-0.977,-0.213,21.03,13.39,17.656755,31.624108,25.30769231,9484000
49.7,1,1148,1.122753426,0.35867444,1,1,85.517068,1.046778775,1,90.50435866,91.34495641,44.5,2.39,103.7,75.97,43.3,71.1,767.1,0.167,0.8,3,1.52,9.5,9.14,1.65,1878.8,0.534,35.6,-0.977,-0.213,21.03,13.39,17.656755,31.624108,5,9484000
34,1,1175,0.980236769,0.179707113,1,1,85.517068,1.046778775,1,87.40660025,72.63387298,48.5,2.39,103.7,75.97,43.3,71.1,767.1,0.167,0.8,3,1.52,9.5,9.14,1.65,1878.8,0.534,35.6,-0.977,-0.213,19.35,6.84,17.656755,31.624108,4.670731707,9484000
9.5,2,1374,1.08519652,0.252653859,1,1,85.517068,1.046778775,1,96.77770859,90.69115816,43.85722222,2.39,103.7,75.97,43.3,71.1,767.1,0.167,0.8,3,1.52,9.5,9.14,1.65,1878.8,0.534,35.6,-0.977,-0.213,7.6,7.3,17.656755,31.624108,0.193812375,9484000
112,1,1502,0.933246564,0.262738317,1,1,85.517068,1.046778775,1,96.37297634,99.71980075,15.9,2.39,103.7,75.97,43.3,71.1,767.1,0.167,0.8,3,1.52,9.5,9.14,1.65,1878.8,0.534,35.6,-0.977,-0.213,22.08,10.6,17.656755,31.624108,6.278481013,9484000
168,1,1503,1.233923601,0.717289382,0.865248227,1,85.517068,1.046778775,0.950413223,67.3256538,78.20672478,14,2.39,103.7,75.97,43.3,71.1,767.1,0.167,0.8,3,1.52,9.5,9.14,1.65,1878.8,0.534,35.6,-0.977,-0.213,22.08,10.6,17.656755,31.624108,13.51973684,9484000
102.4,1,1509,1.153376886,0.623832816,1,1,85.517068,1.046778775,1,76.60336239,76.86799502,36,2.39,103.7,75.97,43.3,71.1,767.1,0.167,0.8,3,1.52,9.5,9.14,1.65,1878.8,0.534,35.6,-0.977,-0.213,21.03,13.39,17.656755,31.624108,11.34868421,9484000
0.1,2,1704,1.04891988,0.165113276,1,1,85.517068,1.046778775,1,96.10834371,91.81195517,25.93333333,2.39,103.7,75.97,43.3,71.1,767.1,0.167,0.8,3,1.52,9.5,9.14,1.65,1878.8,0.534,35.6,-0.977,-0.213,5.78,6.97,17.656755,31.624108,0.477707006,9484000
11.5,2,119,1.029888406,0.080493603,1,1,37.099197,1.443643241,1,98.83900929,99.69040248,52,2.81,109.6,39.02,60.2,39.8,841.8,0.626,1.08,3,1.17,24.2,11.67,2.82,263,0.251,12.8,-0.28,-0.96,12.68,7.97,14.786058,28.43786496,0.370398482,11023340
140.9,2,124,0.996863824,0.076486268,1,1,37.099197,1.443643241,1,79.21826625,82.35294118,13,2.81,109.6,39.02,60.2,39.8,841.8,0.626,1.08,3,1.17,24.2,11.67,2.82,263,0.251,12.8,-0.28,-0.96,12.68,7.97,14.786058,28.43786496,1.835106383,11023340
3,2,399,1.031432329,0.13122769,1,1,37.099197,1.443643241,1,60.13931889,62.77089783,12,2.81,109.6,39.02,60.2,39.8,841.8,0.626,1.08,3,1.17,24.2,11.67,2.82,263,0.251,12.8,-0.28,-0.96,15.1,3.5,14.786058,28.43786496,1,11023340
0,2,430,1.027460311,0.094693826,1,1,37.099197,1.443643241,1,97.5619195,93.26625387,51.93333333,2.81,109.6,39.02,60.2,39.8,841.8,0.626,1.08,3,1.17,24.2,11.67,2.82,263,0.251,12.8,-0.28,-0.96,12.35,4.51,14.786058,28.43786496,2.327927928,11023340
87.3,2,433,0.995500329,0.075453052,1,1,37.099197,1.443643241,1,59.17182663,69.81424149,9,2.81,109.6,39.02,60.2,39.8,841.8,0.626,1.08,3,1.17,24.2,11.67,2.82,263,0.251,12.8,-0.28,-0.96,12.35,4.51,14.786058,28.43786496,0.975903614,11023340
10.4,2,436,1.012413158,0.051565999,1,1,37.099197,1.443643241,1,94.50464396,84.75232198,42.75,2.81,109.6,39.02,60.2,39.8,841.8,0.626,1.08,3,1.17,24.2,11.67,2.82,263,0.251,12.8,-0.28,-0.96,12.07,7.85,14.786058,28.43786496,0.190350877,11023340
0.7,2,475,1.01790034,0.067771686,1,1,37.099197,1.443643241,1,93.76934985,82.89473684,45,2.81,109.6,39.02,60.2,39.8,841.8,0.626,1.08,3,1.17,24.2,11.67,2.82,263,0.251,12.8,-0.28,-0.96,12.68,7.97,14.786058,28.43786496,0.688128516,11023340
3.9,2,482,1.018656819,0.080414208,1,1,37.099197,1.443643241,1,83.35913313,70.20123839,49.5,2.81,109.6,39.02,60.2,39.8,841.8,0.626,1.08,3,1.17,24.2,11.67,2.82,263,0.251,12.8,-0.28,-0.96,12.68,7.97,14.786058,28.43786496,1.02130652,11023340
0,2,496,1.026713158,0.151159194,1,1,37.099197,1.443643241,1,93.65325077,93.57585139,24,2.81,109.6,39.02,60.2,39.8,841.8,0.626,1.08,3,1.17,24.2,11.67,2.82,263,0.251,12.8,-0.28,-0.96,13.45,8.4,14.786058,28.43786496,2.840613265,11023340
0,2,847,1.038692316,0.13856366,1,1,37.099197,1.443643241,1,56.38544892,43.03405573,20,2.81,109.6,39.02,60.2,39.8,841.8,0.626,1.08,3,1.17,24.2,11.67,2.82,263,0.251,12.8,-0.28,-0.96,12.68,7.97,14.786058,28.43786496,11.04651163,11023340
11.9,2,875,1.05254724,0.143428207,1,1,37.099197,1.443643241,1,76.27708978,70.35603715,35,2.81,109.6,39.02,60.2,39.8,841.8,0.626,1.08,3,1.17,24.2,11.67,2.82,263,0.251,12.8,-0.28,-0.96,13.45,8.4,14.786058,28.43786496,0.352173913,11023340
2.7,2,885,1.047940124,0.127554245,1,1,37.099197,1.443643241,1,86.6873065,79.87616099,28,2.81,109.6,39.02,60.2,39.8,841.8,0.626,1.08,3,1.17,24.2,11.67,2.82,263,0.251,12.8,-0.28,-0.96,13.45,8.4,14.786058,28.43786496,0.919191919,11023340
0.5,2,892,1.048549695,0.172537455,1,1,37.099197,1.443643241,1,90.24767802,84.36532508,36,2.81,109.6,39.02,60.2,39.8,841.8,0.626,1.08,3,1.17,24.2,11.67,2.82,263,0.251,12.8,-0.28,-0.96,15.35,2.78,14.786058,28.43786496,1.361872069,11023340
0.1,2,1148,1.016416335,0.137955318,1,0,37.099197,1.443643241,1,53.17337461,48.29721362,23,2.81,109.6,39.02,60.2,39.8,841.8,0.626,1.08,3,1.17,24.2,11.67,2.82,263,0.251,12.8,-0.28,-0.96,12.35,4.51,14.786058,28.43786496,7.02970297,11023340
2.4,2,1504,1.067575095,0.169973412,1,1,37.099197,1.443643241,1,62.84829721,53.56037152,26.83333333,2.81,109.6,39.02,60.2,39.8,841.8,0.626,1.08,3,1.17,24.2,11.67,2.82,263,0.251,12.8,-0.28,-0.96,12.35,4.51,14.786058,28.43786496,10.93639535,11023340
31.7,2,1534,1.055280135,0.153514109,1,1,37.099197,1.443643241,1,92.87925697,79.56656347,41,2.81,109.6,39.02,60.2,39.8,841.8,0.626,1.08,3,1.17,24.2,11.67,2.82,263,0.251,12.8,-0.28,-0.96,12.07,7.85,14.786058,28.43786496,1.091030393,11023340
4.5,2,1581,1.078252512,0.223826257,1,1,37.099197,1.443643241,1,81.30804954,73.45201238,33,2.81,109.6,39.02,60.2,39.8,841.8,0.626,1.08,3,1.17,24.2,11.67,2.82,263,0.251,12.8,-0.28,-0.96,12.68,7.97,14.786058,28.43786496,1.182742065,11023340
176.4,2,49,1.038831309,0.146400105,1,1,78.702752,0.833942644,1,64.98484192,82.02685145,7.964444444,2.86,114.1,115.9,65.1,67.8,746.4,0.617,0.72,3,1.38,36.4,11.12,1.75,413,0.282,23.9,-0.601,-0.799,8.17,17.79,15.761656,21.33260298,1.039800995,11463900
29,2,94,1.028657917,0.097569185,1,1,78.702752,0.833942644,1,69.55391945,81.33391078,20.97083333,2.86,114.1,115.9,65.1,67.8,746.4,0.617,0.72,3,1.38,36.4,11.12,1.75,413,0.282,23.9,-0.601,-0.799,7.87,23.23,15.761656,21.33260298,2.142857143,11463900
70.5,2,1145,1.013737532,0.088088792,1,1,78.702752,0.833942644,1,60.02598528,54.04937202,14.66666667,2.86,114.1,115.9,65.1,67.8,746.4,0.617,0.72,3,1.38,36.4,11.12,1.75,413,0.282,23.9,-0.601,-0.799,8.17,17.79,15.761656,21.33260298,9.239130435,11463900
2.7,2,1161,1.025978907,0.086828214,1,1,78.702752,0.833942644,1,92.98397575,91.90125595,21.9475,2.86,114.1,115.9,65.1,67.8,746.4,0.617,0.72,3,1.38,36.4,11.12,1.75,413,0.282,23.9,-0.601,-0.799,8.17,17.79,15.761656,21.33260298,12.98121762,11463900
0,1,496,0.987874154,0.10058567,1,1,81.490142,1.480326105,1,95.90766002,95.17313746,24,1.44,117.8,76.11,45.5,48.7,677.6,0.564,0.71,3,1.32,40,10.19,5.47,1330.9,0.351,17.6,-0.501,-0.865,7.93,16.06,15.126983,71.42852292,0.823529412,11015000
2.9,1,551,0.9782976,0.11102204,1,1,81.490142,1.480326105,1,94.59601259,96.06505771,22.97916667,1.44,117.8,76.11,45.5,48.7,677.6,0.564,0.71,3,1.32,40,10.19,5.47,1330.9,0.351,17.6,-0.501,-0.865,10.57,4.98,15.126983,71.42852292,4.073087819,11015000
0,1,875,1.018673458,0.087865765,1,1,81.490142,1.480326105,1,81.82056663,74.34417629,30,1.44,117.8,76.11,45.5,48.7,677.6,0.564,0.71,3,1.32,40,10.19,5.47,1330.9,0.351,17.6,-0.501,-0.865,7.93,16.06,15.126983,71.42852292,2.94426919,11015000
210.9,2,486,1.044457955,0.151594924,1,1,22.750724,1.087061052,1,87.98165138,81.88073394,18.5,1.88,118.9,92.36,68.6,71.5,669.9,0.604,1.01,3,2.02,35.8,10.37,2.8,346.3,0.407,26.7,0.507,-0.862,10.08,13.2,15.086714,7.404373423,7.360847565,11162500
0.8,2,29,0.979197945,0.091396988,1,1,13.697515,0.363115177,1,97.82493369,97.93103448,31.8,2.74,120.6,116.26,67.4,72.8,639.5,0.654,0.98,4,1.47,40.3,10.29,4.14,779,0.492,43.6,-0.447,-0.894,11.4,13.95,18.127121,4.544776119,0.613348734,11143000
188.9,2,32,0.988981078,0.074662728,1,1,13.697515,0.363115177,1,95.066313,75.91511936,85,2.74,120.6,116.26,67.4,72.8,639.5,0.654,0.98,4,1.47,40.3,10.29,4.14,779,0.492,43.6,-0.447,-0.894,11.4,13.95,18.127121,4.544776119,0.130700296,11143000
40.1,2,52,1.00536012,0.10423595,1,1,13.697515,0.363115177,1,98.30238727,94.37665782,48.91666667,2.74,120.6,116.26,67.4,72.8,639.5,0.654,0.98,4,1.47,40.3,10.29,4.14,779,0.492,43.6,-0.447,-0.894,8.75,17.47,18.127121,4.544776119,1.176056338,11143000
0,2,63,1.001682518,0.118081069,1,1,13.697515,0.363115177,1,96.49867374,96.49867374,60,2.74,120.6,116.26,67.4,72.8,639.5,0.654,0.98,4,1.47,40.3,10.29,4.14,779,0.492,43.6,-0.447,-0.894,8.75,17.47,18.127121,4.544776119,0.665327441,11143000
24.3,2,88,1.016315566,0.064231403,1,1,13.697515,0.363115177,1,89.07161804,70.98143236,29,2.74,120.6,116.26,67.4,72.8,639.5,0.654,0.98,4,1.47,40.3,10.29,4.14,779,0.492,43.6,-0.447,-0.894,8.33,25.11,18.127121,4.544776119,0.545112782,11143000
87.1,2,94,0.989867925,0.085508042,1,1,13.697515,0.363115177,1,86.31299735,90.55702918,13.75,2.74,120.6,116.26,67.4,72.8,639.5,0.654,0.98,4,1.47,40.3,10.29,4.14,779,0.492,43.6,-0.447,-0.894,8.33,25.11,18.127121,4.544776119,3.341836735,11143000
197.9,2,98,0.983685428,0.088206548,1,1,13.697515,0.363115177,1,95.17241379,83.28912467,49.88916667,2.74,120.6,116.26,67.4,72.8,639.5,0.654,0.98,4,1.47,40.3,10.29,4.14,779,0.492,43.6,-0.447,-0.894,8.33,25.11,18.127121,4.544776119,1.469512195,11143000
93.6,2,130,1.018880306,0.070892981,1,1,29.9711,1.327452654,1,98.15085158,93.91727494,76,2.74,120.6,116.26,67.4,72.8,639.5,0.654,0.98,4,1.47,40.3,10.29,4.14,779,0.492,43.6,-0.447,-0.894,8.33,25.11,18.127121,20.11791045,0.875,11143000
4.8,2,133,0.994130087,0.201513102,1,1,99.985297,0.997222043,1,81.42589118,82.97373358,29.5,2.74,120.6,116.26,67.4,72.8,639.5,0.654,0.98,4,1.47,40.3,10.29,4.14,779,0.492,43.6,-0.447,-0.894,11.4,13.95,18.127121,44.52462687,0.430861723,11143000
232.4,2,136,0.98354756,0.090778046,1,1,29.9711,1.327452654,1,98.73479319,84.13625304,72,2.74,120.6,116.26,67.4,72.8,639.5,0.654,0.98,4,1.47,40.3,10.29,4.14,779,0.492,43.6,-0.447,-0.894,8.33,25.11,18.127121,20.11791045,1.275229358,11143000
35.4,2,145,1.031330496,0.119204941,1,1,86.219962,1.022908078,1,90.54820416,84.40453686,50,2.74,120.6,116.26,67.4,72.8,639.5,0.654,0.98,4,1.47,40.3,10.29,4.14,779,0.492,43.6,-0.447,-0.894,8.75,17.47,18.127121,22.15223881,1.900826446,11143000
65.8,2,153,1.049771426,0.166938235,1,1,29.9711,1.327452654,1,89.34306569,89.48905109,38,2.74,120.6,116.26,67.4,72.8,639.5,0.654,0.98,4,1.47,40.3,10.29,4.14,779,0.492,43.6,-0.447,-0.894,8.68,23.37,18.127121,20.11791045,0.377591942,11143000
101.2,2,155,1.026814703,0.144787994,1,1,29.9711,1.327452654,1,98.78345499,94.54987835,80,2.74,120.6,116.26,67.4,72.8,639.5,0.654,0.98,4,1.47,40.3,10.29,4.14,779,0.492,43.6,-0.447,-0.894,8.68,23.37,18.127121,20.11791045,1.305882353,11143000
49.8,2,164,1.058349764,0.197864647,1,1,29.9711,1.327452654,1,94.13625304,93.67396594,45.88916667,2.74,120.6,116.26,67.4,72.8,639.5,0.654,0.98,4,1.47,40.3,10.29,4.14,779,0.492,43.6,-0.447,-0.894,8.68,23.37,18.127121,20.11791045,2.097249513,11143000
16,2,165,1.023914508,0.123192709,1,1,86.219962,1.022908078,1,94.61247637,85.34971645,44,2.74,120.6,116.26,67.4,72.8,639.5,0.654,0.98,4,1.47,40.3,10.29,4.14,779,0.492,43.6,-0.447,-0.894,8.33,25.11,18.127121,22.15223881,1.526315789,11143000
96.4,2,183,1.026221478,0.127226047,1,1,86.219962,1.022908078,1,92.7221172,84.3100189,65.66666667,2.74,120.6,116.26,67.4,72.8,639.5,0.654,0.98,4,1.47,40.3,10.29,4.14,779,0.492,43.6,-0.447,-0.894,8.33,25.11,18.127121,22.15223881,1.773083624,11143000
92.6,2,200,1.01113044,0.120753742,1,1,86.219962,1.022908078,1,90.59546314,84.7826087,43.88916667,2.74,120.6,116.26,67.4,72.8,639.5,0.654,0.98,4,1.47,40.3,10.29,4.14,779,0.492,43.6,-0.447,-0.894,8.68,23.37,18.127121,22.15223881,5.096153846,11143000
11.8,2,210,1.020516718,0.122799176,1,1,86.219962,1.022908078,1,80.97826087,68.10018904,40.8,2.74,120.6,116.26,67.4,72.8,639.5,0.654,0.98,4,1.47,40.3,10.29,4.14,779,0.492,43.6,-0.447,-0.894,8.68,23.37,18.127121,22.15223881,4.199134199,11143000
79.3,2,239,1.034491571,0.160820521,1,1,99.985297,0.997222043,1,98.68667917,86.16322702,74,2.74,120.6,116.26,67.4,72.8,639.5,0.654,0.98,4,1.47,40.3,10.29,4.14,779,0.492,43.6,-0.447,-0.894,8.68,23.37,18.127121,44.52462687,0.426666667,11143000
192.2,2,415,1.007064398,0.101869114,1,1,13.697515,0.363115177,1,82.97082228,65.83554377,44,2.74,120.6,116.26,67.4,72.8,639.5,0.654,0.98,4,1.47,40.3,10.29,4.14,779,0.492,43.6,-0.447,-0.894,8.75,17.47,18.127121,4.544776119,0.511111111,11143000
172.1,2,447,0.994081777,0.070240494,1,1,13.697515,0.363115177,1,95.54376658,77.5066313,76,2.74,120.6,116.26,67.4,72.8,639.5,0.654,0.98,4,1.47,40.3,10.29,4.14,779,0.492,43.6,-0.447,-0.894,8.33,25.11,18.127121,4.544776119,0.451067997,11143000
157.6,2,457,0.970042488,0.10992312,1,1,13.697515,0.363115177,1,90.87533156,95.64986737,29.875,2.74,120.6,116.26,67.4,72.8,639.5,0.654,0.98,4,1.47,40.3,10.29,4.14,779,0.492,43.6,-0.447,-0.894,8.33,25.11,18.127121,4.544776119,1.858336952,11143000
200.1,2,471,1.059711384,0.199308847,1,1,13.697515,0.363115177,1,99.04509284,96.76392573,87,2.74,120.6,116.26,67.4,72.8,639.5,0.654,0.98,4,1.47,40.3,10.29,4.14,779,0.492,43.6,-0.447,-0.894,8.68,23.37,18.127121,4.544776119,5.831858407,11143000
405.8,2,475,1.062474736,0.206786619,1,1,13.697515,0.363115177,1,96.12732095,95.0132626,47.5,2.74,120.6,116.26,67.4,72.8,639.5,0.654,0.98,4,1.47,40.3,10.29,4.14,779,0.492,43.6,-0.447,-0.894,8.68,23.37,18.127121,4.544776119,1.35125448,11143000
56.6,2,489,1.031917228,0.09236577,1,1,29.9711,1.327452654,1,97.00729927,93.57664234,57,2.74,120.6,116.26,67.4,72.8,639.5,0.654,0.98,4,1.47,40.3,10.29,4.14,779,0.492,43.6,-0.447,-0.894,8.33,25.11,18.127121,20.11791045,0.993055556,11143000
105.7,2,491,1.033456987,0.167176779,1,1,13.697515,0.363115177,1,92.14854111,81.53846154,33.9525,2.74,120.6,116.26,67.4,72.8,639.5,0.654,0.98,4,1.47,40.3,10.29,4.14,779,0.492,43.6,-0.447,-0.894,8.68,23.37,18.127121,4.544776119,1.88976378,11143000
22.2,2,519,1.028582546,0.16875226,1,1,29.9711,1.327452654,1,95.40145985,80.53527981,80.66666667,2.74,120.6,116.26,67.4,72.8,639.5,0.654,0.98,4,1.47,40.3,10.29,4.14,779,0.492,43.6,-0.447,-0.894,8.68,23.37,18.127121,20.11791045,0.24784689,11143000
9.1,2,529,1.04837381,0.177849124,1,1,29.9711,1.327452654,1,89.9270073,93.38199513,36,2.74,120.6,116.26,67.4,72.8,639.5,0.654,0.98,4,1.47,40.3,10.29,4.14,779,0.492,43.6,-0.447,-0.894,8.68,23.37,18.127121,20.11791045,0.125306122,11143000
34.9,2,535,1.067549492,0.258377742,1,0,86.219962,1.022908078,1,97.61342155,87.28733459,41,2.74,120.6,116.26,67.4,72.8,639.5,0.654,0.98,4,1.47,40.3,10.29,4.14,779,0.492,43.6,-0.447,-0.894,8.33,25.11,18.127121,22.15223881,2.504201681,11143000
17.5,2,537,1.03285057,0.12066515,1,1,99.985297,0.997222043,1,91.83864916,72.13883677,78,2.74,120.6,116.26,67.4,72.8,639.5,0.654,0.98,4,1.47,40.3,10.29,4.14,779,0.492,43.6,-0.447,-0.894,8.75,17.47,18.127121,44.52462687,1.481114551,11143000
73.2,2,575,0.998904766,0.072532913,1,1,99.985297,0.997222043,1,99.62476548,89.91557223,146.8,2.74,120.6,116.26,67.4,72.8,639.5,0.654,0.98,4,1.47,40.3,10.29,4.14,779,0.492,43.6,-0.447,-0.894,8.33,25.11,18.127121,44.52462687,0.432504616,11143000
3.3,2,583,1.055900753,0.153745464,1,1,99.985297,0.997222043,1,83.91181989,77.7673546,37.5,2.74,120.6,116.26,67.4,72.8,639.5,0.654,0.98,4,1.47,40.3,10.29,4.14,779,0.492,43.6,-0.447,-0.894,8.33,25.11,18.127121,44.52462687,1.26557377,11143000
4.7,2,589,1.000672242,0.078516824,1,1,29.9711,1.327452654,1,69.5863747,49.24574209,22.5,2.74,120.6,116.26,67.4,72.8,639.5,0.654,0.98,4,1.47,40.3,10.29,4.14,779,0.492,43.6,-0.447,-0.894,11.22,7.58,18.127121,20.11791045,0.329341317,11143000
13.4,2,593,1.038353543,0.162627141,1,1,99.985297,0.997222043,1,86.81988743,86.02251407,22.5,2.74,120.6,116.26,67.4,72.8,639.5,0.654,0.98,4,1.47,40.3,10.29,4.14,779,0.492,43.6,-0.447,-0.894,8.68,23.37,18.127121,44.52462687,9.760862425,11143000
102.6,2,606,1.102193579,0.313686898,1,0,86.219962,1.022908078,1,88.09073724,77.07939509,29.94472222,2.74,120.6,116.26,67.4,72.8,639.5,0.654,0.98,4,1.47,40.3,10.29,4.14,779,0.492,43.6,-0.447,-0.894,9.44,19.35,18.127121,22.15223881,8.636244801,11143000
30.8,2,612,1.054980997,0.175723645,1,1,99.985297,0.997222043,1,92.54221388,86.25703565,30.93333333,2.74,120.6,116.26,67.4,72.8,639.5,0.654,0.98,4,1.47,40.3,10.29,4.14,779,0.492,43.6,-0.447,-0.894,8.68,23.37,18.127121,44.52462687,0.848739496,11143000
96,2,772,1.026623607,0.095477079,1,1,13.697515,0.363115177,1,91.48541114,77.5596817,48.91666667,2.74,120.6,116.26,67.4,72.8,639.5,0.654,0.98,4,1.47,40.3,10.29,4.14,779,0.492,43.6,-0.447,-0.894,11.4,13.95,18.127121,4.544776119,0.433928571,11143000
8.1,2,807,1.019649192,0.087567419,1,1,29.9711,1.327452654,1,92.50608273,97.08029197,53,2.74,120.6,116.26,67.4,72.8,639.5,0.654,0.98,4,1.47,40.3,10.29,4.14,779,0.492,43.6,-0.447,-0.894,11.4,13.95,18.127121,20.11791045,0.497989961,11143000
82.4,2,814,1.020459654,0.111765142,1,1,29.9711,1.327452654,1,95.18248175,93.33333333,55.83333333,2.74,120.6,116.26,67.4,72.8,639.5,0.654,0.98,4,1.47,40.3,10.29,4.14,779,0.492,43.6,-0.447,-0.894,8.75,17.47,18.127121,20.11791045,1.486111111,11143000
169.1,2,827,0.995359885,0.056149091,1,1,13.697515,0.363115177,1,81.56498674,72.20159151,12.96777778,2.74,120.6,116.26,67.4,72.8,639.5,0.654,0.98,4,1.47,40.3,10.29,4.14,779,0.492,43.6,-0.447,-0.894,8.33,25.11,18.127121,4.544776119,0.188888889,11143000
41.9,2,833,1.02112034,0.105458873,1,1,29.9711,1.327452654,1,89.8053528,77.42092457,36,2.74,120.6,116.26,67.4,72.8,639.5,0.654,0.98,4,1.47,40.3,10.29,4.14,779,0.492,43.6,-0.447,-0.894,8.75,17.47,18.127121,20.11791045,0.34962406,11143000
17.7,2,841,1.035837386,0.118746106,1,1,29.9711,1.327452654,1,91.28953771,78.10218978,78,2.74,120.6,116.26,67.4,72.8,639.5,0.654,0.98,4,1.47,40.3,10.29,4.14,779,0.492,43.6,-0.447,-0.894,8.75,17.47,18.127121,20.11791045,4.579831933,11143000
17.8,2,841,1.045141867,0.163095739,1,1,13.697515,0.363115177,1,97.34748011,95.75596817,50.875,2.74,120.6,116.26,67.4,72.8,639.5,0.654,0.98,4,1.47,40.3,10.29,4.14,779,0.492,43.6,-0.447,-0.894,8.68,23.37,18.127121,4.544776119,3.493589744,11143000
19.6,2,899,1.027636536,0.089623926,1,1,13.697515,0.363115177,1,61.51193634,50.39787798,21.5,2.74,120.6,116.26,67.4,72.8,639.5,0.654,0.98,4,1.47,40.3,10.29,4.14,779,0.492,43.6,-0.447,-0.894,11.22,7.58,18.127121,4.544776119,6.119047619,11143000
32.1,2,917,1.04093698,0.126986453,1,1,99.985297,0.997222043,1,82.19981238,88.83677298,13.91666667,2.74,120.6,116.26,67.4,72.8,639.5,0.654,0.98,4,1.47,40.3,10.29,4.14,779,0.492,43.6,-0.447,-0.894,8.75,17.47,18.127121,44.52462687,0.71743487,11143000
60.7,2,924,0.979441159,0.110259299,1,1,99.985297,0.997222043,1,90.47842402,83.06754221,39.5,2.74,120.6,116.26,67.4,72.8,639.5,0.654,0.98,4,1.47,40.3,10.29,4.14,779,0.492,43.6,-0.447,-0.894,8.33,25.11,18.127121,44.52462687,1.929258242,11143000
136.1,2,957,1.119456734,0.344704361,1,1,86.219962,1.022908078,1,96.88090737,99.66918715,70.5,2.74,120.6,116.26,67.4,72.8,639.5,0.654,0.98,4,1.47,40.3,10.29,4.14,779,0.492,43.6,-0.447,-0.894,9.44,19.35,18.127121,22.15223881,0.376344086,11143000
7.6,2,978,1.001425469,0.150998806,1,1,99.985297,0.997222043,1,89.23545966,80.8630394,38,2.74,120.6,116.26,67.4,72.8,639.5,0.654,0.98,4,1.47,40.3,10.29,4.14,779,0.492,43.6,-0.447,-0.894,8.68,23.37,18.127121,44.52462687,3.53405171,11143000
0,2,1155,1.021940709,0.08783847,1,1,29.9711,1.327452654,1,98.83211679,93.72262774,54,2.74,120.6,116.26,67.4,72.8,639.5,0.654,0.98,4,1.47,40.3,10.29,4.14,779,0.492,43.6,-0.447,-0.894,11.4,13.95,18.127121,20.11791045,1.151315789,11143000
20.6,2,1191,0.987407553,0.117314157,1,1,29.9711,1.327452654,1,89.22141119,88.51581509,18.95833333,2.74,120.6,116.26,67.4,72.8,639.5,0.654,0.98,4,1.47,40.3,10.29,4.14,779,0.492,43.6,-0.447,-0.894,8.75,17.47,18.127121,20.11791045,14.24906016,11143000
284.7,2,1197,1.025969243,0.106177656,1,1,29.9711,1.327452654,1,82.99270073,89.6836983,8.8,2.74,120.6,116.26,67.4,72.8,639.5,0.654,0.98,4,1.47,40.3,10.29,4.14,779,0.492,43.6,-0.447,-0.894,8.75,17.47,18.127121,20.11791045,1.191891366,11143000
340.6,2,1230,1.072850502,0.212436138,1,1,86.219962,1.022908078,1,87.24007561,92.7221172,13.66666667,2.74,120.6,116.26,67.4,72.8,639.5,0.654,0.98,4,1.47,40.3,10.29,4.14,779,0.492,43.6,-0.447,-0.894,8.75,17.47,18.127121,22.15223881,0.353191489,11143000
130,2,1233,1.090246825,0.244179852,1,1,86.219962,1.022908078,1,95.65217391,98.8657845,23.75,2.74,120.6,116.26,67.4,72.8,639.5,0.654,0.98,4,1.47,40.3,10.29,4.14,779,0.492,43.6,-0.447,-0.894,8.75,17.47,18.127121,22.15223881,0.251612903,11143000
1.2,2,1308,1.044418176,0.125509351,1,0,99.985297,0.997222043,1,96.71669794,95.30956848,38,2.74,120.6,116.26,67.4,72.8,639.5,0.654,0.98,4,1.47,40.3,10.29,4.14,779,0.492,43.6,-0.447,-0.894,8.33,25.11,18.127121,44.52462687,4.831932773,11143000
2.4,2,1311,1.045940081,0.122697153,1,1,29.9711,1.327452654,1,83.45498783,74.69586375,37,2.74,120.6,116.26,67.4,72.8,639.5,0.654,0.98,4,1.47,40.3,10.29,4.14,779,0.492,43.6,-0.447,-0.894,11.22,7.58,18.127121,20.11791045,5.163636364,11143000
34.9,2,1332,1.077575495,0.223288177,1,1,86.219962,1.022908078,1,98.01512287,98.06238185,38.91666667,2.74,120.6,116.26,67.4,72.8,639.5,0.654,0.98,4,1.47,40.3,10.29,4.14,779,0.492,43.6,-0.447,-0.894,9.44,19.35,18.127121,22.15223881,0.471153846,11143000
0,2,1352,1.072011108,0.208414648,1,1,86.219962,1.022908078,1,97.61342155,97.58979206,30,2.74,120.6,116.26,67.4,72.8,639.5,0.654,0.98,4,1.47,40.3,10.29,4.14,779,0.492,43.6,-0.447,-0.894,11.22,7.58,18.127121,22.15223881,0.473282443,11143000
29.8,2,1375,1.02639521,0.099317496,1,0,99.985297,0.997222043,1,64.56378987,50.70356473,19,2.74,120.6,116.26,67.4,72.8,639.5,0.654,0.98,4,1.47,40.3,10.29,4.14,779,0.492,43.6,-0.447,-0.894,9.44,19.35,18.127121,44.52462687,7.488372093,11143000
211.3,2,1575,1.015662785,0.085925426,1,1,29.9711,1.327452654,1,87.12895377,88.41849148,15.875,2.74,120.6,116.26,67.4,72.8,639.5,0.654,0.98,4,1.47,40.3,10.29,4.14,779,0.492,43.6,-0.447,-0.894,8.33,25.11,18.127121,20.11791045,3.163265306,11143000
9.8,2,1607,0.987991928,0.207999197,1,1,29.9711,1.327452654,1,89.5863747,84.52554745,49,2.74,120.6,116.26,67.4,72.8,639.5,0.654,0.98,4,1.47,40.3,10.29,4.14,779,0.492,43.6,-0.447,-0.894,8.68,23.37,18.127121,20.11791045,0.449586777,11143000
53,2,1622,1.039754494,0.138823344,1,1,99.985297,0.997222043,1,97.46716698,97.13883677,38,2.74,120.6,116.26,67.4,72.8,639.5,0.654,0.98,4,1.47,40.3,10.29,4.14,779,0.492,43.6,-0.447,-0.894,11.4,13.95,18.127121,44.52462687,0.931899642,11143000
241.3,2,1624,1.074133236,0.196553737,1,1,99.985297,0.997222043,1,96.48217636,97.51407129,37.5,2.74,120.6,116.26,67.4,72.8,639.5,0.654,0.98,4,1.47,40.3,10.29,4.14,779,0.492,43.6,-0.447,-0.894,8.75,17.47,18.127121,44.52462687,1.756272401,11143000
79.5,2,1646,1.089795809,0.233536236,1,1,99.985297,0.997222043,1,95.21575985,93.76172608,17.94472222,2.74,120.6,116.26,67.4,72.8,639.5,0.654,0.98,4,1.47,40.3,10.29,4.14,779,0.492,43.6,-0.447,-0.894,8.75,17.47,18.127121,44.52462687,2.598425197,11143000
181.4,2,407,1.039853634,0.136578794,1,1,99.929207,1.004411539,1,96.33995037,98.2630273,26.88916667,2.46,124.3,88.3,49.7,35.9,606.1,0.706,1.05,4,1.37,38.6,9.71,1.12,1162,0.521,38.3,-0.875,0.484,6.78,18.37,13.969926,74.63990346,2.68018018,11114495
52.8,2,435,0.977752816,0.118500043,1,1,99.929207,1.004411539,1,74.59677419,81.32754342,11.98833333,2.46,124.3,88.3,49.7,35.9,606.1,0.706,1.05,4,1.37,38.6,9.71,1.12,1162,0.521,38.3,-0.875,0.484,7.21,23.87,13.969926,74.63990346,1.8359375,11114495
41.2,2,723,1.010052444,0.111630314,1,1,99.929207,1.004411539,1,79.77667494,80.64516129,11.96888889,2.46,124.3,88.3,49.7,35.9,606.1,0.706,1.05,4,1.37,38.6,9.71,1.12,1162,0.521,38.3,-0.875,0.484,9.97,6.35,13.969926,74.63990346,0.151948052,11114495
0,2,46,1.31439573,0.642526383,1,1,8.872533,,1,93.56683345,69.33523946,57,0.95,132.3,74.76,53,45.8,744.3,0.65,0.9,3,1.12,44.1,10.29,6.95,1050.4,0.295,27.1,-0.86,-0.509,11.76,5.12,14.250404,2.33537415,2.776998597,11073360
36.9,2,119,1.225767178,0.443792339,1,1,20.134001,,1,91.68946648,91.99726402,53,0.95,132.3,74.76,53,45.8,744.3,0.65,0.9,3,1.12,44.1,10.29,6.95,1050.4,0.295,27.1,-0.86,-0.509,8.84,17.06,14.250404,12.00204082,2.020860495,11073360
156.5,2,123,1.192311494,0.384063901,1,1,20.134001,,1,92.6128591,93.84404925,16,0.95,132.3,74.76,53,45.8,744.3,0.65,0.9,3,1.12,44.1,10.29,6.95,1050.4,0.295,27.1,-0.86,-0.509,8.84,17.06,14.250404,12.00204082,1.304970029,11073360
0.4,2,142,1.165553444,0.337895938,1,1,8.872533,,1,98.71336669,95.49678342,72.85722222,0.95,132.3,74.76,53,45.8,744.3,0.65,0.9,3,1.12,44.1,10.29,6.95,1050.4,0.295,27.1,-0.86,-0.509,8.84,17.06,14.250404,2.33537415,0.682403433,11073360
0.2,2,155,1.124868798,0.277128147,1,1,8.872533,,1,84.63187991,84.06004289,31,0.95,132.3,74.76,53,45.8,744.3,0.65,0.9,3,1.12,44.1,10.29,6.95,1050.4,0.295,27.1,-0.86,-0.509,8.84,17.06,14.250404,2.33537415,1.035087719,11073360
2.2,2,203,1.177936486,0.364611283,1,1,8.872533,,1,92.74481773,93.28091494,44,0.95,132.3,74.76,53,45.8,744.3,0.65,0.9,3,1.12,44.1,10.29,6.95,1050.4,0.295,27.1,-0.86,-0.509,12.07,4,14.250404,2.33537415,1.350762527,11073360
600.3,2,444,1.212362443,0.428797341,1,1,20.134001,,1,47.91381669,54.30916553,8.5,0.95,132.3,74.76,53,45.8,744.3,0.65,0.9,3,1.12,44.1,10.29,6.95,1050.4,0.295,27.1,-0.86,-0.509,8.45,15.84,14.250404,12.00204082,8.968253968,11073360
2.4,2,496,1.125462111,0.270960788,1,1,20.134001,,1,61.69630643,76.26538988,14.93333333,0.95,132.3,74.76,53,45.8,744.3,0.65,0.9,3,1.12,44.1,10.29,6.95,1050.4,0.295,27.1,-0.86,-0.509,9.69,15.15,14.250404,12.00204082,1.414012739,11073360
5.4,2,798,1.100872716,0.294432699,1,1,20.134001,,1,72.46922025,80.71135431,15.75,0.95,132.3,74.76,53,45.8,744.3,0.65,0.9,3,1.12,44.1,10.29,6.95,1050.4,0.295,27.1,-0.86,-0.509,8.73,9.83,14.250404,12.00204082,3.076923077,11073360
28.3,2,799,1.195607905,0.399157742,1,1,20.134001,,1,81.19015048,83.85772914,34.5,0.95,132.3,74.76,53,45.8,744.3,0.65,0.9,3,1.12,44.1,10.29,6.95,1050.4,0.295,27.1,-0.86,-0.509,8.45,15.84,14.250404,12.00204082,2.008928571,11073360
36.9,2,877,1.138998843,0.286980827,1,1,20.134001,,1,79.82216142,82.96853625,15,0.95,132.3,74.76,53,45.8,744.3,0.65,0.9,3,1.12,44.1,10.29,6.95,1050.4,0.295,27.1,-0.86,-0.509,9.69,15.15,14.250404,12.00204082,1.399956023,11073360
20.9,2,1273,1.103415196,0.252606541,1,0,20.134001,,1,78.07797538,83.65253078,14.66666667,0.95,132.3,74.76,53,45.8,744.3,0.65,0.9,3,1.12,44.1,10.29,6.95,1050.4,0.295,27.1,-0.86,-0.509,12.07,4,14.250404,12.00204082,1.248275862,11073360
45.6,2,1552,1.266681339,0.522495033,1,1,20.134001,,1,85.84131327,84.61012312,37.75,0.95,132.3,74.76,53,45.8,744.3,0.65,0.9,3,1.12,44.1,10.29,6.95,1050.4,0.295,27.1,-0.86,-0.509,8.45,15.84,14.250404,12.00204082,2.232019932,11073360
161.1,2,1554,1.198815437,0.401306242,1,1,20.134001,,1,93.43365253,82.48974008,58.75,0.95,132.3,74.76,53,45.8,744.3,0.65,0.9,3,1.12,44.1,10.29,6.95,1050.4,0.295,27.1,-0.86,-0.509,8.45,15.84,14.250404,12.00204082,1.231481481,11073360
166.4,1,87,1.100536354,0.278330733,1,1,65.272425,1.140346217,1,94.95877705,92.545517,16,2.05,139,89.76,48.6,96.1,380.6,0.11,0.5,3,1.21,65.4,9.68,2.96,3141.5,0.593,24.8,0.023,-1,13.35,11.76,13.047006,36.74589928,5.698005698,8377900
61,1,94,0.984956784,0.285968606,1,1,65.272425,1.140346217,1,97.09721745,97.8014428,11.95,2.05,139,89.76,48.6,96.1,380.6,0.11,0.5,3,1.21,65.4,9.68,2.96,3141.5,0.593,24.8,0.023,-1,13.35,11.76,13.047006,36.74589928,5.961538462,8377900
153.3,1,97,0.903140095,0.47157941,1,1,65.272425,1.140346217,1,91.59223634,99.07248368,11.66666667,2.05,139,89.76,48.6,96.1,380.6,0.11,0.5,3,1.21,65.4,9.68,2.96,3141.5,0.593,24.8,0.023,-1,13.35,11.76,13.047006,36.74589928,5.198675497,8377900
160.6,1,124,1.000798693,0.198765845,1,1,65.272425,1.140346217,1,92.10752319,97.23462728,8.857222222,2.05,139,89.76,48.6,96.1,380.6,0.11,0.5,3,1.21,65.4,9.68,2.96,3141.5,0.593,24.8,0.023,-1,12.48,12.57,13.047006,36.74589928,6.454248366,8377900
10.3,1,156,1.000598599,0.136772966,1,1,65.272425,1.140346217,1,91.5063552,88.13122638,17.94472222,2.05,139,89.76,48.6,96.1,380.6,0.11,0.5,3,1.21,65.4,9.68,2.96,3141.5,0.593,24.8,0.023,-1,9.39,6.14,13.047006,36.74589928,2.098360656,8377900
138.2,1,1148,1.068318141,0.288738455,1,1,9.194168,1.012725398,1,79.77746019,65.94528379,12.9,2.05,139,89.76,48.6,96.1,380.6,0.11,0.5,3,1.21,65.4,9.68,2.96,3141.5,0.593,24.8,0.023,-1,12.48,12.57,13.047006,3.062589928,1.520190024,8377900
242.4,1,1484,0.984436126,0.263082282,1,0,9.194168,1.012725398,1,85.35116374,83.60555329,21.98138889,2.05,139,89.76,48.6,96.1,380.6,0.11,0.5,3,1.21,65.4,9.68,2.96,3141.5,0.593,24.8,0.023,-1,13.35,11.76,13.047006,3.062589928,2.176735302,8377900
105.7,1,1507,0.95175137,0.25303138,1,0,9.194168,1.012725398,1,94.91629236,99.53042058,8.974444444,2.05,139,89.76,48.6,96.1,380.6,0.11,0.5,3,1.21,65.4,9.68,2.96,3141.5,0.593,24.8,0.023,-1,13.35,11.76,13.047006,3.062589928,1.823104693,8377900
127.2,1,1511,0.931091686,0.276244608,1,0,9.194168,1.012725398,1,93.05839118,94.54879543,36.83333333,2.05,139,89.76,48.6,96.1,380.6,0.11,0.5,3,1.21,65.4,9.68,2.96,3141.5,0.593,24.8,0.023,-1,12.48,12.57,13.047006,3.062589928,3.136363636,8377900
100.7,1,1518,1.041677343,0.376139142,1,0,9.194168,1.012725398,1,86.4842793,98.50959575,7.8,2.05,139,89.76,48.6,96.1,380.6,0.11,0.5,3,1.21,65.4,9.68,2.96,3141.5,0.593,24.8,0.023,-1,12.48,12.57,13.047006,3.062589928,1.008403361,8377900
83,1,1520,1.018820249,0.23006796,1,0,9.194168,1.012725398,1,98.32584728,99.04042466,17.98194444,2.05,139,89.76,48.6,96.1,380.6,0.11,0.5,3,1.21,65.4,9.68,2.96,3141.5,0.593,24.8,0.023,-1,12.48,12.57,13.047006,3.062589928,7.515899566,8377900
5.9,1,1822,0.998553951,0.139341013,1,1,9.194168,1.012725398,1,86.4842793,80.68599428,18.85722222,2.05,139,89.76,48.6,96.1,380.6,0.11,0.5,3,1.21,65.4,9.68,2.96,3141.5,0.593,24.8,0.023,-1,11.19,6.08,13.047006,3.062589928,1.103641457,8377900
2.1,2,153,1.051592118,0.119699702,1,1,11.921157,1.8590446,1,70,73.7164751,11.93333333,1.1,139.9,46.85,61.6,36.6,812.1,0.652,1.08,3,1.27,23.9,11.46,2.26,423.2,0.234,19.1,-0.597,-0.802,12.34,9.9,13.66011,7.699857041,0.72739726,11047300
34.7,2,161,1.076192759,0.180400395,1,1,11.921157,1.8590446,1,79.61685824,89.50191571,11.8,1.1,139.9,46.85,61.6,36.6,812.1,0.652,1.08,3,1.27,23.9,11.46,2.26,423.2,0.234,19.1,-0.597,-0.802,12.34,9.9,13.66011,7.699857041,1.645415908,11047300
109,2,181,1.175193035,0.373900064,1,1,11.921157,1.8590446,1,90.49808429,91.03448276,38,1.1,139.9,46.85,61.6,36.6,812.1,0.652,1.08,3,1.27,23.9,11.46,2.26,423.2,0.234,19.1,-0.597,-0.802,12.73,10.98,13.66011,7.699857041,1.140004282,11047300
1.5,2,208,1.105906792,0.227623002,1,1,11.921157,1.8590446,1,88.65900383,95.09578544,16.95833333,1.1,139.9,46.85,61.6,36.6,812.1,0.652,1.08,3,1.27,23.9,11.46,2.26,423.2,0.234,19.1,-0.597,-0.802,13.12,9.25,13.66011,7.699857041,0.146366782,11047300
56.7,2,212,1.134780768,0.28831504,1,1,11.921157,1.8590446,1,86.01532567,94.25287356,51.75,1.1,139.9,46.85,61.6,36.6,812.1,0.652,1.08,3,1.27,23.9,11.46,2.26,423.2,0.234,19.1,-0.597,-0.802,13.12,9.25,13.66011,7.699857041,0.394117647,11047300
0.8,2,478,1.078758854,0.17473213,1,1,11.921157,1.8590446,1,97.47126437,93.33333333,65,1.1,139.9,46.85,61.6,36.6,812.1,0.652,1.08,3,1.27,23.9,11.46,2.26,423.2,0.234,19.1,-0.597,-0.802,15.5,3.68,13.66011,7.699857041,1.019287701,11047300
0,2,582,1.13175065,0.306292932,1,1,11.921157,1.8590446,1,89.73180077,79.54022989,32,1.1,139.9,46.85,61.6,36.6,812.1,0.652,1.08,3,1.27,23.9,11.46,2.26,423.2,0.234,19.1,-0.597,-0.802,13.12,9.25,13.66011,7.699857041,0.272580972,11047300
55.3,2,594,1.108833521,0.238270845,1,1,11.921157,1.8590446,1,91.49425287,92.64367816,18.66666667,1.1,139.9,46.85,61.6,36.6,812.1,0.652,1.08,3,1.27,23.9,11.46,2.26,423.2,0.234,19.1,-0.597,-0.802,13.12,9.25,13.66011,7.699857041,0.275019099,11047300
110.5,2,610,1.133606079,0.289532984,1,1,11.921157,1.8590446,1,78.77394636,90.26819923,11.91666667,1.1,139.9,46.85,61.6,36.6,812.1,0.652,1.08,3,1.27,23.9,11.46,2.26,423.2,0.234,19.1,-0.597,-0.802,14.87,2.27,13.66011,7.699857041,0.456349206,11047300
146.5,2,611,1.054233563,0.156944562,1,1,11.921157,1.8590446,1,94.36781609,90.34482759,56,1.1,139.9,46.85,61.6,36.6,812.1,0.652,1.08,3,1.27,23.9,11.46,2.26,423.2,0.234,19.1,-0.597,-0.802,14.87,2.27,13.66011,7.699857041,1.137353735,11047300
0,2,1605,1.056999262,0.141034471,1,1,11.921157,1.8590446,1,72.33716475,73.10344828,9,1.1,139.9,46.85,61.6,36.6,812.1,0.652,1.08,3,1.27,23.9,11.46,2.26,423.2,0.234,19.1,-0.597,-0.802,12.99,6.03,13.66011,7.699857041,1.023744292,11047300
94.3,2,109,1.037245425,0.148817727,1,1,19.701106,0.914667921,1,88.50911458,92.25260417,19,2.04,144.5,66.42,46,40.7,690.4,0.635,0.96,4,1.54,50.7,9.96,6.14,1273.4,0.272,22.4,-0.728,0.686,6.53,14.09,18.45637,8.283114187,15.16129032,11063510
29.1,2,582,0.978420849,0.206544628,1,0,75.044644,1.007263416,1,90.69331668,87.69519051,52,2.04,144.5,66.42,46,40.7,690.4,0.635,0.96,4,1.54,50.7,9.96,6.14,1273.4,0.272,22.4,-0.728,0.686,8.58,13.15,18.45637,23.61986159,4.307142857,11063510
107.8,2,609,0.998753925,0.184265499,1,0,15.999744,0.650293498,1,87.088515,83.83321141,16,2.04,144.5,66.42,46,40.7,690.4,0.635,0.96,4,1.54,50.7,9.96,6.14,1273.4,0.272,22.4,-0.728,0.686,7.51,15.53,18.45637,3.731418685,33.30434783,11063510
37.4,1,846,0.869501434,0.377994273,1,1,15.999744,0.650293498,1,97.8785662,91.80687637,38,2.04,144.5,66.42,46,40.7,690.4,0.635,0.96,4,1.54,50.7,9.96,6.14,1273.4,0.272,22.4,-0.728,0.686,14.92,2.33,18.45637,3.731418685,0.434782609,11063510
36.1,2,881,0.941928882,0.221741188,1,1,75.044644,1.007263416,1,99.25046846,98.25109307,95.8,2.04,144.5,66.42,46,40.7,690.4,0.635,0.96,4,1.54,50.7,9.96,6.14,1273.4,0.272,22.4,-0.728,0.686,6.53,14.09,18.45637,23.61986159,0.926916221,11063510
0,2,904,1.061626527,0.324519857,1,1,19.701106,0.914667921,1,83.3984375,80.79427083,22,2.04,144.5,66.42,46,40.7,690.4,0.635,0.96,4,1.54,50.7,9.96,6.14,1273.4,0.272,22.4,-0.728,0.686,8.58,13.15,18.45637,8.283114187,2.999047619,11063510
76.7,2,911,0.969458913,0.18713394,1,1,75.044644,1.007263416,1,97.75140537,96.62710806,43.66666667,2.04,144.5,66.42,46,40.7,690.4,0.635,0.96,4,1.54,50.7,9.96,6.14,1273.4,0.272,22.4,-0.728,0.686,7.51,15.53,18.45637,23.61986159,1.330434783,11063510
0,2,916,0.95667431,0.189106629,1,1,15.999744,0.650293498,1,97.80541331,90.1975128,47,2.04,144.5,66.42,46,40.7,690.4,0.635,0.96,4,1.54,50.7,9.96,6.14,1273.4,0.272,22.4,-0.728,0.686,6.77,8.28,18.45637,3.731418685,12.42346939,11063510
77.8,2,931,0.948920492,0.24386221,1,1,75.044644,1.007263416,1,93.06683323,92.37976265,42.8,2.04,144.5,66.42,46,40.7,690.4,0.635,0.96,4,1.54,50.7,9.96,6.14,1273.4,0.272,22.4,-0.728,0.686,8.58,13.15,18.45637,23.61986159,1.109947644,11063510
0.9,2,937,0.992373532,0.152699157,1,1,75.044644,1.007263416,1,78.70081199,75.26545909,36.5,2.04,144.5,66.42,46,40.7,690.4,0.635,0.96,4,1.54,50.7,9.96,6.14,1273.4,0.272,22.4,-0.728,0.686,8.58,13.15,18.45637,23.61986159,3.057142857,11063510
0,2,1198,0.983947829,0.167241562,1,0,75.044644,1.007263416,1,96.37726421,89.38163648,44.5,2.04,144.5,66.42,46,40.7,690.4,0.635,0.96,4,1.54,50.7,9.96,6.14,1273.4,0.272,22.4,-0.728,0.686,10.12,4.57,18.45637,23.61986159,1.584269663,11063510
0,2,1342,0.956233578,0.182642461,1,1,15.999744,0.650293498,1,95.35479151,93.56254572,21,2.04,144.5,66.42,46,40.7,690.4,0.635,0.96,4,1.54,50.7,9.96,6.14,1273.4,0.272,22.4,-0.728,0.686,7.51,15.53,18.45637,3.731418685,2.576530612,11063510
122.5,2,444,1.047796997,0.137145832,1,1,34.361034,1.403707824,1,84.28761651,65.24633822,20,1.32,144.8,107.68,64.2,75.1,733.1,0.62,0.7,4,1.27,28.1,11.03,1.27,258.7,0.293,15.8,0.094,-0.996,8.63,16.48,17.015969,19.21139503,1.941666667,11466200
32.6,2,454,1.036781513,0.126692172,1,1,7.676397,0.941665039,1,94.36902966,96.43036702,15,1.32,144.8,107.68,64.2,75.1,733.1,0.62,0.7,4,1.27,28.1,11.03,1.27,258.7,0.293,15.8,0.094,-0.996,8.23,21.97,17.015969,1.310220994,1.843930636,11466200
139.7,2,456,1.056445163,0.191832075,1,1,7.676397,0.941665039,1,75.6661639,90.29663147,32.5,1.32,144.8,107.68,64.2,75.1,733.1,0.62,0.7,4,1.27,28.1,11.03,1.27,258.7,0.293,15.8,0.094,-0.996,8.23,21.97,17.015969,1.310220994,0.449528302,11466200
39,2,464,1.040562079,0.144219822,1,1,7.676397,0.941665039,1,92.93614882,98.44142785,20.98277778,1.32,144.8,107.68,64.2,75.1,733.1,0.62,0.7,4,1.27,28.1,11.03,1.27,258.7,0.293,15.8,0.094,-0.996,8.23,21.97,17.015969,1.310220994,1.703030303,11466200
68.2,2,482,1.032554535,0.109113677,1,1,7.676397,0.941665039,1,84.53996983,88.23529412,40.97638889,1.32,144.8,107.68,64.2,75.1,733.1,0.62,0.7,4,1.27,28.1,11.03,1.27,258.7,0.293,15.8,0.094,-0.996,9.74,20.11,17.015969,1.310220994,1.005382908,11466200
266.9,2,509,1.030122616,0.11414585,1,1,7.676397,0.941665039,1,73.15233786,88.88888889,14,1.32,144.8,107.68,64.2,75.1,733.1,0.62,0.7,4,1.27,28.1,11.03,1.27,258.7,0.293,15.8,0.094,-0.996,11.07,16.56,17.015969,1.310220994,1.266129032,11466200
0,2,821,1.027212597,0.084510143,1,1,34.361034,1.403707824,1,94.42964936,96.18286729,19.94472222,1.32,144.8,107.68,64.2,75.1,733.1,0.62,0.7,4,1.27,28.1,11.03,1.27,258.7,0.293,15.8,0.094,-0.996,8.63,16.48,17.015969,19.21139503,0.759312321,11466200
111.1,2,823,1.057259484,0.168864289,1,1,34.361034,1.403707824,1,95.38393253,83.71060808,59.88916667,1.32,144.8,107.68,64.2,75.1,733.1,0.62,0.7,4,1.27,28.1,11.03,1.27,258.7,0.293,15.8,0.094,-0.996,8.63,16.48,17.015969,19.21139503,0.393814982,11466200
42.4,2,77,1.077987218,0.153492677,1,1,59.833561,1.393602004,1,95.63318777,87.96007486,41,1.75,146.3,47.31,53.2,40,817.6,0.607,0.82,3,1.39,26.8,11.3,2.46,561.3,0.27,8.7,-0.125,-0.992,10.7,9.2,15.589059,18.34757348,1.529411765,11028500
36.8,2,97,1.101302041,0.198129249,1,1,59.833561,1.393602004,1,97.94135995,92.01497193,55.66666667,1.75,146.3,47.31,53.2,40,817.6,0.607,0.82,3,1.39,26.8,11.3,2.46,561.3,0.27,8.7,-0.125,-0.992,10.7,9.2,15.589059,18.34757348,1.698224852,11028500
4.3,2,421,1.015363917,0.096309951,1,1,59.833561,1.393602004,1,98.12850905,93.51216469,74.66666667,1.75,146.3,47.31,53.2,40,817.6,0.607,0.82,3,1.39,26.8,11.3,2.46,561.3,0.27,8.7,-0.125,-0.992,11.06,4.92,15.589059,18.34757348,11.31818182,11028500
0,2,473,1.000634965,0.098545749,1,1,59.833561,1.393602004,1,95.6955708,92.26450405,58,1.75,146.3,47.31,53.2,40,817.6,0.607,0.82,3,1.39,26.8,11.3,2.46,561.3,0.27,8.7,-0.125,-0.992,11.32,9.59,15.589059,18.34757348,0.238970588,11028500
52.9,2,842,1.035673051,0.101253572,1,1,59.833561,1.393602004,1,81.40985652,81.03555833,18,1.75,146.3,47.31,53.2,40,817.6,0.607,0.82,3,1.39,26.8,11.3,2.46,561.3,0.27,8.7,-0.125,-0.992,11.32,9.59,15.589059,18.34757348,0.119811321,11028500
2.3,2,860,1.060124389,0.133009327,1,1,59.833561,1.393602004,1,92.04616344,95.00935745,17,1.75,146.3,47.31,53.2,40,817.6,0.607,0.82,3,1.39,26.8,11.3,2.46,561.3,0.27,8.7,-0.125,-0.992,11.32,9.59,15.589059,18.34757348,3.437152392,11028500
1.7,2,867,1.066257645,0.146984274,1,1,59.833561,1.393602004,1,86.15096694,72.92576419,63,1.75,146.3,47.31,53.2,40,817.6,0.607,0.82,3,1.39,26.8,11.3,2.46,561.3,0.27,8.7,-0.125,-0.992,11.9,10.67,15.589059,18.34757348,3.25,11028500
11.8,2,1154,1.046494861,0.124658756,1,1,59.833561,1.393602004,1,100,98.19089208,107.5,1.75,146.3,47.31,53.2,40,817.6,0.607,0.82,3,1.39,26.8,11.3,2.46,561.3,0.27,8.7,-0.125,-0.992,11.06,4.92,15.589059,18.34757348,0.806451613,11028500
13.1,2,1165,1.038787782,0.09655544,1,1,59.833561,1.393602004,1,83.28134747,79.97504679,21,1.75,146.3,47.31,53.2,40,817.6,0.607,0.82,3,1.39,26.8,11.3,2.46,561.3,0.27,8.7,-0.125,-0.992,11.06,4.92,15.589059,18.34757348,6.099773243,11028500
16.5,2,1216,1.077245919,0.155506594,1,1,59.833561,1.393602004,1,98.19089208,93.69931379,47.75,1.75,146.3,47.31,53.2,40,817.6,0.607,0.82,3,1.39,26.8,11.3,2.46,561.3,0.27,8.7,-0.125,-0.992,11.32,9.59,15.589059,18.34757348,16,11028500
2.7,2,1246,1.074340584,0.167352858,1,1,59.833561,1.393602004,1,93.26263256,92.45165315,30,1.75,146.3,47.31,53.2,40,817.6,0.607,0.82,3,1.39,26.8,11.3,2.46,561.3,0.27,8.7,-0.125,-0.992,11.9,10.67,15.589059,18.34757348,1.482142857,11028500
0,2,1264,1.089397294,0.223517089,1,1,59.833561,1.393602004,1,80.47411104,73.17529632,40,1.75,146.3,47.31,53.2,40,817.6,0.607,0.82,3,1.39,26.8,11.3,2.46,561.3,0.27,8.7,-0.125,-0.992,13.98,3.29,15.589059,18.34757348,1.95,11028500
29.5,2,538,0.915855041,0.225966411,1,1,36.399541,1.263146869,1,70.49120235,61.95014663,15,1.14,148.5,33.74,54.3,29.5,884.7,0.599,0.94,4,1.23,20.3,12.27,2.7,484.1,0.326,8,-0.21,-0.978,15.34,1.81,14.66485,7.655757576,1.049723757,11042800
14,2,1122,0.945697768,0.18347379,1,0,36.399541,1.263146869,1,97.65395894,93.47507331,23,1.14,148.5,33.74,54.3,29.5,884.7,0.599,0.94,4,1.23,20.3,12.27,2.7,484.1,0.326,8,-0.21,-0.978,14.06,2.12,14.66485,7.655757576,0.176470588,11042800
14.4,2,1535,1.013652944,0.109306333,1,1,36.399541,1.263146869,1,97.4340176,84.75073314,62.8,1.14,148.5,33.74,54.3,29.5,884.7,0.599,0.94,4,1.23,20.3,12.27,2.7,484.1,0.326,8,-0.21,-0.978,10.84,8.03,14.66485,7.655757576,3.237288136,11042800
36.6,2,1561,0.957762534,0.143778985,1,1,36.399541,1.263146869,1,83.65102639,73.90029326,16,1.14,148.5,33.74,54.3,29.5,884.7,0.599,0.94,4,1.23,20.3,12.27,2.7,484.1,0.326,8,-0.21,-0.978,11.65,7.04,14.66485,7.655757576,0.933333333,11042800
103.4,2,1566,0.972961995,0.106402143,1,1,36.399541,1.263146869,1,94.20821114,86.6568915,31.5,1.14,148.5,33.74,54.3,29.5,884.7,0.599,0.94,4,1.23,20.3,12.27,2.7,484.1,0.326,8,-0.21,-0.978,11.65,7.04,14.66485,7.655757576,0.873096447,11042800
14.4,2,1611,0.984013698,0.092846747,1,1,36.399541,1.263146869,1,73.86363636,75.80645161,11,1.14,148.5,33.74,54.3,29.5,884.7,0.599,0.94,4,1.23,20.3,12.27,2.7,484.1,0.326,8,-0.21,-0.978,12.83,6.5,14.66485,7.655757576,3.956033891,11042800
29.6,2,1612,0.956917617,0.135396369,1,1,36.399541,1.263146869,1,92.96187683,84.09090909,91,1.14,148.5,33.74,54.3,29.5,884.7,0.599,0.94,4,1.23,20.3,12.27,2.7,484.1,0.326,8,-0.21,-0.978,12.83,6.5,14.66485,7.655757576,0.158571429,11042800
19.3,2,1618,0.975526521,0.242725716,1,1,36.399541,1.263146869,1,68.29178886,85.48387097,14,1.14,148.5,33.74,54.3,29.5,884.7,0.599,0.94,4,1.23,20.3,12.27,2.7,484.1,0.326,8,-0.21,-0.978,15.34,1.81,14.66485,7.655757576,1.625,11042800
15.4,2,1627,0.912182405,0.260726236,1,1,36.399541,1.263146869,1,67.15542522,85.15395894,23.5,1.14,148.5,33.74,54.3,29.5,884.7,0.599,0.94,4,1.23,20.3,12.27,2.7,484.1,0.326,8,-0.21,-0.978,15.34,1.81,14.66485,7.655757576,1.62405303,11042800
21.6,2,416,1.019724794,0.118575191,1,1,63.695385,1.042728974,1,92.61730521,98.32113646,19.83333333,2.59,150.4,107.96,63.9,77.4,739.6,0.626,0.64,3,1.77,23.2,10.42,1.81,301.1,0.336,17.6,-0.861,-0.509,11.55,14.85,19.519202,23.62679521,0.101327434,11458500
164.8,2,456,1.018688635,0.064335235,1,1,63.695385,1.042728974,1,90.68015497,90.74472665,31.75,2.59,150.4,107.96,63.9,77.4,739.6,0.626,0.64,3,1.77,23.2,10.42,1.81,301.1,0.336,17.6,-0.861,-0.509,8.12,22.19,19.519202,23.62679521,0.175739645,11458500
302,2,509,1.027042947,0.077557481,1,1,63.695385,1.042728974,1,73.69780456,88.54928971,9.5,2.59,150.4,107.96,63.9,77.4,739.6,0.626,0.64,3,1.77,23.2,10.42,1.81,301.1,0.336,17.6,-0.861,-0.509,10.87,16.65,19.519202,23.62679521,0.752542373,11458500
35,2,512,0.968649134,0.115647278,1,1,63.695385,1.042728974,1,57.46879036,64.27034008,8,2.59,150.4,107.96,63.9,77.4,739.6,0.626,0.64,3,1.77,23.2,10.42,1.81,301.1,0.336,17.6,-0.861,-0.509,10.87,16.65,19.519202,23.62679521,10.45348837,11458500
4,2,542,1.054042039,0.150082159,1,1,63.695385,1.042728974,1,74.68790357,94.53293155,29,2.59,150.4,107.96,63.9,77.4,739.6,0.626,0.64,3,1.77,23.2,10.42,1.81,301.1,0.336,17.6,-0.861,-0.509,12.86,5.96,19.519202,23.62679521,0.553982301,11458500
116.9,2,823,1.000129255,0.085514356,1,1,14.134659,1.872868589,1,94.89420423,84.36062557,59.875,2.59,150.4,107.96,63.9,77.4,739.6,0.626,0.64,3,1.77,23.2,10.42,1.81,301.1,0.336,17.6,-0.861,-0.509,8.48,16.55,19.519202,1.447539894,0.523981716,11458500
2.7,1,423,1.029807815,0.129105517,1,1,99.307087,1,1,74.39951962,64.81184948,18,2.44,155.1,122.99,60.8,72.9,711.9,0.62,0.88,4,1.26,40.7,10.13,1.39,910.7,0.327,31.1,-0.452,0.892,16.42,6.1,14.155992,75.95280464,0.815613749,11451100
110.8,1,589,1.04896309,0.195261755,1,1,99.307087,1,1,74.81985588,81.74539632,21,2.44,155.1,122.99,60.8,72.9,711.9,0.62,0.88,4,1.26,40.7,10.13,1.39,910.7,0.327,31.1,-0.452,0.892,8.57,17.58,14.155992,75.95280464,1.977922875,11451100
85.5,1,945,1.057155397,0.214048358,1,1,99.307087,1,1,80.96477182,72.57806245,22.96305556,2.44,155.1,122.99,60.8,72.9,711.9,0.62,0.88,4,1.26,40.7,10.13,1.39,910.7,0.327,31.1,-0.452,0.892,8.57,17.58,14.155992,75.95280464,1.152777778,11451100
11.5,2,162,1.030056634,0.083548778,1,0,32.048365,1.410971875,1,96.43956044,95.34065934,63.66666667,2.33,162.6,162.49,65.6,81.3,700.8,0.627,0.81,4,1.32,36,10.95,2.58,308.2,0.403,28.9,-1,0.009,8.19,32.66,14.168797,18.79649446,0.735042735,11467200
160.6,2,485,1.030129823,0.082247956,1,1,32.048365,1.410971875,1,89.0989011,76.79120879,23,2.33,162.6,162.49,65.6,81.3,700.8,0.627,0.81,4,1.32,36,10.95,2.58,308.2,0.403,28.9,-1,0.009,8.42,27.19,14.168797,18.79649446,1.961534774,11467200
3.9,2,862,1.012605834,0.091293384,1,1,32.048365,1.410971875,1,95.25274725,98.24175824,20.5,2.33,162.6,162.49,65.6,81.3,700.8,0.627,0.81,4,1.32,36,10.95,2.58,308.2,0.403,28.9,-1,0.009,8.42,27.19,14.168797,18.79649446,16.7025719,11467200
162.3,2,864,1.008839787,0.084793448,1,1,32.048365,1.410971875,1,93.14285714,68.65934066,59.91666667,2.33,162.6,162.49,65.6,81.3,700.8,0.627,0.81,4,1.32,36,10.95,2.58,308.2,0.403,28.9,-1,0.009,8.42,27.19,14.168797,18.79649446,0.484042553,11467200
195.9,1,58,1.053232165,0.147826964,1,0,5.299237,0.724100775,1,93.55345912,87.96046721,60.96166667,2.76,165.6,333.51,74.1,209.9,513.4,0.323,0.67,4,1.5,54.7,9.71,5.63,931.7,0.405,44.4,0.117,-0.993,7.32,27.49,13.000419,3.573913043,5.237288136,12142000
3.8,2,1551,1.058850642,0.234303469,1,1,44.598942,1.456986549,1,92.76401565,77.96610169,62,2.1,175.1,66.31,43.9,49,724,0.611,0.97,4,1.24,39.2,10.29,5.47,1271.7,0.362,20.2,0.925,0.379,6.25,13.76,18.304836,27.1413478,0.114954683,10260950
30.7,2,1580,1.064779484,0.331991679,1,1,44.598942,1.456986549,1,86.70143416,85.33246415,47,2.1,175.1,66.31,43.9,49,724,0.611,0.97,4,1.24,39.2,10.29,5.47,1271.7,0.362,20.2,0.925,0.379,7.19,15.35,18.304836,27.1413478,0.173174873,10260950
0,2,77,1.050935258,0.146575385,1,1,17.300814,0.890020873,1,99.47889526,98.48879625,64.88916667,2.34,177.5,52.71,40,52.6,949,0.196,0.87,3,1.36,22.1,10.1,3.45,1208.9,0.467,22.5,-0.241,-0.97,11.19,4.44,18.230644,1.168225352,18.50202429,9513780
3.7,2,86,1.092737027,0.245632663,1,1,17.300814,0.890020873,1,95.20583637,97.18603439,32.9,2.34,177.5,52.71,40,52.6,949,0.196,0.87,3,1.36,22.1,10.1,3.45,1208.9,0.467,22.5,-0.241,-0.97,11.19,4.44,18.230644,1.168225352,5.549132948,9513780
0,2,172,1.041405387,0.119925443,1,1,17.300814,0.890020873,1,89.81240229,86.13861386,13.9,2.34,177.5,52.71,40,52.6,949,0.196,0.87,3,1.36,22.1,10.1,3.45,1208.9,0.467,22.5,-0.241,-0.97,8.2,6.91,18.230644,1.168225352,0.80661157,9513780
33,2,1275,1.032665929,0.243283245,1,1,90.81327,1.095059029,1,52.01812191,53.78912685,8,2.34,177.5,52.71,40,52.6,949,0.196,0.87,3,1.36,22.1,10.1,3.45,1208.9,0.467,22.5,-0.241,-0.97,7.5,4.51,18.230644,28.51808451,2.25974026,9513780
4.2,2,1283,1.016155049,0.156799889,1,1,90.81327,1.095059029,1,87.19110379,64.49752883,31,2.34,177.5,52.71,40,52.6,949,0.196,0.87,3,1.36,22.1,10.1,3.45,1208.9,0.467,22.5,-0.241,-0.97,7.5,4.51,18.230644,28.51808451,7.142857143,9513780
0,2,1328,1.02359835,0.093578081,1,1,90.81327,1.095059029,1,98.64085667,89.2092257,59.75,2.34,177.5,52.71,40,52.6,949,0.196,0.87,3,1.36,22.1,10.1,3.45,1208.9,0.467,22.5,-0.241,-0.97,8.2,6.91,18.230644,28.51808451,0.321875,9513780
28.7,2,77,1.053990791,0.15563196,1,0,70.695026,1.1438699,1,92.5170068,85.15769944,36,2.91,181.8,44.33,55.8,42.1,846.3,0.609,1.26,5,1.39,33.8,10.3,3.01,490.9,0.343,19.4,-0.048,-0.999,11.13,8.78,16.12831,17.86534653,0.853211009,11014000
0,2,116,1.051377959,0.151385116,1,0,70.695026,1.1438699,1,88.03339518,91.58936302,16.5,2.91,181.8,44.33,55.8,42.1,846.3,0.609,1.26,5,1.39,33.8,10.3,3.01,490.9,0.343,19.4,-0.048,-0.999,11.77,8.75,16.12831,17.86534653,4.236206897,11014000
5.4,2,124,1.04361837,0.147889022,1,0,70.695026,1.1438699,1,85.31230674,75.8812616,27.5,2.91,181.8,44.33,55.8,42.1,846.3,0.609,1.26,5,1.39,33.8,10.3,3.01,490.9,0.343,19.4,-0.048,-0.999,11.77,8.75,16.12831,17.86534653,0.875949367,11014000
29.8,2,484,0.975461598,0.137714424,1,1,34.921161,0.643563446,1,94.46275544,96.17666447,19.5,2.91,181.8,44.33,55.8,42.1,846.3,0.609,1.26,5,1.39,33.8,10.3,3.01,490.9,0.343,19.4,-0.048,-0.999,11.77,8.75,16.12831,27.06188119,3.829787234,11014000
1.3,2,564,0.969888767,0.130805256,1,1,5.043274,0.752773408,1,83.89441469,85.08033665,26.8,2.91,181.8,44.33,55.8,42.1,846.3,0.609,1.26,5,1.39,33.8,10.3,3.01,490.9,0.343,19.4,-0.048,-0.999,11.45,4.97,16.12831,2.248514851,0.379452055,11014000
2.6,2,634,1.044810797,0.126832999,1,1,5.043274,0.752773408,1,99.23488906,97.16908952,48.66666667,2.91,181.8,44.33,55.8,42.1,846.3,0.609,1.26,5,1.39,33.8,10.3,3.01,490.9,0.343,19.4,-0.048,-0.999,11.77,8.75,16.12831,2.248514851,0.373464373,11014000
16.5,2,1515,1.070064654,0.231138534,1,1,7.06468,1.142409136,1,86.05592347,82.1192053,37,2.91,181.8,44.33,55.8,42.1,846.3,0.609,1.26,5,1.39,33.8,10.3,3.01,490.9,0.343,19.4,-0.048,-0.999,12.36,9.83,16.12831,6.221287129,0.528089888,11014000
8.6,2,483,1.024576139,0.126813012,1,1,85.565494,1.161792096,1,98.70903674,88.23237339,49,1.77,187.4,43.32,61.7,49.1,799,0.604,1.08,4,1.42,30.9,10.3,1.62,559.2,0.472,26.1,-0.722,0.692,8.59,5.71,18.975462,39.2167556,0.295419847,11274630
61.9,2,496,1.059592987,0.148809376,1,1,85.565494,1.161792096,1,94.56305859,84.40913605,77,1.77,187.4,43.32,61.7,49.1,799,0.604,1.08,4,1.42,30.9,10.3,1.62,559.2,0.472,26.1,-0.722,0.692,8.59,5.71,18.975462,39.2167556,0.362204724,11274630
69.3,2,528,1.0720114,0.210448703,1,1,13.905464,1.291954055,1,98.74860957,92.26918799,68,1.77,187.4,43.32,61.7,49.1,799,0.604,1.08,4,1.42,30.9,10.3,1.62,559.2,0.472,26.1,-0.722,0.692,8.59,5.71,18.975462,5.048932764,0.227218935,11274630
184.9,2,532,1.053895365,0.161539781,1,1,13.905464,1.291954055,1,79.19911012,72.13570634,23.5,1.77,187.4,43.32,61.7,49.1,799,0.604,1.08,4,1.42,30.9,10.3,1.62,559.2,0.472,26.1,-0.722,0.692,7.89,8.15,18.975462,5.048932764,0.840909091,11274630
30.1,2,537,1.046602166,0.145797788,1,1,13.905464,1.291954055,1,95.99555061,82.42491657,66.75,1.77,187.4,43.32,61.7,49.1,799,0.604,1.08,4,1.42,30.9,10.3,1.62,559.2,0.472,26.1,-0.722,0.692,7.89,8.15,18.975462,5.048932764,0.459876543,11274630
1.5,2,543,1.022652325,0.105295309,1,1,14.544513,0.969698236,1,99.18367347,98.19241983,31,1.77,187.4,43.32,61.7,49.1,799,0.604,1.08,4,1.42,30.9,10.3,1.62,559.2,0.472,26.1,-0.722,0.692,7.89,8.15,18.975462,4.075933831,1.611170784,11274630
90,2,545,1.106303047,0.280600804,1,1,14.544513,0.969698236,1,71.28279883,77.31778426,14,1.77,187.4,43.32,61.7,49.1,799,0.604,1.08,4,1.42,30.9,10.3,1.62,559.2,0.472,26.1,-0.722,0.692,7.89,8.15,18.975462,4.075933831,0.229292929,11274630
0,2,561,1.056545627,0.159207024,1,1,14.544513,0.969698236,1,94.57725948,63.3819242,79.66666667,1.77,187.4,43.32,61.7,49.1,799,0.604,1.08,4,1.42,30.9,10.3,1.62,559.2,0.472,26.1,-0.722,0.692,7.89,8.15,18.975462,4.075933831,0.106438356,11274630
61.9,2,565,1.101020338,0.274057458,1,1,14.544513,0.969698236,1,86.58892128,73.35276968,24,1.77,187.4,43.32,61.7,49.1,799,0.604,1.08,4,1.42,30.9,10.3,1.62,559.2,0.472,26.1,-0.722,0.692,7.89,8.15,18.975462,4.075933831,2.596774194,11274630
112.7,2,567,1.072872494,0.180954565,1,1,14.544513,0.969698236,1,79.97084548,74.11078717,23,1.77,187.4,43.32,61.7,49.1,799,0.604,1.08,4,1.42,30.9,10.3,1.62,559.2,0.472,26.1,-0.722,0.692,7.89,8.15,18.975462,4.075933831,5.727272727,11274630
39,2,573,1.083779076,0.220631222,1,1,14.544513,0.969698236,1,87.75510204,72.88629738,39.75,1.77,187.4,43.32,61.7,49.1,799,0.604,1.08,4,1.42,30.9,10.3,1.62,559.2,0.472,26.1,-0.722,0.692,9.37,8.63,18.975462,4.075933831,0.829819749,11274630
9.6,2,575,1.071459235,0.198558032,1,1,13.905464,1.291954055,1,98.8320356,95.93993326,66,1.77,187.4,43.32,61.7,49.1,799,0.604,1.08,4,1.42,30.9,10.3,1.62,559.2,0.472,26.1,-0.722,0.692,9.37,8.63,18.975462,5.048932764,0.167030812,11274630
142.7,2,580,1.096213957,0.253075468,1,1,13.905464,1.291954055,1,90.60066741,91.93548387,25.66666667,1.77,187.4,43.32,61.7,49.1,799,0.604,1.08,4,1.42,30.9,10.3,1.62,559.2,0.472,26.1,-0.722,0.692,9.37,8.63,18.975462,5.048932764,0.391797139,11274630
1.6,2,588,1.114593306,0.32898959,1,1,13.905464,1.291954055,1,87.12458287,94.04894327,14,1.77,187.4,43.32,61.7,49.1,799,0.604,1.08,4,1.42,30.9,10.3,1.62,559.2,0.472,26.1,-0.722,0.692,9.37,8.63,18.975462,5.048932764,0.988764045,11274630
23.4,2,610,1.088457143,0.230123136,1,1,13.905464,1.291954055,1,96.88542825,89.93325918,54.75,1.77,187.4,43.32,61.7,49.1,799,0.604,1.08,4,1.42,30.9,10.3,1.62,559.2,0.472,26.1,-0.722,0.692,10.16,8.15,18.975462,5.048932764,0.348017621,11274630
64.2,2,865,1.103098541,0.257321966,1,1,85.565494,1.161792096,1,94.81132075,87.43793446,47.5,1.77,187.4,43.32,61.7,49.1,799,0.604,1.08,4,1.42,30.9,10.3,1.62,559.2,0.472,26.1,-0.722,0.692,8.59,5.71,18.975462,39.2167556,4.259699277,11274630
41.7,2,894,1.058466137,0.158842957,1,1,13.905464,1.291954055,1,94.93882091,98.10901001,33,1.77,187.4,43.32,61.7,49.1,799,0.604,1.08,4,1.42,30.9,10.3,1.62,559.2,0.472,26.1,-0.722,0.692,8.59,5.71,18.975462,5.048932764,9.526315789,11274630
42.4,2,968,1.156773318,0.397885298,1,0,14.544513,0.969698236,1,89.50437318,77.72594752,29.92333333,1.77,187.4,43.32,61.7,49.1,799,0.604,1.08,4,1.42,30.9,10.3,1.62,559.2,0.472,26.1,-0.722,0.692,10.16,8.15,18.975462,4.075933831,2.776666667,11274630
33.6,2,985,1.007118759,0.155620009,1,1,13.905464,1.291954055,1,57.61957731,69.68854283,7.666666667,1.77,187.4,43.32,61.7,49.1,799,0.604,1.08,4,1.42,30.9,10.3,1.62,559.2,0.472,26.1,-0.722,0.692,10.16,8.15,18.975462,5.048932764,0.434782609,11274630
39.5,2,988,1.076176867,0.193627729,1,1,13.905464,1.291954055,1,98.88765295,94.99443826,72.5,1.77,187.4,43.32,61.7,49.1,799,0.604,1.08,4,1.42,30.9,10.3,1.62,559.2,0.472,26.1,-0.722,0.692,12.87,2.5,18.975462,5.048932764,0.399721448,11274630
8.4,2,1622,1.056619241,0.174076148,1,1,14.544513,0.969698236,1,95.97667638,89.03790087,70,1.77,187.4,43.32,61.7,49.1,799,0.604,1.08,4,1.42,30.9,10.3,1.62,559.2,0.472,26.1,-0.722,0.692,8.59,5.71,18.975462,4.075933831,0.13129771,11274630
24.3,2,1633,1.071442302,0.223127685,1,1,14.544513,0.969698236,1,85.94752187,81.10787172,21,1.77,187.4,43.32,61.7,49.1,799,0.604,1.08,4,1.42,30.9,10.3,1.62,559.2,0.472,26.1,-0.722,0.692,8.59,5.71,18.975462,4.075933831,1.544117647,11274630
39.4,2,1637,1.001970433,0.095768687,1,1,14.544513,0.969698236,1,88.16326531,83.8483965,46,1.77,187.4,43.32,61.7,49.1,799,0.604,1.08,4,1.42,30.9,10.3,1.62,559.2,0.472,26.1,-0.722,0.692,7.89,8.15,18.975462,4.075933831,1.046111111,11274630
39.8,2,1684,1.055263088,0.173511188,1,1,14.544513,0.969698236,1,96.6180758,86.93877551,50.5,1.77,187.4,43.32,61.7,49.1,799,0.604,1.08,4,1.42,30.9,10.3,1.62,559.2,0.472,26.1,-0.722,0.692,9.37,8.63,18.975462,4.075933831,0.559062439,11274630
17.7,2,1691,1.06363268,0.184282421,1,1,14.544513,0.969698236,1,93.35276968,95.16034985,23.5,1.77,187.4,43.32,61.7,49.1,799,0.604,1.08,4,1.42,30.9,10.3,1.62,559.2,0.472,26.1,-0.722,0.692,9.37,8.63,18.975462,4.075933831,1.193832599,11274630
21,2,1713,1.059631936,0.153278743,1,1,14.544513,0.969698236,1,99.24198251,97.31778426,78,1.77,187.4,43.32,61.7,49.1,799,0.604,1.08,4,1.42,30.9,10.3,1.62,559.2,0.472,26.1,-0.722,0.692,10.16,8.15,18.975462,4.075933831,0.649102564,11274630
0,2,1630,1.050306434,0.144654154,1,1,77.294582,1.157801676,1,98.06534824,89.89681857,23.875,2.43,188.7,50.78,38.1,53.2,973.2,0.208,0.98,4,1.51,22.7,10.42,5.25,1150.1,0.484,21.1,-0.665,-0.747,7.93,4.52,17.665115,28.43465819,0.144117037,9512280
13.8,2,1720,0.993546922,0.112208166,1,1,77.294582,1.157801676,1,93.55116079,88.39208942,25.875,2.43,188.7,50.78,38.1,53.2,973.2,0.208,0.98,4,1.51,22.7,10.42,5.25,1150.1,0.484,21.1,-0.665,-0.747,10.91,6.71,17.665115,28.43465819,2.67816092,9512280
171.2,1,800,0.917750659,0.279651341,1,1,32.826882,1.454692123,1,75.56907821,90.03831418,14.95833333,2.07,190.2,164.67,72.5,178.5,439.2,0.402,0.69,3,1.42,62.8,9.76,2.57,1214.1,0.456,35.7,0.768,-0.641,6.01,11.33,12.777585,18.2318612,1.360406091,12097500
60.8,1,32,0.976561635,0.120831581,1,0,31.471915,0.982202585,1,95.08174387,96.94822888,70,1.85,190.5,67.41,44.7,72,593.8,0.222,0.58,3,1.32,53.1,9.96,2.05,2371.3,0.444,40.6,-0.973,-0.231,19.49,9.71,15.895541,9.305669291,13.10880829,9430600
118.6,1,76,1.021090287,0.616038605,1,0,31.471915,0.982202585,1,44.42779292,51.14441417,6.8,1.85,190.5,67.41,44.7,72,593.8,0.222,0.58,3,1.32,53.1,9.96,2.05,2371.3,0.444,40.6,-0.973,-0.231,18.25,10.8,15.895541,9.305669291,3.85,9430600
11.9,1,501,1.037574864,0.166556388,1,1,51.133435,1.205781063,1,95.49573561,91.28464819,33.83333333,1.85,190.5,67.41,44.7,72,593.8,0.222,0.58,3,1.32,53.1,9.96,2.05,2371.3,0.444,40.6,-0.973,-0.231,10.97,6.38,15.895541,12.07322835,4.480662983,9430600
71.2,1,1133,0.980842003,0.164358255,1,1,24.384716,1.625205434,1,97.1227246,98.82560188,13.8,1.85,190.5,67.41,44.7,72,593.8,0.222,0.58,3,1.32,53.1,9.96,2.05,2371.3,0.444,40.6,-0.973,-0.231,19.49,9.71,15.895541,3.27496063,23.30188679,9430600
78.1,1,1139,1.000284807,0.1295361,1,0,31.471915,0.982202585,1,87.46594005,89.5640327,16.5,1.85,190.5,67.41,44.7,72,593.8,0.222,0.58,3,1.32,53.1,9.96,2.05,2371.3,0.444,40.6,-0.973,-0.231,19.49,9.71,15.895541,9.305669291,2.909090909,9430600
52.1,1,1171,0.996888952,0.2658677,1,1,24.384716,1.625205434,1,81.66470934,66.61773341,37.5,1.85,190.5,67.41,44.7,72,593.8,0.222,0.58,3,1.32,53.1,9.96,2.05,2371.3,0.444,40.6,-0.973,-0.231,18.25,10.8,15.895541,3.27496063,44.95575221,9430600
47.4,1,1195,1.072285301,0.202175658,1,1,24.384716,1.625205434,1,93.01233118,93.33529066,36.83333333,1.85,190.5,67.41,44.7,72,593.8,0.222,0.58,3,1.32,53.1,9.96,2.05,2371.3,0.444,40.6,-0.973,-0.231,15.89,7.73,15.895541,3.27496063,2.91160221,9430600
28.6,1,1209,1.056260086,0.262515091,1,1,91.945834,1.032051864,1,62.28290964,73.79813743,25,1.85,190.5,67.41,44.7,72,593.8,0.222,0.58,3,1.32,53.1,9.96,2.05,2371.3,0.444,40.6,-0.973,-0.231,18.25,10.8,15.895541,16.98897638,2.783783784,9430600
85.8,1,1523,0.991927113,0.336607668,1,1,24.384716,1.625205434,1,74.98532002,81.29770992,16.9,1.85,190.5,67.41,44.7,72,593.8,0.222,0.58,3,1.32,53.1,9.96,2.05,2371.3,0.444,40.6,-0.973,-0.231,18.25,10.8,15.895541,3.27496063,1.183391003,9430600
117.5,1,1524,1.053493267,0.158665977,1,1,24.384716,1.625205434,1,90.07633588,83.9401057,19.96777778,1.85,190.5,67.41,44.7,72,593.8,0.222,0.58,3,1.32,53.1,9.96,2.05,2371.3,0.444,40.6,-0.973,-0.231,18.25,10.8,15.895541,3.27496063,15.5875306,9430600
113.9,1,1526,1.035740034,0.140128893,1,1,24.384716,1.625205434,1,85.56958309,83.32354668,23.66666667,1.85,190.5,67.41,44.7,72,593.8,0.222,0.58,3,1.32,53.1,9.96,2.05,2371.3,0.444,40.6,-0.973,-0.231,18.25,10.8,15.895541,3.27496063,0.329787234,9430600
71.9,1,1554,1.06585021,0.221711424,1,1,91.945834,1.032051864,1,94.33677322,93.25446766,56.95666667,1.85,190.5,67.41,44.7,72,593.8,0.222,0.58,3,1.32,53.1,9.96,2.05,2371.3,0.444,40.6,-0.973,-0.231,18.25,10.8,15.895541,16.98897638,0.420930233,9430600
78.5,2,135,1.04273585,0.140507298,1,1,10.349061,0.625957006,1,91.6781293,89.88995873,34.8,2.37,191.5,83.1,54.6,38.1,636.9,0.711,1.17,4,1.85,23.3,9.72,1.35,1023.6,0.444,33.5,-0.78,-0.626,7.9,21.39,17.185694,7.478694517,0.272084806,11124500
100.4,2,180,0.998099475,0.1147593,1,1,10.349061,0.625957006,1,81.94635488,87.27647868,9.833333333,2.37,191.5,83.1,54.6,38.1,636.9,0.711,1.17,4,1.85,23.3,9.72,1.35,1023.6,0.444,33.5,-0.78,-0.626,8.76,15.75,17.185694,7.478694517,0.867709815,11124500
413.5,2,206,1.066206194,0.191872056,1,1,71.062545,1.035623791,1,98.15774324,95.79735176,53.85722222,2.37,191.5,83.1,54.6,38.1,636.9,0.711,1.17,4,1.85,23.3,9.72,1.35,1023.6,0.444,33.5,-0.78,-0.626,7.6,19.21,17.185694,63.6551436,4.358974359,11124500
165.2,2,930,1.032372573,0.120815996,1,1,71.062545,1.035623791,1,95.50949914,95.33678756,38.5,2.37,191.5,83.1,54.6,38.1,636.9,0.711,1.17,4,1.85,23.3,9.72,1.35,1023.6,0.444,33.5,-0.78,-0.626,7.6,19.21,17.185694,63.6551436,0.44017094,11124500
64.1,2,1194,1.033184096,0.117245834,1,1,10.349061,0.625957006,1,76.5130674,58.94085282,47.75,2.37,191.5,83.1,54.6,38.1,636.9,0.711,1.17,4,1.85,23.3,9.72,1.35,1023.6,0.444,33.5,-0.78,-0.626,7.6,19.21,17.185694,7.478694517,0.894859813,11124500
51.3,2,1325,1.042143439,0.152959056,1,1,71.062545,1.035623791,1,93.55210132,90.96142775,39,2.37,191.5,83.1,54.6,38.1,636.9,0.711,1.17,4,1.85,23.3,9.72,1.35,1023.6,0.444,33.5,-0.78,-0.626,7.9,21.39,17.185694,63.6551436,0.224381625,11124500
64.6,2,1564,1.050207218,0.147935694,1,1,10.349061,0.625957006,1,94.08528198,86.31361761,112,2.37,191.5,83.1,54.6,38.1,636.9,0.711,1.17,4,1.85,23.3,9.72,1.35,1023.6,0.444,33.5,-0.78,-0.626,7.6,19.21,17.185694,7.478694517,0.392078721,11124500
0,2,1600,1.032944034,0.114846245,1,1,71.062545,1.035623791,1,89.81001727,93.89752447,18.91666667,2.37,191.5,83.1,54.6,38.1,636.9,0.711,1.17,4,1.85,23.3,9.72,1.35,1023.6,0.444,33.5,-0.78,-0.626,10.57,5.44,17.185694,63.6551436,0.553264605,11124500
57.8,2,1664,1.038910709,0.163609801,1,1,71.062545,1.035623791,1,79.70639033,80.19573978,18,2.37,191.5,83.1,54.6,38.1,636.9,0.711,1.17,4,1.85,23.3,9.72,1.35,1023.6,0.444,33.5,-0.78,-0.626,7.6,19.21,17.185694,63.6551436,0.308692454,11124500
25.2,1,30,1.045702576,0.130705636,1,1,14.12125,1.495243097,1,74.32432432,91.82432432,5.923333333,2.21,193,46.03,54.3,64.1,511.3,0.146,0.49,3,1.1,77.9,10.5,1.53,2214.5,0.528,23.3,-0.996,0.092,17.5,4.15,16.150084,7.601968912,29.30769231,9404450
39.8,1,35,1.081406508,0.222393702,1,1,14.12125,1.495243097,1,80.92905405,85.2027027,13,2.21,193,46.03,54.3,64.1,511.3,0.146,0.49,3,1.1,77.9,10.5,1.53,2214.5,0.528,23.3,-0.996,0.092,17.5,4.15,16.150084,7.601968912,3.7,9404450
14.9,1,45,1.071825098,0.211517787,1,1,14.12125,1.495243097,1,81.26689189,92.26351351,10.5,2.21,193,46.03,54.3,64.1,511.3,0.146,0.49,3,1.1,77.9,10.5,1.53,2214.5,0.528,23.3,-0.996,0.092,17.5,4.15,16.150084,7.601968912,2.852564103,9404450
29.5,1,48,0.946568574,0.190866992,1,1,14.12125,1.495243097,1,67.48310811,43.71621622,23,2.21,193,46.03,54.3,64.1,511.3,0.146,0.49,3,1.1,77.9,10.5,1.53,2214.5,0.528,23.3,-0.996,0.092,17.5,4.15,16.150084,7.601968912,16.95238095,9404450
39.6,1,50,0.969442171,0.129332339,1,1,14.12125,1.495243097,1,85.625,89.69594595,37,2.21,193,46.03,54.3,64.1,511.3,0.146,0.49,3,1.1,77.9,10.5,1.53,2214.5,0.528,23.3,-0.996,0.092,17.5,4.15,16.150084,7.601968912,14.87571429,9404450
1.5,1,367,1.034486407,0.165400617,1,1,14.12125,1.495243097,1,80.05067568,87.77027027,7.75,2.21,193,46.03,54.3,64.1,511.3,0.146,0.49,3,1.1,77.9,10.5,1.53,2214.5,0.528,23.3,-0.996,0.092,18.37,3.18,16.150084,7.601968912,4.258064516,9404450
33.3,1,378,1.001142384,0.169065829,1,1,14.12125,1.495243097,1,47.93918919,58.64864865,9,2.21,193,46.03,54.3,64.1,511.3,0.146,0.49,3,1.1,77.9,10.5,1.53,2214.5,0.528,23.3,-0.996,0.092,18.37,3.18,16.150084,7.601968912,1.397777778,9404450
36.9,1,390,0.973908904,0.159958672,1,1,14.12125,1.495243097,1,76.99324324,84.89864865,11.95472222,2.21,193,46.03,54.3,64.1,511.3,0.146,0.49,3,1.1,77.9,10.5,1.53,2214.5,0.528,23.3,-0.996,0.092,18.37,3.18,16.150084,7.601968912,3.908333333,9404450
22.9,1,416,1.027200623,0.085155973,1,1,14.12125,1.495243097,1,75.92905405,61.35135135,31,2.21,193,46.03,54.3,64.1,511.3,0.146,0.49,3,1.1,77.9,10.5,1.53,2214.5,0.528,23.3,-0.996,0.092,17.5,4.15,16.150084,7.601968912,4.782608696,9404450
51.3,1,433,1.00454735,0.101408844,1,1,14.12125,1.495243097,1,83.96959459,86.79054054,30.5,2.21,193,46.03,54.3,64.1,511.3,0.146,0.49,3,1.1,77.9,10.5,1.53,2214.5,0.528,23.3,-0.996,0.092,13.41,3.77,16.150084,7.601968912,33.61111111,9404450
0,1,674,1.027627464,0.111411374,1,0,14.12125,1.495243097,1,75.92905405,80.2027027,14.5,2.21,193,46.03,54.3,64.1,511.3,0.146,0.49,3,1.1,77.9,10.5,1.53,2214.5,0.528,23.3,-0.996,0.092,9.81,2.78,16.150084,7.601968912,1.366666667,9404450
0.1,1,733,0.873940847,0.384702695,1,0,14.12125,1.495243097,1,30.54054054,70.64189189,23,2.21,193,46.03,54.3,64.1,511.3,0.146,0.49,3,1.1,77.9,10.5,1.53,2214.5,0.528,23.3,-0.996,0.092,18.37,3.18,16.150084,7.601968912,3.5,9404450
0,1,797,1.021713069,0.211121778,1,0,14.12125,1.495243097,1,57.01013514,57.09459459,14,2.21,193,46.03,54.3,64.1,511.3,0.146,0.49,3,1.1,77.9,10.5,1.53,2214.5,0.528,23.3,-0.996,0.092,13.41,3.77,16.150084,7.601968912,8.944444444,9404450
14.3,1,1046,1.042275454,0.143709146,1,0,14.12125,1.495243097,1,91.18243243,89.32432432,37.75,2.21,193,46.03,54.3,64.1,511.3,0.146,0.49,3,1.1,77.9,10.5,1.53,2214.5,0.528,23.3,-0.996,0.092,9.81,2.78,16.150084,7.601968912,1.117647059,9404450
17.9,1,1074,1.075855858,0.24905469,1,0,14.12125,1.495243097,1,61.80743243,61.55405405,15.88916667,2.21,193,46.03,54.3,64.1,511.3,0.146,0.49,3,1.1,77.9,10.5,1.53,2214.5,0.528,23.3,-0.996,0.092,14.94,1.32,16.150084,7.601968912,9.48,9404450
0.1,1,1189,0.971892064,0.092904362,1,1,14.12125,1.495243097,1,97.09459459,94.25675676,32.8,2.21,193,46.03,54.3,64.1,511.3,0.146,0.49,3,1.1,77.9,10.5,1.53,2214.5,0.528,23.3,-0.996,0.092,7.99,4.61,16.150084,7.601968912,4.11187664,9404450
0.9,1,1202,1.035239786,0.105164341,1,1,14.12125,1.495243097,1,91.63851351,92.60135135,16.5,2.21,193,46.03,54.3,64.1,511.3,0.146,0.49,3,1.1,77.9,10.5,1.53,2214.5,0.528,23.3,-0.996,0.092,7.99,4.61,16.150084,7.601968912,25.36363636,9404450
0,1,1376,1.033883271,0.115506681,1,1,14.12125,1.495243097,1,92.33108108,92.43243243,38,2.21,193,46.03,54.3,64.1,511.3,0.146,0.49,3,1.1,77.9,10.5,1.53,2214.5,0.528,23.3,-0.996,0.092,5.1,2.71,16.150084,7.601968912,2.261688312,9404450
0.1,1,1393,0.882138769,0.294424606,1,1,14.12125,1.495243097,1,73.76689189,73.81756757,27,2.21,193,46.03,54.3,64.1,511.3,0.146,0.49,3,1.1,77.9,10.5,1.53,2214.5,0.528,23.3,-0.996,0.092,5.1,2.71,16.150084,7.601968912,2.293423537,9404450
26.3,1,1396,0.95839988,0.117974655,1,1,14.12125,1.495243097,1,75.72635135,60.40540541,26.9525,2.21,193,46.03,54.3,64.1,511.3,0.146,0.49,3,1.1,77.9,10.5,1.53,2214.5,0.528,23.3,-0.996,0.092,5.1,2.71,16.150084,7.601968912,1.522972973,9404450
4.2,1,1732,1.061659158,0.176705603,1,1,14.12125,1.495243097,1,87.14527027,81.0472973,39.5,2.21,193,46.03,54.3,64.1,511.3,0.146,0.49,3,1.1,77.9,10.5,1.53,2214.5,0.528,23.3,-0.996,0.092,0.94,5.62,16.150084,7.601968912,3.476571429,9404450
29.8,1,1736,0.951025378,0.135318626,1,1,14.12125,1.495243097,1,88.42905405,83.14189189,25.75,2.21,193,46.03,54.3,64.1,511.3,0.146,0.49,3,1.1,77.9,10.5,1.53,2214.5,0.528,23.3,-0.996,0.092,5.1,2.71,16.150084,7.601968912,5.194117647,9404450
117.3,1,80,1.012335698,0.075075282,1,1,99.368957,1.001978058,1,99.14346895,91.32762313,27.93333333,2.1,198.1,68.57,50.8,80.7,464.5,0.221,0.66,4,1.18,58,10.64,1.87,2652.5,0.381,25,-0.636,0.772,14.27,5.71,17.995738,42.76158506,0.361910326,8380500
93.6,1,94,1.08968262,0.364532558,1,1,99.368957,1.001978058,1,96.55603141,95.94932191,10.90916667,2.1,198.1,68.57,50.8,80.7,464.5,0.221,0.66,4,1.18,58,10.64,1.87,2652.5,0.381,25,-0.636,0.772,16.47,10.22,17.995738,42.76158506,49.21428571,8380500
89.7,1,111,0.926904689,0.310561784,1,1,99.368957,1.001978058,1,94.02212705,96.10992148,10.9,2.1,198.1,68.57,50.8,80.7,464.5,0.221,0.66,4,1.18,58,10.64,1.87,2652.5,0.381,25,-0.636,0.772,16.47,10.22,17.995738,42.76158506,34.54987835,8380500
132.2,1,112,1.275180102,0.824819529,1,1,99.368957,1.001978058,1,96.98429693,99.08993576,8.964444444,2.1,198.1,68.57,50.8,80.7,464.5,0.221,0.66,4,1.18,58,10.64,1.87,2652.5,0.381,25,-0.636,0.772,16.47,10.22,17.995738,42.76158506,6.307692308,8380500
167.4,1,114,0.981551137,0.168795842,1,1,99.368957,1.001978058,1,94.12919343,89.72162741,14.9525,2.1,198.1,68.57,50.8,80.7,464.5,0.221,0.66,4,1.18,58,10.64,1.87,2652.5,0.381,25,-0.636,0.772,16.47,10.22,17.995738,42.76158506,26.15025063,8380500
182,1,117,1.046059332,0.553897805,1,1,99.368957,1.001978058,1,99.07209136,99.82155603,10.99333333,2.1,198.1,68.57,50.8,80.7,464.5,0.221,0.66,4,1.18,58,10.64,1.87,2652.5,0.381,25,-0.636,0.772,15.49,10.72,17.995738,42.76158506,7.997006596,8380500
166.5,1,119,1.325335629,0.793384757,0.930313589,1,99.368957,1.001978058,0.929824561,98.2690935,99.73233405,5.923333333,2.1,198.1,68.57,50.8,80.7,464.5,0.221,0.66,4,1.18,58,10.64,1.87,2652.5,0.381,25,-0.636,0.772,15.49,10.72,17.995738,42.76158506,14.94617225,8380500
243,1,123,1.237717305,0.591958473,1,1,99.368957,1.001978058,1,87.43754461,95.07494647,15,2.1,198.1,68.57,50.8,80.7,464.5,0.221,0.66,4,1.18,58,10.64,1.87,2652.5,0.381,25,-0.636,0.772,15.49,10.72,17.995738,42.76158506,10.28333333,8380500
187.8,1,124,1.238912253,0.644467977,1,1,99.368957,1.001978058,1,95.50321199,99.4289793,8.666666667,2.1,198.1,68.57,50.8,80.7,464.5,0.221,0.66,4,1.18,58,10.64,1.87,2652.5,0.381,25,-0.636,0.772,15.49,10.72,17.995738,42.76158506,15.25513976,8380500
75.8,1,136,1.08605548,0.199693171,1,1,99.368957,1.001978058,1,85.43897216,71.0028551,16.66666667,2.1,198.1,68.57,50.8,80.7,464.5,0.221,0.66,4,1.18,58,10.64,1.87,2652.5,0.381,25,-0.636,0.772,15.49,10.72,17.995738,42.76158506,6.235294118,8380500
8,1,156,1.033116685,0.136098118,1,1,99.368957,1.001978058,1,71.90399714,81.56673804,10.5,2.1,198.1,68.57,50.8,80.7,464.5,0.221,0.66,4,1.18,58,10.64,1.87,2652.5,0.381,25,-0.636,0.772,12.32,5.84,17.995738,42.76158506,66.57142857,8380500
37.2,1,181,1.030117079,0.093909064,1,1,99.368957,1.001978058,1,93.1566738,74.03640257,37,2.1,198.1,68.57,50.8,80.7,464.5,0.221,0.66,4,1.18,58,10.64,1.87,2652.5,0.381,25,-0.636,0.772,7.23,4.83,17.995738,42.76158506,1.201724138,8380500
15.8,2,214,0.996142784,0.178855316,1,0,87.006427,0.955234442,1,73.84868421,65.22556391,19,1.32,199.1,62.25,63.2,58.1,792.3,0.584,0.96,4,1.42,34.1,10.49,2.12,817,0.536,26.7,0.459,-0.888,8.85,10.54,16.584267,36.6775992,5.04,11173200
99.9,2,486,1.048769871,0.29184993,1,0,87.006427,0.955234442,1,81.76691729,75.89285714,20.5,1.32,199.1,62.25,63.2,58.1,792.3,0.584,0.96,4,1.42,34.1,10.49,2.12,817,0.536,26.7,0.459,-0.888,8.06,8.66,16.584267,36.6775992,0.88981289,11173200
0,2,493,1.017501582,0.147106506,1,0,87.006427,0.955234442,1,95.2537594,97.36842105,47.92861111,1.32,199.1,62.25,63.2,58.1,792.3,0.584,0.96,4,1.42,34.1,10.49,2.12,817,0.536,26.7,0.459,-0.888,8.06,8.66,16.584267,36.6775992,20.57383209,11173200
38.5,2,846,1.045537001,0.125181044,1,1,87.006427,0.955234442,1,98.94266917,99.57706767,50.8,1.32,199.1,62.25,63.2,58.1,792.3,0.584,0.96,4,1.42,34.1,10.49,2.12,817,0.536,26.7,0.459,-0.888,8.06,8.66,16.584267,36.6775992,211.1111111,11173200
0,2,863,0.982194434,0.08822052,1,1,87.006427,0.955234442,1,93.93796992,89.33270677,23.96166667,1.32,199.1,62.25,63.2,58.1,792.3,0.584,0.96,4,1.42,34.1,10.49,2.12,817,0.536,26.7,0.459,-0.888,8.06,8.66,16.584267,36.6775992,18.27956989,11173200
75.8,2,865,0.961635075,0.159332672,1,1,87.006427,0.955234442,1,97.13345865,91.21240602,48,1.32,199.1,62.25,63.2,58.1,792.3,0.584,0.96,4,1.42,34.1,10.49,2.12,817,0.536,26.7,0.459,-0.888,8.06,8.66,16.584267,36.6775992,4.59798995,11173200
11.4,2,441,1.061456914,0.186525669,1,1,24.946189,1.516647465,1,95.75429088,74.66124661,50.90916667,1.27,199.4,102.63,64.2,72,732.8,0.622,0.67,4,1.3,28.7,12.14,1.14,204.1,0.243,12.2,-0.118,-0.993,8.61,15.5,16.638396,13.95090271,2.341085271,11466320
127.4,2,444,1.058326765,0.162708545,1,1,24.946189,1.516647465,1,83.83017164,65.04065041,20,1.27,199.4,102.63,64.2,72,732.8,0.622,0.67,4,1.3,28.7,12.14,1.14,204.1,0.243,12.2,-0.118,-0.993,8.61,15.5,16.638396,13.95090271,2.196581197,11466320
34,2,454,1.04779205,0.147840216,1,1,11.48391,1.070572978,1,94.12650602,96.28514056,16.66666667,1.27,199.4,102.63,64.2,72,732.8,0.622,0.67,4,1.3,28.7,12.14,1.14,204.1,0.243,12.2,-0.118,-0.993,8.23,20.92,16.638396,1.65330993,1.40776699,11466320
45.6,2,464,1.054999542,0.171593016,1,1,11.48391,1.070572978,1,93.27309237,98.4437751,20.98277778,1.27,199.4,102.63,64.2,72,732.8,0.622,0.67,4,1.3,28.7,12.14,1.14,204.1,0.243,12.2,-0.118,-0.993,8.23,20.92,16.638396,1.65330993,1.165048544,11466320
75.4,2,482,1.04378868,0.128282439,1,1,11.48391,1.070572978,1,84.16164659,88.10240964,41,1.27,199.4,102.63,64.2,72,732.8,0.622,0.67,4,1.3,28.7,12.14,1.14,204.1,0.243,12.2,-0.118,-0.993,9.84,19.44,16.638396,1.65330993,1.14912816,11466320
272.9,2,509,1.024782756,0.109048087,1,1,11.48391,1.070572978,1,72.76606426,88.45381526,14,1.27,199.4,102.63,64.2,72,732.8,0.622,0.67,4,1.3,28.7,12.14,1.14,204.1,0.243,12.2,-0.118,-0.993,11.18,16.12,16.638396,1.65330993,0.911764706,11466320
125.6,2,535,0.977144444,0.089461732,1,1,11.48391,1.070572978,1,69.47791165,79.36746988,22.85722222,1.27,199.4,102.63,64.2,72,732.8,0.622,0.67,4,1.3,28.7,12.14,1.14,204.1,0.243,12.2,-0.118,-0.993,11.18,16.12,16.638396,1.65330993,2.179487179,11466320
250.9,2,788,1.025781408,0.118295415,1,0,11.48391,1.070572978,1,84.16164659,98.24297189,10.96166667,1.27,199.4,102.63,64.2,72,732.8,0.622,0.67,4,1.3,28.7,12.14,1.14,204.1,0.243,12.2,-0.118,-0.993,8.61,15.5,16.638396,1.65330993,0.77124183,11466320
112.3,2,823,1.062097972,0.185489973,1,1,24.946189,1.516647465,1,95.21228546,83.42366757,59.88916667,1.27,199.4,102.63,64.2,72,732.8,0.622,0.67,4,1.3,28.7,12.14,1.14,204.1,0.243,12.2,-0.118,-0.993,8.61,15.5,16.638396,13.95090271,0.456331878,11466320
22.1,1,1145,1.016950367,0.065444283,1,1,6.935676,1.368447575,1,98.23040809,96.53304442,50,2.92,204.1,46.24,40.9,51.3,786.8,0.298,0.78,4,1.29,29.6,10.92,1.33,1624.2,0.276,13.1,-0.729,-0.684,22.56,8.69,20.348083,2.353846154,0.62962963,9537200
0,2,120,1.142946084,0.388285274,1,1,26.085866,1.717892731,1,67.95942721,71.12171838,11.5,2.67,208.2,61.85,53.7,37.7,823.2,0.66,0.75,4,1.15,47.4,10.92,8.04,638.5,0.176,13.5,-0.99,-0.14,11.17,14.43,10.502607,15.30172911,2.348623853,11073495
35,2,123,1.157379448,0.418751427,1,1,26.085866,1.717892731,1,93.61575179,89.49880668,52,2.67,208.2,61.85,53.7,37.7,823.2,0.66,0.75,4,1.15,47.4,10.92,8.04,638.5,0.176,13.5,-0.99,-0.14,11.17,14.43,10.502607,15.30172911,5.266666667,11073495
0,1,362,1.161232973,0.432865615,1,1,26.085866,1.717892731,1,85.3221957,84.72553699,30,2.67,208.2,61.85,53.7,37.7,823.2,0.66,0.75,4,1.15,47.4,10.92,8.04,638.5,0.176,13.5,-0.99,-0.14,18,2.08,10.502607,15.30172911,0.959183673,11073495
8.6,2,465,1.138193399,0.387138994,1,1,26.085866,1.717892731,1,66.16945107,75.17899761,16.66666667,2.67,208.2,61.85,53.7,37.7,823.2,0.66,0.75,4,1.15,47.4,10.92,8.04,638.5,0.176,13.5,-0.99,-0.14,10.43,13.21,10.502607,15.30172911,2.690871481,11073495
1.7,2,485,1.120636872,0.342214486,1,1,26.085866,1.717892731,1,55.07159905,65.75178998,6.857222222,2.67,208.2,61.85,53.7,37.7,823.2,0.66,0.75,4,1.15,47.4,10.92,8.04,638.5,0.176,13.5,-0.99,-0.14,11.17,14.43,10.502607,15.30172911,4.045226131,11073495
14.7,2,486,1.132897087,0.365243318,1,1,26.085866,1.717892731,1,99.88066826,94.92840095,135.9475,2.67,208.2,61.85,53.7,37.7,823.2,0.66,0.75,4,1.15,47.4,10.92,8.04,638.5,0.176,13.5,-0.99,-0.14,11.17,14.43,10.502607,15.30172911,1.086538462,11073495
0,2,850,1.144408415,0.386938617,1,1,26.085866,1.717892731,1,64.02147971,64.85680191,10.5,2.67,208.2,61.85,53.7,37.7,823.2,0.66,0.75,4,1.15,47.4,10.92,8.04,638.5,0.176,13.5,-0.99,-0.14,11.17,14.43,10.502607,15.30172911,1.328467153,11073495
19.9,2,852,1.143803216,0.384065843,1,1,26.085866,1.717892731,1,68.82458234,75,13,2.67,208.2,61.85,53.7,37.7,823.2,0.66,0.75,4,1.15,47.4,10.92,8.04,638.5,0.176,13.5,-0.99,-0.14,11.17,14.43,10.502607,15.30172911,1.306029526,11073495
1.3,2,878,1.154482119,0.414491378,1,1,26.085866,1.717892731,1,70.25656325,77.08830549,10,2.67,208.2,61.85,53.7,37.7,823.2,0.66,0.75,4,1.15,47.4,10.92,8.04,638.5,0.176,13.5,-0.99,-0.14,12.06,12.59,10.502607,15.30172911,0.858747232,11073495
32.9,2,881,1.160117783,0.427551591,1,1,26.085866,1.717892731,1,79.89260143,83.29355609,14.75,2.67,208.2,61.85,53.7,37.7,823.2,0.66,0.75,4,1.15,47.4,10.92,8.04,638.5,0.176,13.5,-0.99,-0.14,12.06,12.59,10.502607,15.30172911,2.945285215,11073495
37.6,2,1220,1.162065796,0.425233815,1,1,26.085866,1.717892731,1,62.55966587,63.78281623,18,2.67,208.2,61.85,53.7,37.7,823.2,0.66,0.75,4,1.15,47.4,10.92,8.04,638.5,0.176,13.5,-0.99,-0.14,11.17,14.43,10.502607,15.30172911,2.168352481,11073495
18.8,2,1225,1.303745176,0.767127804,1,1,26.085866,1.717892731,1,71.33054893,76.43198091,6.967777778,2.67,208.2,61.85,53.7,37.7,823.2,0.66,0.75,4,1.15,47.4,10.92,8.04,638.5,0.176,13.5,-0.99,-0.14,11.17,14.43,10.502607,15.30172911,2.935243224,11073495
0,2,1501,1.136958705,0.376416121,1,1,26.085866,1.717892731,1,83.0548926,75.77565632,19.75,2.67,208.2,61.85,53.7,37.7,823.2,0.66,0.75,4,1.15,47.4,10.92,8.04,638.5,0.176,13.5,-0.99,-0.14,13.82,4.31,10.502607,15.30172911,4.091306186,11073495
0.1,2,1519,1.198376498,0.526946682,1,1,26.085866,1.717892731,1,68.61575179,59.96420048,17.8,2.67,208.2,61.85,53.7,37.7,823.2,0.66,0.75,4,1.15,47.4,10.92,8.04,638.5,0.176,13.5,-0.99,-0.14,10.79,7.82,10.502607,15.30172911,2.203947368,11073495
26.7,2,1520,1.162590025,0.442211212,0.996621622,1,26.085866,1.717892731,1,49.5823389,40.15513126,33,2.67,208.2,61.85,53.7,37.7,823.2,0.66,0.75,4,1.15,47.4,10.92,8.04,638.5,0.176,13.5,-0.99,-0.14,10.79,7.82,10.502607,15.30172911,1.087719298,11073495
0,2,1536,1.177680301,0.467308134,1,1,26.085866,1.717892731,1,93.13842482,93.25775656,26,2.67,208.2,61.85,53.7,37.7,823.2,0.66,0.75,4,1.15,47.4,10.92,8.04,638.5,0.176,13.5,-0.99,-0.14,10.43,13.21,10.502607,15.30172911,1.993639732,11073495
123.8,2,1538,1.100561313,0.31636518,1,1,26.085866,1.717892731,1,88.54415274,91.1097852,30,2.67,208.2,61.85,53.7,37.7,823.2,0.66,0.75,4,1.15,47.4,10.92,8.04,638.5,0.176,13.5,-0.99,-0.14,10.43,13.21,10.502607,15.30172911,1.675824176,11073495
3.6,2,1556,1.185035086,0.481155816,1,1,26.085866,1.717892731,1,77.32696897,78.75894988,7,2.67,208.2,61.85,53.7,37.7,823.2,0.66,0.75,4,1.15,47.4,10.92,8.04,638.5,0.176,13.5,-0.99,-0.14,10.43,13.21,10.502607,15.30172911,1.503076923,11073495
42.3,2,1556,1.25783683,0.644153603,1,1,26.085866,1.717892731,1,89.31980907,87.94749403,39.5,2.67,208.2,61.85,53.7,37.7,823.2,0.66,0.75,4,1.15,47.4,10.92,8.04,638.5,0.176,13.5,-0.99,-0.14,10.43,13.21,10.502607,15.30172911,0.372900763,11073495
0.9,2,1583,1.192406636,0.4937052,1,1,26.085866,1.717892731,1,61.575179,59.84486874,17.5,2.67,208.2,61.85,53.7,37.7,823.2,0.66,0.75,4,1.15,47.4,10.92,8.04,638.5,0.176,13.5,-0.99,-0.14,11.17,14.43,10.502607,15.30172911,0.962264151,11073495
19.2,2,1584,1.105538136,0.329569921,1,1,26.085866,1.717892731,1,75.924821,59.48687351,31.75,2.67,208.2,61.85,53.7,37.7,823.2,0.66,0.75,4,1.15,47.4,10.92,8.04,638.5,0.176,13.5,-0.99,-0.14,11.17,14.43,10.502607,15.30172911,4.168734491,11073495
56.8,2,1586,1.207405542,0.526858899,1,1,26.085866,1.717892731,1,72.3150358,59.78520286,25.85722222,2.67,208.2,61.85,53.7,37.7,823.2,0.66,0.75,4,1.15,47.4,10.92,8.04,638.5,0.176,13.5,-0.99,-0.14,11.17,14.43,10.502607,15.30172911,2.433628319,11073495
35.5,2,104,0.937245604,0.142973512,1,0,8.882523,2.160787162,1,75.17162471,90.4805492,27,1.79,212.3,104.44,64,69.8,743.7,0.624,0.68,4,1.39,28.5,10.89,2.14,305.3,0.209,20.9,-0.876,0.483,7.94,21.08,16.071526,3.36895902,0.710957944,11456000
13.6,2,121,1.022302596,0.078239651,1,0,60.472826,0.901596113,1,90.76988516,89.74904296,61,1.79,212.3,104.44,64,69.8,743.7,0.624,0.68,4,1.39,28.5,10.89,2.14,305.3,0.209,20.9,-0.876,0.483,7.94,21.08,16.071526,34.12581253,0.255982532,11456000
4,2,127,1.04398343,0.096350511,1,0,60.472826,0.901596113,1,77.96682263,72.1395151,22.75,1.79,212.3,104.44,64,69.8,743.7,0.624,0.68,4,1.39,28.5,10.89,2.14,305.3,0.209,20.9,-0.876,0.483,9.41,19.91,16.071526,34.12581253,2.302631579,11456000
79.1,2,143,0.990780141,0.069126949,1,0,8.882523,2.160787162,1,67.87185355,68.64988558,11.93333333,1.79,212.3,104.44,64,69.8,743.7,0.624,0.68,4,1.39,28.5,10.89,2.14,305.3,0.209,20.9,-0.876,0.483,10.83,16.43,16.071526,3.36895902,1.234620643,11456000
66.5,2,157,0.950640207,0.112685331,1,0,8.882523,2.160787162,1,74.53089245,71.48741419,18.5,1.79,212.3,104.44,64,69.8,743.7,0.624,0.68,4,1.39,28.5,10.89,2.14,305.3,0.209,20.9,-0.876,0.483,10.83,16.43,16.071526,3.36895902,0.32464455,11456000
69.2,2,163,0.961644244,0.103745011,1,0,8.882523,2.160787162,1,88.28375286,93.3180778,17.88916667,1.79,212.3,104.44,64,69.8,743.7,0.624,0.68,4,1.39,28.5,10.89,2.14,305.3,0.209,20.9,-0.876,0.483,10.83,16.43,16.071526,3.36895902,3.710280374,11456000
25.5,2,433,1.01668731,0.064185434,1,1,8.882523,2.160787162,1,79.49656751,90.84668192,13.8,1.79,212.3,104.44,64,69.8,743.7,0.624,0.68,4,1.39,28.5,10.89,2.14,305.3,0.209,20.9,-0.876,0.483,8.25,16.25,16.071526,3.36895902,0.75614353,11456000
35.9,2,454,0.975475625,0.06187569,1,1,8.882523,2.160787162,1,92.63157895,95.6979405,16.75,1.79,212.3,104.44,64,69.8,743.7,0.624,0.68,4,1.39,28.5,10.89,2.14,305.3,0.209,20.9,-0.876,0.483,7.94,21.08,16.071526,3.36895902,0.526548673,11456000
153,2,456,0.957112667,0.128863093,1,1,8.882523,2.160787162,1,80.82379863,89.01601831,35.66666667,1.79,212.3,104.44,64,69.8,743.7,0.624,0.68,4,1.39,28.5,10.89,2.14,305.3,0.209,20.9,-0.876,0.483,7.94,21.08,16.071526,3.36895902,2.428118467,11456000
63.1,2,464,0.983645108,0.056052595,1,1,8.882523,2.160787162,1,91.48741419,97.66590389,15.98333333,1.79,212.3,104.44,64,69.8,743.7,0.624,0.68,4,1.39,28.5,10.89,2.14,305.3,0.209,20.9,-0.876,0.483,7.94,21.08,16.071526,3.36895902,13.23113208,11456000
80.6,2,482,1.001159523,0.048653704,1,1,8.882523,2.160787162,1,83.50114416,92.44851259,35.97638889,1.79,212.3,104.44,64,69.8,743.7,0.624,0.68,4,1.39,28.5,10.89,2.14,305.3,0.209,20.9,-0.876,0.483,9.41,19.91,16.071526,3.36895902,0.692771084,11456000
327.2,2,509,0.992137321,0.091163552,1,1,8.882523,2.160787162,1,67.50572082,88.60411899,11.83333333,1.79,212.3,104.44,64,69.8,743.7,0.624,0.68,4,1.39,28.5,10.89,2.14,305.3,0.209,20.9,-0.876,0.483,10.83,16.43,16.071526,3.36895902,1.329479769,11456000
40.1,2,512,1.005542677,0.098561913,1,1,8.882523,2.160787162,1,51.48741419,57.71167048,8.875,1.79,212.3,104.44,64,69.8,743.7,0.624,0.68,4,1.39,28.5,10.89,2.14,305.3,0.209,20.9,-0.876,0.483,10.83,16.43,16.071526,3.36895902,2.981818182,11456000
0.3,2,527,1.003754319,0.088883475,1,1,8.882523,2.160787162,1,70.54919908,86.6819222,13.75,1.79,212.3,104.44,64,69.8,743.7,0.624,0.68,4,1.39,28.5,10.89,2.14,305.3,0.209,20.9,-0.876,0.483,10.83,16.43,16.071526,3.36895902,4.221571112,11456000
37.2,2,529,0.972693699,0.075564443,1,1,8.882523,2.160787162,1,80.18306636,82.10526316,21.95666667,1.79,212.3,104.44,64,69.8,743.7,0.624,0.68,4,1.39,28.5,10.89,2.14,305.3,0.209,20.9,-0.876,0.483,10.83,16.43,16.071526,3.36895902,0.781308411,11456000
100.8,2,532,1.054873463,0.114289357,1,1,8.882523,2.160787162,1,62.35697941,75.46910755,8.9375,1.79,212.3,104.44,64,69.8,743.7,0.624,0.68,4,1.39,28.5,10.89,2.14,305.3,0.209,20.9,-0.876,0.483,10.83,16.43,16.071526,3.36895902,0.414444444,11456000
106.2,2,534,1.022871264,0.06099362,1,1,8.882523,2.160787162,1,61.4416476,88.78718535,6.666666667,1.79,212.3,104.44,64,69.8,743.7,0.624,0.68,4,1.39,28.5,10.89,2.14,305.3,0.209,20.9,-0.876,0.483,10.83,16.43,16.071526,3.36895902,0.897777778,11456000
129.9,2,535,1.025958578,0.097708291,1,1,8.882523,2.160787162,1,61.87643021,71.12128146,15.66666667,1.79,212.3,104.44,64,69.8,743.7,0.624,0.68,4,1.39,28.5,10.89,2.14,305.3,0.209,20.9,-0.876,0.483,10.83,16.43,16.071526,3.36895902,2.32405892,11456000
15.7,2,811,1.020066124,0.061792988,1,0,8.882523,2.160787162,1,77.18535469,77.89473684,15.8,1.79,212.3,104.44,64,69.8,743.7,0.624,0.68,4,1.39,28.5,10.89,2.14,305.3,0.209,20.9,-0.876,0.483,8.25,16.25,16.071526,3.36895902,20.64285714,11456000
1.4,2,821,0.962771921,0.094687865,1,1,60.472826,0.901596113,1,94.42790302,95.15099957,19.9375,1.79,212.3,104.44,64,69.8,743.7,0.624,0.68,4,1.39,28.5,10.89,2.14,305.3,0.209,20.9,-0.876,0.483,8.25,16.25,16.071526,34.12581253,2.477876106,11456000
0,2,90,1.073926401,0.211865361,1,0,37.21031,1.51904651,1,75.67302986,74.74302496,23,2.53,214.7,72.15,53.2,42.8,740.6,0.594,0.64,3,1.41,65.7,9.77,2.77,1214.9,0.417,30.8,-0.155,-0.988,5.44,9.36,15.133741,27.05533302,0.551836735,11200800
36.4,2,94,1.084412875,0.233056284,1,0,37.21031,1.51904651,1,96.27998042,96.4268233,42.5,2.53,214.7,72.15,53.2,42.8,740.6,0.594,0.64,3,1.41,65.7,9.77,2.77,1214.9,0.417,30.8,-0.155,-0.988,5.44,9.36,15.133741,27.05533302,2.402597403,11200800
122.5,2,97,1.134539528,0.364855428,1,0,37.21031,1.51904651,1,38.66862457,37.29809104,14,2.53,214.7,72.15,53.2,42.8,740.6,0.594,0.64,3,1.41,65.7,9.77,2.77,1214.9,0.417,30.8,-0.155,-0.988,5.44,9.36,15.133741,27.05533302,0.856097561,11200800
1,2,223,1.085580413,0.235393729,1,0,37.21031,1.51904651,1,83.99412628,94.37102301,24,2.53,214.7,72.15,53.2,42.8,740.6,0.594,0.64,3,1.41,65.7,9.77,2.77,1214.9,0.417,30.8,-0.155,-0.988,10.42,5.49,15.133741,27.05533302,1.877723528,11200800
44.4,2,423,1.124716317,0.32361268,1,1,37.21031,1.51904651,1,97.40577582,95.25208027,53.75,2.53,214.7,72.15,53.2,42.8,740.6,0.594,0.64,3,1.41,65.7,9.77,2.77,1214.9,0.417,30.8,-0.155,-0.988,8.59,7.54,15.133741,27.05533302,0.700455993,11200800
0,2,447,1.09903639,0.27028424,1,1,37.21031,1.51904651,1,84.85070974,83.01517376,16.66666667,2.53,214.7,72.15,53.2,42.8,740.6,0.594,0.64,3,1.41,65.7,9.77,2.77,1214.9,0.417,30.8,-0.155,-0.988,5.44,9.36,15.133741,27.05533302,0.57625,11200800
67,2,450,1.118096217,0.32457927,1,1,37.21031,1.51904651,1,65.56534508,61.33137543,9.909166667,2.53,214.7,72.15,53.2,42.8,740.6,0.594,0.64,3,1.41,65.7,9.77,2.77,1214.9,0.417,30.8,-0.155,-0.988,5.44,9.36,15.133741,27.05533302,0.603333333,11200800
1,2,456,1.125857825,0.326294797,1,1,37.21031,1.51904651,1,91.94811552,73.17670093,40.88916667,2.53,214.7,72.15,53.2,42.8,740.6,0.594,0.64,3,1.41,65.7,9.77,2.77,1214.9,0.417,30.8,-0.155,-0.988,5.44,9.36,15.133741,27.05533302,4.249667995,11200800
0,2,473,1.090630153,0.245509711,1,1,37.21031,1.51904651,1,97.11209006,90.7978463,23.66666667,2.53,214.7,72.15,53.2,42.8,740.6,0.594,0.64,3,1.41,65.7,9.77,2.77,1214.9,0.417,30.8,-0.155,-0.988,5.44,9.36,15.133741,27.05533302,4.307539118,11200800
131.5,2,476,1.140369274,0.455054959,1,1,37.21031,1.51904651,1,61.16005874,43.17180617,34.75,2.53,214.7,72.15,53.2,42.8,740.6,0.594,0.64,3,1.41,65.7,9.77,2.77,1214.9,0.417,30.8,-0.155,-0.988,5.44,9.36,15.133741,27.05533302,7.411764706,11200800
19.5,1,1647,1.128588368,0.235114843,1,1,16.511851,0.310451986,1,85.46025105,96.54811715,68.5,0.83,218.8,135.13,59.1,76,733.6,0.567,1.51,4,1.23,52.2,11.07,1.53,772.8,0.433,13.6,0.036,-0.999,8.77,21.69,15.254196,5.759917733,6.014492754,11418500
19.2,1,1663,1.132199913,0.245520288,1,1,16.511851,0.310451986,1,55.57008368,72.48953975,12.85722222,0.83,218.8,135.13,59.1,76,733.6,0.567,1.51,4,1.23,52.2,11.07,1.53,772.8,0.433,13.6,0.036,-0.999,11.17,9.36,15.254196,5.759917733,9.50617284,11418500
110.4,2,784,1.019526163,0.089653819,1,1,26.99712,1.422792662,1,86.23608018,76.70378619,19.5,2.22,220.9,130.76,61.7,78,793.4,0.617,0.65,4,1.29,31.1,10.07,1.12,641.5,0.429,28.1,-0.469,-0.883,7.95,18.09,12.856578,13.11946582,18.70833333,11463200
14.2,2,803,0.999994247,0.122358479,1,1,26.99712,1.422792662,1,66.88195991,61.3363029,36,2.22,220.9,130.76,61.7,78,793.4,0.617,0.65,4,1.29,31.1,10.07,1.12,641.5,0.429,28.1,-0.469,-0.883,7.71,25.81,12.856578,13.11946582,3.337349398,11463200
0.4,2,114,0.963484479,0.134245316,1,1,15.117915,0.970781969,1,83.48519362,97.79802582,13.98805556,1.45,227.1,38.42,52.1,30.4,862.2,0.588,1,3,1.35,24,11.73,2.76,611.1,0.274,8.4,-0.245,-0.97,11.22,8.09,16.576693,3.785468956,1.19047619,11042900
43.7,2,435,1.007671975,0.072476321,1,1,15.117915,0.970781969,1,97.26651481,96.27942293,38,1.45,227.1,38.42,52.1,30.4,862.2,0.588,1,3,1.35,24,11.73,2.76,611.1,0.274,8.4,-0.245,-0.97,10.65,8.7,16.576693,3.785468956,3.740740741,11042900
7.8,2,475,0.957456771,0.163861135,1,1,15.117915,0.970781969,1,97.19058466,98.17767654,42.88916667,1.45,227.1,38.42,52.1,30.4,862.2,0.588,1,3,1.35,24,11.73,2.76,611.1,0.274,8.4,-0.245,-0.97,11.22,8.09,16.576693,3.785468956,3.272727273,11042900
0.3,2,501,0.992837127,0.137451336,1,1,15.117915,0.970781969,1,97.11465452,98.93697798,30.75,1.45,227.1,38.42,52.1,30.4,862.2,0.588,1,3,1.35,24,11.73,2.76,611.1,0.274,8.4,-0.245,-0.97,12.22,7.24,16.576693,3.785468956,0.751515152,11042900
11.6,2,533,1.041224106,0.174042617,1,1,6.890085,1.723145088,1,93.96666667,97.33333333,34,1.45,227.1,38.42,52.1,30.4,862.2,0.588,1,3,1.35,24,11.73,2.76,611.1,0.274,8.4,-0.245,-0.97,10.65,8.7,16.576693,1.07675033,0.591194969,11042900
0,2,590,0.981352059,0.080934135,1,1,6.890085,1.723145088,1,98.86666667,98.13333333,21,1.45,227.1,38.42,52.1,30.4,862.2,0.588,1,3,1.35,24,11.73,2.76,611.1,0.274,8.4,-0.245,-0.97,11.22,8.09,16.576693,1.07675033,0.690716572,11042900
1.5,2,626,0.946832942,0.13394826,1,1,6.890085,1.723145088,1,95.73333333,87.73333333,35.75,1.45,227.1,38.42,52.1,30.4,862.2,0.588,1,3,1.35,24,11.73,2.76,611.1,0.274,8.4,-0.245,-0.97,14.75,2.16,16.576693,1.07675033,0.594303842,11042900
0,2,1267,1.036213375,0.117256566,1,1,6.890085,1.723145088,1,92.26666667,91,19,1.45,227.1,38.42,52.1,30.4,862.2,0.588,1,3,1.35,24,11.73,2.76,611.1,0.274,8.4,-0.245,-0.97,10.65,8.7,16.576693,1.07675033,3.524672709,11042900
6.8,2,1286,1.010938207,0.080061934,1,1,6.890085,1.723145088,1,71.9,79.86666667,9.75,1.45,227.1,38.42,52.1,30.4,862.2,0.588,1,3,1.35,24,11.73,2.76,611.1,0.274,8.4,-0.245,-0.97,10.65,8.7,16.576693,1.07675033,2.489864865,11042900
30.9,2,1288,1.026140178,0.081775204,1,1,6.890085,1.723145088,1,97.86666667,90.8,48.5,1.45,227.1,38.42,52.1,30.4,862.2,0.588,1,3,1.35,24,11.73,2.76,611.1,0.274,8.4,-0.245,-0.97,10.65,8.7,16.576693,1.07675033,0.49122807,11042900
5.6,2,1315,1.017416634,0.135148376,1,1,6.890085,1.723145088,1,80.5,62.06666667,27.5,1.45,227.1,38.42,52.1,30.4,862.2,0.588,1,3,1.35,24,11.73,2.76,611.1,0.274,8.4,-0.245,-0.97,11.22,8.09,16.576693,1.07675033,0.475483871,11042900
7.7,2,1502,0.943816349,0.137373372,1,1,15.117915,0.970781969,1,96.20349279,90.7365224,76.66666667,1.45,227.1,38.42,52.1,30.4,862.2,0.588,1,3,1.35,24,11.73,2.76,611.1,0.274,8.4,-0.245,-0.97,11.07,3.91,16.576693,3.785468956,5.631205674,11042900
35.4,2,1561,0.96568799,0.096511227,1,1,15.117915,0.970781969,1,83.21943812,74.48747153,16,1.45,227.1,38.42,52.1,30.4,862.2,0.588,1,3,1.35,24,11.73,2.76,611.1,0.274,8.4,-0.245,-0.97,11.22,8.09,16.576693,3.785468956,8.817567568,11042900
57.3,2,1572,1.046997106,0.162887452,1,1,15.117915,0.970781969,1,82.46013667,78.2080486,12.5,1.45,227.1,38.42,52.1,30.4,862.2,0.588,1,3,1.35,24,11.73,2.76,611.1,0.274,8.4,-0.245,-0.97,11.22,8.09,16.576693,3.785468956,6.691056911,11042900
3.9,2,1612,1.012606301,0.077118358,1,1,6.890085,1.723145088,1,95.16666667,92.8,26,1.45,227.1,38.42,52.1,30.4,862.2,0.588,1,3,1.35,24,11.73,2.76,611.1,0.274,8.4,-0.245,-0.97,11.07,3.91,16.576693,1.07675033,0.296934866,11042900
0,2,1664,0.987958714,0.103213615,1,1,6.890085,1.723145088,1,94.46666667,79.8,56,1.45,227.1,38.42,52.1,30.4,862.2,0.588,1,3,1.35,24,11.73,2.76,611.1,0.274,8.4,-0.245,-0.97,11.22,8.09,16.576693,1.07675033,0.473414251,11042900
59.3,2,1667,0.983749108,0.085848247,1,1,6.890085,1.723145088,1,86.06666667,71.73333333,31.66666667,1.45,227.1,38.42,52.1,30.4,862.2,0.588,1,3,1.35,24,11.73,2.76,611.1,0.274,8.4,-0.245,-0.97,11.22,8.09,16.576693,1.07675033,0.543089431,11042900
103.1,1,362,1.062026995,0.210099218,1,1,5.250666,1.203551382,1,91.06122449,91.42857143,19,2.34,236.4,75.93,50.3,90.9,430.1,0.152,0.87,4,1.39,70,9.81,2.33,2819.1,0.512,24.2,0.053,-0.999,14.22,6.48,18.085888,1.215989848,1.113402062,10234500
20.5,1,1081,1.064036099,0.280050369,1,1,5.250666,1.203551382,1,98.17687075,98.01360544,15.97305556,2.34,236.4,75.93,50.3,90.9,430.1,0.152,0.87,4,1.39,70,9.81,2.33,2819.1,0.512,24.2,0.053,-0.999,15.24,4.51,18.085888,1.215989848,6.017191142,10234500
0,2,113,1.071089207,0.272606105,1,0,9.043463,1.218738623,1,78.25,94.42857143,18.5,3.16,237.3,62.69,59.1,33.7,843.8,0.655,0.85,3,1.36,34,10.8,2.61,471.3,0.228,19.6,-0.987,-0.161,12.07,15.17,13.411358,3.349683944,1.295532646,11101250
120.7,2,434,1.00270906,0.231424761,1,1,9.043463,1.218738623,1,85.78571429,87,26,3.16,237.3,62.69,59.1,33.7,843.8,0.655,0.85,3,1.36,34,10.8,2.61,471.3,0.228,19.6,-0.987,-0.161,11.31,13.13,13.411358,3.349683944,1.415430267,11101250
35.6,2,474,1.054781004,0.537852631,1,1,9.043463,1.218738623,1,93.92857143,95.5,33,3.16,237.3,62.69,59.1,33.7,843.8,0.655,0.85,3,1.36,34,10.8,2.61,471.3,0.228,19.6,-0.987,-0.161,12.07,15.17,13.411358,3.349683944,0.49658683,11101250
42.5,2,499,1.114396986,0.235407119,1,1,9.043463,1.218738623,1,97,98.71428571,37,3.16,237.3,62.69,59.1,33.7,843.8,0.655,0.85,3,1.36,34,10.8,2.61,471.3,0.228,19.6,-0.987,-0.161,12.98,12.65,13.411358,3.349683944,2.282238827,11101250
2.4,2,536,1.165148618,0.250735626,1,1,9.043463,1.218738623,1,80,89.14285714,18.5,3.16,237.3,62.69,59.1,33.7,843.8,0.655,0.85,3,1.36,34,10.8,2.61,471.3,0.228,19.6,-0.987,-0.161,15.13,3.6,13.411358,3.349683944,1.37164751,11101250
17.7,2,792,1.220395321,0.378417884,1,1,19.467814,0.2812935,1,96.4332893,92.8665786,47.66666667,3.16,237.3,62.69,59.1,33.7,843.8,0.655,0.85,3,1.36,34,10.8,2.61,471.3,0.228,19.6,-0.987,-0.161,14.86,4.6,13.411358,13.65322377,1.216624685,11101250
1.8,2,825,1.203107499,0.366980519,1,1,19.467814,0.2812935,1,93.95640687,94.84808454,23.83333333,3.16,237.3,62.69,59.1,33.7,843.8,0.655,0.85,3,1.36,34,10.8,2.61,471.3,0.228,19.6,-0.987,-0.161,11.89,7.64,13.411358,13.65322377,1.056530214,11101250
0.2,2,844,1.085266581,0.346503652,1,1,9.043463,1.218738623,1,99.42857143,96.92857143,88.85722222,3.16,237.3,62.69,59.1,33.7,843.8,0.655,0.85,3,1.36,34,10.8,2.61,471.3,0.228,19.6,-0.987,-0.161,12.07,15.17,13.411358,3.349683944,0.827417568,11101250
20.1,2,867,1.092037683,0.329786401,1,1,9.043463,1.218738623,1,94.78571429,92.78571429,57.8,3.16,237.3,62.69,59.1,33.7,843.8,0.655,0.85,3,1.36,34,10.8,2.61,471.3,0.228,19.6,-0.987,-0.161,12.98,12.65,13.411358,3.349683944,0.721099559,11101250
52.9,2,1139,1.127749751,0.34647045,1,1,9.043463,1.218738623,1,97.5,90.57142857,65.75,3.16,237.3,62.69,59.1,33.7,843.8,0.655,0.85,3,1.36,34,10.8,2.61,471.3,0.228,19.6,-0.987,-0.161,11.89,7.64,13.411358,3.349683944,0.810741579,11101250
0.2,2,1173,1.019610552,0.220565886,1,1,9.043463,1.218738623,1,84.92857143,72.28571429,43,3.16,237.3,62.69,59.1,33.7,843.8,0.655,0.85,3,1.36,34,10.8,2.61,471.3,0.228,19.6,-0.987,-0.161,11.31,13.13,13.411358,3.349683944,1.766951567,11101250
79.8,2,1175,1.090683289,0.279723817,1,1,9.043463,1.218738623,1,83,72.42857143,35.5,3.16,237.3,62.69,59.1,33.7,843.8,0.655,0.85,3,1.36,34,10.8,2.61,471.3,0.228,19.6,-0.987,-0.161,11.31,13.13,13.411358,3.349683944,1.115017558,11101250
41.5,2,1182,1.049756564,0.236143738,1,1,9.043463,1.218738623,1,83.5,81.85714286,65.5,3.16,237.3,62.69,59.1,33.7,843.8,0.655,0.85,3,1.36,34,10.8,2.61,471.3,0.228,19.6,-0.987,-0.161,11.31,13.13,13.411358,3.349683944,0.697183099,11101250
106.8,2,1186,1.063103247,0.240638953,1,1,9.043463,1.218738623,1,92.42857143,74.57142857,48.91666667,3.16,237.3,62.69,59.1,33.7,843.8,0.655,0.85,3,1.36,34,10.8,2.61,471.3,0.228,19.6,-0.987,-0.161,11.31,13.13,13.411358,3.349683944,0.833740831,11101250
0,2,1474,1.180524537,0.309462591,1,1,9.043463,1.218738623,1,85.92857143,77.5,42.88916667,3.16,237.3,62.69,59.1,33.7,843.8,0.655,0.85,3,1.36,34,10.8,2.61,471.3,0.228,19.6,-0.987,-0.161,14.86,4.6,13.411358,3.349683944,0.972851583,11101250
0,2,1490,0.999754067,0.34123561,1,1,9.043463,1.218738623,1,87.85714286,86.85714286,43.92333333,3.16,237.3,62.69,59.1,33.7,843.8,0.655,0.85,3,1.36,34,10.8,2.61,471.3,0.228,19.6,-0.987,-0.161,14.86,4.6,13.411358,3.349683944,0.647619048,11101250
2.4,2,1554,1.044990088,0.150510382,1,1,9.043463,1.218738623,1,76.82142857,76.64285714,38.8,3.16,237.3,62.69,59.1,33.7,843.8,0.655,0.85,3,1.36,34,10.8,2.61,471.3,0.228,19.6,-0.987,-0.161,11.31,13.13,13.411358,3.349683944,1.19906363,11101250
0,2,1609,1.117437624,0.199524951,1,1,9.043463,1.218738623,1,95.67857143,99.14285714,33,3.16,237.3,62.69,59.1,33.7,843.8,0.655,0.85,3,1.36,34,10.8,2.61,471.3,0.228,19.6,-0.987,-0.161,12.98,12.65,13.411358,3.349683944,1.592261905,11101250
25.2,2,1625,1.240610472,0.297418787,1,1,9.043463,1.218738623,1,64.57142857,71.07142857,46,3.16,237.3,62.69,59.1,33.7,843.8,0.655,0.85,3,1.36,34,10.8,2.61,471.3,0.228,19.6,-0.987,-0.161,15.13,3.6,13.411358,3.349683944,3.558139535,11101250
64.7,2,157,1.018554277,0.072841779,1,0,19.923258,2.990428809,1,93.50783182,98.96949711,37.9375,2.19,238.7,114.45,62.5,77.8,761.6,0.595,1.06,4,1.35,37.3,11.11,0.92,497.3,0.27,20.9,-0.276,-0.961,9.37,17.85,16.250428,10.7385421,0.520179372,11461500
63.3,2,163,0.988796937,0.043294608,1,1,23.026463,1.979605621,1,84.92333901,92.24872232,12.95666667,2.19,238.7,114.45,62.5,77.8,761.6,0.595,1.06,4,1.35,37.3,11.11,0.92,497.3,0.27,20.9,-0.276,-0.961,6.91,22.15,16.250428,7.209426058,0.820047197,11461500
219.5,2,176,1.041588003,0.140627784,1,1,23.026463,1.979605621,1,63.11754685,75.93696763,28.8,2.19,238.7,114.45,62.5,77.8,761.6,0.595,1.06,4,1.35,37.3,11.11,0.92,497.3,0.27,20.9,-0.276,-0.961,6.91,22.15,16.250428,7.209426058,1.409574468,11461500
0,2,178,1.021024428,0.08897667,1,0,19.923258,2.990428809,1,98.43363561,98.10387469,67.75,2.19,238.7,114.45,62.5,77.8,761.6,0.595,1.06,4,1.35,37.3,11.11,0.92,497.3,0.27,20.9,-0.276,-0.961,11.48,7.09,16.250428,10.7385421,1.653731343,11461500
0,2,189,1.01600002,0.109353582,1,1,23.026463,1.979605621,1,83.45400341,78.70528109,17.96305556,2.19,238.7,114.45,62.5,77.8,761.6,0.595,1.06,4,1.35,37.3,11.11,0.92,497.3,0.27,20.9,-0.276,-0.961,8.11,20.37,16.250428,7.209426058,1.490610329,11461500
93,2,200,0.999090418,0.035442872,1,1,23.026463,1.979605621,1,91.86541738,97.48722317,17.83333333,2.19,238.7,114.45,62.5,77.8,761.6,0.595,1.06,4,1.35,37.3,11.11,0.92,497.3,0.27,20.9,-0.276,-0.961,8.11,20.37,16.250428,7.209426058,1.103618421,11461500
0.2,2,212,1.023237634,0.103509732,1,1,23.026463,1.979605621,1,95.99659284,93.56899489,48,2.19,238.7,114.45,62.5,77.8,761.6,0.595,1.06,4,1.35,37.3,11.11,0.92,497.3,0.27,20.9,-0.276,-0.961,8.11,20.37,16.250428,7.209426058,1.057329916,11461500
143.4,2,214,1.013028341,0.057388634,1,1,23.026463,1.979605621,1,95.89011925,94.67632027,43.9,2.19,238.7,114.45,62.5,77.8,761.6,0.595,1.06,4,1.35,37.3,11.11,0.92,497.3,0.27,20.9,-0.276,-0.961,8.11,20.37,16.250428,7.209426058,1.368999093,11461500
264,2,218,1.006276953,0.070849145,1,1,23.026463,1.979605621,1,70.86882453,94.80408859,13.75,2.19,238.7,114.45,62.5,77.8,761.6,0.595,1.06,4,1.35,37.3,11.11,0.92,497.3,0.27,20.9,-0.276,-0.961,9.37,17.85,16.250428,7.209426058,1.598214286,11461500
44.1,2,238,1.016221504,0.071314136,1,1,23.026463,1.979605621,1,77.06558773,98.16865417,10.95,2.19,238.7,114.45,62.5,77.8,761.6,0.595,1.06,4,1.35,37.3,11.11,0.92,497.3,0.27,20.9,-0.276,-0.961,9.37,17.85,16.250428,7.209426058,0.317985612,11461500
20.5,2,255,1.069133569,0.246032608,1,1,23.026463,1.979605621,1,55.00425894,66.0988075,23,2.19,238.7,114.45,62.5,77.8,761.6,0.595,1.06,4,1.35,37.3,11.11,0.92,497.3,0.27,20.9,-0.276,-0.961,11.48,7.09,16.250428,7.209426058,0.216129032,11461500
130.2,2,504,1.047366056,0.182847123,1,0,23.026463,1.979605621,1,54.55706985,57.92163543,11.8,2.19,238.7,114.45,62.5,77.8,761.6,0.595,1.06,4,1.35,37.3,11.11,0.92,497.3,0.27,20.9,-0.276,-0.961,6.98,17.26,16.250428,7.209426058,0.270469799,11461500
96.2,2,920,1.021661642,0.098714172,1,0,23.026463,1.979605621,1,72.76405451,67.120954,27.75,2.19,238.7,114.45,62.5,77.8,761.6,0.595,1.06,4,1.35,37.3,11.11,0.92,497.3,0.27,20.9,-0.276,-0.961,8.11,20.37,16.250428,7.209426058,0.206571052,11461500
58.7,2,1596,1.005251829,0.076515858,1,1,23.026463,1.979605621,1,85.15758092,77.51277683,40.66666667,2.19,238.7,114.45,62.5,77.8,761.6,0.595,1.06,4,1.35,37.3,11.11,0.92,497.3,0.27,20.9,-0.276,-0.961,6.98,17.26,16.250428,7.209426058,0.284541063,11461500
133.2,2,1616,1.026617376,0.113721943,1,1,23.026463,1.979605621,1,94.25042589,68.44122658,49.5,2.19,238.7,114.45,62.5,77.8,761.6,0.595,1.06,4,1.35,37.3,11.11,0.92,497.3,0.27,20.9,-0.276,-0.961,6.98,17.26,16.250428,7.209426058,1.006246611,11461500
4.8,2,21,1.070290272,0.273040855,1,1,11.867328,0.9068181,1,94.24040067,95.24207012,22.5,1.28,240.8,51.01,60.8,37.1,825.6,0.654,1.13,5,1.61,20.2,10.37,1.7,553.2,0.308,25.4,-0.221,-0.975,12.34,11.9,17.754193,6.360921927,0.342335574,11077500
10,2,42,1.056085225,0.226002909,1,1,11.867328,0.9068181,1,72.87145242,79.71619366,12,1.28,240.8,51.01,60.8,37.1,825.6,0.654,1.13,5,1.61,20.2,10.37,1.7,553.2,0.308,25.4,-0.221,-0.975,12.93,9.51,17.754193,6.360921927,0.276923077,11077500
13.4,2,53,1.040654784,0.150784417,1,0,11.126418,1.048190759,1,68.02325581,49.41860465,15,1.28,240.8,51.01,60.8,37.1,825.6,0.654,1.13,5,1.61,20.2,10.37,1.7,553.2,0.308,25.4,-0.221,-0.975,12.07,11.6,17.754193,4.497757475,1.926091825,11077500
0,2,75,1.018412419,0.123654437,1,0,24.501378,1.161798467,1,88.2038489,83.74910905,26,1.28,240.8,51.01,60.8,37.1,825.6,0.654,1.13,5,1.61,20.2,10.37,1.7,553.2,0.308,25.4,-0.221,-0.975,12.07,11.6,17.754193,12.6130814,0.543513957,11077500
30.2,2,125,1.023072939,0.116471034,1,0,24.501378,1.161798467,1,67.39130435,50.60584462,26.88916667,1.28,240.8,51.01,60.8,37.1,825.6,0.654,1.13,5,1.61,20.2,10.37,1.7,553.2,0.308,25.4,-0.221,-0.975,12.34,11.9,17.754193,12.6130814,0.473684211,11077500
10.1,2,375,1.078396286,0.269684932,1,1,11.126418,1.048190759,1,96.01328904,95.0166113,31,1.28,240.8,51.01,60.8,37.1,825.6,0.654,1.13,5,1.61,20.2,10.37,1.7,553.2,0.308,25.4,-0.221,-0.975,12.94,6.47,17.754193,4.497757475,0.437209302,11077500
0,2,473,0.986927437,0.129997457,1,1,24.501378,1.161798467,1,91.94583036,71.84604419,58.66666667,1.28,240.8,51.01,60.8,37.1,825.6,0.654,1.13,5,1.61,20.2,10.37,1.7,553.2,0.308,25.4,-0.221,-0.975,12.34,11.9,17.754193,12.6130814,1.007751938,11077500
93,2,476,1.060496118,0.222453701,1,1,24.501378,1.161798467,1,79.68638632,70.77690663,30.8,1.28,240.8,51.01,60.8,37.1,825.6,0.654,1.13,5,1.61,20.2,10.37,1.7,553.2,0.308,25.4,-0.221,-0.975,12.34,11.9,17.754193,12.6130814,2.49,11077500
27.4,2,481,1.054945164,0.191860825,1,1,11.075228,0.62641764,1,92.40343348,90.38626609,25.66666667,1.28,240.8,51.01,60.8,37.1,825.6,0.654,1.13,5,1.61,20.2,10.37,1.7,553.2,0.308,25.4,-0.221,-0.975,12.34,11.9,17.754193,1.788413621,0.741085271,11077500
2.6,2,509,1.052912639,0.178978804,1,1,11.075228,0.62641764,1,86.39484979,96.39484979,19.85722222,1.28,240.8,51.01,60.8,37.1,825.6,0.654,1.13,5,1.61,20.2,10.37,1.7,553.2,0.308,25.4,-0.221,-0.975,12.93,9.51,17.754193,1.788413621,0.252376663,11077500
0.8,2,779,1.0649513,0.22456185,1,1,11.075228,0.62641764,1,96.60944206,94.50643777,49.5,1.28,240.8,51.01,60.8,37.1,825.6,0.654,1.13,5,1.61,20.2,10.37,1.7,553.2,0.308,25.4,-0.221,-0.975,15.6,3.86,17.754193,1.788413621,1.349854227,11077500
0,2,838,1.02965644,0.133486367,1,1,24.501378,1.161798467,1,94.51176051,89.37990021,32,1.28,240.8,51.01,60.8,37.1,825.6,0.654,1.13,5,1.61,20.2,10.37,1.7,553.2,0.308,25.4,-0.221,-0.975,12.34,11.9,17.754193,12.6130814,4.186046512,11077500
93.2,2,890,1.059343872,0.201729566,1,1,11.075228,0.62641764,1,68.58369099,79.48497854,23.66666667,1.28,240.8,51.01,60.8,37.1,825.6,0.654,1.13,5,1.61,20.2,10.37,1.7,553.2,0.308,25.4,-0.221,-0.975,12.93,9.51,17.754193,1.788413621,0.545350719,11077500
35.3,2,892,1.053657226,0.186173119,1,1,11.075228,0.62641764,1,55.45064378,69.69957082,14.75,1.28,240.8,51.01,60.8,37.1,825.6,0.654,1.13,5,1.61,20.2,10.37,1.7,553.2,0.308,25.4,-0.221,-0.975,12.93,9.51,17.754193,1.788413621,0.563291139,11077500
125.9,2,911,1.071163695,0.234869046,1,1,11.075228,0.62641764,1,75.2360515,78.36909871,12.5,1.28,240.8,51.01,60.8,37.1,825.6,0.654,1.13,5,1.61,20.2,10.37,1.7,553.2,0.308,25.4,-0.221,-0.975,14.86,2.53,17.754193,1.788413621,0.128137931,11077500
7.9,2,1153,1.048634469,0.20547005,1,1,24.501378,1.161798467,1,97.07769066,84.6044191,74,1.28,240.8,51.01,60.8,37.1,825.6,0.654,1.13,5,1.61,20.2,10.37,1.7,553.2,0.308,25.4,-0.221,-0.975,12.94,6.47,17.754193,12.6130814,2.278735632,11077500
134.8,2,1156,1.074427196,0.271453338,1,1,24.501378,1.161798467,1,100,95.86600143,58,1.28,240.8,51.01,60.8,37.1,825.6,0.654,1.13,5,1.61,20.2,10.37,1.7,553.2,0.308,25.4,-0.221,-0.975,12.94,6.47,17.754193,12.6130814,1.455445545,11077500
21.9,2,1223,1.042221857,0.166833474,1,1,24.501378,1.161798467,1,93.7277263,87.95438346,32.5,1.28,240.8,51.01,60.8,37.1,825.6,0.654,1.13,5,1.61,20.2,10.37,1.7,553.2,0.308,25.4,-0.221,-0.975,12.34,11.9,17.754193,12.6130814,0.409556541,11077500
59.3,2,1249,0.968498134,0.155926293,1,1,24.501378,1.161798467,1,60.37063435,67.56949394,9,1.28,240.8,51.01,60.8,37.1,825.6,0.654,1.13,5,1.61,20.2,10.37,1.7,553.2,0.308,25.4,-0.221,-0.975,12.93,9.51,17.754193,12.6130814,4.7625,11077500
57.9,1,51,1.025684515,0.434225423,1,1,11.73672,0.555594701,1,78.62997658,87.64637002,72,2,241.5,37.78,41.9,27.9,813.4,0.464,0.98,4,2.22,43.9,9.87,5.3,1195.3,0.44,22.7,0.863,0.506,22.06,1.91,22.326342,8.632173913,0.120082816,10258500
8.5,2,227,1.011105437,0.303175752,1,1,34.911598,1.024974947,1,93.5243553,88.59598854,56.83333333,2,241.5,37.78,41.9,27.9,813.4,0.464,0.98,4,2.22,43.9,9.87,5.3,1195.3,0.44,22.7,0.863,0.506,8.35,6.88,22.326342,14.53863354,1.97,10258500
3.1,2,579,1.043866132,0.310348545,1,1,34.911598,1.024974947,1,96.50429799,91.40401146,29.83333333,2,241.5,37.78,41.9,27.9,813.4,0.464,0.98,4,2.22,43.9,9.87,5.3,1195.3,0.44,22.7,0.863,0.506,7.76,8.36,22.326342,14.53863354,0.294795337,10258500
8.4,2,926,1.002928153,0.28949612,1,1,34.911598,1.024974947,1,97.0773639,92.83667622,51.93333333,2,241.5,37.78,41.9,27.9,813.4,0.464,0.98,4,2.22,43.9,9.87,5.3,1195.3,0.44,22.7,0.863,0.506,7.76,8.36,22.326342,14.53863354,0.203307129,10258500
26.8,2,1287,1.122824074,0.352212829,1,1,34.911598,1.024974947,1,96.38968481,88.08022923,54.66666667,2,241.5,37.78,41.9,27.9,813.4,0.464,0.98,4,2.22,43.9,9.87,5.3,1195.3,0.44,22.7,0.863,0.506,7.76,8.36,22.326342,14.53863354,0.396448902,10258500
121.1,1,606,1.003143549,0.074166124,1,1,99.999876,1,1,83.6627141,82.50988142,19,2.41,242.6,166.38,62.2,92.3,637.8,0.561,0.77,4,2.23,33.3,10.96,1.59,1130,0.306,28.7,-0.024,-1,7.31,11.22,13.178414,77.02790602,8.532110092,11480390
107.1,1,611,0.989667808,0.07829708,1,1,99.999876,1,1,87.23649539,94.00527009,45.8,2.41,242.6,166.38,62.2,92.3,637.8,0.561,0.77,4,2.23,33.3,10.96,1.59,1130,0.306,28.7,-0.024,-1,7.31,11.22,13.178414,77.02790602,0.507836991,11480390
13.2,2,198,1.038859569,0.136099292,1,1,17.519332,1.2074693,1,99.82466394,91.9345412,57.75,2.43,247.4,47.01,49.5,44.4,791.8,0.63,1.19,5,1.82,29,10.38,1.74,804.2,0.402,26.1,-0.951,0.308,6.86,10.27,21.958024,13.10274859,0.460925156,11224500
50.6,2,900,1.061701474,0.196077871,1,1,17.519332,1.2074693,1,64.26066628,80.07013442,31,2.43,247.4,47.01,49.5,44.4,791.8,0.63,1.19,5,1.82,29,10.38,1.74,804.2,0.402,26.1,-0.951,0.308,7.4,6.81,21.958024,13.10274859,1.276450512,11224500
0.1,2,91,1.098714672,0.22726141,1,1,5.595129,0.165455251,1,85.74712644,81.43678161,38.75,0.9,247.9,70.02,59.6,55.5,854.4,0.615,0.96,4,1.19,43.2,10.66,0.49,560.5,0.34,18.2,-0.265,0.964,7.69,10.4,18.827651,1.310246067,1.411589896,11451715
52.6,2,107,1.097555115,0.225160798,1,1,5.595129,0.165455251,1,98.79310345,97.06896552,92,0.9,247.9,70.02,59.6,55.5,854.4,0.615,0.96,4,1.19,43.2,10.66,0.49,560.5,0.34,18.2,-0.265,0.964,7.69,10.4,18.827651,1.310246067,0.617821782,11451715
270.2,2,112,1.080166765,0.189707978,1,1,5.595129,0.165455251,1,72.93103448,77.64367816,36.5,0.9,247.9,70.02,59.6,55.5,854.4,0.615,0.96,4,1.19,43.2,10.66,0.49,560.5,0.34,18.2,-0.265,0.964,7.69,10.4,18.827651,1.310246067,0.466753585,11451715
0.3,2,123,1.146063325,0.321714966,1,1,5.595129,0.165455251,1,70.28735632,79.02298851,20,0.9,247.9,70.02,59.6,55.5,854.4,0.615,0.96,4,1.19,43.2,10.66,0.49,560.5,0.34,18.2,-0.265,0.964,7.28,15.2,18.827651,1.310246067,0.44694726,11451715
0,2,141,1.128909574,0.306167382,1,1,5.595129,0.165455251,1,68.33333333,54.88505747,26.8,0.9,247.9,70.02,59.6,55.5,854.4,0.615,0.96,4,1.19,43.2,10.66,0.49,560.5,0.34,18.2,-0.265,0.964,7.28,15.2,18.827651,1.310246067,0.633,11451715
37.3,2,163,1.04824679,0.111260148,1,1,24.133838,1.666551161,1,87.25680934,95.42801556,13.66666667,0.9,247.9,70.02,59.6,55.5,854.4,0.615,0.96,4,1.19,43.2,10.66,0.49,560.5,0.34,18.2,-0.265,0.964,7.28,15.2,18.827651,4.86014522,60.25,11451715
100.7,2,165,1.08059165,0.188245043,1,1,24.133838,1.666551161,1,87.45136187,87.93774319,35.5,0.9,247.9,70.02,59.6,55.5,854.4,0.615,0.96,4,1.19,43.2,10.66,0.49,560.5,0.34,18.2,-0.265,0.964,7.28,15.2,18.827651,4.86014522,0.706303214,11451715
92.2,2,174,1.000499492,0.091306117,1,1,11.690112,0.296371599,1,82.27272727,94.65909091,12.5,0.9,247.9,70.02,59.6,55.5,854.4,0.615,0.96,4,1.19,43.2,10.66,0.49,560.5,0.34,18.2,-0.265,0.964,7.28,15.2,18.827651,3.78987495,0.891666667,11451715
0.2,2,212,1.049200697,0.139724234,1,1,24.133838,1.666551161,1,98.44357977,93.28793774,74,0.9,247.9,70.02,59.6,55.5,854.4,0.615,0.96,4,1.19,43.2,10.66,0.49,560.5,0.34,18.2,-0.265,0.964,8.75,13.34,18.827651,4.86014522,1.539393939,11451715
205.3,2,218,0.978606868,0.129588268,1,1,24.133838,1.666551161,1,68.70136187,80.78793774,16.5,0.9,247.9,70.02,59.6,55.5,854.4,0.615,0.96,4,1.19,43.2,10.66,0.49,560.5,0.34,18.2,-0.265,0.964,10.43,10.33,18.827651,4.86014522,0.537719298,11451715
53.4,2,221,1.076532367,0.170696109,1,1,24.133838,1.666551161,1,87.84046693,89.98054475,33.66666667,0.9,247.9,70.02,59.6,55.5,854.4,0.615,0.96,4,1.19,43.2,10.66,0.49,560.5,0.34,18.2,-0.265,0.964,10.43,10.33,18.827651,4.86014522,1.148403017,11451715
128.2,2,227,1.053246963,0.12395349,1,1,11.690112,0.296371599,1,88.01136364,81.07954545,41,0.9,247.9,70.02,59.6,55.5,854.4,0.615,0.96,4,1.19,43.2,10.66,0.49,560.5,0.34,18.2,-0.265,0.964,10.43,10.33,18.827651,3.78987495,1.04587156,11451715
0,1,478,1.01132613,0.192087742,1,1,11.655139,0.944331954,1,96.50238474,97.45627981,46,0.9,247.9,70.02,59.6,55.5,854.4,0.615,0.96,4,1.19,43.2,10.66,0.49,560.5,0.34,18.2,-0.265,0.964,17.68,3.6,18.827651,5.157482856,0.142528736,11451715
153.5,2,530,0.938603817,0.144853635,1,1,11.690112,0.296371599,1,97.10227273,95.51136364,40,0.9,247.9,70.02,59.6,55.5,854.4,0.615,0.96,4,1.19,43.2,10.66,0.49,560.5,0.34,18.2,-0.265,0.964,7.28,15.2,18.827651,3.78987495,1.881516588,11451715
86.9,2,557,0.955938674,0.141201825,1,1,11.690112,0.296371599,1,95.65340909,96.25,47,0.9,247.9,70.02,59.6,55.5,854.4,0.615,0.96,4,1.19,43.2,10.66,0.49,560.5,0.34,18.2,-0.265,0.964,8.75,13.34,18.827651,3.78987495,3.692633263,11451715
7.4,2,592,1.069064163,0.205046605,1,1,11.655139,0.944331954,1,82.8563858,85.10863805,23.5,0.9,247.9,70.02,59.6,55.5,854.4,0.615,0.96,4,1.19,43.2,10.66,0.49,560.5,0.34,18.2,-0.265,0.964,8.75,13.34,18.827651,5.157482856,1.170909091,11451715
32.2,2,601,0.932236981,0.143653387,1,1,11.690112,0.296371599,1,67.5,86.47727273,29.5,0.9,247.9,70.02,59.6,55.5,854.4,0.615,0.96,4,1.19,43.2,10.66,0.49,560.5,0.34,18.2,-0.265,0.964,10.43,10.33,18.827651,3.78987495,0.252754888,11451715
65.5,2,614,1.070737417,0.221599112,1,1,11.655139,0.944331954,1,74.16534181,87.75834658,11.66666667,0.9,247.9,70.02,59.6,55.5,854.4,0.615,0.96,4,1.19,43.2,10.66,0.49,560.5,0.34,18.2,-0.265,0.964,8.75,13.34,18.827651,5.157482856,1.262798635,11451715
55.1,2,618,1.05354143,0.302522505,1,1,11.655139,0.944331954,1,57.33969263,51.77530472,13,0.9,247.9,70.02,59.6,55.5,854.4,0.615,0.96,4,1.19,43.2,10.66,0.49,560.5,0.34,18.2,-0.265,0.964,10.43,10.33,18.827651,5.157482856,3.16887787,11451715
9.3,2,628,1.092053817,0.392849332,1,1,11.655139,0.944331954,1,66.77265501,70.48224695,12.66666667,0.9,247.9,70.02,59.6,55.5,854.4,0.615,0.96,4,1.19,43.2,10.66,0.49,560.5,0.34,18.2,-0.265,0.964,10.43,10.33,18.827651,5.157482856,0.668421053,11451715
107.8,2,819,1.114781634,0.255164133,1,1,5.595129,0.165455251,1,97.95977011,98.96551724,40.66666667,0.9,247.9,70.02,59.6,55.5,854.4,0.615,0.96,4,1.19,43.2,10.66,0.49,560.5,0.34,18.2,-0.265,0.964,7.69,10.4,18.827651,1.310246067,0.2433281,11451715
20.7,2,896,1.056923544,0.155294821,1,1,11.655139,0.944331954,1,91.07048225,88.60625331,49.5,0.9,247.9,70.02,59.6,55.5,854.4,0.615,0.96,4,1.19,43.2,10.66,0.49,560.5,0.34,18.2,-0.265,0.964,7.69,10.4,18.827651,5.157482856,0.651863462,11451715
43.8,2,917,0.936531404,0.197793775,1,1,11.655139,0.944331954,1,68.33598304,61.7382088,17.66666667,0.9,247.9,70.02,59.6,55.5,854.4,0.615,0.96,4,1.19,43.2,10.66,0.49,560.5,0.34,18.2,-0.265,0.964,7.69,10.4,18.827651,5.157482856,0.736789537,11451715
0,2,967,1.004272234,0.125972013,1,1,11.655139,0.944331954,1,94.17064123,90.2490726,49.85722222,0.9,247.9,70.02,59.6,55.5,854.4,0.615,0.96,4,1.19,43.2,10.66,0.49,560.5,0.34,18.2,-0.265,0.964,8.75,13.34,18.827651,5.157482856,0.959688233,11451715
19.6,2,977,0.980477551,0.131268526,1,1,11.655139,0.944331954,1,84.2872284,91.78590355,35,0.9,247.9,70.02,59.6,55.5,854.4,0.615,0.96,4,1.19,43.2,10.66,0.49,560.5,0.34,18.2,-0.265,0.964,8.75,13.34,18.827651,5.157482856,20.75,11451715
34,2,996,0.986052505,0.170576076,1,1,11.655139,0.944331954,1,85.98304187,92.58081611,30.875,0.9,247.9,70.02,59.6,55.5,854.4,0.615,0.96,4,1.19,43.2,10.66,0.49,560.5,0.34,18.2,-0.265,0.964,10.43,10.33,18.827651,5.157482856,0.84,11451715
16.5,1,1058,0.983658823,0.275291245,1,1,11.655139,0.944331954,1,79.86221516,70.42925278,49,0.9,247.9,70.02,59.6,55.5,854.4,0.615,0.96,4,1.19,43.2,10.66,0.49,560.5,0.34,18.2,-0.265,0.964,17.68,2.67,18.827651,5.157482856,0.875308642,11451715
129.7,2,1309,1.024300651,0.132255223,1,0,11.655139,0.944331954,1,92.68680445,89.87811341,26.5,0.9,247.9,70.02,59.6,55.5,854.4,0.615,0.96,4,1.19,43.2,10.66,0.49,560.5,0.34,18.2,-0.265,0.964,7.28,15.2,18.827651,5.157482856,2.044776119,11451715
67.5,2,1374,1.066544067,0.230919642,1,0,11.655139,0.944331954,1,94.11764706,90.77901431,30,0.9,247.9,70.02,59.6,55.5,854.4,0.615,0.96,4,1.19,43.2,10.66,0.49,560.5,0.34,18.2,-0.265,0.964,10.43,10.33,18.827651,5.157482856,2.802985075,11451715
90.5,2,1616,1.106967124,0.259764545,1,1,24.133838,1.666551161,1,95.37937743,74.8540856,59.90916667,0.9,247.9,70.02,59.6,55.5,854.4,0.615,0.96,4,1.19,43.2,10.66,0.49,560.5,0.34,18.2,-0.265,0.964,7.69,10.4,18.827651,4.86014522,1.566775244,11451715
38.1,2,94,1.092710889,0.229652581,1,0,45.981764,1.33889849,1,95.59039686,93.92454679,44,2.9,249.1,79.83,55.9,53.1,703.2,0.595,0.74,4,1.36,65.9,9.43,2.64,1348.7,0.417,34.4,0.119,-0.993,5.19,10.48,17.505672,23.47442794,5.758754864,11204100
194.1,2,106,1.135241671,0.316795248,1,0,45.981764,1.33889849,1,87.16315532,93.58157766,16.75,2.9,249.1,79.83,55.9,53.1,703.2,0.595,0.74,4,1.36,65.9,9.43,2.64,1348.7,0.417,34.4,0.119,-0.993,5.19,10.48,17.505672,23.47442794,3.04016911,11204100
85.4,2,110,1.124917094,0.304496737,1,0,45.981764,1.33889849,1,80.25477707,82.85154336,35.5,2.9,249.1,79.83,55.9,53.1,703.2,0.595,0.74,4,1.36,65.9,9.43,2.64,1348.7,0.417,34.4,0.119,-0.993,5.19,10.48,17.505672,23.47442794,0.267333333,11204100
2.4,2,203,1.088110202,0.204321479,1,1,14.215553,0.967391659,1,99.29843497,97.13977334,67.83333333,2.9,249.1,79.83,55.9,53.1,703.2,0.595,0.74,4,1.36,65.9,9.43,2.64,1348.7,0.417,34.4,0.119,-0.993,6.92,15.82,17.505672,2.632436772,15.75492341,11204100
74.9,2,449,1.132823677,0.310094008,1,1,45.981764,1.33889849,1,79.83831455,70.79862812,35,2.9,249.1,79.83,55.9,53.1,703.2,0.595,0.74,4,1.36,65.9,9.43,2.64,1348.7,0.417,34.4,0.119,-0.993,5.19,10.48,17.505672,23.47442794,0.205206074,11204100
1,2,456,1.118097404,0.270422314,1,1,45.981764,1.33889849,1,89.68642822,71.33757962,32.5,2.9,249.1,79.83,55.9,53.1,703.2,0.595,0.74,4,1.36,65.9,9.43,2.64,1348.7,0.417,34.4,0.119,-0.993,5.19,10.48,17.505672,23.47442794,2.664596273,11204100
0,2,473,1.092174883,0.218553918,1,1,45.981764,1.33889849,1,95.933366,90.44585987,23.92861111,2.9,249.1,79.83,55.9,53.1,703.2,0.595,0.74,4,1.36,65.9,9.43,2.64,1348.7,0.417,34.4,0.119,-0.993,5.19,10.48,17.505672,23.47442794,3.024324802,11204100
0.1,2,547,1.168918298,0.518402246,1,1,14.215553,0.967391659,1,45.08904479,22.18024825,30.75,2.9,249.1,79.83,55.9,53.1,703.2,0.595,0.74,4,1.36,65.9,9.43,2.64,1348.7,0.417,34.4,0.119,-0.993,5.71,14.52,17.505672,2.632436772,4.892857143,11204100
43.6,2,550,1.108453825,0.256927172,1,1,14.215553,0.967391659,1,93.52401511,92.33675121,25.9,2.9,249.1,79.83,55.9,53.1,703.2,0.595,0.74,4,1.36,65.9,9.43,2.64,1348.7,0.417,34.4,0.119,-0.993,6.92,15.82,17.505672,2.632436772,3.928270042,11204100
0.7,2,568,1.065651843,0.228687591,1,1,14.215553,0.967391659,1,83.59417161,88.72099298,40.83333333,2.9,249.1,79.83,55.9,53.1,703.2,0.595,0.74,4,1.36,65.9,9.43,2.64,1348.7,0.417,34.4,0.119,-0.993,6.92,15.82,17.505672,2.632436772,12.94921394,11204100
0.5,2,819,1.092032211,0.212577568,1,1,14.215553,0.967391659,1,94.92714517,72.36913114,68.85722222,2.9,249.1,79.83,55.9,53.1,703.2,0.595,0.74,4,1.36,65.9,9.43,2.64,1348.7,0.417,34.4,0.119,-0.993,8.18,8.1,17.505672,2.632436772,0.415277778,11204100
33.4,2,826,1.080561514,0.197484727,1,1,14.215553,0.967391659,1,78.49433351,81.97517539,22.66666667,2.9,249.1,79.83,55.9,53.1,703.2,0.595,0.74,4,1.36,65.9,9.43,2.64,1348.7,0.417,34.4,0.119,-0.993,5.19,10.48,17.505672,2.632436772,4.762842358,11204100
0.3,2,845,1.088132918,0.205293766,1,1,14.215553,0.967391659,1,86.77819752,78.68321641,107.75,2.9,249.1,79.83,55.9,53.1,703.2,0.595,0.74,4,1.36,65.9,9.43,2.64,1348.7,0.417,34.4,0.119,-0.993,5.19,10.48,17.505672,2.632436772,0.437424517,11204100
24.6,2,963,1.056624938,0.144510563,1,1,14.215553,0.967391659,1,55.18078791,72.20723152,7.833333333,2.9,249.1,79.83,55.9,53.1,703.2,0.595,0.74,4,1.36,65.9,9.43,2.64,1348.7,0.417,34.4,0.119,-0.993,9.78,6.17,17.505672,2.632436772,1.573584906,11204100
32.9,2,966,1.066647932,0.240289013,1,1,14.215553,0.967391659,1,54.53318942,68.10577442,5.944722222,2.9,249.1,79.83,55.9,53.1,703.2,0.595,0.74,4,1.36,65.9,9.43,2.64,1348.7,0.417,34.4,0.119,-0.993,9.78,6.17,17.505672,2.632436772,3.782252862,11204100
88.8,1,109,1.116280368,0.702131699,1,0,20.31672,1.556455052,1,92.37986671,93.6338127,14.91666667,2.31,258,82.04,52.2,90.9,369.5,0.073,0.53,3,1.49,64,10.04,1.28,3038.8,0.43,25.8,0.472,0.881,14.21,9.44,17.790895,6.172325581,4.84,8277470
115,1,125,0.896168517,0.499092702,1,0,20.31672,1.556455052,1,92.81830937,96.03647843,9.988055556,2.31,258,82.04,52.2,90.9,369.5,0.073,0.53,3,1.49,64,10.04,1.28,3038.8,0.43,25.8,0.472,0.881,13.29,11.16,17.790895,6.172325581,2.7625,8277470
40.2,1,145,0.993134001,0.387517964,1,0,20.31672,1.556455052,1,91.3188355,95.44019642,6.5,2.31,258,82.04,52.2,90.9,369.5,0.073,0.53,3,1.49,64,10.04,1.28,3038.8,0.43,25.8,0.472,0.881,13.29,11.16,17.790895,6.172325581,5.423312883,8277470
24.6,2,91,0.989308655,0.084631054,1,0,32.301184,1.065652935,1,90.27777778,93.97496088,24.88916667,1.95,259.6,118.6,63.1,81.2,730.9,0.607,0.95,4,1.1,36,11.3,1.16,448.3,0.314,20.6,-0.997,0.077,6.98,23.46,15.086673,11.66221109,1.708259482,11461000
71.4,2,143,1.061976603,0.199248171,1,0,32.301184,1.065652935,1,78.28638498,93.34898279,8.963055556,1.95,259.6,118.6,63.1,81.2,730.9,0.607,0.95,4,1.1,36,11.3,1.16,448.3,0.314,20.6,-0.997,0.077,9.33,18.36,15.086673,11.66221109,0.434020619,11461000
0,2,178,1.04770292,0.140464599,1,0,32.301184,1.065652935,1,98.55242567,98.27856025,67.85722222,1.95,259.6,118.6,63.1,81.2,730.9,0.607,0.95,4,1.1,36,11.3,1.16,448.3,0.314,20.6,-0.997,0.077,11.48,7.09,15.086673,11.66221109,1.635437882,11461000
36.5,2,433,0.966911487,0.10349811,1,1,32.301184,1.065652935,1,70.26604069,85.3286385,5.958333333,1.95,259.6,118.6,63.1,81.2,730.9,0.607,0.95,4,1.1,36,11.3,1.16,448.3,0.314,20.6,-0.997,0.077,7.07,18.28,15.086673,11.66221109,3.681014903,11461000
81.6,2,438,1.080651043,0.244779045,1,1,32.301184,1.065652935,1,62.69561815,77.07355243,4.979722222,1.95,259.6,118.6,63.1,81.2,730.9,0.607,0.95,4,1.1,36,11.3,1.16,448.3,0.314,20.6,-0.997,0.077,7.07,18.28,15.086673,11.66221109,0.289261321,11461000
38.6,2,441,1.089474093,0.352658608,1,1,32.301184,1.065652935,1,85.34820031,99.29577465,7.971666667,1.95,259.6,118.6,63.1,81.2,730.9,0.607,0.95,4,1.1,36,11.3,1.16,448.3,0.314,20.6,-0.997,0.077,7.07,18.28,15.086673,11.66221109,1.724137931,11461000
245.8,2,467,1.071956601,0.219038205,1,1,32.301184,1.065652935,1,78.75586854,91.66666667,27.83333333,1.95,259.6,118.6,63.1,81.2,730.9,0.607,0.95,4,1.1,36,11.3,1.16,448.3,0.314,20.6,-0.997,0.077,6.98,23.46,15.086673,11.66221109,1.597010011,11461000
176.7,2,505,1.039561244,0.123304539,1,1,32.301184,1.065652935,1,96.73317684,96.28325509,16.91666667,1.95,259.6,118.6,63.1,81.2,730.9,0.607,0.95,4,1.1,36,11.3,1.16,448.3,0.314,20.6,-0.997,0.077,8.13,21.77,15.086673,11.66221109,1.408647141,11461000
45.9,2,512,1.040830307,0.129174449,1,1,32.301184,1.065652935,1,93.89671362,99.64788732,57,1.95,259.6,118.6,63.1,81.2,730.9,0.607,0.95,4,1.1,36,11.3,1.16,448.3,0.314,20.6,-0.997,0.077,9.33,18.36,15.086673,11.66221109,1.005681818,11461000
118.7,2,532,1.028711744,0.099521204,1,1,32.301184,1.065652935,1,79.06885759,88.18466354,9.961666667,1.95,259.6,118.6,63.1,81.2,730.9,0.607,0.95,4,1.1,36,11.3,1.16,448.3,0.314,20.6,-0.997,0.077,9.33,18.36,15.086673,11.66221109,0.783919598,11461000
163.6,2,795,1.077369554,0.233350183,1,0,32.301184,1.065652935,1,74.15884194,73.86541471,11.9,1.95,259.6,118.6,63.1,81.2,730.9,0.607,0.95,4,1.1,36,11.3,1.16,448.3,0.314,20.6,-0.997,0.077,7.07,18.28,15.086673,11.66221109,1.385516352,11461000
50,2,1191,1.130367993,0.373948015,1,0,32.301184,1.065652935,1,72.26134585,77.03442879,12.94472222,1.95,259.6,118.6,63.1,81.2,730.9,0.607,0.95,4,1.1,36,11.3,1.16,448.3,0.314,20.6,-0.997,0.077,6.98,23.46,15.086673,11.66221109,1.175510204,11461000
15.2,2,1205,1.050801366,0.156278487,1,0,32.301184,1.065652935,1,94.28794992,79.02973396,64,1.95,259.6,118.6,63.1,81.2,730.9,0.607,0.95,4,1.1,36,11.3,1.16,448.3,0.314,20.6,-0.997,0.077,6.98,23.46,15.086673,11.66221109,1.601038776,11461000
116.8,2,1211,1.055238021,0.155816343,1,0,32.301184,1.065652935,1,77.66040689,81.76838811,28.5,1.95,259.6,118.6,63.1,81.2,730.9,0.607,0.95,4,1.1,36,11.3,1.16,448.3,0.314,20.6,-0.997,0.077,8.13,21.77,15.086673,11.66221109,1.049838035,11461000
35.3,2,1229,1.095439984,0.263852477,1,0,32.301184,1.065652935,1,56.59233177,85.05477308,30,1.95,259.6,118.6,63.1,81.2,730.9,0.607,0.95,4,1.1,36,11.3,1.16,448.3,0.314,20.6,-0.997,0.077,8.13,21.77,15.086673,11.66221109,1.726368159,11461000
117.7,1,15,0.994251488,0.244188772,1,0,10.334753,0.918584336,1,92.02383681,94.82007793,14.9,2.23,264.2,59.97,52.8,94.9,393.5,0.361,0.86,4,1.42,49.5,10.03,9,2775.2,0.373,26.9,0.329,0.944,15.24,9.63,15.226314,6.578652536,20.49257143,7103700
66.6,1,36,1.224623995,0.672363474,1,0,10.334753,0.918584336,1,56.30300252,74.4900298,13.93333333,2.23,264.2,59.97,52.8,94.9,393.5,0.361,0.86,4,1.42,49.5,10.03,9,2775.2,0.373,26.9,0.329,0.944,15.24,9.63,15.226314,6.578652536,18.21266545,7103700
83.4,1,377,0.919010789,0.613755798,1,1,10.334753,0.918584336,1,63.68324547,87.21063488,8.9,2.23,264.2,59.97,52.8,94.9,393.5,0.361,0.86,4,1.42,49.5,10.03,9,2775.2,0.373,26.9,0.329,0.944,15.24,9.63,15.226314,6.578652536,0.306469207,7103700
119.3,1,386,0.966949398,0.186378282,1,1,10.334753,0.918584336,1,96.5046986,94.63671785,27.96166667,2.23,264.2,59.97,52.8,94.9,393.5,0.361,0.86,4,1.42,49.5,10.03,9,2775.2,0.373,26.9,0.329,0.944,15.24,9.63,15.226314,6.578652536,0.363715966,7103700
91.7,1,412,0.928266417,0.363545779,1,1,10.334753,0.918584336,1,96.04629842,99.58743983,9.75,2.23,264.2,59.97,52.8,94.9,393.5,0.361,0.86,4,1.42,49.5,10.03,9,2775.2,0.373,26.9,0.329,0.944,14.17,10.32,15.226314,6.578652536,5.291970803,7103700
133.3,1,414,1.122962912,0.50833945,1,1,10.334753,0.918584336,1,91.63419665,98.46435939,4.928611111,2.23,264.2,59.97,52.8,94.9,393.5,0.361,0.86,4,1.42,49.5,10.03,9,2775.2,0.373,26.9,0.329,0.944,14.17,10.32,15.226314,6.578652536,18.48739496,7103700
26.9,1,425,1.08791476,0.386289997,1,1,10.334753,0.918584336,1,99.55305982,99.63327985,14.75,2.23,264.2,59.97,52.8,94.9,393.5,0.361,0.86,4,1.42,49.5,10.03,9,2775.2,0.373,26.9,0.329,0.944,14.17,10.32,15.226314,6.578652536,0.882352941,7103700
118.1,1,706,0.985305792,0.395075256,1,1,10.334753,0.918584336,1,71.77400871,78.18015127,13.875,2.23,264.2,59.97,52.8,94.9,393.5,0.361,0.86,4,1.42,49.5,10.03,9,2775.2,0.373,26.9,0.329,0.944,7.25,7.11,15.226314,6.578652536,0.457480315,7103700
30.2,1,731,1.171507011,0.675341463,1,1,10.334753,0.918584336,1,92.43639697,98.5101994,10.66666667,2.23,264.2,59.97,52.8,94.9,393.5,0.361,0.86,4,1.42,49.5,10.03,9,2775.2,0.373,26.9,0.329,0.944,12.27,5.93,15.226314,6.578652536,0.320967742,7103700
181.3,1,752,0.990407517,0.270454143,1,1,10.334753,0.918584336,1,81.54939262,87.14187486,16.875,2.23,264.2,59.97,52.8,94.9,393.5,0.361,0.86,4,1.42,49.5,10.03,9,2775.2,0.373,26.9,0.329,0.944,15.24,9.63,15.226314,6.578652536,21.25668449,7103700
28.1,1,773,0.889273072,0.416323039,1,1,10.334753,0.918584336,1,82.12239285,91.42791657,7,2.23,264.2,59.97,52.8,94.9,393.5,0.361,0.86,4,1.42,49.5,10.03,9,2775.2,0.373,26.9,0.329,0.944,14.17,10.32,15.226314,6.578652536,0.649315068,7103700
43.8,1,1045,0.95539957,0.225832449,1,1,10.334753,0.918584336,1,98.92275957,94.54503782,37,2.23,264.2,59.97,52.8,94.9,393.5,0.361,0.86,4,1.42,49.5,10.03,9,2775.2,0.373,26.9,0.329,0.944,7.25,7.11,15.226314,6.578652536,2.8,7103700
38.9,1,1103,1.108565834,0.586876502,1,1,10.334753,0.918584336,1,93.76575751,98.2580793,6.8,2.23,264.2,59.97,52.8,94.9,393.5,0.361,0.86,4,1.42,49.5,10.03,9,2775.2,0.373,26.9,0.329,0.944,15.24,9.63,15.226314,6.578652536,0.919354839,7103700
38.2,1,1136,1.080882138,0.424167158,1,1,10.334753,0.918584336,1,88.60875544,97.52463901,11.5,2.23,264.2,59.97,52.8,94.9,393.5,0.361,0.86,4,1.42,49.5,10.03,9,2775.2,0.373,26.9,0.329,0.944,14.17,10.32,15.226314,6.578652536,0.469892473,7103700
10,1,1422,0.917169861,0.254059309,1,1,10.334753,0.918584336,1,83.54343342,95.78271831,18,2.23,264.2,59.97,52.8,94.9,393.5,0.361,0.86,4,1.42,49.5,10.03,9,2775.2,0.373,26.9,0.329,0.944,7.25,7.11,15.226314,6.578652536,0.593487395,7103700
77.8,1,1451,1.091771191,0.37372311,1,1,10.334753,0.918584336,1,88.36809535,95.55351822,12.75,2.23,264.2,59.97,52.8,94.9,393.5,0.361,0.86,4,1.42,49.5,10.03,9,2775.2,0.373,26.9,0.329,0.944,12.27,5.93,15.226314,6.578652536,0.940776699,7103700
14.2,1,1505,0.883313691,0.380854007,1,1,10.334753,0.918584336,1,54.92780197,88.81503553,2,2.23,264.2,59.97,52.8,94.9,393.5,0.361,0.86,4,1.42,49.5,10.03,9,2775.2,0.373,26.9,0.329,0.944,14.17,10.32,15.226314,6.578652536,4.013215859,7103700
30.4,1,1780,0.981734062,0.15712049,1,1,10.334753,0.918584336,1,84.2539537,83.72679349,17.95833333,2.23,264.2,59.97,52.8,94.9,393.5,0.361,0.86,4,1.42,49.5,10.03,9,2775.2,0.373,26.9,0.329,0.944,7.25,7.11,15.226314,6.578652536,5.212121212,7103700
52.6,1,1805,0.975289987,0.182202379,1,1,10.334753,0.918584336,1,93.37611735,91.56543663,8.8,2.23,264.2,59.97,52.8,94.9,393.5,0.361,0.86,4,1.42,49.5,10.03,9,2775.2,0.373,26.9,0.329,0.944,12.27,5.93,15.226314,6.578652536,0.280070057,7103700
57.8,1,37,1.075695941,0.277960153,1,1,6.679829,1.245462034,1,98.96644295,99.62416107,24.96166667,1.98,268.5,65.03,54.7,80.9,402.2,0.149,0.42,3,1.28,76.9,10.8,2.1,2753.9,0.435,10.7,-0.338,0.941,14.31,4.35,13.380851,3.819553073,0.734813266,10173450
19.5,1,1574,1.043777771,0.236087649,1,0,6.679829,1.245462034,1,92.09395973,86.38926174,23.9,1.98,268.5,65.03,54.7,80.9,402.2,0.149,0.42,3,1.28,76.9,10.8,2.1,2753.9,0.435,10.7,-0.338,0.941,4.34,5.77,13.380851,3.819553073,0.779545455,10173450
15.3,1,54,1.003200019,0.105808696,1,0,77.381654,1.177119032,1,94.20832416,97.79784189,61.99277778,1.73,272.5,205.35,67.6,161.7,519,0.425,0.85,4,1.29,71.1,10.13,5.02,1149.5,0.401,34.9,0.483,-0.876,7.84,14.62,13.481528,49.83555963,16.40522876,14179000
108,1,654,0.993812999,0.126017703,1,1,77.381654,1.177119032,1,89.74895397,81.03941863,106,1.73,272.5,205.35,67.6,161.7,519,0.425,0.85,4,1.29,71.1,10.13,5.02,1149.5,0.401,34.9,0.483,-0.876,11.81,7.41,13.481528,49.83555963,3.339658444,14179000
0.9,2,63,1.0474663,0.164710864,1,1,12.744957,1.953907238,1,95.61290323,86.25806452,48,0.92,274.2,33.63,52.5,30.5,879.8,0.581,0.62,3,1.31,19,12.47,3.62,555.4,0.135,7.7,0.456,-0.89,13.88,2.11,9.933606,5.762035011,0.77515528,11070465
0,2,97,0.986639803,0.187848833,1,1,12.744957,1.953907238,1,83.80645161,73.03225806,32,0.92,274.2,33.63,52.5,30.5,879.8,0.581,0.62,3,1.31,19,12.47,3.62,555.4,0.135,7.7,0.456,-0.89,10.93,3.14,9.933606,5.762035011,0.313291438,11070465
308.7,2,486,0.946128892,0.148020279,1,1,19.295537,0.992160412,1,88.33485819,84.35498628,25.66666667,2.46,275.8,118.78,67,68.2,703.2,0.632,0.89,4,1.34,42.1,10.75,3,364.3,0.323,25.1,-0.998,-0.056,9.9,16.89,15.363053,7.196736766,1.565918814,11160500
0,2,493,0.965550083,0.107854276,1,1,19.295537,0.992160412,1,96.04300091,87.28270814,64.9775,2.46,275.8,118.78,67,68.2,703.2,0.632,0.89,4,1.34,42.1,10.75,3,364.3,0.323,25.1,-0.998,-0.056,9.9,16.89,15.363053,7.196736766,1.505813953,11160500
27.1,2,813,0.982517377,0.10806896,1,1,19.295537,0.992160412,1,89.06678866,77.76761208,38.83333333,2.46,275.8,118.78,67,68.2,703.2,0.632,0.89,4,1.34,42.1,10.75,3,364.3,0.323,25.1,-0.998,-0.056,12.92,14.85,15.363053,7.196736766,0.368243243,11160500
24.4,2,863,0.95953801,0.137330929,1,1,19.295537,0.992160412,1,92.63494968,90.73650503,17.985,2.46,275.8,118.78,67,68.2,703.2,0.632,0.89,4,1.34,42.1,10.75,3,364.3,0.323,25.1,-0.998,-0.056,9.9,16.89,15.363053,7.196736766,1.198046137,11160500
134.9,2,865,0.972613303,0.110134619,1,1,19.295537,0.992160412,1,98.81061299,95.65416285,64.96444444,2.46,275.8,118.78,67,68.2,703.2,0.632,0.89,4,1.34,42.1,10.75,3,364.3,0.323,25.1,-0.998,-0.056,9.9,16.89,15.363053,7.196736766,2.339602649,11160500
66.5,2,144,1.042922943,0.166910385,1,1,19.710195,1.254471196,1,91.24737945,89.2033543,21,1.22,282.9,60.85,63.3,56.7,817.9,0.626,0.99,4,1.41,31.7,10.98,2.22,604,0.421,25.6,-0.968,-0.251,8.01,11.87,15.108,12.39353128,0.790879729,11169800
135.8,2,146,1.031855877,0.10823672,1,1,19.710195,1.254471196,1,76.59853249,75.68134172,24.5,1.22,282.9,60.85,63.3,56.7,817.9,0.626,0.99,4,1.41,31.7,10.98,2.22,604,0.421,25.6,-0.968,-0.251,8.01,11.87,15.108,12.39353128,6.658130602,11169800
80.3,2,496,1.002709514,0.076504736,1,1,36.191218,1.399114615,1,95.39769885,88.64432216,78.5,1.22,282.9,60.85,63.3,56.7,817.9,0.626,0.99,4,1.41,31.7,10.98,2.22,604,0.421,25.6,-0.968,-0.251,8.67,8.1,15.108,17.84697773,0.91560898,11169800
0,2,538,1.038424053,0.1536974,1,1,19.710195,1.254471196,1,89.67505241,81.65618449,47,1.22,282.9,60.85,63.3,56.7,817.9,0.626,0.99,4,1.41,31.7,10.98,2.22,604,0.421,25.6,-0.968,-0.251,9.29,13.42,15.108,12.39353128,4.011046354,11169800
1.2,2,863,1.018538662,0.077121836,1,1,36.191218,1.399114615,1,91.44572286,83.34167084,24.88916667,1.22,282.9,60.85,63.3,56.7,817.9,0.626,0.99,4,1.41,31.7,10.98,2.22,604,0.421,25.6,-0.968,-0.251,8.67,8.1,15.108,17.84697773,2.402714932,11169800
65.9,2,865,1.025563727,0.097554933,1,1,36.191218,1.399114615,1,94.99749875,91.49574787,48,1.22,282.9,60.85,63.3,56.7,817.9,0.626,0.99,4,1.41,31.7,10.98,2.22,604,0.421,25.6,-0.968,-0.251,8.67,8.1,15.108,17.84697773,3.194444444,11169800
30.1,2,867,1.009496234,0.093165204,1,1,19.710195,1.254471196,1,99.8427673,94.33962264,113,1.22,282.9,60.85,63.3,56.7,817.9,0.626,0.99,4,1.41,31.7,10.98,2.22,604,0.421,25.6,-0.968,-0.251,8.01,11.87,15.108,12.39353128,2.046875,11169800
75.6,2,912,0.961638489,0.126626151,1,1,19.710195,1.254471196,1,81.05345912,82.2851153,17.75,1.22,282.9,60.85,63.3,56.7,817.9,0.626,0.99,4,1.41,31.7,10.98,2.22,604,0.421,25.6,-0.968,-0.251,9.94,10.2,15.108,12.39353128,1.426896998,11169800
14.5,2,944,0.933693575,0.173691129,1,1,19.710195,1.254471196,1,91.43081761,87.36897275,30,1.22,282.9,60.85,63.3,56.7,817.9,0.626,0.99,4,1.41,31.7,10.98,2.22,604,0.421,25.6,-0.968,-0.251,12,3.95,15.108,12.39353128,0.804209184,11169800
14.7,2,1209,0.933637488,0.152293302,1,1,19.710195,1.254471196,1,77.62054507,90.25157233,21.875,1.22,282.9,60.85,63.3,56.7,817.9,0.626,0.99,4,1.41,31.7,10.98,2.22,604,0.421,25.6,-0.968,-0.251,8.67,8.1,15.108,12.39353128,0.437341998,11169800
35.5,2,1212,0.995949154,0.107095009,1,1,19.710195,1.254471196,1,87.26415094,80.18867925,20.8,1.22,282.9,60.85,63.3,56.7,817.9,0.626,0.99,4,1.41,31.7,10.98,2.22,604,0.421,25.6,-0.968,-0.251,8.67,8.1,15.108,12.39353128,2.732232015,11169800
43.3,2,1216,0.991405618,0.151378252,1,1,19.710195,1.254471196,1,51.49371069,52.30607966,15.5,1.22,282.9,60.85,63.3,56.7,817.9,0.626,0.99,4,1.41,31.7,10.98,2.22,604,0.421,25.6,-0.968,-0.251,8.01,11.87,15.108,12.39353128,15.42797495,11169800
137.5,2,1296,0.999245592,0.121016354,1,1,19.710195,1.254471196,1,98.74213836,97.90356394,76,1.22,282.9,60.85,63.3,56.7,817.9,0.626,0.99,4,1.41,31.7,10.98,2.22,604,0.421,25.6,-0.968,-0.251,9.94,10.2,15.108,12.39353128,29.41537766,11169800
5.8,2,473,0.989238494,0.133555997,1,1,16.382785,0.674671611,1,95.05776637,86.521181,56,1.59,288.7,61.83,49,43.1,760.7,0.57,0.88,4,1.39,32.2,10.45,3.04,891.8,0.428,20.2,-0.631,-0.776,9.46,12.2,16.426629,12.28919293,21.13636364,11025500
97.7,2,476,1.068243095,0.168695606,1,1,57.038453,0.63853309,1,91.29310345,85.45977011,41.5,1.59,288.7,61.83,49,43.1,760.7,0.57,0.88,4,1.39,32.2,10.45,3.04,891.8,0.428,20.2,-0.631,-0.776,9.46,12.2,16.426629,34.52483547,1.817307692,11025500
13.5,2,484,1.01523011,0.13163374,1,1,57.038453,0.63853309,1,93.2183908,88.62068966,35.5,1.59,288.7,61.83,49,43.1,760.7,0.57,0.88,4,1.39,32.2,10.45,3.04,891.8,0.428,20.2,-0.631,-0.776,9.46,12.2,16.426629,34.52483547,10.60777126,11025500
108.5,2,782,1.054298575,0.169226393,1,1,57.038453,0.63853309,1,95.05747126,84.31034483,49.75,1.59,288.7,61.83,49,43.1,760.7,0.57,0.88,4,1.39,32.2,10.45,3.04,891.8,0.428,20.2,-0.631,-0.776,9.34,6.58,16.426629,34.52483547,2.567307692,11025500
19.7,2,799,1.026896114,0.225163541,1,1,16.382785,0.674671611,1,93.58151476,96.46983312,29,1.59,288.7,61.83,49,43.1,760.7,0.57,0.88,4,1.39,32.2,10.45,3.04,891.8,0.428,20.2,-0.631,-0.776,8.73,11.95,16.426629,12.28919293,1.35483871,11025500
1.9,2,820,0.971417603,0.159738144,1,1,57.038453,0.63853309,1,92.70114943,96.43678161,24.5,1.59,288.7,61.83,49,43.1,760.7,0.57,0.88,4,1.39,32.2,10.45,3.04,891.8,0.428,20.2,-0.631,-0.776,8.73,11.95,16.426629,34.52483547,13.08571429,11025500
100.8,2,842,0.983937479,0.097966616,1,1,57.038453,0.63853309,1,79.59770115,76.32183908,19,1.59,288.7,61.83,49,43.1,760.7,0.57,0.88,4,1.39,32.2,10.45,3.04,891.8,0.428,20.2,-0.631,-0.776,9.46,12.2,16.426629,34.52483547,11.90322581,11025500
51.1,2,1249,1.05382131,0.154870627,1,1,7.499671,0.63456728,1,88.74833555,87.9494008,44,1.59,288.7,61.83,49,43.1,760.7,0.57,0.88,4,1.39,32.2,10.45,3.04,891.8,0.428,20.2,-0.631,-0.776,12.27,5.34,16.426629,3.255836508,0.416061415,11025500
0,1,1264,0.991489513,0.170204395,1,1,57.038453,0.63853309,1,80.60344828,70,64,1.59,288.7,61.83,49,43.1,760.7,0.57,0.88,4,1.39,32.2,10.45,3.04,891.8,0.428,20.2,-0.631,-0.776,12.79,4.12,16.426629,34.52483547,1.334375,11025500
21.3,2,1318,1.02512396,0.104245234,1,1,7.499671,0.63456728,1,92.67643142,86.88415446,35.75,1.59,288.7,61.83,49,43.1,760.7,0.57,0.88,4,1.39,32.2,10.45,3.04,891.8,0.428,20.2,-0.631,-0.776,9.46,12.2,16.426629,3.255836508,5.5,11025500
102,2,1321,1.026104009,0.114368626,1,1,7.499671,0.63456728,1,84.85352863,82.29027963,17.75,1.59,288.7,61.83,49,43.1,760.7,0.57,0.88,4,1.39,32.2,10.45,3.04,891.8,0.428,20.2,-0.631,-0.776,9.46,12.2,16.426629,3.255836508,13.74193548,11025500
141.5,2,1323,1.016175331,0.124735504,1,1,7.499671,0.63456728,1,92.54327563,79.02796272,57,1.59,288.7,61.83,49,43.1,760.7,0.57,0.88,4,1.39,32.2,10.45,3.04,891.8,0.428,20.2,-0.631,-0.776,9.46,12.2,16.426629,3.255836508,6.798076923,11025500
45,2,1329,0.978456255,0.138726353,1,1,7.499671,0.63456728,1,92.14380826,94.873502,14.8,1.59,288.7,61.83,49,43.1,760.7,0.57,0.88,4,1.39,32.2,10.45,3.04,891.8,0.428,20.2,-0.631,-0.776,9.46,12.2,16.426629,3.255836508,94.51612903,11025500
61.9,2,1338,1.002772572,0.107446192,1,1,7.499671,0.63456728,1,90.94540613,87.74966711,33,1.59,288.7,61.83,49,43.1,760.7,0.57,0.88,4,1.39,32.2,10.45,3.04,891.8,0.428,20.2,-0.631,-0.776,9.46,12.2,16.426629,3.255836508,5.496183206,11025500
2.7,2,1615,1.075280847,0.194204707,1,1,7.499671,0.63456728,1,88.41544607,91.74434088,61.5,1.59,288.7,61.83,49,43.1,760.7,0.57,0.88,4,1.39,32.2,10.45,3.04,891.8,0.428,20.2,-0.631,-0.776,12.27,5.34,16.426629,3.255836508,0.612903226,11025500
206.2,2,132,0.993678645,0.065021215,1,1,68.402353,0.917637249,1,85.89263421,70.62005826,46,1.47,293.4,112.6,63,63.1,752.4,0.624,0.62,3,1.5,36.4,10.72,0.99,554.7,0.243,19.3,-0.169,0.986,7.16,23.78,17.47691,46.98312883,0.491166078,11453500
219.6,2,182,0.985716847,0.080598303,1,1,68.402353,0.917637249,1,91.76029963,80.81564711,42.66666667,1.47,293.4,112.6,63,63.1,752.4,0.624,0.62,3,1.5,36.4,10.72,0.99,554.7,0.243,19.3,-0.169,0.986,9.9,16.96,17.47691,46.98312883,1.355345912,11453500
34.4,2,524,0.969092262,0.103420205,1,1,68.402353,0.917637249,1,89.01373283,80.56595922,30.8,1.47,293.4,112.6,63,63.1,752.4,0.624,0.62,3,1.5,36.4,10.72,0.99,554.7,0.243,19.3,-0.169,0.986,8.43,19.97,17.47691,46.98312883,2.070138779,11453500
122.6,2,578,1.013029082,0.090073722,1,1,68.402353,0.917637249,1,72.24302955,80.31627133,20,1.47,293.4,112.6,63,63.1,752.4,0.624,0.62,3,1.5,36.4,10.72,0.99,554.7,0.243,19.3,-0.169,0.986,12.19,6.28,17.47691,46.98312883,1.579487179,11453500
41.5,2,849,1.027767686,0.117969253,1,1,68.402353,0.917637249,1,95.54723263,84.14481898,35,1.47,293.4,112.6,63,63.1,752.4,0.624,0.62,3,1.5,36.4,10.72,0.99,554.7,0.243,19.3,-0.169,0.986,7.16,23.78,17.47691,46.98312883,0.693516699,11453500
40.8,2,862,1.036269447,0.120547045,1,1,68.402353,0.917637249,1,82.52184769,89.72118186,27.66666667,1.47,293.4,112.6,63,63.1,752.4,0.624,0.62,3,1.5,36.4,10.72,0.99,554.7,0.243,19.3,-0.169,0.986,7.16,23.78,17.47691,46.98312883,1.098781513,11453500
84.4,2,865,1.031301445,0.13769884,1,1,68.402353,0.917637249,1,74.6150645,85.22679983,10.96305556,1.47,293.4,112.6,63,63.1,752.4,0.624,0.62,3,1.5,36.4,10.72,0.99,554.7,0.243,19.3,-0.169,0.986,7.16,23.78,17.47691,46.98312883,0.569230769,11453500
92.4,2,920,1.028953674,0.11825042,1,1,68.402353,0.917637249,1,97.10778194,94.46525177,54.9525,1.47,293.4,112.6,63,63.1,752.4,0.624,0.62,3,1.5,36.4,10.72,0.99,554.7,0.243,19.3,-0.169,0.986,9.9,16.96,17.47691,46.98312883,1.422700587,11453500
0,2,936,1.031251313,0.124904375,1,1,68.402353,0.917637249,1,91.88514357,91.51061174,54,1.47,293.4,112.6,63,63.1,752.4,0.624,0.62,3,1.5,36.4,10.72,0.99,554.7,0.243,19.3,-0.169,0.986,12.19,6.28,17.47691,46.98312883,1.434335566,11453500
12,2,1189,1.036412695,0.172205287,1,1,68.402353,0.917637249,1,91.94756554,98.7099459,59.66666667,1.47,293.4,112.6,63,63.1,752.4,0.624,0.62,3,1.5,36.4,10.72,0.99,554.7,0.243,19.3,-0.169,0.986,7.46,18.15,17.47691,46.98312883,0.617834395,11453500
51.8,2,1212,1.034305169,0.125617485,1,1,68.402353,0.917637249,1,90.76154806,92.426134,15.75,1.47,293.4,112.6,63,63.1,752.4,0.624,0.62,3,1.5,36.4,10.72,0.99,554.7,0.243,19.3,-0.169,0.986,7.16,23.78,17.47691,46.98312883,1.207228916,11453500
153.7,2,1214,1.022266256,0.255000681,1,1,68.402353,0.917637249,1,96.46275489,96.46275489,38.8,1.47,293.4,112.6,63,63.1,752.4,0.624,0.62,3,1.5,36.4,10.72,0.99,554.7,0.243,19.3,-0.169,0.986,7.16,23.78,17.47691,46.98312883,0.147239264,11453500
291.1,2,1225,1.018287237,0.196076556,1,1,68.402353,0.917637249,1,83.14606742,95.04785685,32.5,1.47,293.4,112.6,63,63.1,752.4,0.624,0.62,3,1.5,36.4,10.72,0.99,554.7,0.243,19.3,-0.169,0.986,7.16,23.78,17.47691,46.98312883,0.918480689,11453500
408.7,2,1267,1.030770529,0.119486841,1,1,68.402353,0.917637249,1,71.01539742,89.13857678,7.889166667,1.47,293.4,112.6,63,63.1,752.4,0.624,0.62,3,1.5,36.4,10.72,0.99,554.7,0.243,19.3,-0.169,0.986,9.9,16.96,17.47691,46.98312883,1.098360656,11453500
68.5,2,1271,1.02236269,0.111574106,1,1,68.402353,0.917637249,1,87.51560549,93.75780275,37.5,1.47,293.4,112.6,63,63.1,752.4,0.624,0.62,3,1.5,36.4,10.72,0.99,554.7,0.243,19.3,-0.169,0.986,9.9,16.96,17.47691,46.98312883,0.93153527,11453500
116,2,1274,1.036776639,0.241076973,1,1,68.402353,0.917637249,1,89.36745734,91.80191427,39.66666667,1.47,293.4,112.6,63,63.1,752.4,0.624,0.62,3,1.5,36.4,10.72,0.99,554.7,0.243,19.3,-0.169,0.986,9.9,16.96,17.47691,46.98312883,0.474181903,11453500
108.7,2,1290,1.049956456,0.198208988,1,1,68.402353,0.917637249,1,73.82438618,77.73616313,10.75,1.47,293.4,112.6,63,63.1,752.4,0.624,0.62,3,1.5,36.4,10.72,0.99,554.7,0.243,19.3,-0.169,0.986,9.9,16.96,17.47691,46.98312883,0.730952381,11453500
308.7,2,486,0.971418792,0.147044724,1,1,18.338121,1.199590247,1,88.1073577,84.0351689,25.66666667,2.09,298.3,118.15,67.1,68.5,703.5,0.632,0.9,4,1.4,42,10.85,3,350.3,0.355,24.6,-0.996,0.09,9.89,16.79,15.746177,6.709420047,1.579358911,11161000
0,2,493,0.982270255,0.108808144,1,1,18.338121,1.199590247,1,95.9278112,87.04303563,64.9775,2.09,298.3,118.15,67.1,68.5,703.5,0.632,0.9,4,1.4,42,10.85,3,350.3,0.355,24.6,-0.996,0.09,9.89,16.79,15.746177,6.709420047,1.50567239,11161000
72.3,2,846,0.988194244,0.115631302,1,1,18.338121,1.199590247,1,96.59879685,98.4729292,49.75,2.09,298.3,118.15,67.1,68.5,703.5,0.632,0.9,4,1.4,42,10.85,3,350.3,0.355,24.6,-0.996,0.09,9.89,16.79,15.746177,6.709420047,1.167040632,11161000
24.4,2,863,0.974978102,0.136487077,1,1,18.338121,1.199590247,1,92.54974549,90.49051365,17.985,2.09,298.3,118.15,67.1,68.5,703.5,0.632,0.9,4,1.4,42,10.85,3,350.3,0.355,24.6,-0.996,0.09,9.89,16.79,15.746177,6.709420047,1.466101695,11161000
134.9,2,865,0.989554079,0.113186457,1,1,18.338121,1.199590247,1,98.75057844,95.60388709,64.96444444,2.09,298.3,118.15,67.1,68.5,703.5,0.632,0.9,4,1.4,42,10.85,3,350.3,0.355,24.6,-0.996,0.09,9.89,16.79,15.746177,6.709420047,2.966841187,11161000
37.8,1,1412,1.073090698,0.1929098,1,1,10.803647,0.971077945,1,92.01717683,83.54987888,72.8,2.33,326.2,166.1,68.8,168.4,471.7,0.277,0.61,4,1.29,66.5,9.57,4.08,1389.8,0.522,38.3,-0.908,-0.42,11.32,11.01,15.502711,6.682127529,4.618705036,12392155
100.1,1,1416,1.074375496,0.176007081,1,1,10.803647,0.971077945,1,93.26139617,81.63400132,58.8,2.33,326.2,166.1,68.8,168.4,471.7,0.277,0.61,4,1.29,66.5,9.57,4.08,1389.8,0.522,38.3,-0.908,-0.42,11.32,11.01,15.502711,6.682127529,3.764150943,12392155
0,1,308,1.229673979,0.808617712,0.86637931,1,5.10267,0.753186471,0.916666667,0,7.989690722,7,1.6,329,50.34,46.1,42.4,822.1,0.566,1.05,4,1.49,23.2,10.74,3.94,880.7,0.238,13.8,-0.199,-0.98,24.08,0.6,19.193511,2.564042553,1.097826087,11057500
0.6,2,453,1.076173048,0.231559161,1,1,5.10267,0.753186471,1,89.7766323,93.21305842,24.5,1.6,329,50.34,46.1,42.4,822.1,0.566,1.05,4,1.49,23.2,10.74,3.94,880.7,0.238,13.8,-0.199,-0.98,12.8,3.44,19.193511,2.564042553,1.566641984,11057500
0,2,474,1.084691194,0.273732651,1,1,11.248274,1.350759162,1,96.84633028,88.70412844,39,1.6,329,50.34,46.1,42.4,822.1,0.566,1.05,4,1.49,23.2,10.74,3.94,880.7,0.238,13.8,-0.199,-0.98,9.81,5.41,19.193511,7.626474164,1.22556391,11057500
109.7,2,476,1.061800917,0.307712274,1,1,11.248274,1.350759162,1,80.21788991,71.55963303,24.66666667,1.6,329,50.34,46.1,42.4,822.1,0.566,1.05,4,1.49,23.2,10.74,3.94,880.7,0.238,13.8,-0.199,-0.98,9.81,5.41,19.193511,7.626474164,10.19387755,11057500
0,2,490,1.100986383,0.316031425,1,1,5.10267,0.753186471,1,70.91924399,70.96219931,21.75,1.6,329,50.34,46.1,42.4,822.1,0.566,1.05,4,1.49,23.2,10.74,3.94,880.7,0.238,13.8,-0.199,-0.98,9.16,10.07,19.193511,2.564042553,0.580645161,11057500
28,2,518,1.06549221,0.229194036,1,1,5.10267,0.753186471,1,88.3161512,97.0790378,25.75,1.6,329,50.34,46.1,42.4,822.1,0.566,1.05,4,1.49,23.2,10.74,3.94,880.7,0.238,13.8,-0.199,-0.98,9.9,10.79,19.193511,2.564042553,1.493150685,11057500
7.3,1,621,1.097683902,0.302547884,1,1,5.10267,0.753186471,1,42.18213058,75.77319588,23.5,1.6,329,50.34,46.1,42.4,822.1,0.566,1.05,4,1.49,23.2,10.74,3.94,880.7,0.238,13.8,-0.199,-0.98,16.21,1.93,19.193511,2.564042553,0.319892473,11057500
5.9,2,793,1.072205196,0.275531946,1,1,11.248274,1.350759162,1,96.38761468,89.96559633,45.5,1.6,329,50.34,46.1,42.4,822.1,0.566,1.05,4,1.49,23.2,10.74,3.94,880.7,0.238,13.8,-0.199,-0.98,12.8,3.44,19.193511,7.626474164,0.256435644,11057500
0.6,2,827,1.058523159,0.205388569,1,1,11.248274,1.350759162,1,83.11353211,75,34,1.6,329,50.34,46.1,42.4,822.1,0.566,1.05,4,1.49,23.2,10.74,3.94,880.7,0.238,13.8,-0.199,-0.98,9.81,5.41,19.193511,7.626474164,0.747368421,11057500
0,2,842,1.085897708,0.330225434,1,1,5.10267,0.753186471,1,76.37457045,76.63230241,19.83333333,1.6,329,50.34,46.1,42.4,822.1,0.566,1.05,4,1.49,23.2,10.74,3.94,880.7,0.238,13.8,-0.199,-0.98,9.81,5.41,19.193511,2.564042553,1.175572519,11057500
0,2,890,1.136935174,0.418430372,1,1,5.10267,0.753186471,1,29.16666667,40.20618557,9,1.6,329,50.34,46.1,42.4,822.1,0.566,1.05,4,1.49,23.2,10.74,3.94,880.7,0.238,13.8,-0.199,-0.98,9.9,10.79,19.193511,2.564042553,4.795454545,11057500
0,2,903,1.050665705,0.292250833,1,1,5.10267,0.753186471,1,77.36254296,82.21649485,21,1.6,329,50.34,46.1,42.4,822.1,0.566,1.05,4,1.49,23.2,10.74,3.94,880.7,0.238,13.8,-0.199,-0.98,9.9,10.79,19.193511,2.564042553,1.435114504,11057500
0.2,2,920,1.044632237,0.16177512,1,1,5.10267,0.753186471,1,84.87972509,78.95189003,22.75,1.6,329,50.34,46.1,42.4,822.1,0.566,1.05,4,1.49,23.2,10.74,3.94,880.7,0.238,13.8,-0.199,-0.98,10.91,9.71,19.193511,2.564042553,0.86440678,11057500
26.7,2,929,1.103671957,0.313251078,1,1,5.10267,0.753186471,1,68.17010309,82.4742268,16.75,1.6,329,50.34,46.1,42.4,822.1,0.566,1.05,4,1.49,23.2,10.74,3.94,880.7,0.238,13.8,-0.199,-0.98,10.91,9.71,19.193511,2.564042553,0.918237454,11057500
64.4,2,932,1.05830344,0.21054091,1,1,5.10267,0.753186471,1,81.95876289,70.79037801,19.8,1.6,329,50.34,46.1,42.4,822.1,0.566,1.05,4,1.49,23.2,10.74,3.94,880.7,0.238,13.8,-0.199,-0.98,10.91,9.71,19.193511,2.564042553,0.267649353,11057500
0.4,2,946,0.998344921,0.136557551,1,1,5.10267,0.753186471,1,95.79037801,96.30584192,36,1.6,329,50.34,46.1,42.4,822.1,0.566,1.05,4,1.49,23.2,10.74,3.94,880.7,0.238,13.8,-0.199,-0.98,13.43,2.94,19.193511,2.564042553,0.898,11057500
96.8,2,948,1.041830855,0.160372935,1,1,5.10267,0.753186471,1,97.16494845,84.87972509,86.66666667,1.6,329,50.34,46.1,42.4,822.1,0.566,1.05,4,1.49,23.2,10.74,3.94,880.7,0.238,13.8,-0.199,-0.98,13.43,2.94,19.193511,2.564042553,0.173157895,11057500
3.1,1,1444,0.974004785,0.101553915,1,1,5.143309,0.28646492,1,93.41034819,94.69573706,75.8,2.36,333.2,72.15,51,99.3,376.5,0.231,0.8,4,1.67,73,10.81,2.89,2583.7,0.411,18,-0.667,-0.745,13.76,2.79,17.636514,1.350540216,0.365789474,9223000
81.8,2,496,1.007261976,0.074737506,1,1,74.095967,1.41581736,1,94.51795841,81.89981096,89,1.46,338.6,57.45,62.2,56.1,798.4,0.599,1.02,5,1.51,31.3,10.82,2.16,753.8,0.52,23.4,-0.069,-0.998,7.92,7.81,17.721231,32.61317188,1.180722892,11176400
0,2,863,1.034920221,0.09100973,1,1,74.095967,1.41581736,1,93.52551985,88.98865784,23.9525,1.46,338.6,57.45,62.2,56.1,798.4,0.599,1.02,5,1.51,31.3,10.82,2.16,753.8,0.52,23.4,-0.069,-0.998,7.92,7.81,17.721231,32.61317188,14.22641509,11176400
78.4,2,865,0.955879135,0.1047974,1,1,74.095967,1.41581736,1,96.88090737,93.95085066,48,1.46,338.6,57.45,62.2,56.1,798.4,0.599,1.02,5,1.51,31.3,10.82,2.16,753.8,0.52,23.4,-0.069,-0.998,7.92,7.81,17.721231,32.61317188,4.121405751,11176400
3.3,2,192,0.986315336,0.196780888,1,1,5.418644,1.623115625,1,88.73643906,81.94001276,36.875,2.17,342.2,45.9,47.5,35.2,738.3,0.519,0.92,4,1.33,34.5,10.18,6.63,1119.3,0.457,17,0.473,-0.881,7.88,8.66,17.322787,4.6735827,0.569358178,11042400
0,2,234,0.966033661,0.264236398,1,1,5.418644,1.623115625,1,97.51116784,95.53286535,63.8,2.17,342.2,45.9,47.5,35.2,738.3,0.519,0.92,4,1.33,34.5,10.18,6.63,1119.3,0.457,17,0.473,-0.881,8.41,8.93,17.322787,4.6735827,26.32352941,11042400
0,2,537,0.899968463,0.398914293,1,1,5.418644,1.623115625,1,68.57051691,56.1582642,30.5,2.17,342.2,45.9,47.5,35.2,738.3,0.519,0.92,4,1.33,34.5,10.18,6.63,1119.3,0.457,17,0.473,-0.881,8.6,5.23,17.322787,4.6735827,0.693430657,11042400
4.9,2,586,1.007682211,0.197180183,1,1,5.418644,1.623115625,1,94.38417358,92.85258456,31.9475,2.17,342.2,45.9,47.5,35.2,738.3,0.519,0.92,4,1.33,34.5,10.18,6.63,1119.3,0.457,17,0.473,-0.881,7.88,8.66,17.322787,4.6735827,1.298701299,11042400
44.4,2,611,1.052353225,0.236335632,1,1,5.418644,1.623115625,1,80.72750479,66.94320357,33.85722222,2.17,342.2,45.9,47.5,35.2,738.3,0.519,0.92,4,1.33,34.5,10.18,6.63,1119.3,0.457,17,0.473,-0.881,8.41,8.93,17.322787,4.6735827,0.360655738,11042400
11.8,2,619,0.898610113,0.343617566,1,1,5.418644,1.623115625,1,61.99744735,47.47925973,32,2.17,342.2,45.9,47.5,35.2,738.3,0.519,0.92,4,1.33,34.5,10.18,6.63,1119.3,0.457,17,0.473,-0.881,9.43,8.76,17.322787,4.6735827,0.557377049,11042400
14.9,2,627,1.017145267,0.136936156,1,1,5.418644,1.623115625,1,97.44735163,96.74537332,54,2.17,342.2,45.9,47.5,35.2,738.3,0.519,0.92,4,1.33,34.5,10.18,6.63,1119.3,0.457,17,0.473,-0.881,9.43,8.76,17.322787,4.6735827,0.775,11042400
24.4,2,899,1.00230319,0.198293062,1,1,5.418644,1.623115625,1,89.34269304,93.61837907,14,2.17,342.2,45.9,47.5,35.2,738.3,0.519,0.92,4,1.33,34.5,10.18,6.63,1119.3,0.457,17,0.473,-0.881,8.6,5.23,17.322787,4.6735827,0.342384888,11042400
100.1,2,936,1.014246226,0.180685958,1,1,5.418644,1.623115625,1,62.57179324,67.90044671,11.93333333,2.17,342.2,45.9,47.5,35.2,738.3,0.519,0.92,4,1.33,34.5,10.18,6.63,1119.3,0.457,17,0.473,-0.881,7.88,8.66,17.322787,4.6735827,1.457142857,11042400
15.5,2,946,0.969638824,0.205783956,1,1,5.418644,1.623115625,1,80.56796426,75.30312699,23.5,2.17,342.2,45.9,47.5,35.2,738.3,0.519,0.92,4,1.33,34.5,10.18,6.63,1119.3,0.457,17,0.473,-0.881,7.88,8.66,17.322787,4.6735827,0.79047619,11042400
58.6,2,1262,1.018723801,0.181846463,1,1,5.418644,1.623115625,1,86.91767709,74.21825144,38.5,2.17,342.2,45.9,47.5,35.2,738.3,0.519,0.92,4,1.33,34.5,10.18,6.63,1119.3,0.457,17,0.473,-0.881,8.6,5.23,17.322787,4.6735827,0.245283019,11042400
46.4,2,1320,0.964236557,0.278913489,1,1,5.418644,1.623115625,1,87.23675814,93.10784939,26,2.17,342.2,45.9,47.5,35.2,738.3,0.519,0.92,4,1.33,34.5,10.18,6.63,1119.3,0.457,17,0.473,-0.881,8.41,8.93,17.322787,4.6735827,0.519480519,11042400
109.6,2,1323,1.044318836,0.278014596,1,1,5.418644,1.623115625,1,78.7811104,74.53733248,15.83333333,2.17,342.2,45.9,47.5,35.2,738.3,0.519,0.92,4,1.33,34.5,10.18,6.63,1119.3,0.457,17,0.473,-0.881,8.41,8.93,17.322787,4.6735827,0.794341676,11042400
136.4,2,1325,1.015885816,0.213956518,1,1,5.418644,1.623115625,1,91.19336311,86.279515,17,2.17,342.2,45.9,47.5,35.2,738.3,0.519,0.92,4,1.33,34.5,10.18,6.63,1119.3,0.457,17,0.473,-0.881,8.41,8.93,17.322787,4.6735827,0.998046048,11042400
115.7,2,1333,0.951128303,0.267400467,1,1,5.418644,1.623115625,1,79.4830887,74.60114869,27,2.17,342.2,45.9,47.5,35.2,738.3,0.519,0.92,4,1.33,34.5,10.18,6.63,1119.3,0.457,17,0.473,-0.881,8.41,8.93,17.322787,4.6735827,1.433962264,11042400
74.4,2,1339,0.946081834,0.242172557,1,1,5.418644,1.623115625,1,95.27760051,81.62093172,73.75,2.17,342.2,45.9,47.5,35.2,738.3,0.519,0.92,4,1.33,34.5,10.18,6.63,1119.3,0.457,17,0.473,-0.881,8.41,8.93,17.322787,4.6735827,4.621508461,11042400
0,2,1618,0.946953952,0.321710663,1,1,5.418644,1.623115625,1,78.17485641,76.26037013,57.66666667,2.17,342.2,45.9,47.5,35.2,738.3,0.519,0.92,4,1.33,34.5,10.18,6.63,1119.3,0.457,17,0.473,-0.881,11.49,3.72,17.322787,4.6735827,0.716606389,11042400
5.4,2,1725,0.952173484,0.292847413,1,1,5.418644,1.623115625,1,47.03254627,54.37141034,13.66666667,2.17,342.2,45.9,47.5,35.2,738.3,0.519,0.92,4,1.33,34.5,10.18,6.63,1119.3,0.457,17,0.473,-0.881,9.43,8.76,17.322787,4.6735827,1.321585903,11042400
63,2,144,1.085813687,0.215938871,1,1,27.069601,1.263529895,1,90.24134313,88.09024134,24,1.48,347.8,45.32,61.6,45.7,861,0.624,1.05,4,1.63,30.1,10.73,1.77,475.6,0.378,24.4,-0.349,0.937,8.1,9.04,18.273952,9.815899942,2.764583906,11274500
117.7,2,146,1.042451054,0.170460487,1,1,27.069601,1.263529895,1,76.57397692,70.67156348,15.5,1.48,347.8,45.32,61.6,45.7,861,0.624,1.05,4,1.63,30.1,10.73,1.77,475.6,0.378,24.4,-0.349,0.937,8.1,9.04,18.273952,9.815899942,17.8245614,11274500
44.5,2,152,1.081791893,0.216769167,1,1,27.069601,1.263529895,1,87.61804827,67.78593914,39.5,1.48,347.8,45.32,61.6,45.7,861,0.624,1.05,4,1.63,30.1,10.73,1.77,475.6,0.378,24.4,-0.349,0.937,9.66,9.63,18.273952,9.815899942,0.380491362,11274500
25.9,2,493,1.080882973,0.203172591,1,1,91.144936,0.968114006,1,94.20471651,93.57752132,47.75,1.48,347.8,45.32,61.6,45.7,861,0.624,1.05,4,1.63,30.1,10.73,1.77,475.6,0.378,24.4,-0.349,0.937,8.71,5.88,18.273952,36.63890167,0.50180072,11274500
68.3,2,496,1.08362009,0.22457874,1,1,91.144936,0.968114006,1,95.5343703,91.06874059,65,1.48,347.8,45.32,61.6,45.7,861,0.624,1.05,4,1.63,30.1,10.73,1.77,475.6,0.378,24.4,-0.349,0.937,8.71,5.88,18.273952,36.63890167,0.373076923,11274500
65.3,2,865,1.102060746,0.259114557,1,1,91.144936,0.968114006,1,96.28700452,93.02558956,58,1.48,347.8,45.32,61.6,45.7,861,0.624,1.05,4,1.63,30.1,10.73,1.77,475.6,0.378,24.4,-0.349,0.937,8.71,5.88,18.273952,36.63890167,1.570512821,11274500
18.4,2,867,1.029162268,0.111858439,1,1,27.069601,1.263529895,1,99.76390346,93.91395593,113,1.48,347.8,45.32,61.6,45.7,861,0.624,1.05,4,1.63,30.1,10.73,1.77,475.6,0.378,24.4,-0.349,0.937,8.1,9.04,18.273952,9.815899942,0.366666667,11274500
11.2,2,904,0.998655204,0.139368379,1,1,27.069601,1.263529895,1,89.66421826,75.76075551,31.875,1.48,347.8,45.32,61.6,45.7,861,0.624,1.05,4,1.63,30.1,10.73,1.77,475.6,0.378,24.4,-0.349,0.937,9.66,9.63,18.273952,9.815899942,0.375634518,11274500
59.5,2,907,1.038837575,0.120385538,1,1,27.069601,1.263529895,1,90.08394544,93.12696747,29.5,1.48,347.8,45.32,61.6,45.7,861,0.624,1.05,4,1.63,30.1,10.73,1.77,475.6,0.378,24.4,-0.349,0.937,9.66,9.63,18.273952,9.815899942,0.542810349,11274500
35.4,2,952,1.105713538,0.295573319,1,1,27.069601,1.263529895,1,90.29380902,83.3158447,24.97444444,1.48,347.8,45.32,61.6,45.7,861,0.624,1.05,4,1.63,30.1,10.73,1.77,475.6,0.378,24.4,-0.349,0.937,13.09,2.63,18.273952,9.815899942,1.06557377,11274500
8.8,2,1262,1.045423872,0.135837649,1,1,27.069601,1.263529895,1,98.74081847,90.29380902,75.93333333,1.48,347.8,45.32,61.6,45.7,861,0.624,1.05,4,1.63,30.1,10.73,1.77,475.6,0.378,24.4,-0.349,0.937,9.66,9.63,18.273952,9.815899942,0.732026144,11274500
18.3,2,1292,1.053761906,0.198424238,1,1,27.069601,1.263529895,1,98.84575026,96.48478489,62,1.48,347.8,45.32,61.6,45.7,861,0.624,1.05,4,1.63,30.1,10.73,1.77,475.6,0.378,24.4,-0.349,0.937,10.59,8.17,18.273952,9.815899942,2.050314465,11274500
1.2,1,1444,1.11958177,0.347220128,1,1,11.686726,1.173099814,1,77.49540723,83.58848745,10,1.66,349.2,58.83,40,50.2,614.2,0.571,1.07,4,1.96,33.1,10.18,7.95,1783.4,0.526,18.9,0.47,-0.882,12.18,2.42,21.118823,7.026030928,5.875,10260500
17.2,2,164,1.112989224,0.208388408,1,1,77.737397,1.168928262,1,99.76798144,92.66821346,61.75,1.34,360.7,62.25,63.9,58.9,792.6,0.583,1.01,4,1.32,32.1,10.44,2.07,741.8,0.517,25.7,-0.113,-0.994,7.72,11.21,16.911694,29.29254228,0.280547112,11173510
84.4,2,496,1.075106171,0.152956114,1,1,77.737397,1.168928262,1,93.54988399,79.72157773,89,1.34,360.7,62.25,63.9,58.9,792.6,0.583,1.01,4,1.32,32.1,10.44,2.07,741.8,0.517,25.7,-0.113,-0.994,8.33,8.8,16.911694,29.29254228,4.9564025,11173510
38.6,2,846,1.094451494,0.174165421,1,1,77.737397,1.168928262,1,98.74709977,99.58236659,52.8,1.34,360.7,62.25,63.9,58.9,792.6,0.583,1.01,4,1.32,32.1,10.44,2.07,741.8,0.517,25.7,-0.113,-0.994,8.33,8.8,16.911694,29.29254228,20.70092932,11173510
0,2,863,1.01427266,0.094048528,1,1,77.737397,1.168928262,1,92.96983759,88.77030162,23.96166667,1.34,360.7,62.25,63.9,58.9,792.6,0.583,1.01,4,1.32,32.1,10.44,2.07,741.8,0.517,25.7,-0.113,-0.994,8.33,8.8,16.911694,29.29254228,18.82753545,11173510
79,2,865,0.983511147,0.139481372,1,1,77.737397,1.168928262,1,97.07656613,93.31786543,48.5,1.34,360.7,62.25,63.9,58.9,792.6,0.583,1.01,4,1.32,32.1,10.44,2.07,741.8,0.517,25.7,-0.113,-0.994,8.33,8.8,16.911694,29.29254228,3.371621622,11173510
0.1,2,65,0.982902131,0.390087612,1,1,8.140156,1.901694811,1,85.33604888,88.25526137,14.97972222,1.55,364.7,81.4,47.7,43.6,701.5,0.649,1.11,5,1.12,49.6,10,6.62,1250.1,0.343,27.3,-0.675,0.738,7.23,10.24,19.024359,3.388017549,0.607526882,11065000
0.6,2,102,0.947008568,0.21230682,1,1,33.742927,1.953161117,1,60.3626943,53.88601036,24,1.55,364.7,81.4,47.7,43.6,701.5,0.649,1.11,5,1.12,49.6,10,6.62,1250.1,0.343,27.3,-0.675,0.738,10.46,5.55,19.024359,11.94332328,1.665714286,11065000
123.1,2,108,1.008679453,0.25251079,1,1,8.140156,1.901694811,1,90.90291921,91.78547183,39,1.55,364.7,81.4,47.7,43.6,701.5,0.649,1.11,5,1.12,49.6,10,6.62,1250.1,0.343,27.3,-0.675,0.738,6.97,17.4,19.024359,3.388017549,8.099415205,11065000
0,2,125,0.97775278,0.373184249,1,1,8.140156,1.901694811,1,93.89002037,96.67345553,42,1.55,364.7,81.4,47.7,43.6,701.5,0.649,1.11,5,1.12,49.6,10,6.62,1250.1,0.343,27.3,-0.675,0.738,7.67,19.01,19.024359,3.388017549,3.569131833,11065000
4.9,2,479,1.010969402,0.414735432,1,1,24.135281,0.744402096,1,91.35951662,81.45015106,36,1.55,364.7,81.4,47.7,43.6,701.5,0.649,1.11,5,1.12,49.6,10,6.62,1250.1,0.343,27.3,-0.675,0.738,7.67,19.01,19.024359,14.07153825,6.628376226,11065000
199.1,2,537,0.99736197,0.498195461,1,1,8.140156,1.901694811,1,70.57026477,55.19348269,47,1.55,364.7,81.4,47.7,43.6,701.5,0.649,1.11,5,1.12,49.6,10,6.62,1250.1,0.343,27.3,-0.675,0.738,8.63,16.46,19.024359,3.388017549,0.22260669,11065000
0.5,2,835,0.946684919,0.353420938,1,1,33.742927,1.953161117,1,92.48704663,95.59585492,31.66666667,1.55,364.7,81.4,47.7,43.6,701.5,0.649,1.11,5,1.12,49.6,10,6.62,1250.1,0.343,27.3,-0.675,0.738,10.46,5.55,19.024359,11.94332328,0.830388693,11065000
1.5,2,841,1.040743893,0.267860443,1,1,33.742927,1.953161117,1,96.43782383,94.88341969,42.96166667,1.55,364.7,81.4,47.7,43.6,701.5,0.649,1.11,5,1.12,49.6,10,6.62,1250.1,0.343,27.3,-0.675,0.738,7.23,10.24,19.024359,11.94332328,2.873239437,11065000
0,2,851,0.968478576,0.322259242,1,1,24.135281,0.744402096,1,63.05135952,66.4652568,10,1.55,364.7,81.4,47.7,43.6,701.5,0.649,1.11,5,1.12,49.6,10,6.62,1250.1,0.343,27.3,-0.675,0.738,7.67,19.01,19.024359,14.07153825,1.885714286,11065000
0,2,872,0.950834544,0.323714986,1,1,33.742927,1.953161117,1,70.49870466,67.16321244,26.75,1.55,364.7,81.4,47.7,43.6,701.5,0.649,1.11,5,1.12,49.6,10,6.62,1250.1,0.343,27.3,-0.675,0.738,6.97,17.4,19.024359,11.94332328,2.277356173,11065000
94.5,2,911,0.986238614,0.212242365,1,1,33.742927,1.953161117,1,97.66839378,96.37305699,43.8,1.55,364.7,81.4,47.7,43.6,701.5,0.649,1.11,5,1.12,49.6,10,6.62,1250.1,0.343,27.3,-0.675,0.738,7.67,19.01,19.024359,11.94332328,5.490462192,11065000
0,2,925,0.930664343,0.352911373,1,1,33.742927,1.953161117,1,90.80310881,92.87564767,118,1.55,364.7,81.4,47.7,43.6,701.5,0.649,1.11,5,1.12,49.6,10,6.62,1250.1,0.343,27.3,-0.675,0.738,7.67,19.01,19.024359,11.94332328,1.265207645,11065000
0,2,931,0.992763212,0.326802156,1,1,33.742927,1.953161117,1,93.32901554,93.2642487,42.8,1.55,364.7,81.4,47.7,43.6,701.5,0.649,1.11,5,1.12,49.6,10,6.62,1250.1,0.343,27.3,-0.675,0.738,8.63,16.46,19.024359,11.94332328,1.069692596,11065000
2.7,2,1217,1.043743044,0.463709738,1,0,24.135281,0.744402096,1,77.00906344,83.74622356,19.5,1.55,364.7,81.4,47.7,43.6,701.5,0.649,1.11,5,1.12,49.6,10,6.62,1250.1,0.343,27.3,-0.675,0.738,7.67,19.01,19.024359,14.07153825,0.751879699,11065000
45.1,2,1220,1.000381109,0.486171967,1,0,24.135281,0.744402096,1,61.45015106,63.74622356,23,1.55,364.7,81.4,47.7,43.6,701.5,0.649,1.11,5,1.12,49.6,10,6.62,1250.1,0.343,27.3,-0.675,0.738,7.67,19.01,19.024359,14.07153825,2.891304348,11065000
0,2,1224,0.977310586,0.371614711,1,0,33.742927,1.953161117,1,83.48445596,85.94559585,28,1.55,364.7,81.4,47.7,43.6,701.5,0.649,1.11,5,1.12,49.6,10,6.62,1250.1,0.343,27.3,-0.675,0.738,7.23,10.24,19.024359,11.94332328,0.551020408,11065000
0,2,1302,0.999335912,0.204719126,1,0,33.742927,1.953161117,1,89.89637306,83.87305699,35,1.55,364.7,81.4,47.7,43.6,701.5,0.649,1.11,5,1.12,49.6,10,6.62,1250.1,0.343,27.3,-0.675,0.738,8.63,16.46,19.024359,11.94332328,0.319218241,11065000
0.3,2,1519,1.02983088,0.566753274,1,1,24.135281,0.744402096,1,67.94561934,62.77945619,17,1.55,364.7,81.4,47.7,43.6,701.5,0.649,1.11,5,1.12,49.6,10,6.62,1250.1,0.343,27.3,-0.675,0.738,7.23,10.24,19.024359,14.07153825,4.650678733,11065000
0,2,1536,0.974168133,0.263490722,1,1,24.135281,0.744402096,1,92.14501511,90.81570997,25.66666667,1.55,364.7,81.4,47.7,43.6,701.5,0.649,1.11,5,1.12,49.6,10,6.62,1250.1,0.343,27.3,-0.675,0.738,6.97,17.4,19.024359,14.07153825,7.885272997,11065000
39.6,2,1622,0.975742967,0.277826275,1,0,33.742927,1.953161117,1,84.03497409,85.0388601,37.83333333,1.55,364.7,81.4,47.7,43.6,701.5,0.649,1.11,5,1.12,49.6,10,6.62,1250.1,0.343,27.3,-0.675,0.738,6.97,17.4,19.024359,11.94332328,7.983157895,11065000
3.7,1,290,1.155831799,0.360603579,1,0,7.505168,0.957519764,1,89.44069431,87.14239794,48,1.76,374.6,63.23,63.5,98.2,572.8,0.399,0.75,4,1.18,80.4,11.21,2.4,942.7,0.253,10.6,-0.847,0.531,5.94,4.02,16.908903,1.611639082,0.870503597,14096850
50.9,2,173,1.064966529,0.206551989,1,1,10.488957,2.512752181,1,95.20356944,90.79754601,37,1.11,375.4,52.87,62.6,46.9,835.2,0.643,1.11,5,1.85,28.4,10.45,2.08,424.1,0.363,20.9,-0.996,-0.088,10.04,11.66,15.589845,4.396909963,0.269803863,11153000
62,2,547,1.021751671,0.177761414,1,1,10.488957,2.512752181,1,84.07696598,81.65086447,19,1.11,375.4,52.87,62.6,46.9,835.2,0.643,1.11,5,1.85,28.4,10.45,2.08,424.1,0.363,20.9,-0.996,-0.088,11,8.79,15.589845,4.396909963,0.325622776,11153000
60.6,2,907,1.033196464,0.11918137,1,1,10.488957,2.512752181,1,89.34746235,90.96486336,29.5,1.11,375.4,52.87,62.6,46.9,835.2,0.643,1.11,5,1.85,28.4,10.45,2.08,424.1,0.363,20.9,-0.996,-0.088,10.04,11.66,15.589845,4.396909963,0.611851852,11153000
32,2,944,0.984886737,0.139356386,1,1,10.488957,2.512752181,1,92.61015059,89.01282766,30,1.11,375.4,52.87,62.6,46.9,835.2,0.643,1.11,5,1.85,28.4,10.45,2.08,424.1,0.363,20.9,-0.996,-0.088,13.25,3.13,15.589845,4.396909963,0.443765,11153000
51.2,2,952,1.064688321,0.219998416,1,1,10.488957,2.512752181,1,90.01673173,84.88566648,25.9775,1.11,375.4,52.87,62.6,46.9,835.2,0.643,1.11,5,1.85,28.4,10.45,2.08,424.1,0.363,20.9,-0.996,-0.088,13.25,3.13,15.589845,4.396909963,0.149040828,11153000
9,2,1262,1.014209601,0.11075187,1,1,10.488957,2.512752181,1,99.38650307,88.78973787,98.91666667,1.11,375.4,52.87,62.6,46.9,835.2,0.643,1.11,5,1.85,28.4,10.45,2.08,424.1,0.363,20.9,-0.996,-0.088,10.04,11.66,15.589845,4.396909963,0.434343434,11153000
24.5,2,1292,1.00466709,0.110141853,1,1,10.488957,2.512752181,1,98.382599,92.30340212,78,1.11,375.4,52.87,62.6,46.9,835.2,0.643,1.11,5,1.85,28.4,10.45,2.08,424.1,0.363,20.9,-0.996,-0.088,11,8.79,15.589845,4.396909963,1.285156171,11153000
0,1,188,1.088647897,0.20692339,1,1,17.151958,0.299544475,1,88.60596708,88.7345679,63.85722222,0.96,383.3,174.98,52.3,88.3,636,0.555,0.94,4,1.45,56.7,10.42,2.18,1133.9,0.495,20.6,-0.376,-0.926,12.92,7.65,16.983946,6.206548396,4.175260892,11390000
94,1,199,1.07959075,0.207153738,1,1,17.151958,0.299544475,1,72.68518519,89.45473251,20.8,0.96,383.3,174.98,52.3,88.3,636,0.555,0.94,4,1.45,56.7,10.42,2.18,1133.9,0.495,20.6,-0.376,-0.926,12.92,7.65,16.983946,6.206548396,0.911458333,11390000
17.3,2,164,1.11163653,0.222795642,1,0,73.616074,0.93656286,1,99.76776591,92.66140269,61.75,1.33,385.4,62.15,64.2,58.9,791.9,0.584,1.05,4,1.31,31.9,10.49,2.02,718.4,0.514,25.8,-0.023,-1,7.79,11.17,17.382289,27.71761806,0.251757188,11173575
85,2,496,1.072278,0.158135856,1,1,73.616074,0.93656286,1,93.56711565,79.74918718,89,1.33,385.4,62.15,64.2,58.9,791.9,0.584,1.05,4,1.31,31.9,10.49,2.02,718.4,0.514,25.8,-0.023,-1,8.39,8.83,17.382289,27.71761806,6.956521739,11173575
38.6,2,846,1.095689518,0.190456094,1,1,73.616074,0.93656286,1,98.7459359,99.58197863,52.8,1.33,385.4,62.15,64.2,58.9,791.9,0.584,1.05,4,1.31,31.9,10.49,2.02,718.4,0.514,25.8,-0.023,-1,8.39,8.83,17.382289,27.71761806,20.63157895,11173575
0,2,863,1.024663135,0.109283756,1,1,73.616074,0.93656286,1,92.89363679,88.75986995,23.96166667,1.33,385.4,62.15,64.2,58.9,791.9,0.584,1.05,4,1.31,31.9,10.49,2.02,718.4,0.514,25.8,-0.023,-1,8.39,8.83,17.382289,27.71761806,21.9123506,11173575
36.8,1,1046,1.093900348,0.223745669,1,1,14.018399,1.444180227,1,87.22323522,73.19614483,22.5,1.44,398.3,58.17,50,86.1,388.4,0.187,0.82,4,1.41,72.3,11.44,2.98,2471.4,0.363,18.9,-0.544,0.839,10.14,3.58,18.78302,4.501129802,1.743933249,9210500
37.3,2,63,1.101659498,0.31529904,1,1,19.551763,1.597078602,1,98.72008904,95.15859766,48.97916667,1.48,403.5,69.16,62.7,52.5,745.3,0.653,0.99,5,1.22,31.2,11.37,2.86,551.8,0.337,21.3,-0.586,0.81,8.75,10.52,16.11163,9.585947955,13.24074074,11148900
65.7,2,127,1.042673724,0.239342604,1,1,21.611762,1.082710122,1,87.88461538,92.56410256,29.5,1.48,403.5,69.16,62.7,52.5,745.3,0.653,0.99,5,1.22,31.2,11.37,2.86,551.8,0.337,21.3,-0.586,0.81,8.75,10.52,16.11163,3.720446097,9.915254237,11148900
178.5,2,132,1.126977604,0.34464536,1,1,10.274829,1.729434032,1,95.80771381,80.54779206,72.66666667,1.48,403.5,69.16,62.7,52.5,745.3,0.653,0.99,5,1.22,31.2,11.37,2.86,551.8,0.337,21.3,-0.586,0.81,8.56,15,16.11163,3.949739777,0.324379227,11148900
138.7,2,162,1.12329474,0.361517702,1,1,10.274829,1.729434032,1,80.82727781,72.49860257,27,1.48,403.5,69.16,62.7,52.5,745.3,0.653,0.99,5,1.22,31.2,11.37,2.86,551.8,0.337,21.3,-0.586,0.81,9.43,14.72,16.11163,3.949739777,6.55685441,11148900
108.1,2,215,0.968672464,0.248407292,1,1,21.611762,1.082710122,1,68.78205128,77.24358974,18.66666667,1.48,403.5,69.16,62.7,52.5,745.3,0.653,0.99,5,1.22,31.2,11.37,2.86,551.8,0.337,21.3,-0.586,0.81,10.3,11.45,16.11163,3.720446097,0.71388102,11148900
73.5,2,220,1.104392177,0.321182408,1,1,21.611762,1.082710122,1,99.29487179,83.3974359,74,1.48,403.5,69.16,62.7,52.5,745.3,0.653,0.99,5,1.22,31.2,11.37,2.86,551.8,0.337,21.3,-0.586,0.81,12.18,3.6,16.11163,3.720446097,0.669642857,11148900
13.2,2,479,1.15305007,0.419986918,1,1,19.551763,1.597078602,1,90.26154702,98.55314413,21,1.48,403.5,69.16,62.7,52.5,745.3,0.653,0.99,5,1.22,31.2,11.37,2.86,551.8,0.337,21.3,-0.586,0.81,8.56,15,16.11163,9.585947955,1.094240838,11148900
171.6,2,482,1.103143605,0.304122074,1,1,19.551763,1.597078602,1,99.61046188,97.9966611,82,1.48,403.5,69.16,62.7,52.5,745.3,0.653,0.99,5,1.22,31.2,11.37,2.86,551.8,0.337,21.3,-0.586,0.81,9.43,14.72,16.11163,9.585947955,3.491666667,11148900
56.6,2,485,1.068807515,0.236355076,1,1,10.274829,1.729434032,1,98.32308552,93.79541643,59,1.48,403.5,69.16,62.7,52.5,745.3,0.653,0.99,5,1.22,31.2,11.37,2.86,551.8,0.337,21.3,-0.586,0.81,8.56,15,16.11163,3.949739777,0.188333333,11148900
268.5,2,493,1.160786421,0.427904276,1,1,20.792454,1.663208229,1,93.4687157,86.16904501,32,1.48,403.5,69.16,62.7,52.5,745.3,0.653,0.99,5,1.22,31.2,11.37,2.86,551.8,0.337,21.3,-0.586,0.81,8.75,10.52,16.11163,15.43271375,4.194915254,11148900
56.5,2,500,1.073345042,0.264428943,1,1,10.274829,1.729434032,1,81.58188932,90.72107323,28.5,1.48,403.5,69.16,62.7,52.5,745.3,0.653,0.99,5,1.22,31.2,11.37,2.86,551.8,0.337,21.3,-0.586,0.81,8.56,15,16.11163,3.949739777,0.935,11148900
27.1,2,554,1.048971843,0.231855811,1,1,6.063932,1.901817314,1,84.27690583,76.96188341,21,1.48,403.5,69.16,62.7,52.5,745.3,0.653,0.99,5,1.22,31.2,11.37,2.86,551.8,0.337,21.3,-0.586,0.81,12.18,3.6,16.11163,3.682081784,0.795180723,11148900
93.6,2,819,0.958642335,0.260170208,1,1,6.063932,1.901817314,1,71.49663677,83.632287,12,1.48,403.5,69.16,62.7,52.5,745.3,0.653,0.99,5,1.22,31.2,11.37,2.86,551.8,0.337,21.3,-0.586,0.81,8.75,10.52,16.11163,3.682081784,1.078431373,11148900
52.7,2,823,1.017199781,0.227347322,1,1,6.063932,1.901817314,1,77.01793722,72.86995516,22,1.48,403.5,69.16,62.7,52.5,745.3,0.653,0.99,5,1.22,31.2,11.37,2.86,551.8,0.337,21.3,-0.586,0.81,8.75,10.52,16.11163,3.682081784,0.687323944,11148900
51.5,2,826,1.040843827,0.189071607,1,1,6.063932,1.901817314,1,95.85201794,83.91255605,39.5,1.48,403.5,69.16,62.7,52.5,745.3,0.653,0.99,5,1.22,31.2,11.37,2.86,551.8,0.337,21.3,-0.586,0.81,8.56,15,16.11163,3.682081784,0.645535714,11148900
105.2,2,836,1.082297681,0.253290353,1,1,20.792454,1.663208229,1,97.63995609,90.55982437,25.96,1.48,403.5,69.16,62.7,52.5,745.3,0.653,0.99,5,1.22,31.2,11.37,2.86,551.8,0.337,21.3,-0.586,0.81,8.75,10.52,16.11163,15.43271375,0.275555556,11148900
63.5,2,873,1.014200109,0.172616489,1,1,6.063932,1.901817314,1,96.6367713,74.4955157,49.5,1.48,403.5,69.16,62.7,52.5,745.3,0.653,0.99,5,1.22,31.2,11.37,2.86,551.8,0.337,21.3,-0.586,0.81,9.43,14.72,16.11163,3.682081784,1.098214286,11148900
79.7,2,897,1.078389444,0.27111221,1,1,19.551763,1.597078602,1,72.95492487,74.12353923,35.85722222,1.48,403.5,69.16,62.7,52.5,745.3,0.653,0.99,5,1.22,31.2,11.37,2.86,551.8,0.337,21.3,-0.586,0.81,10.3,11.45,16.11163,9.585947955,1.220019011,11148900
45.6,2,1188,1.085945109,0.30470673,1,1,10.274829,1.729434032,1,87.42314142,95.91950811,21,1.48,403.5,69.16,62.7,52.5,745.3,0.653,0.99,5,1.22,31.2,11.37,2.86,551.8,0.337,21.3,-0.586,0.81,8.75,10.52,16.11163,3.949739777,3.463414634,11148900
228.6,2,1193,1.065235088,0.236179998,1,1,10.274829,1.729434032,1,95.64002236,92.2861934,64.8,1.48,403.5,69.16,62.7,52.5,745.3,0.653,0.99,5,1.22,31.2,11.37,2.86,551.8,0.337,21.3,-0.586,0.81,8.75,10.52,16.11163,3.949739777,0.271895425,11148900
110.8,2,1212,1.016835257,0.217811045,1,0,6.063932,1.901817314,1,86.79932735,85.03363229,34.9475,1.48,403.5,69.16,62.7,52.5,745.3,0.653,0.99,5,1.22,31.2,11.37,2.86,551.8,0.337,21.3,-0.586,0.81,8.56,15,16.11163,3.682081784,1.584677419,11148900
150.2,2,1571,1.070658723,0.253507644,1,1,10.274829,1.729434032,1,83.20290665,77.7529346,21.66666667,1.48,403.5,69.16,62.7,52.5,745.3,0.653,0.99,5,1.22,31.2,11.37,2.86,551.8,0.337,21.3,-0.586,0.81,8.56,15,16.11163,3.949739777,0.60720297,11148900
10,2,1603,1.028346586,0.242295383,1,1,10.274829,1.729434032,1,84.29290106,78.98267188,47.88916667,1.48,403.5,69.16,62.7,52.5,745.3,0.653,0.99,5,1.22,31.2,11.37,2.86,551.8,0.337,21.3,-0.586,0.81,9.43,14.72,16.11163,3.949739777,1.731707317,11148900
159.9,2,485,0.968075659,0.197606767,1,0,20.297152,0.795110735,1,88.32712022,76.9804287,29.66666667,1.11,421.6,133.48,64.5,78.7,774,0.627,0.78,5,1.47,33.8,11.23,2.16,335.8,0.321,26.3,-0.842,0.539,8.25,22.93,14.901978,7.31506167,3.140283885,11465200
0,2,300,1.071053361,0.249057707,1,1,13.021051,1.954168424,1,97.97008547,97.90598291,32,1.74,425.3,61.33,36.1,50,956.2,0.215,1.04,5,1.39,30.1,10.19,4.14,1161.3,0.383,21.4,-0.57,-0.822,11.26,8.96,17.785195,3.650787679,1.612903226,9510200
18.4,1,387,1.307940215,0.853971404,0.897306397,0,38.424484,0.967102488,0.978165939,78.3459596,74.78956229,11,1.74,425.3,61.33,36.1,50,956.2,0.215,1.04,5,1.39,30.1,10.19,4.14,1161.3,0.383,21.4,-0.57,-0.822,26.64,6.95,17.785195,18.54300494,2.671875,9510200
0.3,2,559,1.096526875,0.227911044,1,1,51.64207,0.937840864,1,96.49262654,86.64806696,32.8,1.74,425.3,61.33,36.1,50,956.2,0.215,1.04,5,1.39,30.1,10.19,4.14,1161.3,0.383,21.4,-0.57,-0.822,7.77,5.8,17.785195,14.52337174,0.912863071,9510200
55.6,2,566,1.126821087,0.332413994,1,1,51.64207,0.937840864,1,89.49780789,73.2562774,30,1.74,425.3,61.33,36.1,50,956.2,0.215,1.04,5,1.39,30.1,10.19,4.14,1161.3,0.383,21.4,-0.57,-0.822,7.77,5.8,17.785195,14.52337174,0.820512821,9510200
10.4,2,925,1.095215635,0.244938595,1,1,38.424484,0.967102488,1,99.87373737,98.31649832,43.9475,1.74,425.3,61.33,36.1,50,956.2,0.215,1.04,5,1.39,30.1,10.19,4.14,1161.3,0.383,21.4,-0.57,-0.822,7.49,7.96,17.785195,18.54300494,2.484848485,9510200
2,2,932,1.164761704,0.404298954,1,1,38.424484,0.967102488,1,95.03367003,84.38552189,36,1.74,425.3,61.33,36.1,50,956.2,0.215,1.04,5,1.39,30.1,10.19,4.14,1161.3,0.383,21.4,-0.57,-0.822,9.07,7.1,17.785195,18.54300494,1.611775149,9510200
0,2,1229,1.181668586,0.423864824,1,1,38.424484,0.967102488,1,94.90740741,86.95286195,48,1.74,425.3,61.33,36.1,50,956.2,0.215,1.04,5,1.39,30.1,10.19,4.14,1161.3,0.383,21.4,-0.57,-0.822,11.67,5.66,17.785195,18.54300494,2.196162047,9510200
0,2,1303,1.116449117,0.274227731,1,1,38.424484,0.967102488,1,97.68518519,93.26599327,60,1.74,425.3,61.33,36.1,50,956.2,0.215,1.04,5,1.39,30.1,10.19,4.14,1161.3,0.383,21.4,-0.57,-0.822,9.07,7.1,17.785195,18.54300494,1.24,9510200
0,2,1694,1.103489086,0.248670398,1,1,13.021051,1.954168424,1,97.22222222,86.92307692,56.875,1.74,425.3,61.33,36.1,50,956.2,0.215,1.04,5,1.39,30.1,10.19,4.14,1161.3,0.383,21.4,-0.57,-0.822,7.77,5.8,17.785195,3.650787679,0.142302207,9510200
40.2,2,1713,1.064289451,0.173609887,1,1,13.021051,1.954168424,1,97.82051282,95.94017094,69,1.74,425.3,61.33,36.1,50,956.2,0.215,1.04,5,1.39,30.1,10.19,4.14,1161.3,0.383,21.4,-0.57,-0.822,7.49,7.96,17.785195,3.650787679,16.56050955,9510200
2.1,2,1743,1.094197308,0.229173797,1,1,13.021051,1.954168424,1,96.1965812,78.07692308,47,1.74,425.3,61.33,36.1,50,956.2,0.215,1.04,5,1.39,30.1,10.19,4.14,1161.3,0.383,21.4,-0.57,-0.822,9.07,7.1,17.785195,3.650787679,0.115848943,9510200
126.4,1,80,1.014138693,0.104831176,1,1,24.394413,1.433035617,1,98.92207104,85.79254285,42.75,2.61,445,86.08,49.1,89.7,374.7,0.115,0.56,4,1.18,68.2,9.97,2.19,3073,0.466,26.5,-0.839,-0.545,11.47,6.05,14.557434,14.05597753,0.177669903,8378500
236.5,1,111,1.041384683,0.344251372,1,1,24.394413,1.433035617,1,90.2102845,89.55645874,13.95,2.61,445,86.08,49.1,89.7,374.7,0.115,0.56,4,1.18,68.2,9.97,2.19,3073,0.466,26.5,-0.839,-0.545,13.62,11.27,14.557434,14.05597753,3.995127893,8378500
229.9,1,113,1.023147443,0.223562056,1,1,24.394413,1.433035617,1,97.23449373,98.79837427,22,2.61,445,86.08,49.1,89.7,374.7,0.115,0.56,4,1.18,68.2,9.97,2.19,3073,0.466,26.5,-0.839,-0.545,13.62,11.27,14.557434,14.05597753,2.885283175,8378500
13.1,1,156,1.015648633,0.381854004,1,1,24.394413,1.433035617,1,91.36773281,87.48895565,17.96666667,2.61,445,86.08,49.1,89.7,374.7,0.115,0.56,4,1.18,68.2,9.97,2.19,3073,0.466,26.5,-0.839,-0.545,9.54,6.26,14.557434,14.05597753,2.345818399,8378500
23.4,1,178,1.262870134,0.752875221,0.846153846,1,24.394413,1.433035617,1,66.08057961,71.49673087,8,2.61,445,86.08,49.1,89.7,374.7,0.115,0.56,4,1.18,68.2,9.97,2.19,3073,0.466,26.5,-0.839,-0.545,4.43,6.27,14.557434,14.05597753,1.131498471,8378500
65.5,1,181,1.00592678,0.109757059,1,1,24.394413,1.433035617,1,92.67538434,78.72415621,35,2.61,445,86.08,49.1,89.7,374.7,0.115,0.56,4,1.18,68.2,9.97,2.19,3073,0.466,26.5,-0.839,-0.545,4.43,6.27,14.557434,14.05597753,0.610968416,8378500
130.1,1,58,1.045791447,0.58757816,1,1,5.2619,1.070175745,1,62.13383838,84.36868687,8.5,2.41,466,56.93,51.8,81.4,505.6,0.31,0.66,3,1.89,50.7,11.24,7.39,2352.6,0.431,10.8,-0.999,0.044,17.1,8.74,12.548144,1.403690987,4.505050505,7103970
86.9,1,707,0.957488233,0.210848468,1,1,5.2619,1.070175745,1,98.28282828,94.64646465,31.66666667,2.41,466,56.93,51.8,81.4,505.6,0.31,0.66,3,1.89,50.7,11.24,7.39,2352.6,0.431,10.8,-0.999,0.044,9.85,7.43,12.548144,1.403690987,9.633237908,7103970
143.6,1,709,1.051643661,0.16788637,1,1,5.2619,1.070175745,1,88.29545455,80.05050505,36.9,2.41,466,56.93,51.8,81.4,505.6,0.31,0.66,3,1.89,50.7,11.24,7.39,2352.6,0.431,10.8,-0.999,0.044,9.85,7.43,12.548144,1.403690987,5.215277778,7103970
28.8,1,782,1.075233633,0.863261112,0.803138374,1,5.2619,1.070175745,0.657894737,0,34.36868687,8.75,2.41,466,56.93,51.8,81.4,505.6,0.31,0.66,3,1.89,50.7,11.24,7.39,2352.6,0.431,10.8,-0.999,0.044,17.1,8.74,12.548144,1.403690987,5.215277778,7103970
131.4,1,794,1.071908362,0.65641837,1,1,5.2619,1.070175745,1,15.51767677,20.08838384,4.993888889,2.41,466,56.93,51.8,81.4,505.6,0.31,0.66,3,1.89,50.7,11.24,7.39,2352.6,0.431,10.8,-0.999,0.044,17.1,8.74,12.548144,1.403690987,13.03092784,7103970
56.1,1,1174,0.899272814,0.704032632,0.998573466,1,5.2619,1.070175745,1,67.44949495,90.73232323,4.923333333,2.41,466,56.93,51.8,81.4,505.6,0.31,0.66,3,1.89,50.7,11.24,7.39,2352.6,0.431,10.8,-0.999,0.044,17.1,8.74,12.548144,1.403690987,22.58064516,7103970
28.6,1,1455,1.524880865,1.638711521,0.539229672,1,5.2619,1.070175745,0,,,,2.41,466,56.93,51.8,81.4,505.6,0.31,0.66,3,1.89,50.7,11.24,7.39,2352.6,0.431,10.8,-0.999,0.044,14.97,5.68,12.548144,1.403690987,5.194594595,7103970
119.4,1,1506,0.994622741,0.403465052,1,1,5.2619,1.070175745,1,87.51262626,85.95959596,16.97388889,2.41,466,56.93,51.8,81.4,505.6,0.31,0.66,3,1.89,50.7,11.24,7.39,2352.6,0.431,10.8,-0.999,0.044,18.24,7.78,12.548144,1.403690987,2.734894483,7103970
105.3,1,1509,1.044757932,0.285189111,1,1,5.2619,1.070175745,1,82.32323232,89.74747475,17.96888889,2.41,466,56.93,51.8,81.4,505.6,0.31,0.66,3,1.89,50.7,11.24,7.39,2352.6,0.431,10.8,-0.999,0.044,18.24,7.78,12.548144,1.403690987,5.409356725,7103970
0,2,116,1.02552856,0.439034874,1,1,21.29077,1.252220249,1,78.8671024,58.9869281,56.5,1.27,469.4,42.12,61.9,44.8,864.4,0.619,0.06,4,1.31,29.8,10.95,1.77,405.1,0.34,20.9,-0.28,0.96,11.98,4.67,18.511698,9.777673626,7.490909091,11274538
64.2,2,144,1.113250795,0.297683049,1,1,20.054364,1.350921136,1,90.04259851,88.01916933,24,1.27,469.4,42.12,61.9,44.8,864.4,0.619,0.06,4,1.31,29.8,10.95,1.77,405.1,0.34,20.9,-0.28,0.96,8.08,8.42,18.511698,7.274584576,1.922503726,11274538
119,2,146,1.082196131,0.253092811,1,1,20.054364,1.350921136,1,77.84877529,70.39403621,23.5,1.27,469.4,42.12,61.9,44.8,864.4,0.619,0.06,4,1.31,29.8,10.95,1.77,405.1,0.34,20.9,-0.28,0.96,8.08,8.42,18.511698,7.274584576,16.68964232,11274538
44.6,2,152,1.103330988,0.281355651,1,1,20.054364,1.350921136,1,87.48668797,67.57188498,39.75,1.27,469.4,42.12,61.9,44.8,864.4,0.619,0.06,4,1.31,29.8,10.95,1.77,405.1,0.34,20.9,-0.28,0.96,9.82,8.8,18.511698,7.274584576,1.149659864,11274538
16.3,2,153,1.080312212,0.262565738,1,1,21.29077,1.252220249,1,89.16122004,95.09803922,29,1.27,469.4,42.12,61.9,44.8,864.4,0.619,0.06,4,1.31,29.8,10.95,1.77,405.1,0.34,20.9,-0.28,0.96,8.64,5.48,18.511698,9.777673626,0.535714286,11274538
17.8,2,170,1.124504786,0.363681724,1,1,21.29077,1.252220249,1,81.8627451,70.26143791,30,1.27,469.4,42.12,61.9,44.8,864.4,0.619,0.06,4,1.31,29.8,10.95,1.77,405.1,0.34,20.9,-0.28,0.96,8.64,5.48,18.511698,9.777673626,0.679649596,11274538
44.8,2,173,1.143551401,0.382655623,1,1,20.054364,1.350921136,1,96.69861555,93.23748669,36.66666667,1.27,469.4,42.12,61.9,44.8,864.4,0.619,0.06,4,1.31,29.8,10.95,1.77,405.1,0.34,20.9,-0.28,0.96,9.82,8.8,18.511698,7.274584576,5.76855462,11274538
11.2,2,904,1.012313395,0.142652365,1,1,20.054364,1.350921136,1,89.56336528,75.55910543,31.875,1.27,469.4,42.12,61.9,44.8,864.4,0.619,0.06,4,1.31,29.8,10.95,1.77,405.1,0.34,20.9,-0.28,0.96,9.82,8.8,18.511698,7.274584576,0.426865672,11274538
59.9,2,907,1.054245378,0.158148361,1,1,20.054364,1.350921136,1,89.93610224,93.07774228,29.5,1.27,469.4,42.12,61.9,44.8,864.4,0.619,0.06,4,1.31,29.8,10.95,1.77,405.1,0.34,20.9,-0.28,0.96,9.82,8.8,18.511698,7.274584576,3.019002046,11274538
51.7,2,911,1.062920167,0.26235897,1,1,20.054364,1.350921136,1,77.84877529,92.91799787,13.5,1.27,469.4,42.12,61.9,44.8,864.4,0.619,0.06,4,1.31,29.8,10.95,1.77,405.1,0.34,20.9,-0.28,0.96,10.93,7.55,18.511698,7.274584576,0.246601942,11274538
35.4,2,952,1.126174528,0.359437926,1,1,20.054364,1.350921136,1,90.09584665,83.17358892,24.97444444,1.27,469.4,42.12,61.9,44.8,864.4,0.619,0.06,4,1.31,29.8,10.95,1.77,405.1,0.34,20.9,-0.28,0.96,13.51,2.45,18.511698,7.274584576,1.243103448,11274538
26,2,1192,1.101387764,0.330691365,1,1,20.054364,1.350921136,1,40.81469649,34.82428115,14.8,1.27,469.4,42.12,61.9,44.8,864.4,0.619,0.06,4,1.31,29.8,10.95,1.77,405.1,0.34,20.9,-0.28,0.96,8.64,5.48,18.511698,7.274584576,4.608695652,11274538
46.1,2,1217,1.010039688,0.157981272,1,1,20.054364,1.350921136,1,86.58146965,81.78913738,27,1.27,469.4,42.12,61.9,44.8,864.4,0.619,0.06,4,1.31,29.8,10.95,1.77,405.1,0.34,20.9,-0.28,0.96,8.08,8.42,18.511698,7.274584576,1.858695652,11274538
8.8,2,1262,1.05584113,0.162738481,1,1,20.054364,1.350921136,1,98.61554846,90.25559105,75.93333333,1.27,469.4,42.12,61.9,44.8,864.4,0.619,0.06,4,1.31,29.8,10.95,1.77,405.1,0.34,20.9,-0.28,0.96,9.82,8.8,18.511698,7.274584576,1.21980198,11274538
22,2,1271,1.078970193,0.220728625,1,1,20.054364,1.350921136,1,95.26091587,94.99467519,29,1.27,469.4,42.12,61.9,44.8,864.4,0.619,0.06,4,1.31,29.8,10.95,1.77,405.1,0.34,20.9,-0.28,0.96,9.82,8.8,18.511698,7.274584576,6.183006536,11274538
18.4,2,1292,1.066666177,0.225032816,1,1,20.054364,1.350921136,1,98.69542066,96.43237487,65,1.27,469.4,42.12,61.9,44.8,864.4,0.619,0.06,4,1.31,29.8,10.95,1.77,405.1,0.34,20.9,-0.28,0.96,10.93,7.55,18.511698,7.274584576,1.219010417,11274538
36.2,1,252,1.026467581,0.099957933,1,1,10.934387,0.579158788,1,82.53317721,94.18423107,27,1.45,476.6,31.03,52.6,69.9,545.9,0.172,1.1,4,1.34,63.8,11.2,2.06,1821.7,0.301,12.2,-0.936,0.351,5.48,2.71,21.107389,3.921023919,0.155797101,10321590
1.2,2,34,1.131754029,0.32019089,1,1,82.190611,1.092289043,1,96.46621203,96.83818971,34.90916667,2.11,485.7,69.88,51.4,33.4,711.7,0.702,1.2,6,1.39,38.3,10.32,1.3,702.1,0.36,29.1,-0.979,-0.203,9.39,15.31,16.615606,42.24663372,1.456521739,11118500
4.9,2,86,1.101082534,0.247832506,1,1,82.190611,1.092289043,1,94.48233106,95.04029758,58,2.11,485.7,69.88,51.4,33.4,711.7,0.702,1.2,6,1.39,38.3,10.32,1.3,702.1,0.36,29.1,-0.979,-0.203,10.63,13.74,16.615606,42.24663372,0.396675325,11118500
44.2,2,106,1.049281096,0.194467748,1,1,82.190611,1.092289043,1,88.46869188,93.4283943,18,2.11,485.7,69.88,51.4,33.4,711.7,0.702,1.2,6,1.39,38.3,10.32,1.3,702.1,0.36,29.1,-0.979,-0.203,10.63,13.74,16.615606,42.24663372,7.021276596,11118500
108.4,2,405,1.077735253,0.222856224,1,1,82.190611,1.092289043,1,72.47365158,74.89150651,17.93333333,2.11,485.7,69.88,51.4,33.4,711.7,0.702,1.2,6,1.39,38.3,10.32,1.3,702.1,0.36,29.1,-0.979,-0.203,9.39,15.31,16.615606,42.24663372,1.27311828,11118500
214.6,2,407,1.119349368,0.294267937,1,1,82.190611,1.092289043,1,96.77619343,98.32610043,26.88916667,2.11,485.7,69.88,51.4,33.4,711.7,0.702,1.2,6,1.39,38.3,10.32,1.3,702.1,0.36,29.1,-0.979,-0.203,9.39,15.31,16.615606,42.24663372,9.851851852,11118500
76.7,2,423,1.102161954,0.240085617,1,1,82.190611,1.092289043,1,99.0700558,97.64414135,71.5,2.11,485.7,69.88,51.4,33.4,711.7,0.702,1.2,6,1.39,38.3,10.32,1.3,702.1,0.36,29.1,-0.979,-0.203,9.82,18.25,16.615606,42.24663372,1.454545455,11118500
68.1,2,435,1.079840089,0.210493121,1,1,82.190611,1.092289043,1,93.30440174,95.97024179,33.99,2.11,485.7,69.88,51.4,33.4,711.7,0.702,1.2,6,1.39,38.3,10.32,1.3,702.1,0.36,29.1,-0.979,-0.203,9.82,18.25,16.615606,42.24663372,108.9552239,11118500
4.9,2,449,1.056146264,0.229234922,1,1,82.190611,1.092289043,1,87.84872908,95.5982641,22,2.11,485.7,69.88,51.4,33.4,711.7,0.702,1.2,6,1.39,38.3,10.32,1.3,702.1,0.36,29.1,-0.979,-0.203,9.82,18.25,16.615606,42.24663372,0.390070922,11118500
100.6,2,455,1.073347365,0.181896986,1,1,82.190611,1.092289043,1,91.56850589,92.68443893,30.66666667,2.11,485.7,69.88,51.4,33.4,711.7,0.702,1.2,6,1.39,38.3,10.32,1.3,702.1,0.36,29.1,-0.979,-0.203,10.63,13.74,16.615606,42.24663372,51.29032258,11118500
126.8,2,729,1.095115631,0.234854619,1,1,82.190611,1.092289043,1,85.64786113,88.15871048,17.66666667,2.11,485.7,69.88,51.4,33.4,711.7,0.702,1.2,6,1.39,38.3,10.32,1.3,702.1,0.36,29.1,-0.979,-0.203,9.73,9.35,16.615606,42.24663372,0.316011236,11118500
129.4,2,828,1.079890622,0.189506755,1,1,82.190611,1.092289043,1,96.59020459,90.51456913,103.9666667,2.11,485.7,69.88,51.4,33.4,711.7,0.702,1.2,6,1.39,38.3,10.32,1.3,702.1,0.36,29.1,-0.979,-0.203,10.63,13.74,16.615606,42.24663372,0.614285714,11118500
211.4,2,855,1.091627205,0.257820065,1,1,82.190611,1.092289043,1,88.0967142,79.66522009,43.875,2.11,485.7,69.88,51.4,33.4,711.7,0.702,1.2,6,1.39,38.3,10.32,1.3,702.1,0.36,29.1,-0.979,-0.203,12.56,3.19,16.615606,42.24663372,1.175781011,11118500
0,2,1313,1.07010612,0.195312393,1,0,67.561418,1.204789782,1,84.54949239,81.66243655,39.875,2.11,485.7,69.88,51.4,33.4,711.7,0.702,1.2,6,1.39,38.3,10.32,1.3,702.1,0.36,29.1,-0.979,-0.203,9.82,18.25,16.615606,38.95404571,0.966325037,11118500
59,1,42,1.131853625,0.287723125,1,1,9.741345,0.397009519,1,67.98004129,59.15347557,18.92861111,1.21,516.8,68.36,41,69.3,673.1,0.135,0.7,3,1.67,36.3,10.57,3.03,1688.6,0.518,19.9,-0.996,0.089,22.86,7.1,17.814094,1.802612229,3.5,9497980
128.3,1,44,1.049084455,0.590349211,1,0,7.772327,1.760716106,1,86.57362849,98.6204684,17,1.21,516.8,68.36,41,69.3,673.1,0.135,0.7,3,1.67,36.3,10.57,3.03,1688.6,0.518,19.9,-0.996,0.089,22.86,7.1,17.814094,1.845975232,0.114715719,9497980
109.4,1,72,1.176614867,0.626758344,0.989071038,0,7.772327,1.760716106,1,74.23804941,91.85113892,10,1.21,516.8,68.36,41,69.3,673.1,0.135,0.7,3,1.67,36.3,10.57,3.03,1688.6,0.518,19.9,-0.996,0.089,21.95,9.19,17.814094,1.845975232,1.033333333,9497980
0.2,1,267,0.959130257,0.221820285,1,1,7.772327,1.760716106,1,98.42797562,94.83477703,40.66666667,1.21,516.8,68.36,41,69.3,673.1,0.135,0.7,3,1.67,36.3,10.57,3.03,1688.6,0.518,19.9,-0.996,0.089,6.65,8.46,17.814094,1.845975232,1.99751861,9497980
48,1,393,1.192088406,0.65827291,0.953551913,1,7.772327,1.760716106,1,56.30413859,65.80044915,5.5,1.21,516.8,68.36,41,69.3,673.1,0.135,0.7,3,1.67,36.3,10.57,3.03,1688.6,0.518,19.9,-0.996,0.089,22.86,7.1,17.814094,1.845975232,4.666666667,9497980
143.3,1,427,0.931270636,0.285472674,1,1,9.741345,0.397009519,1,87.9559532,99.48382657,7.9925,1.21,516.8,68.36,41,69.3,673.1,0.135,0.7,3,1.67,36.3,10.57,3.03,1688.6,0.518,19.9,-0.996,0.089,22.86,7.1,17.814094,1.802612229,2.09375,9497980
65.5,1,441,1.229112178,0.50626006,1,1,7.772327,1.760716106,1,98.13923645,98.9412897,17,1.21,516.8,68.36,41,69.3,673.1,0.135,0.7,3,1.67,36.3,10.57,3.03,1688.6,0.518,19.9,-0.996,0.089,21.95,9.19,17.814094,1.845975232,18.23529412,9497980
195.6,1,442,1.23166314,0.48189293,1,1,7.772327,1.760716106,1,84.10330446,90.79242862,13,1.21,516.8,68.36,41,69.3,673.1,0.135,0.7,3,1.67,36.3,10.57,3.03,1688.6,0.518,19.9,-0.996,0.089,21.95,9.19,17.814094,1.845975232,47.83333333,9497980
184,1,445,1.222488641,0.740200193,0.838797814,1,7.772327,1.760716106,0.98245614,31.15174848,57.55534167,6.666666667,1.21,516.8,68.36,41,69.3,673.1,0.135,0.7,3,1.67,36.3,10.57,3.03,1688.6,0.518,19.9,-0.996,0.089,18.98,5.75,17.814094,1.845975232,32.27586207,9497980
62.3,1,782,0.97351462,0.265836358,1,0,9.741345,0.397009519,1,88.16242257,91.12181693,33.66666667,1.21,516.8,68.36,41,69.3,673.1,0.135,0.7,3,1.67,36.3,10.57,3.03,1688.6,0.518,19.9,-0.996,0.089,22.86,7.1,17.814094,1.802612229,0.856060606,9497980
118.3,1,786,1.074823692,0.740586399,0.980874317,0,9.741345,0.397009519,1,64.229181,75.98072953,7.9,1.21,516.8,68.36,41,69.3,673.1,0.135,0.7,3,1.67,36.3,10.57,3.03,1688.6,0.518,19.9,-0.996,0.089,22.86,7.1,17.814094,1.802612229,0.424705882,9497980
68.2,1,823,1.012724851,0.130760302,1,0,9.741345,0.397009519,1,83.18995182,96.52443221,4.991944444,1.21,516.8,68.36,41,69.3,673.1,0.135,0.7,3,1.67,36.3,10.57,3.03,1688.6,0.518,19.9,-0.996,0.089,21.95,9.19,17.814094,1.802612229,0.147058824,9497980
5.4,1,1025,1.014621671,0.139047419,1,1,9.741345,0.397009519,1,97.83207158,90.19270475,48.875,1.21,516.8,68.36,41,69.3,673.1,0.135,0.7,3,1.67,36.3,10.57,3.03,1688.6,0.518,19.9,-0.996,0.089,6.65,8.46,17.814094,1.802612229,14.63414634,9497980
51.4,1,1143,0.997649728,0.132621579,1,0,7.772327,1.760716106,1,86.0603144,93.84023099,12.5,1.21,516.8,68.36,41,69.3,673.1,0.135,0.7,3,1.67,36.3,10.57,3.03,1688.6,0.518,19.9,-0.996,0.089,21.95,9.19,17.814094,1.845975232,0.71778757,9497980
0,1,1390,1.109826822,0.229815901,1,1,9.741345,0.397009519,1,92.32622161,76.22161046,43,1.21,516.8,68.36,41,69.3,673.1,0.135,0.7,3,1.67,36.3,10.57,3.03,1688.6,0.518,19.9,-0.996,0.089,6.65,8.46,17.814094,1.802612229,26.42857143,9497980
76.7,1,1392,0.967677035,0.112127055,1,1,9.741345,0.397009519,1,92.22298692,92.53269098,43.5,1.21,516.8,68.36,41,69.3,673.1,0.135,0.7,3,1.67,36.3,10.57,3.03,1688.6,0.518,19.9,-0.996,0.089,6.65,8.46,17.814094,1.802612229,15.46408394,9497980
190.6,2,132,1.162324846,0.361505792,1,1,8.664033,1.715767974,1,95.88014981,80.57784912,73,1.56,556.4,63.26,62,54,737.5,0.659,1.13,4,1.35,33.5,10.91,2.31,533.4,0.186,19.5,-0.995,-0.102,8.3,13.77,16.227347,3.774209202,1.178589375,11149900
58.3,2,149,1.157168926,0.373152153,1,1,8.664033,1.715767974,1,90.52969502,88.87105404,38,1.56,556.4,63.26,62,54,737.5,0.659,1.13,4,1.35,33.5,10.91,2.31,533.4,0.186,19.5,-0.995,-0.102,9.33,13.34,16.227347,3.774209202,0.469653309,11149900
90,2,151,1.158243075,0.377747333,1,1,8.664033,1.715767974,1,97.80631354,92.72338149,78,1.56,556.4,63.26,62,54,737.5,0.659,1.13,4,1.35,33.5,10.91,2.31,533.4,0.186,19.5,-0.995,-0.102,9.33,13.34,16.227347,3.774209202,0.36870229,11149900
118.8,2,167,1.143805936,0.338201689,1,1,8.664033,1.715767974,1,88.81754949,86.83788122,27.8,1.56,556.4,63.26,62,54,737.5,0.659,1.13,4,1.35,33.5,10.91,2.31,533.4,0.186,19.5,-0.995,-0.102,9.33,13.34,16.227347,3.774209202,0.992424242,11149900
17.3,2,216,1.122586787,0.304121615,1,1,8.664033,1.715767974,1,87.58694489,69.23488497,35.5,1.56,556.4,63.26,62,54,737.5,0.659,1.13,4,1.35,33.5,10.91,2.31,533.4,0.186,19.5,-0.995,-0.102,12.47,3.3,16.227347,3.774209202,0.372960373,11149900
8,2,515,1.096830614,0.246214638,1,1,8.664033,1.715767974,1,91.43927234,81.1128946,60,1.56,556.4,63.26,62,54,737.5,0.659,1.13,4,1.35,33.5,10.91,2.31,533.4,0.186,19.5,-0.995,-0.102,9.33,13.34,16.227347,3.774209202,0.107439825,11149900
12.7,2,525,1.152470321,0.351752472,1,1,8.664033,1.715767974,1,90.63670412,94.38202247,35.91666667,1.56,556.4,63.26,62,54,737.5,0.659,1.13,4,1.35,33.5,10.91,2.31,533.4,0.186,19.5,-0.995,-0.102,9.33,13.34,16.227347,3.774209202,0.628318584,11149900
18,2,550,1.077682281,0.220284221,1,1,21.73561,1.616261858,1,91.21693122,72.53968254,86.5,1.56,556.4,63.26,62,54,737.5,0.659,1.13,4,1.35,33.5,10.91,2.31,533.4,0.186,19.5,-0.995,-0.102,8.45,9.76,16.227347,13.12359813,0.178774617,11149900
0,2,605,1.095038769,0.224105505,1,0,17.709379,0.835520463,1,93.94719897,95.04185448,46,1.56,556.4,63.26,62,54,737.5,0.659,1.13,4,1.35,33.5,10.91,2.31,533.4,0.186,19.5,-0.995,-0.102,10.24,10.95,16.227347,5.344680086,0.462871287,11149900
90.3,2,628,1.086888727,0.228212673,1,1,21.73561,1.616261858,1,91.85185185,93.22751323,31,1.56,556.4,63.26,62,54,737.5,0.659,1.13,4,1.35,33.5,10.91,2.31,533.4,0.186,19.5,-0.995,-0.102,9.33,13.34,16.227347,13.12359813,0.199747155,11149900
26.7,2,837,1.188083093,0.421683291,1,1,8.664033,1.715767974,1,91.33226324,72.71268058,50.75,1.56,556.4,63.26,62,54,737.5,0.659,1.13,4,1.35,33.5,10.91,2.31,533.4,0.186,19.5,-0.995,-0.102,8.45,9.76,16.227347,3.774209202,0.520787746,11149900
87.1,2,863,1.259644186,0.620742036,1,1,28.802865,1.62219344,1,95.86135541,99.06880497,44.5,1.56,556.4,63.26,62,54,737.5,0.659,1.13,4,1.35,33.5,10.91,2.31,533.4,0.186,19.5,-0.995,-0.102,8.45,9.76,16.227347,19.76732566,2.921686747,11149900
26.1,2,991,1.138830135,0.334018419,1,1,21.73561,1.616261858,1,80.60846561,67.67195767,37,1.56,556.4,63.26,62,54,737.5,0.659,1.13,4,1.35,33.5,10.91,2.31,533.4,0.186,19.5,-0.995,-0.102,9.33,13.34,16.227347,13.12359813,7.10955711,11149900
104.7,2,1323,1.095232337,0.231568479,1,0,21.73561,1.616261858,1,87.40740741,87.88359788,34.95666667,1.56,556.4,63.26,62,54,737.5,0.659,1.13,4,1.35,33.5,10.91,2.31,533.4,0.186,19.5,-0.995,-0.102,8.3,13.77,16.227347,13.12359813,0.752845528,11149900
58.9,2,1635,1.211587964,0.464294874,1,1,21.73561,1.616261858,1,99.52380952,97.46031746,79,1.56,556.4,63.26,62,54,737.5,0.659,1.13,4,1.35,33.5,10.91,2.31,533.4,0.186,19.5,-0.995,-0.102,11.41,6.72,16.227347,13.12359813,0.616010855,11149900
78.1,2,1659,1.188358854,0.423650835,1,1,21.73561,1.616261858,1,91.00529101,90.05291005,17.9525,1.56,556.4,63.26,62,54,737.5,0.659,1.13,4,1.35,33.5,10.91,2.31,533.4,0.186,19.5,-0.995,-0.102,8.45,9.76,16.227347,13.12359813,5.553030303,11149900
16.1,2,162,0.983410343,0.213006068,1,0,25.433253,0.92543356,1,95.87345254,95.27739569,63.75,1.03,559.8,130.36,64.5,76.9,775.7,0.629,0.79,5,1.37,34.8,11.21,2.23,293.6,0.297,23.8,-0.819,0.574,8.04,25.3,15.21547,9.911897106,3.14379085,11465350
169.3,2,485,0.994781018,0.198101004,1,1,25.433253,0.92543356,1,88.07886291,76.93718478,31.66666667,1.03,559.8,130.36,64.5,76.9,775.7,0.629,0.79,5,1.37,34.8,11.21,2.23,293.6,0.297,23.8,-0.819,0.574,8.31,22.4,15.21547,9.911897106,2.207591054,11465350
0.9,2,491,1.062148931,0.167477043,1,1,25.433253,0.92543356,1,88.44566713,70.56396149,68,1.03,559.8,130.36,64.5,76.9,775.7,0.629,0.79,5,1.37,34.8,11.21,2.23,293.6,0.297,23.8,-0.819,0.574,8.31,22.4,15.21547,9.911897106,4.769874477,11465350
40.7,2,845,1.0153117,0.168069953,1,1,25.433253,0.92543356,1,93.03071985,90.00458505,53.92861111,1.03,559.8,130.36,64.5,76.9,775.7,0.629,0.79,5,1.37,34.8,11.21,2.23,293.6,0.297,23.8,-0.819,0.574,8.31,22.4,15.21547,9.911897106,1.594982079,11465350
20.2,1,1416,1.094905012,0.233644521,1,1,7.076427,0.940008242,1,86.33139093,84.41854573,64.5,2.37,561.9,111.97,63.9,127.1,412.2,0.331,0.76,4,1.26,70.8,10.51,12.33,2180.4,0.559,25,0.842,-0.539,8.7,6.04,16.262621,2.555686065,6.385542169,13313000
39.6,2,91,1.010445807,0.095798896,1,0,7.469418,0.749639592,1,94.51518119,81.9294809,34.5,1.81,566.3,96.01,63.5,67.6,752.1,0.629,0.68,4,1.21,26.8,11,1.67,276.3,0.212,18.6,-0.834,0.552,7.91,19.59,16.230256,1.896309377,0.946808511,11458000
39.6,2,104,0.990978986,0.110602469,1,0,7.469418,0.749639592,1,82.54162586,89.52007835,27.5,1.81,566.3,96.01,63.5,67.6,752.1,0.629,0.68,4,1.21,26.8,11,1.67,276.3,0.212,18.6,-0.834,0.552,7.91,19.59,16.230256,1.896309377,1.013724854,11458000
93.7,2,107,1.050526989,0.144447029,1,0,7.469418,0.749639592,1,63.00195886,83.74142997,11.88916667,1.81,566.3,96.01,63.5,67.6,752.1,0.629,0.68,4,1.21,26.8,11,1.67,276.3,0.212,18.6,-0.834,0.552,7.91,19.59,16.230256,1.896309377,0.160493827,11458000
6,2,127,1.071840455,0.263224868,1,0,23.054366,1.506954112,1,76.1732852,71.02888087,24.75,1.81,566.3,96.01,63.5,67.6,752.1,0.629,0.68,4,1.21,26.8,11,1.67,276.3,0.212,18.6,-0.834,0.552,9.47,18.58,16.230256,12.92929543,3.338724757,11458000
21.3,2,172,1.032358285,0.130837153,1,0,23.054366,1.506954112,1,70.28429603,68.32129964,33.75,1.81,566.3,96.01,63.5,67.6,752.1,0.629,0.68,4,1.21,26.8,11,1.67,276.3,0.212,18.6,-0.834,0.552,10.87,15.05,16.230256,12.92929543,0.799032435,11458000
193.5,2,456,0.999514034,0.111579886,1,1,7.469418,0.749639592,1,87.19392752,84.7208619,35.75,1.81,566.3,96.01,63.5,67.6,752.1,0.629,0.68,4,1.21,26.8,11,1.67,276.3,0.212,18.6,-0.834,0.552,7.91,19.59,16.230256,1.896309377,0.220811729,11458000
76.8,2,464,1.005461003,0.061339476,1,1,7.469418,0.749639592,1,95.54358472,98.97159647,34.98333333,1.81,566.3,96.01,63.5,67.6,752.1,0.629,0.68,4,1.21,26.8,11,1.67,276.3,0.212,18.6,-0.834,0.552,7.91,19.59,16.230256,1.896309377,0.853001182,11458000
103.7,2,482,1.021342397,0.121427106,1,1,7.469418,0.749639592,1,85.84720862,91.38099902,37.97638889,1.81,566.3,96.01,63.5,67.6,752.1,0.629,0.68,4,1.21,26.8,11,1.67,276.3,0.212,18.6,-0.834,0.552,9.47,18.58,16.230256,1.896309377,0.59896042,11458000
65.1,2,491,1.01164873,0.079723493,1,1,7.469418,0.749639592,1,98.6777669,99.80411361,47.66666667,1.81,566.3,96.01,63.5,67.6,752.1,0.629,0.68,4,1.21,26.8,11,1.67,276.3,0.212,18.6,-0.834,0.552,9.47,18.58,16.230256,1.896309377,0.385135135,11458000
45,2,529,0.984437912,0.092512168,1,1,7.469418,0.749639592,1,85.43095005,91.42997062,25.95666667,1.81,566.3,96.01,63.5,67.6,752.1,0.629,0.68,4,1.21,26.8,11,1.67,276.3,0.212,18.6,-0.834,0.552,10.87,15.05,16.230256,1.896309377,1.998030143,11458000
173.8,2,535,1.014226804,0.1470393,1,1,7.469418,0.749639592,1,66.06268364,70.71498531,22.66666667,1.81,566.3,96.01,63.5,67.6,752.1,0.629,0.68,4,1.21,26.8,11,1.67,276.3,0.212,18.6,-0.834,0.552,10.87,15.05,16.230256,1.896309377,1.573913043,11458000
58.3,2,804,0.965219494,0.164109873,1,0,7.469418,0.749639592,1,72.01273262,85.70029383,8.963055556,1.81,566.3,96.01,63.5,67.6,752.1,0.629,0.68,4,1.21,26.8,11,1.67,276.3,0.212,18.6,-0.834,0.552,8.25,14.98,16.230256,1.896309377,0.201646091,11458000
17.9,2,811,1.037378078,0.123179634,1,0,7.469418,0.749639592,1,81.73359452,86.97355534,16.66666667,1.81,566.3,96.01,63.5,67.6,752.1,0.629,0.68,4,1.21,26.8,11,1.67,276.3,0.212,18.6,-0.834,0.552,8.25,14.98,16.230256,1.896309377,22.6446281,11458000
1.4,2,821,0.976051402,0.128360628,1,1,23.054366,1.506954112,1,93.90794224,94.90072202,20.9375,1.81,566.3,96.01,63.5,67.6,752.1,0.629,0.68,4,1.21,26.8,11,1.67,276.3,0.212,18.6,-0.834,0.552,8.25,14.98,16.230256,12.92929543,0.769777818,11458000
143.1,2,823,0.976746801,0.16890638,1,1,23.054366,1.506954112,1,95.17148014,84.92779783,59.94138889,1.81,566.3,96.01,63.5,67.6,752.1,0.629,0.68,4,1.21,26.8,11,1.67,276.3,0.212,18.6,-0.834,0.552,8.25,14.98,16.230256,12.92929543,4.795539033,11458000
45.3,2,909,1.001255116,0.116575647,1,0,7.469418,0.749639592,1,62.80607248,80.01958864,12.90916667,1.81,566.3,96.01,63.5,67.6,752.1,0.629,0.68,4,1.21,26.8,11,1.67,276.3,0.212,18.6,-0.834,0.552,13.24,5.27,16.230256,1.896309377,0.619626168,11458000
136.7,1,606,1.053631532,0.139327393,1,0,8.663335,1.683104665,1,81.93152214,81.20580573,22.5,1.44,572.4,186.88,62.5,90.6,614.2,0.537,0.86,6,1.67,36.7,10.37,1.41,923,0.484,25.8,0.884,-0.467,8.41,13.56,14.61381,3.724842767,0.853846154,11478500
108.6,1,611,1.037043487,0.1123248,1,0,8.663335,1.683104665,1,85.61592854,87.42091552,47,1.44,572.4,186.88,62.5,90.6,614.2,0.537,0.86,6,1.67,36.7,10.37,1.41,923,0.484,25.8,0.884,-0.467,8.41,13.56,14.61381,3.724842767,1.823076923,11478500
54.9,1,622,0.934679604,0.140810398,1,1,12.895813,1.546514251,1,64.58409008,77.07954958,17,1.44,572.4,186.88,62.5,90.6,614.2,0.537,0.86,6,1.67,36.7,10.37,1.41,923,0.484,25.8,0.884,-0.467,8.41,13.56,14.61381,5.137264151,11.14436886,11478500
19.9,2,118,0.984083663,0.199474956,1,1,7.514724,1.797661564,1,95.42097489,95.56868538,52,1.41,572.5,37.11,54,29.9,879.2,0.614,1.02,5,1.08,23.8,12.19,2.65,520.6,0.207,8.3,-0.454,-0.891,11.66,7.87,16.167722,4.124593886,0.791547687,11043000
0,2,429,0.942381141,0.268152829,1,1,7.514724,1.797661564,1,98.52289513,92.31905465,50,1.41,572.5,37.11,54,29.9,879.2,0.614,1.02,5,1.08,23.8,12.19,2.65,520.6,0.207,8.3,-0.454,-0.891,11.37,3.76,16.167722,4.124593886,3.42562212,11043000
165,2,432,0.937810909,0.312223864,1,1,7.514724,1.797661564,1,72.34121123,75.92319055,9,1.41,572.5,37.11,54,29.9,879.2,0.614,1.02,5,1.08,23.8,12.19,2.65,520.6,0.207,8.3,-0.454,-0.891,11.37,3.76,16.167722,4.124593886,0.681987578,11043000
207.2,2,440,0.96949169,0.220502829,1,1,15.431556,1.785573251,1,97.41248097,92.84627093,59.875,1.41,572.5,37.11,54,29.9,879.2,0.614,1.02,5,1.08,23.8,12.19,2.65,520.6,0.207,8.3,-0.454,-0.891,11.03,9.09,16.167722,3.507877729,0.766964286,11043000
40.4,2,538,0.940525238,0.227886221,1,1,15.431556,1.785573251,1,74.6194825,60.4261796,31.5,1.41,572.5,37.11,54,29.9,879.2,0.614,1.02,5,1.08,23.8,12.19,2.65,520.6,0.207,8.3,-0.454,-0.891,15.12,1.99,16.167722,3.507877729,2.582822086,11043000
41.9,2,855,0.940673158,0.226660746,1,0,15.431556,1.785573251,1,58.48554033,67.04718417,7.5,1.41,572.5,37.11,54,29.9,879.2,0.614,1.02,5,1.08,23.8,12.19,2.65,520.6,0.207,8.3,-0.454,-0.891,11.66,7.87,16.167722,3.507877729,1.242424242,11043000
26.4,2,1122,0.990270416,0.201408188,1,1,15.431556,1.785573251,1,97.52663623,92.54185693,24,1.41,572.5,37.11,54,29.9,879.2,0.614,1.02,5,1.08,23.8,12.19,2.65,520.6,0.207,8.3,-0.454,-0.891,14.25,2.47,16.167722,3.507877729,0.405945747,11043000
11,2,1185,0.902780736,0.422240162,1,1,15.431556,1.785573251,1,56.01217656,80.2130898,10.95833333,1.41,572.5,37.11,54,29.9,879.2,0.614,1.02,5,1.08,23.8,12.19,2.65,520.6,0.207,8.3,-0.454,-0.891,11.03,9.09,16.167722,3.507877729,0.64516129,11043000
36.5,2,1187,1.010009459,0.234134329,1,1,15.431556,1.785573251,1,83.37138508,79.8325723,22,1.41,572.5,37.11,54,29.9,879.2,0.614,1.02,5,1.08,23.8,12.19,2.65,520.6,0.207,8.3,-0.454,-0.891,11.03,9.09,16.167722,3.507877729,4.766871166,11043000
0,2,1532,1.014787002,0.122913107,1,1,7.514724,1.797661564,1,90.62038405,89.80797637,19,1.41,572.5,37.11,54,29.9,879.2,0.614,1.02,5,1.08,23.8,12.19,2.65,520.6,0.207,8.3,-0.454,-0.891,11.03,9.09,16.167722,4.124593886,0.758389262,11043000
26.8,2,1535,0.996761756,0.18350633,1,1,15.431556,1.785573251,1,96.87975647,83.25722983,63.88916667,1.41,572.5,37.11,54,29.9,879.2,0.614,1.02,5,1.08,23.8,12.19,2.65,520.6,0.207,8.3,-0.454,-0.891,11.03,9.09,16.167722,3.507877729,1.815533981,11043000
143.5,2,1564,0.948167569,0.233926418,1,1,15.431556,1.785573251,1,66.81887367,62.02435312,19.75,1.41,572.5,37.11,54,29.9,879.2,0.614,1.02,5,1.08,23.8,12.19,2.65,520.6,0.207,8.3,-0.454,-0.891,11.66,7.87,16.167722,3.507877729,44.42608845,11043000
134.1,2,1572,0.975810544,0.27184779,1,1,15.431556,1.785573251,1,82.07762557,77.92998478,12.66666667,1.41,572.5,37.11,54,29.9,879.2,0.614,1.02,5,1.08,23.8,12.19,2.65,520.6,0.207,8.3,-0.454,-0.891,11.66,7.87,16.167722,3.507877729,8.936645963,11043000
123.8,2,1580,0.940386834,0.257504933,1,1,15.431556,1.785573251,1,99.39117199,99.08675799,70.88916667,1.41,572.5,37.11,54,29.9,879.2,0.614,1.02,5,1.08,23.8,12.19,2.65,520.6,0.207,8.3,-0.454,-0.891,11.66,7.87,16.167722,3.507877729,1.967020024,11043000
51.7,2,1612,0.980030459,0.157837571,1,1,15.431556,1.785573251,1,92.77016743,86.37747336,91.5,1.41,572.5,37.11,54,29.9,879.2,0.614,1.02,5,1.08,23.8,12.19,2.65,520.6,0.207,8.3,-0.454,-0.891,12.65,6.95,16.167722,3.507877729,0.497155859,11043000
99.2,2,1618,0.958128928,0.219786305,1,1,15.431556,1.785573251,1,62.06240487,73.97260274,11.66666667,1.41,572.5,37.11,54,29.9,879.2,0.614,1.02,5,1.08,23.8,12.19,2.65,520.6,0.207,8.3,-0.454,-0.891,15.12,1.99,16.167722,3.507877729,2.533675357,11043000
31.8,2,1626,0.91051761,0.309237779,1,1,15.431556,1.785573251,1,64.49771689,84.13242009,47,1.41,572.5,37.11,54,29.9,879.2,0.614,1.02,5,1.08,23.8,12.19,2.65,520.6,0.207,8.3,-0.454,-0.891,15.12,1.99,16.167722,3.507877729,1.373136204,11043000
14.5,2,1659,1.01732352,0.184376736,1,1,15.431556,1.785573251,1,96.34703196,85.92085236,48.5,1.41,572.5,37.11,54,29.9,879.2,0.614,1.02,5,1.08,23.8,12.19,2.65,520.6,0.207,8.3,-0.454,-0.891,17.88,1.23,16.167722,3.507877729,1.578171091,11043000
5,1,104,1.011246766,0.256988949,1,1,6.341896,0.624858698,1,88.88406426,88.2327399,34.75,1.46,589.9,149.15,61.6,92.2,773.2,0.544,0.71,4,1.55,62,10.11,2.48,857.8,0.39,33.5,-0.806,0.592,14.22,7.61,14.264321,3.624563485,0.978142077,11372000
13.9,1,276,0.976823205,0.16551892,1,1,9.214676,0.866847706,1,93.23104693,79.96389892,74,1.46,589.9,149.15,61.6,92.2,773.2,0.544,0.71,4,1.55,62,10.11,2.48,857.8,0.39,33.5,-0.806,0.592,14.62,6.38,14.264321,4.249025259,5.901639344,11372000
239.5,1,299,0.949878109,0.266306372,1,1,91.657499,0.929124384,1,92.06293706,90.62937063,43.94138889,1.46,589.9,149.15,61.6,92.2,773.2,0.544,0.71,4,1.55,62,10.11,2.48,857.8,0.39,33.5,-0.806,0.592,14.62,6.38,14.264321,67.58848957,1.433756806,11372000
21.8,1,602,0.967694806,0.178300815,1,1,9.214676,0.866847706,1,97.74368231,93.90794224,131.6666667,1.46,589.9,149.15,61.6,92.2,773.2,0.544,0.71,4,1.55,62,10.11,2.48,857.8,0.39,33.5,-0.806,0.592,9.94,9.97,14.264321,4.249025259,4.204379562,11372000
114.8,1,14,1.127639559,0.641246876,1,0,5.351106,0.612912952,1,68.83760271,71.99130014,18.94472222,2.32,613.5,54.77,51.4,80.5,521.8,0.322,0.71,3,1.84,50.4,11.26,7.38,2279.5,0.411,10.1,-1,0.006,18.71,7.64,13.421778,3.097555012,17.58333333,7104905
134.7,1,412,0.765635195,0.781147632,1,1,5.351106,0.612912952,1,96.26631223,99.68583857,10.5,2.32,613.5,54.77,51.4,80.5,521.8,0.322,0.71,3,1.84,50.4,11.26,7.38,2279.5,0.411,10.1,-1,0.006,17.56,8.62,13.421778,3.097555012,1.175141243,7104905
299.6,1,752,1.163315213,0.747803961,1,1,5.351106,0.612912952,1,96.37506042,99.32334461,16,2.32,613.5,54.77,51.4,80.5,521.8,0.322,0.71,3,1.84,50.4,11.26,7.38,2279.5,0.411,10.1,-1,0.006,18.71,7.64,13.421778,3.097555012,12.29066895,7104905
95.6,1,1060,0.952119008,0.201319419,1,1,5.351106,0.612912952,1,99.46834219,91.20347994,32.9,2.32,613.5,54.77,51.4,80.5,521.8,0.322,0.71,3,1.84,50.4,11.26,7.38,2279.5,0.411,10.1,-1,0.006,10.3,7.23,13.421778,3.097555012,4.271356784,7104905
198.9,1,1087,0.862421464,0.475760977,1,1,5.351106,0.612912952,1,91.10681489,92.7742871,14.875,2.32,613.5,54.77,51.4,80.5,521.8,0.322,0.71,3,1.84,50.4,11.26,7.38,2279.5,0.411,10.1,-1,0.006,15.45,5.59,13.421778,3.097555012,8.333333333,7104905
57.7,1,1527,0.981662018,0.825423855,0.956616052,1,5.351106,0.612912952,0.86,43.43885935,62.85645239,4.923333333,2.32,613.5,54.77,51.4,80.5,521.8,0.322,0.71,3,1.84,50.4,11.26,7.38,2279.5,0.411,10.1,-1,0.006,17.56,8.62,13.421778,3.097555012,53.01075269,7104905
37.2,1,33,0.965350817,0.315339047,1,0,15.87416,1.149760654,1,88.24285255,95.75971731,21.95666667,1.25,614.9,66.14,52,71.5,573.7,0.165,0.78,5,2.3,34.8,11.32,1.52,2018.2,0.681,10.6,-0.078,-0.997,20.07,5.79,19.078317,3.12080013,0.795935897,9505800
97.1,1,89,1.046277324,0.344902302,1,0,15.87416,1.149760654,1,72.98425956,84.06681658,20.5,1.25,614.9,66.14,52,71.5,573.7,0.165,0.78,5,2.3,34.8,11.32,1.52,2018.2,0.681,10.6,-0.078,-0.997,19.08,7.93,19.078317,3.12080013,1.92,9505800
86.3,2,130,1.110111642,0.324713367,1,1,7.156277,1.825105706,1,97.59743727,93.00587293,84,2.07,625.1,80.89,63.9,60.5,663.8,0.654,1.03,5,2.35,38.3,10.02,3.14,759.1,0.387,34.7,-0.132,0.991,8.25,16.63,17.294107,4.751959686,0.594771242,11152000
215.6,2,136,1.113774784,0.340161298,1,1,7.156277,1.825105706,1,97.91777896,83.98291511,73,2.07,625.1,80.89,63.9,60.5,663.8,0.654,1.03,5,2.35,38.3,10.02,3.14,759.1,0.387,34.7,-0.132,0.991,8.25,16.63,17.294107,4.751959686,0.677227723,11152000
86,2,144,1.068912035,0.250809043,1,1,10.954941,1.60170771,1,91.97722567,87.57763975,65,2.07,625.1,80.89,63.9,60.5,663.8,0.654,1.03,5,2.35,38.3,10.02,3.14,759.1,0.387,34.7,-0.132,0.991,8.57,12.76,17.294107,3.129195329,0.244618395,11152000
62.4,2,153,1.13407872,0.427279418,1,1,7.156277,1.825105706,1,88.28083289,89.37533369,38,2.07,625.1,80.89,63.9,60.5,663.8,0.654,1.03,5,2.35,38.3,10.02,3.14,759.1,0.387,34.7,-0.132,0.991,8.78,16.68,17.294107,4.751959686,0.582278481,11152000
93.1,2,155,1.139129829,0.422923089,1,1,7.156277,1.825105706,1,98.34490123,95.03470368,79,2.07,625.1,80.89,63.9,60.5,663.8,0.654,1.03,5,2.35,38.3,10.02,3.14,759.1,0.387,34.7,-0.132,0.991,8.78,16.68,17.294107,4.751959686,1.384488449,11152000
208,2,166,1.081518157,0.260810873,1,1,7.156277,1.825105706,1,89.32194341,95.35504538,39,2.07,625.1,80.89,63.9,60.5,663.8,0.654,1.03,5,2.35,38.3,10.02,3.14,759.1,0.387,34.7,-0.132,0.991,8.78,16.68,17.294107,4.751959686,1.424528302,11152000
68.6,2,180,1.040528634,0.246524964,1,1,7.156277,1.825105706,1,57.90176188,59.85050721,14.9,2.07,625.1,80.89,63.9,60.5,663.8,0.654,1.03,5,2.35,38.3,10.02,3.14,759.1,0.387,34.7,-0.132,0.991,9.53,13.87,17.294107,4.751959686,12.40331749,11152000
28.8,2,186,1.128991516,0.363781988,1,1,38.563747,1.45200031,1,77.20987654,62.71604938,44.5,2.07,625.1,80.89,63.9,60.5,663.8,0.654,1.03,5,2.35,38.3,10.02,3.14,759.1,0.387,34.7,-0.132,0.991,8.57,12.76,17.294107,22.51871701,5.480174883,11152000
117.8,2,200,1.035167354,0.161281879,1,1,10.954941,1.60170771,1,90.0621118,76.60455487,47,2.07,625.1,80.89,63.9,60.5,663.8,0.654,1.03,5,2.35,38.3,10.02,3.14,759.1,0.387,34.7,-0.132,0.991,8.78,16.68,17.294107,3.129195329,1.348162476,11152000
131.7,2,202,1.052876662,0.20066757,1,1,10.954941,1.60170771,1,90.11387164,87.52587992,28,2.07,625.1,80.89,63.9,60.5,663.8,0.654,1.03,5,2.35,38.3,10.02,3.14,759.1,0.387,34.7,-0.132,0.991,8.78,16.68,17.294107,3.129195329,1.092827004,11152000
17.2,2,220,1.062669882,0.215764099,1,1,7.156277,1.825105706,1,86.11852643,74.31927389,37,2.07,625.1,80.89,63.9,60.5,663.8,0.654,1.03,5,2.35,38.3,10.02,3.14,759.1,0.387,34.7,-0.132,0.991,11.91,5.11,17.294107,4.751959686,0.567929051,11152000
84.6,2,239,1.109043331,0.324963278,1,1,38.563747,1.45200031,1,98.07407407,85.77777778,75,2.07,625.1,80.89,63.9,60.5,663.8,0.654,1.03,5,2.35,38.3,10.02,3.14,759.1,0.387,34.7,-0.132,0.991,8.78,16.68,17.294107,22.51871701,0.640264026,11152000
0,2,246,1.130298327,0.433262385,1,1,38.563747,1.45200031,1,92.2962963,83.85185185,41.66666667,2.07,625.1,80.89,63.9,60.5,663.8,0.654,1.03,5,2.35,38.3,10.02,3.14,759.1,0.387,34.7,-0.132,0.991,8.78,16.68,17.294107,22.51871701,0.17146145,11152000
12.5,2,253,1.082104893,0.235295956,1,1,38.563747,1.45200031,1,95.60493827,75.55555556,65.92333333,2.07,625.1,80.89,63.9,60.5,663.8,0.654,1.03,5,2.35,38.3,10.02,3.14,759.1,0.387,34.7,-0.132,0.991,9.53,13.87,17.294107,22.51871701,0.941036084,11152000
67.2,2,489,1.052436702,0.204942646,1,1,7.156277,1.825105706,1,96.58302189,93.16604378,59,2.07,625.1,80.89,63.9,60.5,663.8,0.654,1.03,5,2.35,38.3,10.02,3.14,759.1,0.387,34.7,-0.132,0.991,8.25,16.63,17.294107,4.751959686,0.699346405,11152000
52.3,2,504,1.088146286,0.255257872,1,1,7.156277,1.825105706,1,79.76508275,91.51094501,13.8,2.07,625.1,80.89,63.9,60.5,663.8,0.654,1.03,5,2.35,38.3,10.02,3.14,759.1,0.387,34.7,-0.132,0.991,8.25,16.63,17.294107,4.751959686,1.282894737,11152000
16.1,2,519,1.087132717,0.287804433,1,1,7.156277,1.825105706,1,90.95034704,81.68713294,62.5,2.07,625.1,80.89,63.9,60.5,663.8,0.654,1.03,5,2.35,38.3,10.02,3.14,759.1,0.387,34.7,-0.132,0.991,8.78,16.68,17.294107,4.751959686,0.704697987,11152000
15.2,2,529,1.097556444,0.304008026,1,1,7.156277,1.825105706,1,89.45541911,93.43299519,35.92861111,2.07,625.1,80.89,63.9,60.5,663.8,0.654,1.03,5,2.35,38.3,10.02,3.14,759.1,0.387,34.7,-0.132,0.991,8.78,16.68,17.294107,4.751959686,0.528915663,11152000
136.9,2,534,1.088771003,0.299758053,1,1,7.156277,1.825105706,1,77.81633743,74.15910304,21.75,2.07,625.1,80.89,63.9,60.5,663.8,0.654,1.03,5,2.35,38.3,10.02,3.14,759.1,0.387,34.7,-0.132,0.991,8.78,16.68,17.294107,4.751959686,0.648362069,11152000
20.2,2,537,1.069288764,0.232826774,1,1,38.563747,1.45200031,1,91.30864198,73.38271605,92,2.07,625.1,80.89,63.9,60.5,663.8,0.654,1.03,5,2.35,38.3,10.02,3.14,759.1,0.387,34.7,-0.132,0.991,8.57,12.76,17.294107,22.51871701,0.436241611,11152000
36.9,2,541,1.040443082,0.163474732,1,1,7.156277,1.825105706,1,94.18045916,74.58622531,87,2.07,625.1,80.89,63.9,60.5,663.8,0.654,1.03,5,2.35,38.3,10.02,3.14,759.1,0.387,34.7,-0.132,0.991,9.53,13.87,17.294107,4.751959686,1.229150657,11152000
14.5,2,593,1.06156579,0.301554725,1,1,38.563747,1.45200031,1,87.30864198,88.49382716,27,2.07,625.1,80.89,63.9,60.5,663.8,0.654,1.03,5,2.35,38.3,10.02,3.14,759.1,0.387,34.7,-0.132,0.991,8.78,16.68,17.294107,22.51871701,3.777310864,11152000
117.8,2,606,1.116518147,0.349672046,1,0,10.954941,1.60170771,1,98.70600414,96.37681159,69.85722222,2.07,625.1,80.89,63.9,60.5,663.8,0.654,1.03,5,2.35,38.3,10.02,3.14,759.1,0.387,34.7,-0.132,0.991,9.53,13.87,17.294107,3.129195329,0.717460317,11152000
126.3,2,615,1.087358538,0.305522823,1,1,38.563747,1.45200031,1,91.11111111,92.14814815,31,2.07,625.1,80.89,63.9,60.5,663.8,0.654,1.03,5,2.35,38.3,10.02,3.14,759.1,0.387,34.7,-0.132,0.991,8.78,16.68,17.294107,22.51871701,0.207751938,11152000
138.4,2,620,1.042672009,0.167801222,1,1,38.563747,1.45200031,1,75.85185185,74.91358025,18.5,2.07,625.1,80.89,63.9,60.5,663.8,0.654,1.03,5,2.35,38.3,10.02,3.14,759.1,0.387,34.7,-0.132,0.991,9.53,13.87,17.294107,22.51871701,4.87004457,11152000
42.8,2,652,1.070521071,0.230839886,1,1,38.563747,1.45200031,1,85.58024691,75.80246914,22,2.07,625.1,80.89,63.9,60.5,663.8,0.654,1.03,5,2.35,38.3,10.02,3.14,759.1,0.387,34.7,-0.132,0.991,11.91,5.11,17.294107,22.51871701,1.996760009,11152000
10,2,659,1.083718286,0.241344651,1,1,38.563747,1.45200031,1,86.96296296,80.49382716,44,2.07,625.1,80.89,63.9,60.5,663.8,0.654,1.03,5,2.35,38.3,10.02,3.14,759.1,0.387,34.7,-0.132,0.991,11.91,5.11,17.294107,22.51871701,1.15880473,11152000
8.4,2,807,1.100321644,0.304131296,1,1,7.156277,1.825105706,1,91.51094501,98.07794981,52.75,2.07,625.1,80.89,63.9,60.5,663.8,0.654,1.03,5,2.35,38.3,10.02,3.14,759.1,0.387,34.7,-0.132,0.991,11.39,9.04,17.294107,4.751959686,1.692018072,11152000
113.8,2,812,1.099305005,0.321169677,1,1,7.156277,1.825105706,1,84.14308596,82.91510945,27.96,2.07,625.1,80.89,63.9,60.5,663.8,0.654,1.03,5,2.35,38.3,10.02,3.14,759.1,0.387,34.7,-0.132,0.991,11.39,9.04,17.294107,4.751959686,0.451200415,11152000
66.5,2,814,1.109649129,0.31040789,1,1,7.156277,1.825105706,1,94.44741057,93.32621463,55.875,2.07,625.1,80.89,63.9,60.5,663.8,0.654,1.03,5,2.35,38.3,10.02,3.14,759.1,0.387,34.7,-0.132,0.991,8.57,12.76,17.294107,4.751959686,0.379844961,11152000
41.8,2,833,1.120228318,0.342174589,1,1,7.156277,1.825105706,1,88.14735718,76.61505606,36,2.07,625.1,80.89,63.9,60.5,663.8,0.654,1.03,5,2.35,38.3,10.02,3.14,759.1,0.387,34.7,-0.132,0.991,8.57,12.76,17.294107,4.751959686,1.126288324,11152000
148.4,2,846,1.119082981,0.361544461,1,1,7.156277,1.825105706,1,87.37319808,91.35077416,27,2.07,625.1,80.89,63.9,60.5,663.8,0.654,1.03,5,2.35,38.3,10.02,3.14,759.1,0.387,34.7,-0.132,0.991,8.25,16.63,17.294107,4.751959686,1.769148141,11152000
18.7,2,859,1.090892973,0.260846339,1,1,10.954941,1.60170771,1,98.91304348,96.6873706,70.8,2.07,625.1,80.89,63.9,60.5,663.8,0.654,1.03,5,2.35,38.3,10.02,3.14,759.1,0.387,34.7,-0.132,0.991,11.39,9.04,17.294107,3.129195329,0.41641791,11152000
0,2,897,1.104869195,0.307920031,1,1,10.954941,1.60170771,1,98.03312629,99.37888199,44.5,2.07,625.1,80.89,63.9,60.5,663.8,0.654,1.03,5,2.35,38.3,10.02,3.14,759.1,0.387,34.7,-0.132,0.991,8.25,16.63,17.294107,3.129195329,4.111111111,11152000
188.3,2,913,1.031454993,0.313453359,1,1,38.563747,1.45200031,1,78.19753086,69.08641975,31,2.07,625.1,80.89,63.9,60.5,663.8,0.654,1.03,5,2.35,38.3,10.02,3.14,759.1,0.387,34.7,-0.132,0.991,8.57,12.76,17.294107,22.51871701,0.67578458,11152000
59.3,2,917,1.133077835,0.418987985,1,1,38.563747,1.45200031,1,79.85185185,87.11111111,13.91666667,2.07,625.1,80.89,63.9,60.5,663.8,0.654,1.03,5,2.35,38.3,10.02,3.14,759.1,0.387,34.7,-0.132,0.991,8.57,12.76,17.294107,22.51871701,0.797149123,11152000
51.3,2,920,1.080911699,0.264542114,1,1,38.563747,1.45200031,1,81.48148148,75.7037037,23.66666667,2.07,625.1,80.89,63.9,60.5,663.8,0.654,1.03,5,2.35,38.3,10.02,3.14,759.1,0.387,34.7,-0.132,0.991,8.57,12.76,17.294107,22.51871701,1.082758621,11152000
56.4,2,924,1.040026861,0.218740406,1,1,38.563747,1.45200031,1,92.14814815,81.97530864,39.8,2.07,625.1,80.89,63.9,60.5,663.8,0.654,1.03,5,2.35,38.3,10.02,3.14,759.1,0.387,34.7,-0.132,0.991,8.25,16.63,17.294107,22.51871701,1.24,11152000
177,2,935,1.072958421,0.24231126,1,1,10.954941,1.60170771,1,98.3436853,96.48033126,51,2.07,625.1,80.89,63.9,60.5,663.8,0.654,1.03,5,2.35,38.3,10.02,3.14,759.1,0.387,34.7,-0.132,0.991,8.78,16.68,17.294107,3.129195329,0.808219178,11152000
0,2,968,1.107542799,0.34160587,1,1,38.563747,1.45200031,1,98.86419753,94.4691358,133,2.07,625.1,80.89,63.9,60.5,663.8,0.654,1.03,5,2.35,38.3,10.02,3.14,759.1,0.387,34.7,-0.132,0.991,8.78,16.68,17.294107,22.51871701,2.193548387,11152000
7.2,2,978,1.086613245,0.297079373,1,1,38.563747,1.45200031,1,86.44444444,78.66666667,38,2.07,625.1,80.89,63.9,60.5,663.8,0.654,1.03,5,2.35,38.3,10.02,3.14,759.1,0.387,34.7,-0.132,0.991,8.78,16.68,17.294107,22.51871701,3.518199609,11152000
181.9,2,1004,1.082645236,0.248098277,1,1,38.563747,1.45200031,1,90.17283951,83.01234568,59,2.07,625.1,80.89,63.9,60.5,663.8,0.654,1.03,5,2.35,38.3,10.02,3.14,759.1,0.387,34.7,-0.132,0.991,9.53,13.87,17.294107,22.51871701,7.390817469,11152000
0,2,1155,1.089994814,0.274817775,1,1,7.156277,1.825105706,1,98.39829151,92.68553123,58.8,2.07,625.1,80.89,63.9,60.5,663.8,0.654,1.03,5,2.35,38.3,10.02,3.14,759.1,0.387,34.7,-0.132,0.991,11.39,9.04,17.294107,4.751959686,3.296774194,11152000
185,2,1197,1.052703926,0.254544472,1,1,7.156277,1.825105706,1,83.10197544,90.54991991,9.5,2.07,625.1,80.89,63.9,60.5,663.8,0.654,1.03,5,2.35,38.3,10.02,3.14,759.1,0.387,34.7,-0.132,0.991,8.57,12.76,17.294107,4.751959686,1.508697556,11152000
73.8,2,1248,1.074623331,0.274759052,1,1,10.954941,1.60170771,1,78.77846791,89.54451346,24.93333333,2.07,625.1,80.89,63.9,60.5,663.8,0.654,1.03,5,2.35,38.3,10.02,3.14,759.1,0.387,34.7,-0.132,0.991,8.57,12.76,17.294107,3.129195329,0.784158416,11152000
3.8,2,1282,1.071885321,0.210119813,1,1,7.156277,1.825105706,1,85.95835558,84.73037907,20,2.07,625.1,80.89,63.9,60.5,663.8,0.654,1.03,5,2.35,38.3,10.02,3.14,759.1,0.387,34.7,-0.132,0.991,9.53,13.87,17.294107,4.751959686,2.18286214,11152000
160.3,2,1310,1.069825129,0.248495568,1,0,38.563747,1.45200031,1,87.85185185,86.12345679,35.95833333,2.07,625.1,80.89,63.9,60.5,663.8,0.654,1.03,5,2.35,38.3,10.02,3.14,759.1,0.387,34.7,-0.132,0.991,8.25,16.63,17.294107,22.51871701,5.324221233,11152000
56.7,2,1391,1.013450651,0.25562971,1,0,38.563747,1.45200031,1,84.81481481,79.90123457,44,2.07,625.1,80.89,63.9,60.5,663.8,0.654,1.03,5,2.35,38.3,10.02,3.14,759.1,0.387,34.7,-0.132,0.991,11.91,5.11,17.294107,22.51871701,1.218181818,11152000
102.7,2,1567,1.105650506,0.310193478,1,1,7.156277,1.825105706,1,92.55205553,85.42445275,41,2.07,625.1,80.89,63.9,60.5,663.8,0.654,1.03,5,2.35,38.3,10.02,3.14,759.1,0.387,34.7,-0.132,0.991,8.57,12.76,17.294107,4.751959686,0.118819652,11152000
196.4,2,1574,1.059323161,0.201161324,1,1,7.156277,1.825105706,1,84.67698879,86.27869728,44,2.07,625.1,80.89,63.9,60.5,663.8,0.654,1.03,5,2.35,38.3,10.02,3.14,759.1,0.387,34.7,-0.132,0.991,8.57,12.76,17.294107,4.751959686,0.882978723,11152000
28.3,1,582,1.038436777,0.120369503,1,1,7.751945,0.72069388,1,57.85797439,75.12611564,14.66666667,2.23,642.1,206.67,64.8,106,657.8,0.589,0.89,5,1.8,28.1,11.21,2.07,626.1,0.382,26.8,-0.449,-0.893,8.47,31.48,16.808763,1.580221149,1.205005991,11475800
49.5,1,584,1.006233787,0.086259631,1,1,7.751945,0.72069388,1,94.83896003,93.32557237,63,2.23,642.1,206.67,64.8,106,657.8,0.589,0.89,5,1.8,28.1,11.21,2.07,626.1,0.382,26.8,-0.449,-0.893,8.47,31.48,16.808763,1.580221149,17.42350061,11475800
173.3,1,589,1.028346654,0.104425055,1,1,7.751945,0.72069388,1,79.29763291,79.31703531,17,2.23,642.1,206.67,64.8,106,657.8,0.589,0.89,5,1.8,28.1,11.21,2.07,626.1,0.382,26.8,-0.449,-0.893,8.47,31.48,16.808763,1.580221149,1.832460733,11475800
54.1,1,600,1.011675722,0.094974557,1,1,7.751945,0.72069388,1,72.6814125,57.46992627,44,2.23,642.1,206.67,64.8,106,657.8,0.589,0.89,5,1.8,28.1,11.21,2.07,626.1,0.382,26.8,-0.449,-0.893,8.47,31.48,16.808763,1.580221149,1.560377006,11475800
129.1,1,809,0.993008506,0.122911476,1,1,7.751945,0.72069388,1,76.71711292,81.21847109,34.66666667,2.23,642.1,206.67,64.8,106,657.8,0.589,0.89,5,1.8,28.1,11.21,2.07,626.1,0.382,26.8,-0.449,-0.893,13.95,11.96,16.808763,1.580221149,0.926666667,11475800
86.6,1,967,1.018907884,0.09215284,1,1,7.751945,0.72069388,1,71.40085371,73.26348467,27.75,2.23,642.1,206.67,64.8,106,657.8,0.589,0.89,5,1.8,28.1,11.21,2.07,626.1,0.382,26.8,-0.449,-0.893,8.47,31.48,16.808763,1.580221149,1.96557467,11475800
0,1,980,1.014121958,0.0931231,1,1,7.751945,0.72069388,1,86.92277842,92.62708576,55,2.23,642.1,206.67,64.8,106,657.8,0.589,0.89,5,1.8,28.1,11.21,2.07,626.1,0.382,26.8,-0.449,-0.893,9.63,12.94,16.808763,1.580221149,0.751412429,11475800
114.4,1,1310,1.007106468,0.099365045,1,1,7.751945,0.72069388,1,77.9588669,69.4218083,20.96,2.23,642.1,206.67,64.8,106,657.8,0.589,0.89,5,1.8,28.1,11.21,2.07,626.1,0.382,26.8,-0.449,-0.893,8.47,31.48,16.808763,1.580221149,0.6187822,11475800
139.2,1,1332,0.971740119,0.097115072,1,1,7.751945,0.72069388,1,71.32324408,63.4846721,11.97388889,2.23,642.1,206.67,64.8,106,657.8,0.589,0.89,5,1.8,28.1,11.21,2.07,626.1,0.382,26.8,-0.449,-0.893,8.47,31.48,16.808763,1.580221149,0.563417214,11475800
13,1,1351,0.970790222,0.099385123,1,1,7.751945,0.72069388,1,69.59642996,87.27202173,29.96,2.23,642.1,206.67,64.8,106,657.8,0.589,0.89,5,1.8,28.1,11.21,2.07,626.1,0.382,26.8,-0.449,-0.893,9.63,12.94,16.808763,1.580221149,2.752752753,11475800
167.1,1,1699,1.004139752,0.072306901,1,1,7.751945,0.72069388,1,79.18121847,93.67481568,10.5,2.23,642.1,206.67,64.8,106,657.8,0.589,0.89,5,1.8,28.1,11.21,2.07,626.1,0.382,26.8,-0.449,-0.893,8.47,31.48,16.808763,1.580221149,0.619365609,11475800
86,1,1751,0.973807067,0.093246336,1,1,7.751945,0.72069388,1,90.29879705,93.79123011,16.96305556,2.23,642.1,206.67,64.8,106,657.8,0.589,0.89,5,1.8,28.1,11.21,2.07,626.1,0.382,26.8,-0.449,-0.893,12.91,6.76,16.808763,1.580221149,0.721204188,11475800
24,2,62,1.064272292,0.180592794,1,1,12.550943,0.240796008,1,88.28064765,93.52351581,45,1.41,650,68.34,45.4,34.7,663.4,0.69,1.22,4,1.67,44.6,9.91,2,1251.5,0.512,32.7,-1,0.016,6.83,9.22,16.054577,10.59078462,2.465346535,11113000
11.5,2,198,1.095155365,0.223365147,1,1,12.968352,1.380960091,1,87.23404255,91.1461908,20,1.41,650,68.34,45.4,34.7,663.4,0.69,1.22,4,1.67,44.6,9.91,2,1251.5,0.512,32.7,-1,0.016,6.83,9.22,16.054577,9.277615385,0.246721311,11113000
79.2,2,435,1.055745268,0.14666727,1,1,18.928716,1.316921813,1,93.43863913,95.018226,36.88916667,1.41,650,68.34,45.4,34.7,663.4,0.69,1.22,4,1.67,44.6,9.91,2,1251.5,0.512,32.7,-1,0.016,7.03,17.46,16.054577,9.616984615,3.268817204,11113000
4,2,437,1.076025222,0.245366986,1,1,12.550943,0.240796008,1,93.06090979,85.04240555,59,1.41,650,68.34,45.4,34.7,663.4,0.69,1.22,4,1.67,44.6,9.91,2,1251.5,0.512,32.7,-1,0.016,6.44,14.64,16.054577,10.59078462,5.152383626,11113000
23,2,552,0.998637714,0.245031803,1,1,12.550943,0.240796008,1,83.230532,95.14263685,47.8,1.41,650,68.34,45.4,34.7,663.4,0.69,1.22,4,1.67,44.6,9.91,2,1251.5,0.512,32.7,-1,0.016,10.45,3.09,16.054577,10.59078462,0.377868852,11113000
0,2,747,1.122193156,0.234879986,1,1,18.928716,1.316921813,1,91.43377886,80.55893074,40.66666667,1.41,650,68.34,45.4,34.7,663.4,0.69,1.22,4,1.67,44.6,9.91,2,1251.5,0.512,32.7,-1,0.016,6.83,9.22,16.054577,9.616984615,0.389814815,11113000
39,2,800,1.106167354,0.246943073,1,1,12.550943,0.240796008,1,71.81958365,82.72937548,13,1.41,650,68.34,45.4,34.7,663.4,0.69,1.22,4,1.67,44.6,9.91,2,1251.5,0.512,32.7,-1,0.016,6.83,9.22,16.054577,10.59078462,2.12195122,11113000
60,2,801,1.245767548,0.48993741,1,1,12.550943,0.240796008,1,89.78411719,92.13569776,38,1.41,650,68.34,45.4,34.7,663.4,0.69,1.22,4,1.67,44.6,9.91,2,1251.5,0.512,32.7,-1,0.016,6.44,14.64,16.054577,10.59078462,0.543661972,11113000
0,2,813,0.994126874,0.181172178,1,0,34.168763,0.626898493,1,90.58355438,81.76392573,46.875,1.41,650,68.34,45.4,34.7,663.4,0.69,1.22,4,1.67,44.6,9.91,2,1251.5,0.512,32.7,-1,0.016,10.02,5.32,16.054577,21.99904615,0.787162162,11113000
0.4,2,832,1.025231224,0.148239023,1,0,34.168763,0.626898493,1,88.22944297,89.58885942,38,1.41,650,68.34,45.4,34.7,663.4,0.69,1.22,4,1.67,44.6,9.91,2,1251.5,0.512,32.7,-1,0.016,6.83,9.22,16.054577,21.99904615,2.438024629,11113000
32.2,2,838,1.090215511,0.200860842,1,1,18.928716,1.316921813,1,86.66464156,91.98055893,27.9,1.41,650,68.34,45.4,34.7,663.4,0.69,1.22,4,1.67,44.6,9.91,2,1251.5,0.512,32.7,-1,0.016,8.13,13.21,16.054577,9.616984615,0.495901639,11113000
257.5,2,855,1.043719367,0.189236606,1,1,18.928716,1.316921813,1,88.88213852,75.82017011,65.5,1.41,650,68.34,45.4,34.7,663.4,0.69,1.22,4,1.67,44.6,9.91,2,1251.5,0.512,32.7,-1,0.016,10.45,3.09,16.054577,9.616984615,0.554527655,11113000
242.7,2,861,1.097820487,0.243374235,1,1,12.550943,0.240796008,1,69.66075559,62.52891288,29,1.41,650,68.34,45.4,34.7,663.4,0.69,1.22,4,1.67,44.6,9.91,2,1251.5,0.512,32.7,-1,0.016,8.13,13.21,16.054577,10.59078462,1.598746082,11113000
3.3,2,886,1.056813971,0.179026867,1,1,12.550943,0.240796008,1,96.06784888,97.14726291,40,1.41,650,68.34,45.4,34.7,663.4,0.69,1.22,4,1.67,44.6,9.91,2,1251.5,0.512,32.7,-1,0.016,8.13,13.21,16.054577,10.59078462,4.076923077,11113000
230.5,2,890,1.205165582,0.417570127,1,1,12.550943,0.240796008,1,65.80570547,49.57594449,35.9525,1.41,650,68.34,45.4,34.7,663.4,0.69,1.22,4,1.67,44.6,9.91,2,1251.5,0.512,32.7,-1,0.016,8.13,13.21,16.054577,10.59078462,1.137135922,11113000
46,2,893,1.181912699,0.373126769,1,1,12.550943,0.240796008,1,96.83885891,85.58211257,75.5,1.41,650,68.34,45.4,34.7,663.4,0.69,1.22,4,1.67,44.6,9.91,2,1251.5,0.512,32.7,-1,0.016,10.45,3.09,16.054577,10.59078462,9.449152542,11113000
33.6,2,896,1.166351504,0.346180024,1,0,34.168763,0.626898493,1,87.33421751,88.39522546,20,1.41,650,68.34,45.4,34.7,663.4,0.69,1.22,4,1.67,44.6,9.91,2,1251.5,0.512,32.7,-1,0.016,7.03,17.46,16.054577,21.99904615,34.97800587,11113000
75.6,2,1193,1.074327023,0.194561651,1,1,34.168763,0.626898493,1,92.20822281,88.59416446,63.83333333,1.41,650,68.34,45.4,34.7,663.4,0.69,1.22,4,1.67,44.6,9.91,2,1251.5,0.512,32.7,-1,0.016,6.83,9.22,16.054577,21.99904615,1.46953405,11113000
278.7,2,1234,1.120650516,0.251297918,1,1,34.168763,0.626898493,1,86.47214854,94.36339523,21.5,1.41,650,68.34,45.4,34.7,663.4,0.69,1.22,4,1.67,44.6,9.91,2,1251.5,0.512,32.7,-1,0.016,6.44,14.64,16.054577,21.99904615,4.396226415,11113000
0,2,1249,1.134270083,0.286099209,1,1,34.168763,0.626898493,1,91.11405836,78.11671088,76,1.41,650,68.34,45.4,34.7,663.4,0.69,1.22,4,1.67,44.6,9.91,2,1251.5,0.512,32.7,-1,0.016,7.03,17.46,16.054577,21.99904615,2.12962963,11113000
5.2,2,1625,0.999718664,0.169380887,1,1,34.168763,0.626898493,1,89.42307692,88.12997347,26.66666667,1.41,650,68.34,45.4,34.7,663.4,0.69,1.22,4,1.67,44.6,9.91,2,1251.5,0.512,32.7,-1,0.016,7.03,17.46,16.054577,21.99904615,0.216998192,11113000
103.2,2,1627,1.145133145,0.347112921,1,1,34.168763,0.626898493,1,90.15251989,92.04244032,74,1.41,650,68.34,45.4,34.7,663.4,0.69,1.22,4,1.67,44.6,9.91,2,1251.5,0.512,32.7,-1,0.016,7.03,17.46,16.054577,21.99904615,1.15306544,11113000
17.9,2,1657,1.061822374,0.19384261,1,1,34.168763,0.626898493,1,99.27055703,98.34217507,65.5,1.41,650,68.34,45.4,34.7,663.4,0.69,1.22,4,1.67,44.6,9.91,2,1251.5,0.512,32.7,-1,0.016,8.13,13.21,16.054577,21.99904615,10.91477135,11113000
477.6,2,1662,1.021107148,0.223724624,1,1,34.168763,0.626898493,1,89.9867374,86.33952255,38,1.41,650,68.34,45.4,34.7,663.4,0.69,1.22,4,1.67,44.6,9.91,2,1251.5,0.512,32.7,-1,0.016,8.13,13.21,16.054577,21.99904615,5.674796748,11113000
4.5,2,1798,1.046522446,0.163348776,1,1,18.928716,1.316921813,1,92.527339,91.37302552,60,1.41,650,68.34,45.4,34.7,663.4,0.69,1.22,4,1.67,44.6,9.91,2,1251.5,0.512,32.7,-1,0.016,10.02,5.32,16.054577,9.616984615,0.16980198,11113000
36.7,2,91,1.00967161,0.117158918,1,1,12.714225,1.001456134,1,94.75218659,86.44314869,35,2.06,652.2,100.52,64.6,68.1,730.4,0.63,0.68,4,1.71,30,13.03,1.22,155.1,0.185,9.2,-0.054,-0.999,8.21,20.47,16.611166,3.795124195,0.569444444,11466800
15.3,2,121,1.003568996,0.090924988,1,0,13.403992,2.005967198,1,89.90228013,87.15681712,61.66666667,2.06,652.2,100.52,64.6,68.1,730.4,0.63,0.68,4,1.71,30,13.03,1.22,155.1,0.185,9.2,-0.054,-0.999,8.21,20.47,16.611166,7.898942042,0.77235382,11466800
0,2,178,0.985244576,0.089549219,1,1,12.714225,1.001456134,1,94.82507289,90.03887269,45,2.06,652.2,100.52,64.6,68.1,730.4,0.63,0.68,4,1.71,30,13.03,1.22,155.1,0.185,9.2,-0.054,-0.999,12.84,5.4,16.611166,3.795124195,2.510540254,11466800
47.4,2,454,1.024003382,0.111343269,1,1,12.714225,1.001456134,1,93.14868805,95.14091351,16.94138889,2.06,652.2,100.52,64.6,68.1,730.4,0.63,0.68,4,1.71,30,13.03,1.22,155.1,0.185,9.2,-0.054,-0.999,8.21,20.47,16.611166,3.795124195,0.19266055,11466800
64.7,2,491,0.995107774,0.091131257,1,1,12.714225,1.001456134,1,98.25072886,99.75704568,47.85722222,2.06,652.2,100.52,64.6,68.1,730.4,0.63,0.68,4,1.71,30,13.03,1.22,155.1,0.185,9.2,-0.054,-0.999,9.93,19.46,16.611166,3.795124195,0.415044248,11466800
65.5,2,513,1.001112533,0.161309023,1,1,12.714225,1.001456134,1,82.72594752,97.32750243,37.5,2.06,652.2,100.52,64.6,68.1,730.4,0.63,0.68,4,1.71,30,13.03,1.22,155.1,0.185,9.2,-0.054,-0.999,11.27,16.5,16.611166,3.795124195,6.450879288,11466800
138.9,1,269,1.113929655,0.269999804,1,1,81.178779,1.006824326,1,92.28650138,89.43150513,27.94138889,2.39,702.6,309.76,70.5,152.8,633.4,0.474,0.61,4,2.78,43.6,10.25,1.24,671.2,0.431,36.5,-0.474,-0.88,8.79,23.56,12.840941,57.18138343,1.443298969,14400000
186.1,1,645,1.093681077,0.248910709,1,1,74.637963,1.39924243,1,97.20121029,83.25769037,90,2.39,702.6,309.76,70.5,152.8,633.4,0.474,0.61,4,2.78,43.6,10.25,1.24,671.2,0.431,36.5,-0.474,-0.88,8.79,23.56,12.840941,38.27613151,2.87753236,14400000
212.8,1,1000,1.049615693,0.224438493,1,0,74.637963,1.39924243,1,92.41048916,91.04891578,27.8,2.39,702.6,309.76,70.5,152.8,633.4,0.474,0.61,4,2.78,43.6,10.25,1.24,671.2,0.431,36.5,-0.474,-0.88,8.79,23.56,12.840941,38.27613151,0.691860465,14400000
0,1,1036,1.100146105,0.287940273,1,0,74.637963,1.39924243,1,95.44881493,86.68683812,126,2.39,702.6,309.76,70.5,152.8,633.4,0.474,0.61,4,2.78,43.6,10.25,1.24,671.2,0.431,36.5,-0.474,-0.88,12.1,15.91,12.840941,38.27613151,3.208092486,14400000
128.3,1,1743,1.164542122,0.381310044,1,1,81.178779,1.006824326,1,82.51940897,81.26721763,47.85722222,2.39,702.6,309.76,70.5,152.8,633.4,0.474,0.61,4,2.78,43.6,10.25,1.24,671.2,0.431,36.5,-0.474,-0.88,8.79,23.56,12.840941,57.18138343,7.923076923,14400000
94.2,1,1758,1.116143138,0.278126303,1,1,81.178779,1.006824326,1,93.93939394,83.17054846,116.5,2.39,702.6,309.76,70.5,152.8,633.4,0.474,0.61,4,2.78,43.6,10.25,1.24,671.2,0.431,36.5,-0.474,-0.88,12.1,15.91,12.840941,57.18138343,2.084918656,14400000
9,1,777,1.124899232,0.347590155,1,1,10.319266,0.492347313,1,83.1283628,85.6264412,95.5,1.86,716.4,98.02,59.8,85.2,431.7,0.457,0.84,5,1.42,68.4,9.81,7.37,2410.5,0.42,29.6,0.895,0.445,14.15,2.21,17.280325,4.147236181,0.370886076,10308200
49.7,1,1442,1.068580438,0.34441102,1,1,10.319266,0.492347313,1,51.30668716,58.53189854,8,1.86,716.4,98.02,59.8,85.2,431.7,0.457,0.84,5,1.42,68.4,9.81,7.37,2410.5,0.42,29.6,0.895,0.445,10.54,2.39,17.280325,4.147236181,6.641221374,10308200
141.1,2,157,1.048512514,0.136502633,1,1,16.457797,0.447891372,1,89.49964764,89.21775899,43.5,1.89,718.1,79.99,52.6,34.3,660.8,0.712,1.27,5,1.39,25.8,9.92,1.14,934.1,0.378,31.2,-0.578,-0.816,8.31,17.22,18.753658,5.452388247,0.820895522,11123500
481.1,2,206,1.042723527,0.171046864,1,1,47.106742,1.207876628,1,97.90454016,94.17927823,55,1.89,718.1,79.99,52.6,34.3,660.8,0.712,1.27,5,1.39,25.8,9.92,1.14,934.1,0.378,31.2,-0.578,-0.816,8.31,17.22,18.753658,44.25628743,19.21052632,11123500
240,2,407,1.005544882,0.128740901,1,1,11.243107,1.233641415,1,96.99570815,98.42632332,26.5,1.89,718.1,79.99,52.6,34.3,660.8,0.712,1.27,5,1.39,25.8,9.92,1.14,934.1,0.378,31.2,-0.578,-0.816,8.31,17.22,18.753658,7.580629439,2.407239819,11123500
77.8,2,435,1.011400206,0.104946963,1,1,11.243107,1.233641415,1,90.05722461,96.70958512,34.97694444,1.89,718.1,79.99,52.6,34.3,660.8,0.712,1.27,5,1.39,25.8,9.92,1.14,934.1,0.378,31.2,-0.578,-0.816,8.67,20.64,18.753658,7.580629439,0.199056604,11123500
191.1,2,455,1.036732705,0.174898773,1,1,11.243107,1.233641415,1,89.41344778,89.12732475,35.66666667,1.89,718.1,79.99,52.6,34.3,660.8,0.712,1.27,5,1.39,25.8,9.92,1.14,934.1,0.378,31.2,-0.578,-0.816,9.59,16.27,18.753658,7.580629439,0.47834275,11123500
148.6,2,750,1.031537463,0.100721852,1,1,11.243107,1.233641415,1,82.22460658,88.12589413,18.66666667,1.89,718.1,79.99,52.6,34.3,660.8,0.712,1.27,5,1.39,25.8,9.92,1.14,934.1,0.378,31.2,-0.578,-0.816,8.52,11.34,18.753658,7.580629439,0.751963478,11123500
0.5,2,852,0.968032152,0.126497927,1,1,11.243107,1.233641415,1,92.6323319,95.56509299,29.92861111,1.89,718.1,79.99,52.6,34.3,660.8,0.712,1.27,5,1.39,25.8,9.92,1.14,934.1,0.378,31.2,-0.578,-0.816,11.91,3.74,18.753658,7.580629439,15.85325743,11123500
281.5,2,855,1.098397395,0.265728752,1,1,11.243107,1.233641415,1,87.62517883,74.67811159,54.94138889,1.89,718.1,79.99,52.6,34.3,660.8,0.712,1.27,5,1.39,25.8,9.92,1.14,934.1,0.378,31.2,-0.578,-0.816,11.91,3.74,18.753658,7.580629439,0.189735099,11123500
178.9,2,930,1.015413141,0.125453544,1,1,47.106742,1.207876628,1,94.17927823,94.99417928,47.75,1.89,718.1,79.99,52.6,34.3,660.8,0.712,1.27,5,1.39,25.8,9.92,1.14,934.1,0.378,31.2,-0.578,-0.816,8.31,17.22,18.753658,44.25628743,1.350993377,11123500
28.2,2,968,1.020723213,0.121390205,1,1,47.106742,1.207876628,1,93.30616997,93.36437718,31,1.89,718.1,79.99,52.6,34.3,660.8,0.712,1.27,5,1.39,25.8,9.92,1.14,934.1,0.378,31.2,-0.578,-0.816,8.67,20.64,18.753658,44.25628743,40.72727273,11123500
38.9,2,1274,1.030315718,0.210017085,1,1,47.106742,1.207876628,1,76.3096624,82.94528522,19,1.89,718.1,79.99,52.6,34.3,660.8,0.712,1.27,5,1.39,25.8,9.92,1.14,934.1,0.378,31.2,-0.578,-0.816,8.52,11.34,18.753658,44.25628743,1.141141141,11123500
44,2,1278,1.01333716,0.175063019,1,1,47.106742,1.207876628,1,86.20488941,87.31082654,26.92333333,1.89,718.1,79.99,52.6,34.3,660.8,0.712,1.27,5,1.39,25.8,9.92,1.14,934.1,0.378,31.2,-0.578,-0.816,8.31,17.22,18.753658,44.25628743,1.262458472,11123500
513.7,2,1359,1.043148603,0.184405087,1,1,47.106742,1.207876628,1,85.56461001,80.50058207,37,1.89,718.1,79.99,52.6,34.3,660.8,0.712,1.27,5,1.39,25.8,9.92,1.14,934.1,0.378,31.2,-0.578,-0.816,9.59,16.27,18.753658,44.25628743,3.983333333,11123500
175.5,1,99,1.045935078,0.343954556,1,0,10.452957,1.515753581,1,92.92952038,98.60391804,29,2,726.9,99.32,50.6,102.4,399.5,0.122,0.66,4,1.3,63.2,9.73,5.26,2968.1,0.436,31.2,-0.871,-0.491,9.26,7.87,11.980939,4.768551383,3.677539566,9342500
32.2,1,473,0.989102413,0.715607294,1,1,10.452957,1.515753581,1,85.45372664,92.79441567,36.9375,2,726.9,99.32,50.6,102.4,399.5,0.122,0.66,4,1.3,63.2,9.73,5.26,2968.1,0.436,31.2,-0.871,-0.491,9.26,7.87,11.980939,4.768551383,0.894977169,9342500
10.6,1,761,0.929883827,0.327519421,1,1,10.452957,1.515753581,1,80.43233506,91.24071155,43,2,726.9,99.32,50.6,102.4,399.5,0.122,0.66,4,1.3,63.2,9.73,5.26,2968.1,0.436,31.2,-0.871,-0.491,13.75,7.06,11.980939,4.768551383,6.50887574,9342500
77.5,1,1174,1.022893089,0.147412058,1,1,10.452957,1.515753581,1,75.46723711,84.28281918,71.5,2,726.9,99.32,50.6,102.4,399.5,0.122,0.66,4,1.3,63.2,9.73,5.26,2968.1,0.436,31.2,-0.871,-0.491,12.81,9.42,11.980939,4.768551383,0.848049281,9342500
10.2,1,1215,1.047683448,0.275504327,1,1,10.452957,1.515753581,1,83.26953389,80.49988741,47.83333333,2,726.9,99.32,50.6,102.4,399.5,0.122,0.66,4,1.3,63.2,9.73,5.26,2968.1,0.436,31.2,-0.871,-0.491,4.16,9.2,11.980939,4.768551383,1.503807107,9342500
136.3,2,125,1.022397717,0.221215062,1,1,14.684484,0.673222561,1,87.53453039,79.14364641,64,2,728.9,69.82,57.6,39.6,665.2,0.686,1.16,5,1.44,28.2,9.8,1.39,994.2,0.424,34.2,0.199,-0.98,8.18,9.48,16.60856,3.72223899,0.236097561,11138500
462.1,2,206,1.089242545,0.31843895,1,1,43.010103,1.393757,1,98.12393405,96.64582149,56.8,2,728.9,69.82,57.6,39.6,665.2,0.686,1.16,5,1.44,28.2,9.8,1.39,994.2,0.424,34.2,0.199,-0.98,8.07,14.16,16.60856,35.43658938,2.734177215,11138500
54.1,2,512,1.059967567,0.329849128,1,1,14.684484,0.673222561,1,78.41850829,92.05801105,29.75,2,728.9,69.82,57.6,39.6,665.2,0.686,1.16,5,1.44,28.2,9.8,1.39,994.2,0.424,34.2,0.199,-0.98,8.07,14.16,16.60856,3.72223899,1.311643836,11138500
204.8,2,529,1.073002381,0.275394576,1,1,5.562678,0.956816384,1,99.20977011,98.85057471,92,2,728.9,69.82,57.6,39.6,665.2,0.686,1.16,5,1.44,28.2,9.8,1.39,994.2,0.424,34.2,0.199,-0.98,9.16,14.96,16.60856,2.931760187,2.751054852,11138500
0,2,566,1.026493054,0.258349104,1,1,14.684484,0.673222561,1,93.99171271,94.47513812,26,2,728.9,69.82,57.6,39.6,665.2,0.686,1.16,5,1.44,28.2,9.8,1.39,994.2,0.424,34.2,0.199,-0.98,8.21,17.01,16.60856,3.72223899,4.621962747,11138500
227.4,2,862,1.034839215,0.236031898,1,1,5.562678,0.956816384,1,84.1954023,84.77011494,33,2,728.9,69.82,57.6,39.6,665.2,0.686,1.16,5,1.44,28.2,9.8,1.39,994.2,0.424,34.2,0.199,-0.98,8.21,17.01,16.60856,2.931760187,0.202439024,11138500
35.8,2,1152,1.055630894,0.241724643,1,1,5.562678,0.956816384,1,96.47988506,95.61781609,53.96166667,2,728.9,69.82,57.6,39.6,665.2,0.686,1.16,5,1.44,28.2,9.8,1.39,994.2,0.424,34.2,0.199,-0.98,11,5.11,16.60856,2.931760187,2.894736842,11138500
51.5,2,1207,1.080278292,0.286581676,1,1,5.562678,0.956816384,1,78.3045977,53.73563218,33.875,2,728.9,69.82,57.6,39.6,665.2,0.686,1.16,5,1.44,28.2,9.8,1.39,994.2,0.424,34.2,0.199,-0.98,8.07,14.16,16.60856,2.931760187,2.643946635,11138500
68.7,2,1213,1.051232306,0.257645289,1,1,5.562678,0.956816384,1,92.60057471,73.13218391,84.66666667,2,728.9,69.82,57.6,39.6,665.2,0.686,1.16,5,1.44,28.2,9.8,1.39,994.2,0.424,34.2,0.199,-0.98,8.07,14.16,16.60856,2.931760187,0.515254237,11138500
158.6,2,1218,1.086757108,0.320664975,1,1,5.562678,0.956816384,1,87.42816092,75,46.98888889,2,728.9,69.82,57.6,39.6,665.2,0.686,1.16,5,1.44,28.2,9.8,1.39,994.2,0.424,34.2,0.199,-0.98,8.07,14.16,16.60856,2.931760187,0.577966102,11138500
90.2,1,35,1.027955885,0.730943178,0.957264957,0,33.497407,1.389714454,1,63.55677155,82.81805746,23,1.91,750.9,58.79,40.7,71.3,676.3,0.147,0.83,4,1.76,37.1,10.42,0.91,1747.1,0.582,19.4,-0.996,0.088,22.3,5.81,18.999934,23.57343188,2.053941909,9497800
5.7,1,397,0.948084649,0.282519788,1,1,33.497407,1.389714454,1,49.24760602,40.35567715,13.875,1.91,750.9,58.79,40.7,71.3,676.3,0.147,0.83,4,1.76,37.1,10.42,0.91,1747.1,0.582,19.4,-0.996,0.088,22.3,5.81,18.999934,23.57343188,43.90909091,9497800
75.9,1,405,1.167316955,0.517156279,1,1,33.497407,1.389714454,1,95.43091655,90.99863201,24.85722222,1.91,750.9,58.79,40.7,71.3,676.3,0.147,0.83,4,1.76,37.1,10.42,0.91,1747.1,0.582,19.4,-0.996,0.088,22.3,5.81,18.999934,23.57343188,1.751978892,9497800
22.5,1,446,0.935580006,0.27676955,1,1,33.497407,1.389714454,1,29.4254446,52.22982216,4.889166667,1.91,750.9,58.79,40.7,71.3,676.3,0.147,0.83,4,1.76,37.1,10.42,0.91,1747.1,0.582,19.4,-0.996,0.088,18.22,5.02,18.999934,23.57343188,17.36363636,9497800
8.5,1,990,1.04624441,0.192140903,1,1,33.497407,1.389714454,1,98.05745554,92.80437756,61,1.91,750.9,58.79,40.7,71.3,676.3,0.147,0.83,4,1.76,37.1,10.42,0.91,1747.1,0.582,19.4,-0.996,0.088,5.95,6.66,18.999934,23.57343188,0.694117647,9497800
137.1,1,1511,1.054012314,0.384023425,1,0,33.497407,1.389714454,1,94.80164159,92.28454172,17.93333333,1.91,750.9,58.79,40.7,71.3,676.3,0.147,0.83,4,1.76,37.1,10.42,0.91,1747.1,0.582,19.4,-0.996,0.088,21.15,8.6,18.999934,23.57343188,0.877192982,9497800
195.7,1,1512,1.017840781,0.573310597,0.994301994,0,33.497407,1.389714454,1,67.70177839,71.87414501,17,1.91,750.9,58.79,40.7,71.3,676.3,0.147,0.83,4,1.76,37.1,10.42,0.91,1747.1,0.582,19.4,-0.996,0.088,21.15,8.6,18.999934,23.57343188,2.613065327,9497800
81.7,1,1529,1.060858931,0.275473759,1,0,33.497407,1.389714454,1,90.86183311,94.88372093,12,1.91,750.9,58.79,40.7,71.3,676.3,0.147,0.83,4,1.76,37.1,10.42,0.91,1747.1,0.582,19.4,-0.996,0.088,21.15,8.6,18.999934,23.57343188,2.926070039,9497800
10.1,1,1570,0.961897072,0.174740892,1,1,33.497407,1.389714454,1,97.59233926,94.1997264,32.90916667,1.91,750.9,58.79,40.7,71.3,676.3,0.147,0.83,4,1.76,37.1,10.42,0.91,1747.1,0.582,19.4,-0.996,0.088,12.52,5.47,18.999934,23.57343188,4.530864198,9497800
93.1,2,155,1.165045573,0.495113846,1,1,5.778692,1.628838967,1,98.33601718,95.00805153,79,1.67,771.5,74.52,63.7,58.2,676.7,0.652,1.04,6,2.02,38.4,10.1,2.9,674.8,0.359,31.4,0.227,0.974,9.08,15.41,17.029979,3.832378483,0.602941176,11152050
208.9,2,166,1.093482928,0.296577378,1,1,5.778692,1.628838967,1,89.21095008,95.33011272,39,1.67,771.5,74.52,63.7,58.2,676.7,0.652,1.04,6,2.02,38.4,10.1,2.9,674.8,0.359,31.4,0.227,0.974,9.08,15.41,17.029979,3.832378483,2.213235294,11152050
130.3,2,171,1.13158781,0.399566664,1,1,5.778692,1.628838967,1,90.06977992,88.88888889,29,1.67,771.5,74.52,63.7,58.2,676.7,0.652,1.04,6,2.02,38.4,10.1,2.9,674.8,0.359,31.4,0.227,0.974,9.08,15.41,17.029979,3.832378483,0.590361446,11152050
0,2,246,1.172913399,0.528675377,1,1,31.232187,1.394009406,1,92.25806452,83.77171216,43.66666667,1.67,771.5,74.52,63.7,58.2,676.7,0.652,1.04,6,2.02,38.4,10.1,2.9,674.8,0.359,31.4,0.227,0.974,9.08,15.41,17.029979,18.24777706,0.615038871,11152050
12.5,2,253,1.119009146,0.328578013,1,1,31.232187,1.394009406,1,95.58312655,75.43424318,65.92333333,1.67,771.5,74.52,63.7,58.2,676.7,0.652,1.04,6,2.02,38.4,10.1,2.9,674.8,0.359,31.4,0.227,0.974,9.8,12.93,17.029979,18.24777706,0.581850534,11152050
16.1,2,519,1.106656543,0.335687627,1,1,5.778692,1.628838967,1,90.90177134,81.58883521,62.5,1.67,771.5,74.52,63.7,58.2,676.7,0.652,1.04,6,2.02,38.4,10.1,2.9,674.8,0.359,31.4,0.227,0.974,9.08,15.41,17.029979,3.832378483,0.298930481,11152050
137.2,2,534,1.110915542,0.350397079,1,1,5.778692,1.628838967,1,77.69726248,74.02039721,21.75,1.67,771.5,74.52,63.7,58.2,676.7,0.652,1.04,6,2.02,38.4,10.1,2.9,674.8,0.359,31.4,0.227,0.974,9.08,15.41,17.029979,3.832378483,0.521666667,11152050
40.9,2,535,1.108354032,0.313588258,1,0,8.868908,1.491041107,1,97.65868887,87.92924037,56,1.67,771.5,74.52,63.7,58.2,676.7,0.652,1.04,6,2.02,38.4,10.1,2.9,674.8,0.359,31.4,0.227,0.974,8.44,15.13,17.029979,2.523499676,2.877094972,11152050
29.5,2,612,1.152393811,0.480086796,1,1,31.232187,1.394009406,1,90.34739454,82.77915633,30.8,1.67,771.5,74.52,63.7,58.2,676.7,0.652,1.04,6,2.02,38.4,10.1,2.9,674.8,0.359,31.4,0.227,0.974,9.08,15.41,17.029979,18.24777706,0.994652406,11152050
139.6,2,620,1.061213606,0.217122598,1,1,31.232187,1.394009406,1,75.75682382,74.78908189,18.5,1.67,771.5,74.52,63.7,58.2,676.7,0.652,1.04,6,2.02,38.4,10.1,2.9,674.8,0.359,31.4,0.227,0.974,9.8,12.93,17.029979,18.24777706,0.548387097,11152050
43,2,652,1.096402268,0.290520192,1,1,31.232187,1.394009406,1,85.50868486,75.68238213,22,1.67,771.5,74.52,63.7,58.2,676.7,0.652,1.04,6,2.02,38.4,10.1,2.9,674.8,0.359,31.4,0.227,0.974,12.1,4.74,17.029979,18.24777706,0.673796791,11152050
11.5,2,659,1.108096265,0.30645744,1,1,31.232187,1.394009406,1,86.89826303,80.39702233,44,1.67,771.5,74.52,63.7,58.2,676.7,0.652,1.04,6,2.02,38.4,10.1,2.9,674.8,0.359,31.4,0.227,0.974,12.1,4.74,17.029979,18.24777706,0.563517101,11152050
6.2,2,909,1.08576348,0.278161143,1,1,31.232187,1.394009406,1,96.17866005,79.70223325,93.8,1.67,771.5,74.52,63.7,58.2,676.7,0.652,1.04,6,2.02,38.4,10.1,2.9,674.8,0.359,31.4,0.227,0.974,8.75,11.74,17.029979,18.24777706,0.270462633,11152050
52.2,2,920,1.08041161,0.283463762,1,1,31.232187,1.394009406,1,81.38957816,75.58312655,25,1.67,771.5,74.52,63.7,58.2,676.7,0.652,1.04,6,2.02,38.4,10.1,2.9,674.8,0.359,31.4,0.227,0.974,8.75,11.74,17.029979,18.24777706,3.713753988,11152050
56.7,2,924,1.06624458,0.273212507,1,1,31.232187,1.394009406,1,92.10918114,81.88585608,39.8,1.67,771.5,74.52,63.7,58.2,676.7,0.652,1.04,6,2.02,38.4,10.1,2.9,674.8,0.359,31.4,0.227,0.974,8.44,15.13,17.029979,18.24777706,0.505961845,11152050
181.8,2,935,1.109155525,0.320734679,1,1,8.868908,1.491041107,1,98.33506764,96.46201873,51,1.67,771.5,74.52,63.7,58.2,676.7,0.652,1.04,6,2.02,38.4,10.1,2.9,674.8,0.359,31.4,0.227,0.974,9.08,15.41,17.029979,2.523499676,0.634408602,11152050
96.5,2,953,1.121909684,0.351934405,1,1,8.868908,1.491041107,1,89.15192508,98.12695109,27,1.67,771.5,74.52,63.7,58.2,676.7,0.652,1.04,6,2.02,38.4,10.1,2.9,674.8,0.359,31.4,0.227,0.974,9.8,12.93,17.029979,2.523499676,1.095588235,11152050
0,2,968,1.120815014,0.380906245,1,1,31.232187,1.394009406,1,98.85856079,94.44168734,133,1.67,771.5,74.52,63.7,58.2,676.7,0.652,1.04,6,2.02,38.4,10.1,2.9,674.8,0.359,31.4,0.227,0.974,9.08,15.41,17.029979,18.24777706,3.698264352,11152050
7.2,2,978,1.117104066,0.362237471,1,1,31.232187,1.394009406,1,86.37717122,78.56079404,38,1.67,771.5,74.52,63.7,58.2,676.7,0.652,1.04,6,2.02,38.4,10.1,2.9,674.8,0.359,31.4,0.227,0.974,9.08,15.41,17.029979,18.24777706,2.111526995,11152050
0,2,1155,1.112820776,0.331916266,1,1,5.778692,1.628838967,1,98.38969404,92.64626946,58.8,1.67,771.5,74.52,63.7,58.2,676.7,0.652,1.04,6,2.02,38.4,10.1,2.9,674.8,0.359,31.4,0.227,0.974,11.56,8.34,17.029979,3.832378483,6.08811749,11152050
29,2,1191,1.126520507,0.361890456,1,1,5.778692,1.628838967,1,96.24261943,97.42351047,58.93333333,1.67,771.5,74.52,63.7,58.2,676.7,0.652,1.04,6,2.02,38.4,10.1,2.9,674.8,0.359,31.4,0.227,0.974,8.75,11.74,17.029979,3.832378483,3.235862069,11152050
185,2,1197,1.07429652,0.290683313,1,1,5.778692,1.628838967,1,82.95759528,90.49919485,9.5,1.67,771.5,74.52,63.7,58.2,676.7,0.652,1.04,6,2.02,38.4,10.1,2.9,674.8,0.359,31.4,0.227,0.974,8.75,11.74,17.029979,3.832378483,0.995983936,11152050
49.4,2,1204,1.077361694,0.291998138,1,1,5.778692,1.628838967,1,88.99624262,90.98228663,94,1.67,771.5,74.52,63.7,58.2,676.7,0.652,1.04,6,2.02,38.4,10.1,2.9,674.8,0.359,31.4,0.227,0.974,8.75,11.74,17.029979,3.832378483,1.584745763,11152050
3.8,2,1282,1.10171682,0.286603449,1,1,5.778692,1.628838967,1,85.88298443,84.64841653,20,1.67,771.5,74.52,63.7,58.2,676.7,0.652,1.04,6,2.02,38.4,10.1,2.9,674.8,0.359,31.4,0.227,0.974,9.8,12.93,17.029979,3.832378483,4.333333333,11152050
261.8,1,1627,0.939409539,0.257856309,1,1,25.346613,0.9934997,1,98.91411649,96.97268838,29.75,2,843.2,45.1,50.1,51,797.4,0.465,1.03,6,2,15.9,11.31,1.46,1512.1,0.403,10.5,0.526,0.85,15.52,3.36,22.253605,15.1032851,1.735384615,8405105
15,1,307,1.055181332,0.163154732,1,0,12.778938,0.495121762,1,82.89405685,77.13178295,23,1.58,853.1,99.75,62.5,123.4,436.6,0.305,0.86,5,1.41,68.8,9.9,12.31,1943.6,0.492,32.1,0.998,0.07,10.16,6.17,16.387158,4.408639081,4.000878108,13310700
50.7,1,43,0.958714275,0.417240983,1,0,14.01843,0.732598338,1,69.76941748,76.69902913,10.75,1.26,880.8,84.75,52.5,111.4,398.1,0.068,0.52,4,1.22,64.3,9.73,2.39,3029.5,0.446,33.4,-0.998,-0.061,13.38,7.21,9.979675,8.226089918,6.470588235,9353800
72,1,433,1.162407197,0.781835695,0.979102167,0,14.01843,0.732598338,0.967213115,51.00728155,56.65048544,20,1.26,880.8,84.75,52.5,111.4,398.1,0.068,0.52,4,1.22,64.3,9.73,2.39,3029.5,0.446,33.4,-0.998,-0.061,12.37,8.92,9.979675,8.226089918,10.14925373,9353800
102.9,1,456,1.047619652,0.173804388,1,0,14.01843,0.732598338,1,98.73786408,99.12621359,64,1.26,880.8,84.75,52.5,111.4,398.1,0.068,0.52,4,1.22,64.3,9.73,2.39,3029.5,0.446,33.4,-0.998,-0.061,8.93,7.18,9.979675,8.226089918,29.34640523,9353800
28.1,1,817,1.02717869,0.139062782,1,1,14.01843,0.732598338,1,98.17961165,97.42718447,33.88916667,1.26,880.8,84.75,52.5,111.4,398.1,0.068,0.52,4,1.22,64.3,9.73,2.39,3029.5,0.446,33.4,-0.998,-0.061,8.93,7.18,9.979675,8.226089918,1.391304348,9353800
65.5,1,1512,0.971125458,0.410937147,1,1,14.01843,0.732598338,1,74.92718447,65.46116505,39.88916667,1.26,880.8,84.75,52.5,111.4,398.1,0.068,0.52,4,1.22,64.3,9.73,2.39,3029.5,0.446,33.4,-0.998,-0.061,13.38,7.21,9.979675,8.226089918,4.679093151,9353800
82.3,2,42,1.084079297,0.272556725,1,0,14.014819,1.559220106,1,78.60378913,80.43657331,20,1.8,938.7,115.58,63.2,79.6,757,0.605,1.01,5,1.18,36.1,11.16,1.09,465.2,0.299,21.1,-0.76,-0.649,9.93,16.13,15.801847,5.965196548,0.472709976,11462500
39.2,2,91,0.973831719,0.125034787,1,0,14.014819,1.559220106,1,89.66227348,93.65733114,24.9,1.8,938.7,115.58,63.2,79.6,757,0.605,1.01,5,1.18,36.1,11.16,1.09,465.2,0.299,21.1,-0.76,-0.649,7.16,22.52,15.801847,5.965196548,0.371104816,11462500
26.2,2,101,1.067028325,0.2205211,1,0,14.014819,1.559220106,1,74.3616145,82.57825371,26.5,1.8,938.7,115.58,63.2,79.6,757,0.605,1.01,5,1.18,36.1,11.16,1.09,465.2,0.299,21.1,-0.76,-0.649,7.16,22.52,15.801847,5.965196548,0.345356473,11462500
202.5,2,165,1.005751578,0.186271285,1,1,5.854759,1.781748803,1,87.13369963,95.51282051,50,1.8,938.7,115.58,63.2,79.6,757,0.605,1.01,5,1.18,36.1,11.16,1.09,465.2,0.299,21.1,-0.76,-0.649,7.16,22.52,15.801847,1.833269415,0.349962638,11462500
119.2,2,173,0.995742473,0.145490937,1,1,5.854759,1.781748803,1,95.51282051,96.24542125,33.9775,1.8,938.7,115.58,63.2,79.6,757,0.605,1.01,5,1.18,36.1,11.16,1.09,465.2,0.299,21.1,-0.76,-0.649,7.16,22.52,15.801847,1.833269415,0.881981982,11462500
0,2,178,1.058991241,0.20740875,1,0,14.014819,1.559220106,1,98.35255354,98.22899506,67.88916667,1.8,938.7,115.58,63.2,79.6,757,0.605,1.01,5,1.18,36.1,11.16,1.09,465.2,0.299,21.1,-0.76,-0.649,11.64,7,15.801847,5.965196548,0.972399151,11462500
353.4,2,218,1.03386344,0.18504439,1,1,5.854759,1.781748803,1,69.18498168,94.55128205,14.5,1.8,938.7,115.58,63.2,79.6,757,0.605,1.01,5,1.18,36.1,11.16,1.09,465.2,0.299,21.1,-0.76,-0.649,9.49,18.21,15.801847,1.833269415,1.484848485,11462500
41.5,2,255,1.096437077,0.385575128,1,1,5.854759,1.781748803,1,52.88461538,64.92673993,23.5,1.8,938.7,115.58,63.2,79.6,757,0.605,1.01,5,1.18,36.1,11.16,1.09,465.2,0.299,21.1,-0.76,-0.649,11.64,7,15.801847,1.833269415,0.412337662,11462500
426.1,1,298,1.06911352,0.290560549,1,1,5.854759,1.781748803,1,69.29945055,75.36630037,36,1.8,938.7,115.58,63.2,79.6,757,0.605,1.01,5,1.18,36.1,11.16,1.09,465.2,0.299,21.1,-0.76,-0.649,15.05,3.58,15.801847,1.833269415,0.47382199,11462500
206.5,2,504,1.112985511,0.395925633,1,0,5.854759,1.781748803,1,52.54120879,56.77655678,11.9,1.8,938.7,115.58,63.2,79.6,757,0.605,1.01,5,1.18,36.1,11.16,1.09,465.2,0.299,21.1,-0.76,-0.649,7.24,17.7,15.801847,1.833269415,0.380152672,11462500
89.5,2,543,1.096165819,0.366477301,1,0,5.854759,1.781748803,1,55.63186813,94.18498168,17.5,1.8,938.7,115.58,63.2,79.6,757,0.605,1.01,5,1.18,36.1,11.16,1.09,465.2,0.299,21.1,-0.76,-0.649,7.16,22.52,15.801847,1.833269415,0.485093168,11462500
22.9,2,914,1.000731405,0.142090943,1,0,5.854759,1.781748803,1,91.39194139,82.78388278,64,1.8,938.7,115.58,63.2,79.6,757,0.605,1.01,5,1.18,36.1,11.16,1.09,465.2,0.299,21.1,-0.76,-0.649,7.16,22.52,15.801847,1.833269415,0.780165289,11462500
136,2,920,1.034161756,0.161347161,1,0,5.854759,1.781748803,1,70.9478022,66.02564103,28.5,1.8,938.7,115.58,63.2,79.6,757,0.605,1.01,5,1.18,36.1,11.16,1.09,465.2,0.299,21.1,-0.76,-0.649,8.32,20.94,15.801847,1.833269415,0.734883721,11462500
36,2,938,1.049867672,0.219740013,1,0,5.854759,1.781748803,1,47.32142857,81.18131868,30,1.8,938.7,115.58,63.2,79.6,757,0.605,1.01,5,1.18,36.1,11.16,1.09,465.2,0.299,21.1,-0.76,-0.649,8.32,20.94,15.801847,1.833269415,1.343937201,11462500
32.9,2,955,0.99649477,0.169200611,1,0,5.854759,1.781748803,1,83.26465201,53.89194139,66.5,1.8,938.7,115.58,63.2,79.6,757,0.605,1.01,5,1.18,36.1,11.16,1.09,465.2,0.299,21.1,-0.76,-0.649,9.49,18.21,15.801847,1.833269415,0.301818182,11462500
5.8,2,1234,1.043874187,0.211583337,1,0,5.854759,1.781748803,1,90.33882784,70.51282051,71.5,1.8,938.7,115.58,63.2,79.6,757,0.605,1.01,5,1.18,36.1,11.16,1.09,465.2,0.299,21.1,-0.76,-0.649,7.24,17.7,15.801847,1.833269415,2.006770124,11462500
118.9,2,1237,1.076900191,0.281328844,1,0,5.854759,1.781748803,1,80.54029304,78.15934066,32,1.8,938.7,115.58,63.2,79.6,757,0.605,1.01,5,1.18,36.1,11.16,1.09,465.2,0.299,21.1,-0.76,-0.649,7.24,17.7,15.801847,1.833269415,3.297775036,11462500
19.3,2,1356,1.077526913,0.280157071,1,0,5.854759,1.781748803,1,81.34157509,67.81135531,37,1.8,938.7,115.58,63.2,79.6,757,0.605,1.01,5,1.18,36.1,11.16,1.09,465.2,0.299,21.1,-0.76,-0.649,11.64,7,15.801847,1.833269415,0.190654206,11462500
102.4,2,1358,1.051176014,0.252390496,1,0,5.854759,1.781748803,1,65.88827839,61.21794872,24.66666667,1.8,938.7,115.58,63.2,79.6,757,0.605,1.01,5,1.18,36.1,11.16,1.09,465.2,0.299,21.1,-0.76,-0.649,11.64,7,15.801847,1.833269415,1.796699267,11462500
73.2,2,1363,1.08292638,0.325172022,1,0,5.854759,1.781748803,1,65.88827839,66.43772894,21.5,1.8,938.7,115.58,63.2,79.6,757,0.605,1.01,5,1.18,36.1,11.16,1.09,465.2,0.299,21.1,-0.76,-0.649,11.64,7,15.801847,1.833269415,2.283618582,11462500
77.2,2,1596,0.994442547,0.154400339,1,1,5.854759,1.781748803,1,83.65384615,76.69413919,44,1.8,938.7,115.58,63.2,79.6,757,0.605,1.01,5,1.18,36.1,11.16,1.09,465.2,0.299,21.1,-0.76,-0.649,7.24,17.7,15.801847,1.833269415,0.203333333,11462500
152.4,2,1616,1.058313486,0.266315232,1,1,5.854759,1.781748803,1,93.13186813,67.30769231,50,1.8,938.7,115.58,63.2,79.6,757,0.605,1.01,5,1.18,36.1,11.16,1.09,465.2,0.299,21.1,-0.76,-0.649,7.24,17.7,15.801847,1.833269415,0.994123894,11462500
0,2,116,1.044625676,0.358593086,1,0,10.204954,0.671506587,1,66.6987797,73.41040462,14.5,1.38,946,67.84,42.5,47.8,641.9,0.57,1.05,5,1.86,28.1,10.09,7.16,1661,0.43,26,0.124,-0.992,4.77,15.02,19.036583,5.295634249,17.89307432,11059300
27.3,2,118,1.09921071,0.315367037,1,0,10.204954,0.671506587,1,95.69685292,84.77842004,97,1.38,946,67.84,42.5,47.8,641.9,0.57,1.05,5,1.86,28.1,10.09,7.16,1661,0.43,26,0.124,-0.992,4.77,15.02,19.036583,5.295634249,0.628,11059300
117.8,2,514,1.130851472,0.372837664,1,1,10.204954,0.671506587,1,94.21965318,98.52280026,69.96444444,1.38,946,67.84,42.5,47.8,641.9,0.57,1.05,5,1.86,28.1,10.09,7.16,1661,0.43,26,0.124,-0.992,5.83,12.26,19.036583,5.295634249,0.573134328,11059300
13.1,2,621,1.096984052,0.258692488,1,1,5.953975,1.553102126,1,65.89255736,65.30498041,17,1.38,946,67.84,42.5,47.8,641.9,0.57,1.05,5,1.86,28.1,10.09,7.16,1661,0.43,26,0.124,-0.992,4.77,15.02,19.036583,3.071511628,0.227906977,11059300
12.5,2,874,1.104186532,0.435126587,0.998490566,1,10.204954,0.671506587,1,61.88182402,65.83172768,17.97777778,1.38,946,67.84,42.5,47.8,641.9,0.57,1.05,5,1.86,28.1,10.09,7.16,1661,0.43,26,0.124,-0.992,5.83,12.26,19.036583,5.295634249,1.197183099,11059300
59.5,2,877,1.096960715,0.413028369,1,1,10.204954,0.671506587,1,65.99229287,69.10725755,14.5,1.38,946,67.84,42.5,47.8,641.9,0.57,1.05,5,1.86,28.1,10.09,7.16,1661,0.43,26,0.124,-0.992,5.83,12.26,19.036583,5.295634249,3.944954128,11059300
0.6,2,1142,1.166899532,0.518358101,1,0,10.204954,0.671506587,1,30.507386,49.19717405,32.66666667,1.38,946,67.84,42.5,47.8,641.9,0.57,1.05,5,1.86,28.1,10.09,7.16,1661,0.43,26,0.124,-0.992,4.66,8.01,19.036583,5.295634249,10,11059300
47.8,2,1216,1.031782693,0.514588198,1,0,10.204954,0.671506587,1,55.29865125,66.53821452,21.5,1.38,946,67.84,42.5,47.8,641.9,0.57,1.05,5,1.86,28.1,10.09,7.16,1661,0.43,26,0.124,-0.992,4.77,15.02,19.036583,5.295634249,2.759259259,11059300
0,2,1298,1.122713959,0.336369854,1,1,5.953975,1.553102126,1,82.68047006,78.06379407,35.75,1.38,946,67.84,42.5,47.8,641.9,0.57,1.05,5,1.86,28.1,10.09,7.16,1661,0.43,26,0.124,-0.992,4.14,13.57,19.036583,3.071511628,0.945419997,11059300
44.7,2,1307,1.051862402,0.284997451,1,1,5.953975,1.553102126,1,97.92949077,91.66200336,95.66666667,1.38,946,67.84,42.5,47.8,641.9,0.57,1.05,5,1.86,28.1,10.09,7.16,1661,0.43,26,0.124,-0.992,4.14,13.57,19.036583,3.071511628,0.509977827,11059300
0,2,1332,1.090726401,0.351050277,1,1,5.953975,1.553102126,1,85.61835478,88.97593733,69,1.38,946,67.84,42.5,47.8,641.9,0.57,1.05,5,1.86,28.1,10.09,7.16,1661,0.43,26,0.124,-0.992,4.77,15.02,19.036583,3.071511628,0.140450397,11059300
98,2,1337,1.113918906,0.306569989,1,1,5.953975,1.553102126,1,99.3844432,98.60100727,119.6666667,1.38,946,67.84,42.5,47.8,641.9,0.57,1.05,5,1.86,28.1,10.09,7.16,1661,0.43,26,0.124,-0.992,4.77,15.02,19.036583,3.071511628,0.652400835,11059300
0,2,1344,1.088311992,0.258583227,1,1,5.953975,1.553102126,1,85.78623391,71.85226637,47.9,1.38,946,67.84,42.5,47.8,641.9,0.57,1.05,5,1.86,28.1,10.09,7.16,1661,0.43,26,0.124,-0.992,4.77,15.02,19.036583,3.071511628,0.236666667,11059300
0.6,2,1353,1.00178296,0.301330234,1,1,5.953975,1.553102126,1,81.89703414,90.7106883,49,1.38,946,67.84,42.5,47.8,641.9,0.57,1.05,5,1.86,28.1,10.09,7.16,1661,0.43,26,0.124,-0.992,5.83,12.26,19.036583,3.071511628,1.961636829,11059300
0,2,1532,1.026431591,0.243027116,1,1,10.204954,0.671506587,1,90.68721901,90.81567116,26,1.38,946,67.84,42.5,47.8,641.9,0.57,1.05,5,1.86,28.1,10.09,7.16,1661,0.43,26,0.124,-0.992,4.14,13.57,19.036583,5.295634249,2.592063492,11059300
134.9,2,1582,1.085597051,0.37279389,1,1,10.204954,0.671506587,1,77.64932563,65.63904945,32,1.38,946,67.84,42.5,47.8,641.9,0.57,1.05,5,1.86,28.1,10.09,7.16,1661,0.43,26,0.124,-0.992,4.77,15.02,19.036583,5.295634249,0.568055556,11059300
52.8,2,1630,1.082805693,0.233459272,1,1,5.953975,1.553102126,1,85.1147174,79.63066592,33.85722222,1.38,946,67.84,42.5,47.8,641.9,0.57,1.05,5,1.86,28.1,10.09,7.16,1661,0.43,26,0.124,-0.992,4.66,8.01,19.036583,3.071511628,0.556574924,11059300
0,2,1719,1.101790565,0.360604406,1,1,5.953975,1.553102126,1,78.42753218,80.41410185,39.875,1.38,946,67.84,42.5,47.8,641.9,0.57,1.05,5,1.86,28.1,10.09,7.16,1661,0.43,26,0.124,-0.992,5.83,12.26,19.036583,3.071511628,0.3325,11059300
0,2,1727,1.075535217,0.247384895,1,1,5.953975,1.553102126,1,88.22048125,86.45775042,33.75,1.38,946,67.84,42.5,47.8,641.9,0.57,1.05,5,1.86,28.1,10.09,7.16,1661,0.43,26,0.124,-0.992,5.83,12.26,19.036583,3.071511628,0.20952381,11059300
73.1,2,1740,1.065613326,0.371288981,1,1,5.953975,1.553102126,1,82.03693341,79.46278679,28.75,1.38,946,67.84,42.5,47.8,641.9,0.57,1.05,5,1.86,28.1,10.09,7.16,1661,0.43,26,0.124,-0.992,5.83,12.26,19.036583,3.071511628,2.425531915,11059300
0.6,2,47,1.090864732,0.26701432,1,1,18.106704,1.206871256,1,80.03058104,58.96024465,49,1.63,953.6,51.86,51.9,43.3,807.8,0.585,0.84,5,1.19,31,10.52,3.4,640.4,0.294,18.5,0.017,-1,10.6,5.73,15.3664,4.374381292,0.627240143,11022480
12.6,2,94,1.060883913,0.224921455,1,1,18.106704,1.206871256,1,74.74006116,83.18042813,44,1.63,953.6,51.86,51.9,43.3,807.8,0.585,0.84,5,1.19,31,10.52,3.4,640.4,0.294,18.5,0.017,-1,10.15,9.92,15.3664,4.374381292,2.734316976,11022480
9.7,2,124,1.08225862,0.222402667,1,1,18.106704,1.206871256,1,80.6116208,69.5412844,35,1.63,953.6,51.86,51.9,43.3,807.8,0.585,0.84,5,1.19,31,10.52,3.4,640.4,0.294,18.5,0.017,-1,10.9,10.13,15.3664,4.374381292,11.63043478,11022480
2.4,2,379,1.230980166,0.536773592,1,1,18.106704,1.206871256,1,55.84097859,53.27217125,35.95833333,1.63,953.6,51.86,51.9,43.3,807.8,0.585,0.84,5,1.19,31,10.52,3.4,640.4,0.294,18.5,0.017,-1,13.48,4.66,15.3664,4.374381292,3.873786408,11022480
0,2,401,0.928059827,0.220835759,1,1,18.106704,1.206871256,1,92.96636086,92.11009174,63.99111111,1.63,953.6,51.86,51.9,43.3,807.8,0.585,0.84,5,1.19,31,10.52,3.4,640.4,0.294,18.5,0.017,-1,13.48,4.66,15.3664,4.374381292,0.591603892,11022480
0,2,406,1.018003631,0.305939928,1,1,79.360851,1.036983012,1,83.33333333,80.24883359,23,1.63,953.6,51.86,51.9,43.3,807.8,0.585,0.84,5,1.19,31,10.52,3.4,640.4,0.294,18.5,0.017,-1,10.6,5.73,15.3664,58.6542156,0.698884758,11022480
185.1,2,436,1.033853672,0.163252117,1,1,79.360851,1.036983012,1,96.55261794,89.21721099,46.94138889,1.63,953.6,51.86,51.9,43.3,807.8,0.585,0.84,5,1.19,31,10.52,3.4,640.4,0.294,18.5,0.017,-1,10.15,9.92,15.3664,58.6542156,0.198165138,11022480
131.1,2,440,1.093131131,0.247014056,1,1,79.360851,1.036983012,1,98.65215137,94.6086055,104,1.63,953.6,51.86,51.9,43.3,807.8,0.585,0.84,5,1.19,31,10.52,3.4,640.4,0.294,18.5,0.017,-1,10.15,9.92,15.3664,58.6542156,1.936876558,11022480
6.2,2,474,1.047307785,0.13708331,1,1,79.360851,1.036983012,1,92.12026957,83.72213582,56,1.63,953.6,51.86,51.9,43.3,807.8,0.585,0.84,5,1.19,31,10.52,3.4,640.4,0.294,18.5,0.017,-1,10.9,10.13,15.3664,58.6542156,1.209677419,11022480
0.1,2,481,1.160342197,0.385429061,1,1,18.106704,1.206871256,1,58.56269113,59.93883792,40,1.63,953.6,51.86,51.9,43.3,807.8,0.585,0.84,5,1.19,31,10.52,3.4,640.4,0.294,18.5,0.017,-1,10.9,10.13,15.3664,4.374381292,23.10679612,11022480
0.2,2,496,0.990516128,0.144417443,1,1,79.360851,1.036983012,1,96.37117678,93.62363919,47.90916667,1.63,953.6,51.86,51.9,43.3,807.8,0.585,0.84,5,1.19,31,10.52,3.4,640.4,0.294,18.5,0.017,-1,11.62,11.2,15.3664,58.6542156,1.340740741,11022480
3.8,2,551,1.018654016,0.205619926,1,1,79.360851,1.036983012,1,95.5935718,96.63037843,23.985,1.63,953.6,51.86,51.9,43.3,807.8,0.585,0.84,5,1.19,31,10.52,3.4,640.4,0.294,18.5,0.017,-1,13.9,3.58,15.3664,58.6542156,0.898022186,11022480
138.8,2,782,1.164161356,0.369126077,1,1,18.106704,1.206871256,1,92.78287462,79.6941896,51.83333333,1.63,953.6,51.86,51.9,43.3,807.8,0.585,0.84,5,1.19,31,10.52,3.4,640.4,0.294,18.5,0.017,-1,10.6,5.73,15.3664,4.374381292,2.107798165,11022480
3.4,2,820,1.012927815,0.126456521,1,1,18.106704,1.206871256,1,83.97553517,89.35779817,18.66666667,1.63,953.6,51.86,51.9,43.3,807.8,0.585,0.84,5,1.19,31,10.52,3.4,640.4,0.294,18.5,0.017,-1,10.15,9.92,15.3664,4.374381292,5.034482759,11022480
93.5,2,822,1.108855429,0.250419674,1,1,18.106704,1.206871256,1,98.59327217,96.08562691,60.5,1.63,953.6,51.86,51.9,43.3,807.8,0.585,0.84,5,1.19,31,10.52,3.4,640.4,0.294,18.5,0.017,-1,10.15,9.92,15.3664,4.374381292,1.543987007,11022480
1.1,2,839,1.173911373,0.384078426,1,1,18.106704,1.206871256,1,92.29357798,86.29969419,40,1.63,953.6,51.86,51.9,43.3,807.8,0.585,0.84,5,1.19,31,10.52,3.4,640.4,0.294,18.5,0.017,-1,10.9,10.13,15.3664,4.374381292,2,11022480
0,2,875,1.154942363,0.374772957,1,0,79.360851,1.036983012,1,89.58009331,68.37739762,49.75,1.63,953.6,51.86,51.9,43.3,807.8,0.585,0.84,5,1.19,31,10.52,3.4,640.4,0.294,18.5,0.017,-1,11.62,11.2,15.3664,58.6542156,0.568965517,11022480
9.5,2,885,1.078939246,0.250976775,1,0,79.360851,1.036983012,1,83.87765682,72.05806117,29,1.63,953.6,51.86,51.9,43.3,807.8,0.585,0.84,5,1.19,31,10.52,3.4,640.4,0.294,18.5,0.017,-1,11.62,11.2,15.3664,58.6542156,0.933441558,11022480
0,2,913,1.205723749,0.44820758,1,1,18.106704,1.206871256,1,93.02752294,87.1559633,50.66666667,1.63,953.6,51.86,51.9,43.3,807.8,0.585,0.84,5,1.19,31,10.52,3.4,640.4,0.294,18.5,0.017,-1,13.9,3.58,15.3664,4.374381292,1.855232101,11022480
0,1,940,1.036269118,0.217721744,1,0,79.360851,1.036983012,1,76.56817004,91.39450492,13,1.63,953.6,51.86,51.9,43.3,807.8,0.585,0.84,5,1.19,31,10.52,3.4,640.4,0.294,18.5,0.017,-1,16.45,1.42,15.3664,58.6542156,4.70212766,11022480
0,2,1126,1.178186363,0.398457808,1,1,18.106704,1.206871256,1,93.39449541,90.76452599,23.90916667,1.63,953.6,51.86,51.9,43.3,807.8,0.585,0.84,5,1.19,31,10.52,3.4,640.4,0.294,18.5,0.017,-1,13.48,4.66,15.3664,4.374381292,1.407710464,11022480
0,2,1214,1.183919925,0.458738145,1,1,18.106704,1.206871256,1,79.17431193,66.17737003,23.5,1.63,953.6,51.86,51.9,43.3,807.8,0.585,0.84,5,1.19,31,10.52,3.4,640.4,0.294,18.5,0.017,-1,10.9,10.13,15.3664,4.374381292,0.980286738,11022480
1.2,2,1223,1.002233887,0.098561694,1,1,18.106704,1.206871256,1,92.41590214,91.86544343,33.66666667,1.63,953.6,51.86,51.9,43.3,807.8,0.585,0.84,5,1.19,31,10.52,3.4,640.4,0.294,18.5,0.017,-1,10.9,10.13,15.3664,4.374381292,1.296610169,11022480
0.3,2,1246,1.021332039,0.109422125,1,1,18.106704,1.206871256,1,89.78593272,87.21712538,30,1.63,953.6,51.86,51.9,43.3,807.8,0.585,0.84,5,1.19,31,10.52,3.4,640.4,0.294,18.5,0.017,-1,11.62,11.2,15.3664,4.374381292,1.030927835,11022480
0.5,1,1304,1.201370104,0.466387148,1,1,18.106704,1.206871256,1,82.72171254,69.72477064,47.5,1.63,953.6,51.86,51.9,43.3,807.8,0.585,0.84,5,1.19,31,10.52,3.4,640.4,0.294,18.5,0.017,-1,16.45,1.42,15.3664,4.374381292,0.689361702,11022480
0,2,1475,1.078919282,0.212998888,1,1,18.106704,1.206871256,1,86.57492355,83.85321101,16,1.63,953.6,51.86,51.9,43.3,807.8,0.585,0.84,5,1.19,31,10.52,3.4,640.4,0.294,18.5,0.017,-1,13.48,4.66,15.3664,4.374381292,0.860550459,11022480
69.4,2,1477,1.117010362,0.322512567,1,1,18.106704,1.206871256,1,61.25382263,54.55657492,18,1.63,953.6,51.86,51.9,43.3,807.8,0.585,0.84,5,1.19,31,10.52,3.4,640.4,0.294,18.5,0.017,-1,13.48,4.66,15.3664,4.374381292,3.794117647,11022480
11.8,2,1553,1.042552531,0.169101013,1,1,18.106704,1.206871256,1,43.60856269,39.51070336,9,1.63,953.6,51.86,51.9,43.3,807.8,0.585,0.84,5,1.19,31,10.52,3.4,640.4,0.294,18.5,0.017,-1,10.15,9.92,15.3664,4.374381292,0.613513514,11022480
2.5,2,1576,1.089924984,0.282373158,1,1,18.106704,1.206871256,1,74.37308869,84.64831804,21,1.63,953.6,51.86,51.9,43.3,807.8,0.585,0.84,5,1.19,31,10.52,3.4,640.4,0.294,18.5,0.017,-1,10.9,10.13,15.3664,4.374381292,0.804795143,11022480
0,2,1609,1.057199506,0.170429037,1,1,18.106704,1.206871256,1,92.87461774,68.25688073,73,1.63,953.6,51.86,51.9,43.3,807.8,0.585,0.84,5,1.19,31,10.52,3.4,640.4,0.294,18.5,0.017,-1,11.62,11.2,15.3664,4.374381292,1.781385281,11022480
0.2,2,1634,1.152638253,0.349137638,1,1,18.106704,1.206871256,1,68.13455657,65.19877676,26,1.63,953.6,51.86,51.9,43.3,807.8,0.585,0.84,5,1.19,31,10.52,3.4,640.4,0.294,18.5,0.017,-1,13.9,3.58,15.3664,4.374381292,0.613924051,11022480
0.6,2,160,1.015892026,0.196369953,1,0,41.681744,1.066478672,1,66.327142,66.98621929,24,1.66,963.8,55.61,42.7,35,676,0.673,1.1,5,2.08,52.1,10.21,5.72,1385.2,0.448,26,-0.765,0.644,5.91,14.06,16.693884,19.22524383,4.266666667,11109600
5.7,2,505,1.086713225,0.379128884,1,1,41.681744,1.066478672,1,93.10964649,81.06650689,33.5,1.66,963.8,55.61,42.7,35,676,0.673,1.1,5,2.08,52.1,10.21,5.72,1385.2,0.448,26,-0.765,0.644,5.21,11.63,16.693884,19.22524383,2.303102625,11109600
5.8,2,789,0.96999839,0.240782254,1,1,41.681744,1.066478672,1,87.23786699,91.0724985,21.88916667,1.66,963.8,55.61,42.7,35,676,0.673,1.1,5,2.08,52.1,10.21,5.72,1385.2,0.448,26,-0.765,0.644,8.74,4.34,16.693884,19.22524383,11.27156735,11109600
20,2,896,1.064482697,0.291796551,1,1,41.681744,1.066478672,1,88.37627322,89.03535051,18,1.66,963.8,55.61,42.7,35,676,0.673,1.1,5,2.08,52.1,10.21,5.72,1385.2,0.448,26,-0.765,0.644,5.91,14.06,16.693884,19.22524383,8.948051948,11109600
75.6,2,1628,1.01730427,0.197282191,1,1,41.681744,1.066478672,1,91.91132415,93.4691432,42,1.66,963.8,55.61,42.7,35,676,0.673,1.1,5,2.08,52.1,10.21,5.72,1385.2,0.448,26,-0.765,0.644,5.91,14.06,16.693884,19.22524383,0.27480315,11109600
0,2,1635,1.081248312,0.379740265,1,1,41.681744,1.066478672,1,94.42780108,94.06830437,37.66666667,1.66,963.8,55.61,42.7,35,676,0.673,1.1,5,2.08,52.1,10.21,5.72,1385.2,0.448,26,-0.765,0.644,5.91,14.06,16.693884,19.22524383,1.941152176,11109600
