GAGE_ID,PeakArea,AntecedentPrecip_mm,DaysSinceFire,D1,CoefVar,MTBS_burnedarea_per,burned_storm_depth_per,burned_storm_int_per,DRAIN_SQKM,PPTAVG_BASIN,RH_BASIN,SNOW_PCT_PRECIP,PRECIP_SEAS_IND,AvgMonthly_Precip_cm,riparian_area_per,SBS_mod_high_area_burned_per_wat,ratio_LAI
11274500,0.038021722,12.1,164,1.075472511,0.199359413,91.144936,100,97.89262418,347.8,45.32,61.6,1.4,0.624,9.04,18.273952,,0.916207387
11169800,0.137129881,16.5,164,1.031436752,0.108529469,36.191218,99.94997499,96.3981991,282.9,60.85,63.3,1.8,0.626,11.87,15.108,,0.994162143
11274630,0.026594239,7.9,164,1.064197808,0.166007752,85.565494,99.90069513,95.4816286,187.4,43.32,61.7,2.1,0.604,8.15,18.975462,,0.867573626
11152000,0.575305732,42.8,161,1.088880927,0.269374445,14.964649,99.89523311,94.2902043,625.1,80.89,63.9,2.9,0.654,16.63,17.294107,10.20955047,1.059132848
11173200,0.120463819,16.9,164,1.053974444,0.145133874,87.006427,99.81203008,93.32706767,199.1,62.25,63.2,4.1,0.584,11.17,16.584267,,0.963839512
11173575,0.05789739,17.3,164,1.11163653,0.222795642,73.616074,99.76776591,92.66140269,385.4,62.15,64.2,3.5,0.584,11.17,17.382289,,0.967816772
11176400,0.064478051,13.4,164,1.109192355,0.228716227,74.095967,99.7637051,96.31379962,338.6,57.45,62.2,4,0.599,10.61,17.721231,,0.933377899
9036000,0.026741628,96.1,353,1.051976755,0.194378675,18.62212,99.75071225,96.91951567,231.9,71.49,56.2,61.6,0.111,5.19,11.407103,10.90866753,0.792356884
9037500,0.012637747,97.6,353,1.093217146,0.266421095,12.391606,99.67730369,96.68339907,479.5,62.4,55.9,56.5,0.09,4.86,14.943934,7.380020855,0.827772041
11172945,0.268863491,12.9,164,1.059080518,0.134140395,98.034239,99.61740794,92.53945481,87.1,62.38,62.8,4.1,0.574,11.43,17.898739,,0.99279903
11451715,0.009115297,15,519,1.046122936,0.143065568,5.595129,99.59770115,96.55172414,247.9,70.02,59.6,1,0.615,13.34,18.827651,10.34183138,0.693622789
11465200,0.175972647,216.2,432,0.977053317,0.163279642,20.297152,99.53401678,97.2972973,421.6,133.48,64.5,0.5,0.627,7.38,14.901978,,0.488894805
11022480,0.051074801,22.2,119,1.052071389,0.163205596,79.360851,99.53343701,98.49663038,953.6,51.86,51.9,2.2,0.585,10.13,15.3664,,1.548165407
14159200,0.267926464,0,76,0.925694451,0.18151317,8.83713,99.26524614,96.49767328,414.3,181.74,67.8,40.1,0.385,13.1,12.860977,1.429833454,0.872906912
11151870,0.142330589,26.8,431,1.097426919,0.323370739,32.792709,99.23547401,99.8470948,284.5,100.15,65.8,4,0.657,4.16,16.869365,22.3427768,0.477198114
11152000,0.207925457,17.9,587,1.11603811,0.346458494,10.954941,99.22360248,96.22153209,625.1,80.89,63.9,2.9,0.654,13.87,17.294107,10.20955047,0.764320105
11152050,0.107174484,18.2,587,1.140112464,0.410827591,8.868908,99.21956296,96.20187305,771.5,74.52,63.7,2.4,0.652,12.93,17.029979,8.239170447,0.764320105
12178100,0.914101073,28.7,79,1.008648726,0.075785023,5.210638,99.18661399,99.58168719,69.7,280.14,69.5,59.6,0.415,25.6,13.27064,,0.810039498
11200800,0.106039698,0.3,103,1.101148495,0.270500585,37.21031,99.16789036,90.69995105,214.7,72.15,53.2,18.4,0.594,9.36,15.133741,23.41741966,0.964664916
11152000,0.041267994,28.3,431,1.174136396,0.525726817,14.964649,99.16186485,99.84284966,625.1,80.89,63.9,2.9,0.654,3.41,17.294107,10.20955047,0.476982831
10336780,0.028108389,40.7,69,0.999021929,0.146726307,27.162373,99.15254237,94.06779661,95.1,89.32,55.8,66.6,0.471,5.52,15.383253,13.61976866,0.884929687
11149900,0.043360767,16.4,480,1.141914737,0.314757349,28.802865,99.12053802,97.77547853,556.4,63.26,62,1.5,0.659,9.76,16.227347,15.65149173,0.504944363
9497980,0.032711187,0,625,0.990893523,0.181115034,7.772327,99.06961822,98.26756497,516.8,68.36,41,9.8,0.135,8.46,17.814094,1.943034056,0.668398585
11046100,0.010232479,81.1,643,1.034316551,0.088978188,11.236637,98.98595944,97.58190328,67.8,40.34,64.9,0,0.655,2.46,16.06083,9.995575221,1.231418266
11152000,0.224233336,57.8,490,1.14771627,0.445009742,14.964649,98.95233106,93.19015191,625.1,80.89,63.9,2.9,0.654,12.76,17.294107,10.20955047,0.476982831
11274630,0.009715963,38.9,952,1.108305653,0.270984543,14.544513,98.83381924,87.87172012,187.4,43.32,61.7,2.1,0.604,8.63,18.975462,,0.786918332
11466800,0.033822145,52.3,782,0.937858395,0.190444612,12.714225,98.78522838,100,652.2,100.52,64.6,0.8,0.63,13.6,16.611166,,0.703559541
9353800,0.014434891,102.9,456,1.047619652,0.173804388,14.01843,98.73786408,99.12621359,880.8,84.75,52.5,46.2,0.068,7.18,9.979675,,
11451715,0.049574425,33.7,236,1.023976679,0.123500282,11.655139,98.7281399,82.45892952,247.9,70.02,59.6,1,0.615,13.34,18.827651,10.34183138,0.440970776
11152000,0.307131721,117.8,606,1.116518147,0.349672046,10.954941,98.70600414,96.37681159,625.1,80.89,63.9,2.9,0.654,13.87,17.294107,10.20955047,0.764320105
9497980,0.007397002,61.8,39,1.184259856,0.391076561,7.772327,98.68463266,93.93647738,516.8,68.36,41,9.8,0.135,7.1,17.814094,1.943034056,0.996608674
11025500,0.004511859,18.8,118,1.003228359,0.106500484,16.382785,98.68421053,99.10141207,288.7,61.83,49,1.6,0.57,12.2,16.426629,,1.649024461
11160500,0.179675253,26.2,163,0.950502077,0.151640939,19.295537,98.62763038,95.37968893,275.8,118.78,67,0.7,0.632,25.2,15.363053,,0.612911995
11161000,0.149985167,26.2,163,0.969048607,0.148272594,18.338121,98.61175382,95.27996298,298.3,118.15,67.1,0.6,0.632,25.13,15.746177,,0.616925142
11461000,0.875901633,0,178,1.04770292,0.140464599,32.301184,98.55242567,98.27856025,259.6,118.6,63.1,3,0.607,7.09,15.086673,,1.016615306
7103700,0.006923795,1.4,80,1.042846904,0.159162519,10.334753,98.53311941,96.79119872,264.2,59.97,52.8,27.6,0.361,4.09,15.226314,5.675132475,0.942401158
9404450,0.024061961,7.4,798,1.001020164,0.075031373,14.12125,98.49662162,97.83783784,193,46.03,54.3,37.5,0.146,3.77,16.150084,7.030725389,0.449450623
11461500,0.657206461,0,178,1.021024428,0.08897667,19.923258,98.43363561,98.10387469,238.7,114.45,62.5,2,0.595,7.09,16.250428,8.386175115,1.03650946
11462500,0.276320518,0,178,1.058991241,0.20740875,14.014819,98.35255354,98.22899506,938.7,115.58,63.2,2,0.605,7,15.801847,2.132502397,1.023963702
9510200,0.081228592,9.7,992,1.098114156,0.276069207,13.021051,98.33333333,90.08547009,425.3,61.33,36.1,2.1,0.215,7.96,17.785195,24.56769952,0.775327805
11355500,0.039741317,208.7,101,1.219919883,0.492886211,14.210577,98.26611383,96.49453449,312.8,126.13,57.7,48.1,0.459,8.26,10.440346,5.147314578,0.993896946
11173200,0.206224957,25.2,434,0.924166292,0.191097623,87.006427,98.2612782,94.54887218,199.1,62.25,63.2,4.1,0.584,3.64,16.584267,,0.626923961
11159200,0.057830125,97.6,270,1.089645759,0.277049769,12.563615,98.1372549,97.89215686,71,84.62,68.1,0.1,0.629,16.18,16.438445,,0.520919075
14400000,0.552149776,205.8,1003,1.167554029,0.398065145,13.528444,98.11373093,97.3370319,702.6,309.76,70.5,7.5,0.474,15.91,12.840941,37.28364646,
11063510,0.329219775,0,510,0.962304664,0.164496349,75.044644,98.06371018,99.12554653,144.5,66.42,46,4.5,0.635,14.09,18.45637,36.88442907,0.643300421
11451715,0.004386309,43,491,1.03117099,0.094937748,24.133838,98.05447471,98.83268482,247.9,70.02,59.6,1,0.615,8.91,18.827651,10.34183138,0.633678478
11065000,0.049226388,0,510,1.016968357,0.228745616,33.742927,97.92746114,99.22279793,364.7,81.4,47.7,4.2,0.649,17.4,19.024359,17.52322457,0.654850569
10172700,0.003889005,3.5,404,1.003317003,0.058511245,26.265001,97.81941032,95.94594595,69.9,60.06,51.4,40,0.224,3.59,20.586833,,
11383500,0.189897903,152.7,101,1.012425527,0.092846778,12.038946,97.81485896,95.62971792,539.8,148.35,51.6,32.5,0.527,8.86,15.939202,5.542645424,0.612918108
12447383,0.184370585,206.9,76,0.903809076,0.88836046,9.119015,97.81420765,97.84153005,950.7,112.11,67,67.2,0.354,8.11,14.350624,8.984853266,0.889900376
11059300,0.362191883,0,59,1.11333335,0.393036088,10.204954,97.75208735,99.55041747,946,67.84,42.5,27.6,0.57,8.01,19.036583,2.260084567,1.513553525
13083000,0.003550232,0,390,1.037507335,0.14439637,74.133821,97.74943736,93.29832458,133.2,51.39,57.6,34.3,0.207,3.32,18.298273,41.60810811,0.59848016
11152000,0.076103435,38.9,535,1.089119376,0.264234032,10.954941,97.67080745,87.99171843,625.1,80.89,63.9,2.9,0.654,16.63,17.294107,10.20955047,0.764320105
11152050,0.037804698,40.9,535,1.108354032,0.313588258,8.868908,97.65868887,87.92924037,771.5,74.52,63.7,2.4,0.652,15.13,17.029979,8.239170447,0.764320105
11390000,0.387112278,169.9,101,0.974179654,0.105716375,19.9594,97.6523888,94.93410214,383.3,174.98,52.3,22.2,0.555,9.81,16.983946,13.77177146,0.471163756
11381500,0.42525556,227.9,101,1.114071705,0.280987807,12.398946,97.64774495,95.80093313,337.6,143.89,52.7,28.2,0.512,8.98,14.722083,7.867890995,0.754549488
14096850,0.006886445,14.3,71,1.239195333,0.550414923,12.847491,97.62504498,98.09283915,374.6,63.23,63.5,37.1,0.399,5.54,16.908903,,1.112342281
11143000,0.139940503,34.9,535,1.067549492,0.258377742,86.219962,97.61342155,87.28733459,120.6,116.26,67.4,3.4,0.654,25.11,18.127121,57.91119403,0.650878409
11149900,0.031400931,77.2,252,1.167640768,0.394482129,21.73561,97.56613757,84.23280423,556.4,63.26,62,1.5,0.659,13.34,16.227347,15.65149173,0.248470686
11059300,0.105065579,0,936,1.08990914,0.247528,5.953975,97.5377728,99.16060436,946,67.84,42.5,27.6,0.57,13.57,19.036583,2.260084567,0.631307471
9430600,0.046971733,43.9,62,1.00699903,0.10787557,31.471915,97.41144414,91.77111717,190.5,67.41,44.7,14,0.222,10.8,15.895541,35.34944882,
9183500,0.020923195,11.9,70,1.134253729,0.255177964,9.554376,97.15025907,72.79792746,74.3,66.99,52.1,35.2,0.117,5.5,20.493111,3.052489906,0.94602491
11101250,0.342474813,17.8,479,1.163996415,0.262994923,19.467814,97.02774108,81.17569353,237.3,62.69,59.1,0.3,0.655,7.64,13.411358,12.38921197,0.431183797
11138500,0.00508918,0,582,1.074171986,0.267763218,43.010103,96.81637294,90.10801592,728.9,69.82,57.6,7.1,0.686,17.01,16.60856,,0.50503316
11148900,0.176848541,66.1,141,1.129964886,0.359945673,6.063932,96.69282511,81.55829596,403.5,69.16,62.7,1.5,0.653,14.72,16.11163,12.52795539,0.907320201
11478500,0.499650386,0,973,1.048777826,0.120387139,12.895813,96.58554304,89.6476571,572.4,186.88,62.5,24.9,0.537,13.56,14.61381,1.959399022,0.619517434
11101250,0.421232087,23,463,1.202590879,0.352111816,19.467814,96.5653897,96.5653897,237.3,62.69,59.1,0.3,0.655,7.64,13.411358,12.38921197,0.431183797
8277470,0.009910887,44.9,132,1.130585829,0.750754299,20.31672,96.53630305,99.43879341,258,82.04,52.2,36.6,0.073,11.16,17.790895,14.98604651,0.969439731
9497980,0.019615754,56.5,989,1.109826874,0.307190897,7.772327,96.53512993,81.71318576,516.8,68.36,41,9.8,0.135,7.07,17.814094,1.943034056,0.753432004
11113000,0.048792059,0,885,1.080085941,0.198212826,34.168763,96.48541114,86.07427056,650,68.34,45.4,7.7,0.69,17.46,16.054577,8.055507692,0.582739149
11467200,0.449307475,11.5,162,1.030056634,0.083548778,32.048365,96.43956044,95.34065934,162.6,162.49,65.6,0.6,0.627,32.66,14.168797,,0.634974757
11466200,0.283559315,32,91,1.015737532,0.063267528,7.676397,96.43036702,89.14027149,144.8,107.68,64.2,1.3,0.62,21.97,17.015969,,1.093036938
13083000,0.049320587,41.9,322,1.013812047,0.102954509,74.133821,96.3615904,98.47461865,133.2,51.39,57.6,34.3,0.207,2.21,18.298273,41.60810811,0.992224687
11466170,0.189621562,27,91,1.014382952,0.059445527,22.469984,96.35854342,86.36788049,56,106,64.2,0.9,0.619,21.98,16.615901,,1.085053809
11113000,0.027053454,1.3,34,1.136710198,0.249830176,18.928716,96.35479951,97.32685298,650,68.34,45.4,7.7,0.69,14.64,16.054577,8.055507692,1.120543091
11466320,0.336564008,33.5,91,1.021383931,0.072538971,11.48391,96.31024096,88.75502008,199.4,102.63,64.2,1,0.622,20.92,16.638396,,1.08980785
11200800,0.014639809,36.4,94,1.084412875,0.233056284,37.21031,96.27998042,96.4268233,214.7,72.15,53.2,18.4,0.594,9.36,15.133741,23.41741966,0.964664916
11466320,0.34934492,0,178,1.008531239,0.057603864,11.48391,96.18473896,91.11445783,199.4,102.63,64.2,1,0.622,5.65,16.638396,,1.08980785
11465200,0.036403502,15.3,162,0.944650871,0.214911866,20.297152,96.08574091,95.38676608,421.6,133.48,64.5,0.5,0.627,25.73,14.901978,,0.800429621
11059300,0.128712818,0,474,1.073087484,0.33451275,5.629999,96.08399546,87.6276958,946,67.84,42.5,27.6,0.57,8.01,19.036583,2.260084567,0.502235725
8277470,0.012073063,42.8,86,1.080570592,0.479371691,20.31672,96.01017187,92.68677657,258,82.04,52.2,36.6,0.073,9.44,17.790895,14.98604651,0.969439731
11138500,0.011615762,0,952,1.003887622,0.293694372,14.684484,95.99447514,93.92265193,728.9,69.82,57.6,7.1,0.686,14.96,16.60856,,0.863240937
11123500,0.010292007,64.9,106,1.015722163,0.08179172,11.243107,95.99427754,91.84549356,718.1,79.99,52.6,3.8,0.712,16.27,18.753658,5.57082579,1.119131063
11152000,0.143146938,304.3,493,1.111323605,0.328410325,14.964649,95.99266632,87.32320587,625.1,80.89,63.9,2.9,0.654,12.76,17.294107,10.20955047,0.476982831
11466200,0.38133839,0,178,1.01353144,0.054025503,7.676397,95.97787833,91.55354449,144.8,107.68,64.2,1.3,0.62,6.01,17.015969,,1.093036938
14377100,0.126440032,1.9,1037,,0.611699677,9.194173,95.97439545,86.08819346,985.4,191.3,67.1,14.9,0.517,7.84,15.365487,7.48110412,
11458000,0.041002635,20.7,789,1.058093642,0.188575013,7.469418,95.8863859,98.48188051,566.3,96.01,63.5,1.4,0.629,14.98,16.230256,,0.74525601
11465350,0.024330815,16.1,162,0.983410343,0.213006068,25.433253,95.87345254,95.27739569,559.8,130.36,64.5,0.4,0.629,25.3,15.21547,,0.736979084
11461000,0.128712818,74.4,157,1.052062347,0.155774232,32.301184,95.7942097,99.45226917,259.6,118.6,63.1,3,0.607,18.36,15.086673,,1.016615306
11059300,0.046995145,27.3,118,1.09921071,0.315367037,10.204954,95.69685292,84.77842004,946,67.84,42.5,27.6,0.57,15.02,19.036583,2.260084567,1.513553525
11042900,0.027182152,13.1,118,1.025823496,0.080538441,18.942143,95.63350036,95.77666428,227.1,38.42,52.1,0.2,0.588,8.09,16.576693,,1.664460784
11204100,0.016824124,38.1,94,1.092710889,0.229652581,45.981764,95.59039686,93.92454679,249.1,79.83,55.9,25.2,0.595,10.48,17.505672,16.38281815,0.929846977
14400000,0.447362227,0,1036,1.100146105,0.287940273,74.637963,95.44881493,86.68683812,702.6,309.76,70.5,7.5,0.474,15.91,12.840941,37.28364646,
14372500,0.195044477,148.2,1003,1.028899113,0.245969795,22.5273,95.43292103,94.86203616,140.1,203.86,66.7,15.3,0.518,8.31,14.23605,18.8745182,
11458500,0.133299924,28.3,91,1.016182361,0.062299685,63.695385,95.41541111,83.29746018,150.4,107.96,63.9,1.4,0.626,22.19,19.519202,,1.079780708
9508300,0.004567229,1.2,950,1.043711126,0.125430938,83.630661,95.38407329,81.36011276,93,61.67,39.9,8.4,0.144,7.12,16.736963,,0.708457685
11274538,0.002316502,0,506,1.045655323,0.176690677,20.054364,95.36741214,88.76464324,469.4,42.12,61.9,1.3,0.619,8.42,18.511698,,0.668356741
11462500,0.055505432,103.7,157,1.060849091,0.219736018,14.014819,95.30477759,99.34102142,938.7,115.58,63.2,2,0.605,18.21,15.801847,2.132502397,1.023963702
9430600,0.072984559,0,97,1.035089189,0.140172101,31.471915,95.28610354,91.52588556,190.5,67.41,44.7,14,0.222,7.73,15.895541,35.34944882,
11173200,0.317159761,0,493,1.017501582,0.147106506,87.006427,95.2537594,97.36842105,199.1,62.25,63.2,4.1,0.584,8.66,16.584267,,0.626923961
11458500,0.3050083,0,178,1.001261735,0.06202953,63.695385,95.22169608,89.36719759,150.4,107.96,63.9,1.4,0.626,5.96,19.519202,,1.079780708
9404450,0.005810083,25.6,1055,0.820273725,0.439439899,14.12125,95.2027027,96.01351351,193,46.03,54.3,37.5,0.146,2.78,16.150084,7.030725389,0.58998073
11451715,0.117653588,9.1,252,0.9935351,0.180069176,11.655139,95.1245363,76.20561738,247.9,70.02,59.6,1,0.615,10.33,18.827651,10.34183138,0.440970776
9430600,0.112821345,60.8,32,0.976561635,0.120831581,31.471915,95.08174387,96.94822888,190.5,67.41,44.7,14,0.222,9.71,15.895541,35.34944882,
11113500,0.018832193,0,34,1.056716506,0.158585141,85.14101,95,90.74829932,103.3,67.78,49.9,2.6,0.693,15.01,15.259699,53.69332043,1.116919209
11458000,0.061003921,0,178,0.984921674,0.084890757,7.469418,94.80901077,93.24191969,566.3,96.01,63.5,1.4,0.629,5.27,16.230256,,1.064135749
11014000,0.014314168,32.6,97,1.057937738,0.163681386,70.695026,94.80519481,81.38528139,181.8,44.33,55.8,0,0.609,8.78,16.12831,,0.878566322
11014000,0.003831649,2.3,421,1.005882972,0.085615857,70.695026,94.61966605,95.60915275,181.8,44.33,55.8,0,0.609,4.97,16.12831,,0.813778329
11458000,0.026701716,39.6,91,1.010445807,0.095798896,7.469418,94.51518119,81.9294809,566.3,96.01,63.5,1.4,0.629,19.59,16.230256,,1.064135749
11042800,0.008390169,0,846,1.007610903,0.049725814,36.399541,94.46480938,87.02346041,148.5,33.74,54.3,0,0.599,7.04,14.66485,,
11148900,0.263869251,3.4,155,1.121276584,0.345318761,6.063932,94.42264574,70.6838565,403.5,69.16,62.7,1.5,0.653,11.45,16.11163,12.52795539,0.907320201
11152050,0.108642627,66.7,814,1.142610902,0.401087218,5.778692,94.41760601,93.29039184,771.5,74.52,63.7,2.4,0.652,11.74,17.029979,8.239170447,
9513780,0.141663865,132.2,767,0.836734777,0.504382831,90.81327,94.39868204,99.21746293,177.5,52.71,40,0.8,0.196,4.37,18.230644,2.558647887,0.833262072
9223000,0.005405011,17.2,775,1.056610323,0.156906473,5.143309,94.33778067,87.53660918,333.2,72.15,51,64.9,0.231,4.92,17.636514,,0.8556535
14179000,0.260826488,15.3,54,1.003200019,0.105808696,77.381654,94.20832416,97.79784189,272.5,205.35,67.6,44.6,0.425,14.62,13.481528,38.73291743,0.841001368
11149900,0.080919741,2.5,266,1.152265215,0.348179198,21.73561,94.17989418,70.79365079,556.4,63.26,62,1.5,0.659,10.95,16.227347,15.65149173,0.248470686
11138500,0.001740422,0,510,1.019810025,0.204665113,43.010103,94.03069926,83.57021035,728.9,69.82,57.6,7.1,0.686,5.11,16.60856,,0.50503316
9497980,0.277798523,98.5,824,1.178786334,0.498182891,9.741345,94.02959394,95.07914659,516.8,68.36,41,9.8,0.135,9.19,17.814094,1.943034056,0.75918412
11149900,0.047584879,0,605,1.095038769,0.224105505,17.709379,93.94719897,95.04185448,556.4,63.26,62,1.5,0.659,10.95,16.227347,15.65149173,
11113500,0.019736796,0,145,1.01380428,0.071628294,18.940755,93.78023497,84.24326192,103.3,67.78,49.9,2.6,0.693,15.01,15.259699,53.69332043,1.132471162
9404450,0.006074178,0,483,1.042830021,0.135796959,14.12125,93.76689189,90.27027027,193,46.03,54.3,37.5,0.146,4.61,16.150084,7.030725389,0.449450623
11173200,0.312893038,80.7,496,1.034555477,0.11887915,87.006427,93.67951128,81.25,199.1,62.25,63.2,4.1,0.584,8.66,16.584267,,0.626923961
12142000,1.056750888,195.9,58,1.053232165,0.147826964,5.299237,93.55345912,87.96046721,165.6,333.51,74.1,48.6,0.323,27.49,13.000419,,1.117515397
11461500,0.137610017,64.7,157,1.018554277,0.072841779,19.923258,93.50783182,98.96949711,238.7,114.45,62.5,2,0.595,17.85,16.250428,8.386175115,1.03650946
14377100,0.205177688,31.6,587,,0.281925812,28.669395,93.47109913,88.46960168,985.4,191.3,67.1,14.9,0.517,13.49,15.365487,7.48110412,0.425232851
11113000,0.027924741,0,145,1.070843233,0.219684419,34.168763,93.43501326,81.16710875,650,68.34,45.4,7.7,0.69,14.64,16.054577,8.055507692,1.169524863
11278400,0.057051087,137.1,337,1.027508966,0.350225515,25.788143,93.42574257,99.92079208,610.5,130.21,62.7,47.9,0.559,1.07,14.084845,12.88255528,0.955176759
11059300,0.079323016,0,31,1.082428357,0.47659346,5.953975,93.39675434,79.29490767,946,67.84,42.5,27.6,0.57,1.22,19.036583,2.260084567,0.952395583
14377100,0.247707517,195.9,1000,,0.527811797,9.194173,93.35704125,94.76529161,985.4,191.3,67.1,14.9,0.517,13.49,15.365487,7.48110412,
11042900,0.012094811,0,846,1.002052842,0.058908951,15.117915,93.3181473,86.40850418,227.1,38.42,52.1,0.2,0.588,8.09,16.576693,,
11461000,0.089335422,58.6,789,1.069854434,0.212688368,32.301184,93.19248826,99.53051643,259.6,118.6,63.1,3,0.607,18.28,15.086673,,0.63869295
11451715,0.041235869,10.5,497,1.039612043,0.114015721,24.133838,93.16634241,96.93579767,247.9,70.02,59.6,1,0.615,10.4,18.827651,10.34183138,0.633678478
11451715,0.002867092,0,540,1.127618833,0.273610703,5.595129,93.10344828,94.59770115,247.9,70.02,59.6,1,0.615,13.34,18.827651,10.34183138,0.693622789
11451715,0.080872564,0,981,1.049114271,0.113061378,11.690112,93.01136364,90.625,247.9,70.02,59.6,1,0.615,3.31,18.827651,10.34183138,0.832466486
9353800,0.002025386,10.3,54,0.985107177,0.347434291,14.01843,92.99757282,99.02912621,880.8,84.75,52.5,46.2,0.068,8.92,9.979675,,
9342500,0.08687097,102.4,109,1.00732906,0.310873889,10.452957,92.99707273,94.55077685,726.9,99.32,50.6,54.9,0.122,7.87,11.980939,,1.003178144
11224500,0.021746951,0.1,527,1.058013447,0.210205423,17.519332,92.98655757,84.16130918,247.4,47.01,49.5,2,0.63,6.81,21.958024,,0.625048745
11043000,0.010386956,0,846,0.992382144,0.13468606,15.431556,92.96042618,85.76864536,572.5,37.11,54,0.1,0.614,7.87,16.167722,,
11355500,0.014484307,59,98,1.172997284,0.433229843,14.210577,92.9513758,98.75612514,312.8,126.13,57.7,48.1,0.459,8.26,10.440346,5.147314578,0.993896946
9342500,0.056875164,175.5,99,1.045935078,0.343954556,10.452957,92.92952038,98.60391804,726.9,99.32,50.6,54.9,0.122,7.87,11.980939,,1.003178144
11138500,0.019307806,83.1,978,0.996165804,0.110061894,14.684484,92.88674033,88.05248619,728.9,69.82,57.6,7.1,0.686,3.77,16.60856,,0.863240937
8277470,0.009702352,115,125,0.896168517,0.499092702,20.31672,92.81830937,96.03647843,258,82.04,52.2,36.6,0.073,11.16,17.790895,14.98604651,0.969439731
11159200,0.241291212,0,277,1.094359391,0.286927718,12.563615,92.79411765,92.05882353,71,84.62,68.1,0.1,0.629,16.18,16.438445,,0.520919075
9510200,0.004068088,33.3,1024,1.102172825,0.246136446,13.021051,92.77777778,89.35897436,425.3,61.33,36.1,2.1,0.215,8.96,17.785195,24.56769952,0.775327805
11456000,0.06335605,34.6,91,0.995159019,0.039610595,8.882523,92.74599542,83.06636156,212.3,104.44,64,1.5,0.624,21.08,16.071526,,1.076802118
11138500,0.011227275,51.5,593,1.03351149,0.235225757,43.010103,92.72313815,83.45650938,728.9,69.82,57.6,7.1,0.686,17.01,16.60856,,0.50503316
12178100,0.386360054,47.1,60,0.999114666,0.096324416,5.210638,92.71438531,97.09504997,69.7,280.14,69.5,59.6,0.415,25.6,13.27064,,0.810039498
11043000,0.07122484,3.3,827,0.990573751,0.11134701,15.431556,92.69406393,89.8021309,572.5,37.11,54,0.1,0.614,9.09,16.167722,,
11149900,0.114509067,251,493,1.221484027,0.475546449,28.802865,92.60217279,86.13554061,556.4,63.26,62,1.5,0.659,9.76,16.227347,15.65149173,0.504944363
11461500,0.048756653,17.6,914,0.988341116,0.088105236,23.026463,92.58943782,83.47529813,238.7,114.45,62.5,2,0.595,22.15,16.250428,8.386175115,0.661306993
11014000,0.014485502,28.7,77,1.053990791,0.15563196,70.695026,92.5170068,85.15769944,181.8,44.33,55.8,0,0.609,8.78,16.12831,,0.878566322
11059300,0.104167583,0,202,1.03142575,0.110075204,5.953975,92.50139899,82.37269166,946,67.84,42.5,27.6,0.57,13.57,19.036583,2.260084567,0.41869822
11466170,0.405537314,0,178,1.004904169,0.040021367,22.469984,92.48366013,90.6162465,56,106,64.2,0.9,0.619,5.8,16.615901,,1.085053809
14400000,0.47960455,212.8,1000,1.049615693,0.224438493,74.637963,92.41048916,91.04891578,702.6,309.76,70.5,7.5,0.474,23.56,12.840941,37.28364646,
11109600,0.009871811,0,145,1.05513838,0.342615248,41.681744,92.39065309,83.04373877,963.8,55.61,42.7,11.8,0.673,11.63,16.693884,3.126727537,1.121524237
8277470,0.013280369,88.8,109,1.116280368,0.702131699,20.31672,92.37986671,93.6338127,258,82.04,52.2,36.6,0.073,9.44,17.790895,14.98604651,0.969439731
11113000,0.0180792,9.9,86,0.923328512,0.185283104,18.928716,92.28432564,94.65370595,650,68.34,45.4,7.7,0.69,13.21,16.054577,8.055507692,1.120543091
14377100,0.124141122,69.8,604,,0.373007421,28.669395,92.18328841,82.38993711,985.4,191.3,67.1,14.9,0.517,7.84,15.365487,7.48110412,0.425232851
11148900,0.429489313,57.6,810,1.153614515,0.426983332,10.274829,92.17439911,89.2118502,403.5,69.16,62.7,1.5,0.653,10.52,16.11163,12.52795539,
7103700,0.055304614,117.7,15,0.994251488,0.244188772,10.334753,92.02383681,94.82007793,264.2,59.97,52.8,27.6,0.361,9.63,15.226314,5.675132475,0.942401158
11022480,0.011076105,0,722,1.123312242,0.29683321,79.360851,91.91290824,78.27890098,953.6,51.86,51.9,2.2,0.585,2.22,15.3664,,1.211290407
9537200,0.009850535,63.1,31,1.004243555,0.117342484,6.935676,91.87432286,69.37522571,204.1,46.24,40.9,2.6,0.298,8.69,20.348083,,
14316495,0.338009635,70.2,70,1.042242309,0.140082228,16.094913,91.82509506,97.21166033,79,151.17,69.9,31.2,0.389,10.59,16.174613,6.731772152,1.110010447
11451715,0.00546004,30,894,1.057973587,0.12519047,11.690112,91.78977273,76.53409091,247.9,70.02,59.6,1,0.615,15.2,18.827651,10.34183138,0.832466486
9510200,0.237027695,105.8,392,0.920543072,0.318516452,38.424484,91.75084175,98.4006734,425.3,61.33,36.1,2.1,0.215,6.95,17.785195,24.56769952,0.821059687
11372000,0.018145038,0,1067,0.921898311,0.31994945,9.214676,91.74187726,99.18772563,589.9,149.15,61.6,13.3,0.544,0.7,14.264321,,0.643746649
11456000,0.13244749,0,178,0.998322258,0.052569428,8.882523,91.67048055,90.52631579,212.3,104.44,64,1.5,0.624,5.88,16.071526,,1.076802118
11016200,0.000961167,26.4,465,1.045470147,0.102492888,6.759844,91.6484318,98.83296864,338.8,59.38,48.9,4.1,0.579,6.81,15.671068,4.65487013,0.529404353
11449500,0.772547028,93.4,921,1.060590855,0.141782208,20.124733,91.63732394,95.51056338,95.3,148.47,60,1.3,0.621,21.02,16.804113,,0.442834324
11462500,0.0284767,22.9,914,1.000731405,0.142090943,5.854759,91.39194139,82.78388278,938.7,115.58,63.2,2,0.605,22.52,15.801847,2.132502397,0.661306993
11451715,0.00127934,0.8,914,1.006485327,0.122558444,24.133838,91.39105058,75.58365759,247.9,70.02,59.6,1,0.615,15.2,18.827651,10.34183138,0.669456506
8277470,0.009702352,40.2,145,0.993134001,0.387517964,20.31672,91.3188355,95.44019642,258,82.04,52.2,36.6,0.073,11.16,17.790895,14.98604651,0.969439731
9510200,0.019774502,39.7,744,0.856595668,0.382523992,38.424484,91.30892256,95.62289562,425.3,61.33,36.1,2.1,0.215,4.68,17.785195,24.56769952,0.795664402
11203580,0.053905622,0,44,1.034098532,0.108535901,93.162825,91.2936547,95.17953763,51.9,99.58,58.8,44.5,0.588,3.96,17.121843,49.0867052,0.934421533
11149900,0.172526994,73.9,584,1.216565063,0.499585303,17.709379,91.24275596,87.95878944,556.4,63.26,62,1.5,0.659,13.34,16.227347,15.65149173,
9404450,0.002787666,14.3,1046,1.042275454,0.143709146,14.12125,91.18243243,89.32432432,193,46.03,54.3,37.5,0.146,2.78,16.150084,7.030725389,0.58998073
9430600,0.009364618,39.3,476,1.017310017,0.175730066,13.587343,91.14709443,60.41162228,190.5,67.41,44.7,14,0.222,7.73,15.895541,35.34944882,
11148900,0.152988023,17.7,837,1.141336995,0.39117648,10.274829,91.11235327,71.04527669,403.5,69.16,62.7,1.5,0.653,10.52,16.11163,12.52795539,
14375100,0.073983228,35.1,604,,0.041150051,23.712785,91.04544105,79.74457974,217.4,166.4,67,24.2,0.5,6.83,12.945906,3.298620055,0.474359489
11077500,0.020461489,54.8,97,1.038309159,0.194114675,24.501378,90.91233072,73.34283678,240.8,51.01,60.8,0,0.654,11.6,17.754193,,0.68515721
11152050,0.051752062,28.8,841,1.13545358,0.394119732,5.778692,90.90177134,78.52925389,771.5,74.52,63.7,2.4,0.652,11.74,17.029979,8.239170447,
11458000,0.229014719,85.2,163,1.028256697,0.132844062,7.469418,90.79333986,94.36826641,566.3,96.01,63.5,1.4,0.629,15.05,16.230256,,1.064135749
11456000,0.023741846,13.6,121,1.022302596,0.078239651,60.472826,90.76988516,89.74904296,212.3,104.44,64,1.5,0.624,21.08,16.071526,,0.931223526
11059300,0.011943352,0,1008,1.159017681,0.473884596,5.953975,90.7106883,91.04644656,946,67.84,42.5,27.6,0.57,12.26,19.036583,2.260084567,0.631307471
11063510,0.011816638,29.1,582,0.978420849,0.206544628,75.044644,90.69331668,87.69519051,144.5,66.42,46,4.5,0.635,13.15,18.45637,36.88442907,0.643300421
9353800,0.003729281,152.4,446,0.99035568,0.155306339,14.01843,90.65533981,98.22815534,880.8,84.75,52.5,46.2,0.068,8.92,9.979675,,
11461500,0.068686379,28.9,91,0.985256618,0.086276014,19.923258,90.6430338,89.36521022,238.7,114.45,62.5,2,0.595,22.15,16.250428,8.386175115,1.03650946
11113000,0.010150491,0,813,0.994126874,0.181172178,34.168763,90.58355438,81.76392573,650,68.34,45.4,7.7,0.69,5.32,16.054577,8.055507692,0.582739149
11463900,0.063781093,12.2,461,1.027262972,0.113170603,78.702752,90.51537462,85.10177566,114.1,115.9,65.1,0.7,0.617,23.23,15.761656,,0.607639683
11451715,0.044548446,138.4,542,1.125238619,0.2863721,5.595129,90.48850575,92.5862069,247.9,70.02,59.6,1,0.615,13.34,18.827651,10.34183138,0.693622789
11065000,0.012578352,40.3,582,1.00950537,0.268682785,33.742927,90.47927461,90.99740933,364.7,81.4,47.7,4.2,0.649,16.46,19.024359,17.52322457,0.654850569
11466200,0.169157798,12.4,121,1.026504585,0.085870066,34.361034,90.45716822,87.92720817,144.8,107.68,64.2,1.3,0.62,21.97,17.015969,,0.8871486
11204100,0.016710448,0,44,1.08286589,0.195336546,45.981764,90.42136208,94.61048506,249.1,79.83,55.9,25.2,0.595,3.14,17.505672,16.38281815,0.929846977
11461000,0.053230386,24.6,91,0.989308655,0.084631054,32.301184,90.27777778,93.97496088,259.6,118.6,63.1,3,0.607,23.46,15.086673,,1.016615306
11466320,0.18603327,13.7,121,1.022395675,0.081322436,24.946189,90.19873532,87.71454381,199.4,102.63,64.2,1,0.622,20.92,16.638396,,0.887168743
11458500,0.021651824,9.5,121,1.000803965,0.071089045,14.134659,90.13339466,90.93836247,150.4,107.96,63.9,1.4,0.626,22.19,19.519202,,0.809819098
11063510,0.016049464,24.5,574,0.939039799,0.352191992,75.044644,90.13116802,94.87820112,144.5,66.42,46,4.5,0.635,13.15,18.45637,36.88442907,0.643300421
11138500,0.000532227,0,895,0.919121528,0.380245542,14.684484,90.12430939,89.08839779,728.9,69.82,57.6,7.1,0.686,14.16,16.60856,,0.863240937
11451715,0.014049895,131.8,573,1.088264708,0.288398161,5.595129,90.11494253,93.90804598,247.9,70.02,59.6,1,0.615,10.33,18.827651,10.34183138,0.693622789
12458000,0.13891912,95.1,797,1.171911443,0.430532139,5.169794,90.1144641,81.61637183,499.4,176.56,71.1,70.7,0.458,14.22,13.609184,,
9342500,0.056096053,180.5,105,1.04356835,0.221301747,10.452957,90.08106282,91.71357802,726.9,99.32,50.6,54.9,0.122,7.87,11.980939,,1.003178144
11463200,0.162799281,0,76,0.988997495,0.079888237,8.567301,90.06094702,70.32348805,220.9,130.76,61.7,1.1,0.617,25.81,12.856578,,
11042900,0.006483816,3.1,868,0.982456433,0.155945192,15.117915,90.0531511,85.80106302,227.1,38.42,52.1,0.2,0.588,7.24,16.576693,,
11449500,0.088545775,0,936,0.987551274,0.070770241,20.124733,90.0528169,85.82746479,95.3,148.47,60,1.3,0.621,8.74,16.804113,,0.442834324
11138500,0.005166878,3.9,529,1.030720691,0.240188267,43.010103,89.99431495,82.83115406,728.9,69.82,57.6,7.1,0.686,9.48,16.60856,,0.50503316
11042800,0.02898422,3,868,0.968347588,0.119607623,36.399541,89.91935484,86.43695015,148.5,33.74,54.3,0,0.599,6.5,14.66485,,
11466800,0.020189085,15.3,121,1.003568996,0.090924988,13.403992,89.90228013,87.15681712,652.2,100.52,64.6,0.8,0.63,20.47,16.611166,,0.902839224
11458000,0.002880185,15,121,0.990853415,0.121075532,23.054366,89.77888087,89.16967509,566.3,96.01,63.5,1.4,0.629,19.59,16.230256,,0.931090554
9430600,0.029283011,0,155,1.035997771,0.208945044,13.587343,89.67917676,81.3559322,190.5,67.41,44.7,14,0.222,6.38,15.895541,35.34944882,
11462500,0.039517454,39.2,91,0.973831719,0.125034787,14.014819,89.66227348,93.65733114,938.7,115.58,63.2,2,0.605,22.52,15.801847,2.132502397,1.023963702
11022480,0.004899618,0,875,1.154942363,0.374772957,79.360851,89.58009331,68.37739762,953.6,51.86,51.9,2.2,0.585,11.2,15.3664,,1.211290407
11274630,0.012586932,42.4,968,1.156773318,0.397885298,14.544513,89.50437318,77.72594752,187.4,43.32,61.7,2.1,0.604,8.15,18.975462,,0.786918332
14096850,0.00914665,3.7,290,1.155831799,0.360603579,7.505168,89.44069431,87.14239794,374.6,63.23,63.5,37.1,0.399,4.02,16.908903,,0.655470696
8277470,0.010525516,197.8,113,1.064464736,0.234315417,20.31672,89.36338127,73.53560154,258,82.04,52.2,36.6,0.073,9.44,17.790895,14.98604651,0.969439731
11149900,0.014962518,0,259,1.275143929,0.624806391,21.73561,89.33862434,70.42328042,556.4,63.26,62,1.5,0.659,13.34,16.227347,15.65149173,0.248470686
11014000,0.001713339,4.1,866,1.03205587,0.139388489,34.921161,89.32102835,47.52801582,181.8,44.33,55.8,0,0.609,9.83,16.12831,,1.510719658
11148900,0.081406471,3.6,803,1.116673088,0.337460491,10.274829,89.2118502,95.24874231,403.5,69.16,62.7,1.5,0.653,7.38,16.11163,12.52795539,
11149900,0.019899131,274.2,484,1.208873108,0.49345718,28.802865,89.13605794,98.24107605,556.4,63.26,62,1.5,0.659,9.76,16.227347,15.65149173,0.504944363
11016200,0.001504436,1.4,535,1.096211833,0.184477022,6.759844,89.13202042,68.49015317,338.8,59.38,48.9,4.1,0.579,11.29,15.671068,4.65487013,0.529404353
11113000,0.186891011,35.1,105,1.092050162,0.181840746,18.928716,89.0036452,86.57351154,650,68.34,45.4,7.7,0.69,13.21,16.054577,8.055507692,1.120543091
11451715,0.058598341,0.6,244,0.987239235,0.156863728,11.655139,88.89772125,54.53100159,247.9,70.02,59.6,1,0.615,13.34,18.827651,10.34183138,0.440970776
11461000,0.171253495,85,838,1.0709207,0.20973007,32.301184,88.81064163,99.37402191,259.6,118.6,63.1,3,0.607,23.46,15.086673,,0.63869295
11014000,0.014485502,1.7,105,1.051690773,0.153058109,70.695026,88.71366729,75.63388992,181.8,44.33,55.8,0,0.609,8.75,16.12831,,0.878566322
9183500,0.01402502,6.6,84,1.109110051,0.210916228,9.554376,88.68739206,63.2412205,74.3,66.99,52.1,35.2,0.117,4.73,20.493111,3.052489906,0.94602491
11143000,0.059639073,138.8,601,1.113843195,0.333821459,86.219962,88.65784499,89.03591682,120.6,116.26,67.4,3.4,0.654,19.35,18.127121,57.91119403,0.650878409
11042900,0.035162233,89.8,123,0.992249833,0.068243993,18.942143,88.65425913,85.61202577,227.1,38.42,52.1,0.2,0.588,8.09,16.576693,,1.664460784
11148900,0.09614385,12.4,534,1.084443363,0.290399291,21.611762,88.65384615,78.78205128,403.5,69.16,62.7,1.5,0.653,14.72,16.11163,12.52795539,1.067785481
11065000,0.006529873,44.3,563,1.013988619,0.278593067,33.742927,88.47150259,75.38860104,364.7,81.4,47.7,4.2,0.649,16.46,19.024359,17.52322457,0.654850569
9497980,0.001988972,83.3,754,0.862838613,0.312522024,7.772327,88.45043311,97.01636189,516.8,68.36,41,9.8,0.135,7.1,17.814094,1.943034056,0.668398585
11465200,0.076568251,159.9,485,0.968075659,0.197606767,20.297152,88.32712022,76.9804287,421.6,133.48,64.5,0.5,0.627,22.93,14.901978,,0.488894805
11456000,0.529523198,69.2,163,0.961644244,0.103745011,8.882523,88.28375286,93.3180778,212.3,104.44,64,1.5,0.624,16.43,16.071526,,1.076802118
9505800,0.001579553,37.2,33,0.965350817,0.315339047,15.87416,88.24285255,95.75971731,614.9,66.14,52,25.2,0.165,5.79,19.078317,0.878337941,1.076106946
11113000,0.005663364,0.4,832,1.025231224,0.148239023,34.168763,88.22944297,89.58885942,650,68.34,45.4,7.7,0.69,9.22,16.054577,8.055507692,0.582739149
9497980,0.005753224,90.8,762,1.204251558,0.513040199,7.772327,88.20981713,97.75425088,516.8,68.36,41,9.8,0.135,7.1,17.814094,1.943034056,0.668398585
11077500,0.038923868,0,75,1.018412419,0.123654437,24.501378,88.2038489,83.74910905,240.8,51.01,60.8,0,0.654,11.6,17.754193,,0.68515721
9497980,0.006191565,62.3,782,0.97351462,0.265836358,9.741345,88.16242257,91.12181693,516.8,68.36,41,9.8,0.135,7.1,17.814094,1.943034056,0.75918412
11016200,0.007731127,0,569,1.055105893,0.133091741,6.759844,88.14733771,96.57184537,338.8,59.38,48.9,4.1,0.579,12.83,15.671068,4.65487013,0.529404353
11143000,0.544734844,102.6,606,1.102193579,0.313686898,86.219962,88.09073724,77.07939509,120.6,116.26,67.4,3.4,0.654,19.35,18.127121,57.91119403,0.650878409
9508300,0.004871711,25,802,0.962826572,0.163546769,83.630661,88.05496829,98.69626498,93,61.67,39.9,8.4,0.144,5.24,16.736963,,0.677476888
11113500,0.010361818,0.2,813,1.050470651,0.172871012,18.940755,88.04422944,76.50310988,103.3,67.78,49.9,2.6,0.693,5.06,15.259699,53.69332043,0.658887112
11014000,0.019625519,0,116,1.051377959,0.151385116,70.695026,88.03339518,91.58936302,181.8,44.33,55.8,0,0.609,8.75,16.12831,,0.878566322
11152050,0.027013842,41.8,833,1.152315405,0.428251856,5.778692,88.03005904,76.48953301,771.5,74.52,63.7,2.4,0.652,11.74,17.029979,8.239170447,
11149900,0.008702689,15.5,534,1.159045499,0.369405042,12.824107,87.9759519,77.95591182,556.4,63.26,62,1.5,0.659,13.34,16.227347,15.65149173,1.136415095
11059300,0.016223802,0.3,186,1.075655364,0.316792109,5.629999,87.93984109,60.3291714,946,67.84,42.5,27.6,0.57,12.26,19.036583,2.260084567,1.025753451
11159200,0.021297439,42.1,268,1.040656511,0.144515403,12.563615,87.89215686,95.49019608,71,84.62,68.1,0.1,0.629,16.18,16.438445,,0.520919075
14316495,0.182087905,59.4,443,1.064170013,0.193777638,48.640279,87.68063584,91.59441233,79,151.17,69.9,31.2,0.389,10.59,16.174613,6.731772152,
11138500,0.005166878,0,960,1.081732382,0.325647207,14.684484,87.36187845,82.45856354,728.9,69.82,57.6,7.1,0.686,14.96,16.60856,,0.863240937
11113000,0.073623732,33.6,896,1.166351504,0.346180024,34.168763,87.33421751,88.39522546,650,68.34,45.4,7.7,0.69,17.46,16.054577,8.055507692,0.582739149
11204100,0.010401401,194.1,106,1.135241671,0.316795248,45.981764,87.16315532,93.58157766,249.1,79.83,55.9,25.2,0.595,10.48,17.505672,16.38281815,0.929846977
11143000,0.07090945,63.7,599,1.136900969,0.383310201,86.219962,87.14555766,85.20793951,120.6,116.26,67.4,3.4,0.654,19.35,18.127121,57.91119403,0.650878409
11063510,0.15010854,107.8,609,0.998753925,0.184265499,15.999744,87.088515,83.83321141,144.5,66.42,46,4.5,0.635,15.53,18.45637,36.88442907,
11149900,0.001460627,0,585,1.123042262,0.273716203,28.802865,87.06673564,90.99844801,556.4,63.26,62,1.5,0.659,10.95,16.227347,15.65149173,0.504944363
11014000,0.002242916,67.3,477,1.049835404,0.136531488,70.695026,86.82745826,78.41682127,181.8,44.33,55.8,0,0.609,8.75,16.12831,,0.813778329
11113500,0.007099764,0,832,1.023631013,0.09449177,18.940755,86.73116793,83.13752592,103.3,67.78,49.9,2.6,0.693,8.85,15.259699,53.69332043,0.658887112
9497980,0.001879386,128.3,44,1.049084455,0.590349211,7.772327,86.57362849,98.6204684,516.8,68.36,41,9.8,0.135,7.1,17.814094,1.943034056,0.996608674
11159200,0.124833305,55.1,286,1.079009679,0.230507778,12.563615,86.56862745,84.26470588,71,84.62,68.1,0.1,0.629,14.9,16.438445,,0.520919075
11113500,0.246984073,37.5,105,1.023429777,0.069316698,85.14101,86.56462585,91.63265306,103.3,67.78,49.9,2.6,0.693,12.82,15.259699,53.69332043,1.116919209
11148900,0.051510646,26,829,1.112759277,0.335067839,10.274829,86.30519843,74.28731135,403.5,69.16,62.7,1.5,0.653,10.52,16.11163,12.52795539,
9404450,0.003125121,0,1026,1.003883188,0.097755452,14.12125,85.99662162,74.32432432,193,46.03,54.3,37.5,0.146,2.71,16.150084,7.030725389,0.58998073
11113000,0.053148493,0,788,0.894840629,0.278772587,34.168763,85.94164456,89.32360743,650,68.34,45.4,7.7,0.69,2.17,16.054577,8.055507692,0.582739149
9537200,0.002913539,59.2,30,1.040543774,0.117312563,6.935676,85.93355002,94.83568075,204.1,46.24,40.9,2.6,0.298,8.69,20.348083,,
8294195,0.013978278,124.7,347,1.122818071,0.367733886,6.622959,85.76799141,96.4688507,78.6,73.93,49.1,36.7,0.115,10.1,13.3997,2.85470229,0.862949835
11478500,0.351734084,108.6,611,1.037043487,0.1123248,8.663335,85.61592854,87.42091552,572.4,186.88,62.5,24.9,0.537,13.56,14.61381,1.959399022,0.483325575
8294195,0.01005139,93.6,344,1.181088796,0.507370061,6.622959,85.52631579,97.23415682,78.6,73.93,49.1,36.7,0.115,10.1,13.3997,2.85470229,0.862949835
11014000,0.01077846,5.4,124,1.04361837,0.147889022,70.695026,85.31230674,75.8812616,181.8,44.33,55.8,0,0.609,8.75,16.12831,,0.878566322
11466170,0.14765199,143.5,788,1.018602982,0.078545232,22.469984,85.15406162,98.64612512,56,106,64.2,0.9,0.619,16.02,16.615901,,0.952681874
9497980,0.060271869,26.9,812,1.159472929,0.461223451,9.741345,85.08258775,83.7577426,516.8,68.36,41,9.8,0.135,9.19,17.814094,1.943034056,0.75918412
11458500,0.090184553,19.6,105,1.018674007,0.068127968,63.695385,84.7610848,91.64873009,150.4,107.96,63.9,1.4,0.626,22.19,19.519202,,1.079780708
11138500,0.005943852,0,609,1.045386299,0.222019651,43.010103,84.50824332,84.70722001,728.9,69.82,57.6,7.1,0.686,14.96,16.60856,,0.50503316
11461000,0.157073269,31.8,829,1.036561562,0.116298417,32.301184,84.44835681,97.02660407,259.6,118.6,63.1,3,0.607,23.46,15.086673,,0.63869295
11042800,0.012966625,0.3,114,0.949677299,0.141971817,36.399541,84.42082111,97.4340176,148.5,33.74,54.3,0,0.599,7.04,14.66485,,
11466320,0.167571953,250.9,788,1.025781408,0.118295415,11.48391,84.16164659,98.24297189,199.4,102.63,64.2,1,0.622,15.5,16.638396,,0.767453289
11462500,0.035595875,77.1,498,1.05172885,0.256864577,5.854759,84.11172161,94.13919414,938.7,115.58,63.2,2,0.605,17.7,15.801847,2.132502397,0.619788094
11200800,0.006291161,1,223,1.085580413,0.235393729,37.21031,83.99412628,94.37102301,214.7,72.15,53.2,18.4,0.594,5.49,15.133741,23.41741966,0.964664916
11149900,0.001933931,79.4,545,1.12533227,0.281516668,17.709379,83.93432067,98.19703799,556.4,63.26,62,1.5,0.659,13.77,16.227347,15.65149173,
11022480,0.017074425,9.5,885,1.078939246,0.250976775,79.360851,83.87765682,72.05806117,953.6,51.86,51.9,2.2,0.585,11.2,15.3664,,1.211290407
11148900,0.111583008,120,842,1.114979565,0.327896918,10.274829,83.73392957,87.81442146,403.5,69.16,62.7,1.5,0.653,15,16.11163,12.52795539,
11101250,0.508342405,3.2,143,1.033896003,0.241658384,9.043463,83.67857143,97.85714286,237.3,62.69,59.1,0.3,0.655,12.65,13.411358,12.38921197,
11462500,0.015022666,32.9,955,0.99649477,0.169200611,5.854759,83.26465201,53.89194139,938.7,115.58,63.2,2,0.605,18.21,15.801847,2.132502397,0.661306993
9497980,0.002602649,68.2,823,1.012724851,0.130760302,9.741345,83.18995182,96.52443221,516.8,68.36,41,9.8,0.135,9.19,17.814094,1.943034056,0.75918412
11458500,0.052717484,8.1,800,0.996252644,0.055151849,63.695385,83.16831683,93.28454585,150.4,107.96,63.9,1.4,0.626,16.55,19.519202,,0.746733139
11022480,0.019449997,6.1,18,1.000525181,0.140251839,79.360851,83.15189217,84.70710213,953.6,51.86,51.9,2.2,0.585,4.66,15.3664,,1.548165407
11466200,0.190473637,179.3,788,1.03236387,0.114966341,7.676397,83.10708899,97.88838612,144.8,107.68,64.2,1.3,0.62,16.48,17.015969,,0.76725042
11200800,0.003138986,1.2,175,1.011855039,0.106856393,37.21031,83.06412139,71.65932452,214.7,72.15,53.2,18.4,0.594,14.49,15.133741,23.41741966,0.964664916
9508300,0.069117399,11.7,30,1.048409352,0.135082849,83.630661,82.98097252,93.09372798,93,61.67,39.9,8.4,0.144,5.9,16.736963,,1.109703309
11149900,0.003028129,50.6,250,1.177008258,0.399315227,21.73561,82.93650794,89.84126984,556.4,63.26,62,1.5,0.659,13.34,16.227347,15.65149173,0.248470686
13310700,0.035848277,15,307,1.055181332,0.163154732,12.778938,82.89405685,77.13178295,853.1,99.75,62.5,66.6,0.305,6.17,16.387158,,0.949876451
11458000,0.00995064,39.6,104,0.990978986,0.110602469,7.469418,82.54162586,89.52007835,566.3,96.01,63.5,1.4,0.629,19.59,16.230256,,1.064135749
11451715,0.001930433,32.2,184,1.00536443,0.197464248,11.655139,82.51192369,71.22416534,247.9,70.02,59.6,1,0.615,10.4,18.827651,10.34183138,0.440970776
9183500,0.010290096,81.6,53,0.994541999,0.122836096,9.554376,82.41220495,74.78411054,74.3,66.99,52.1,35.2,0.117,5.5,20.493111,3.052489906,0.94602491
11025500,0.007650544,204.4,123,1.02968435,0.148109748,16.382785,82.38125802,80.61617458,288.7,61.83,49,1.6,0.57,12.2,16.426629,,1.649024461
11458500,0.080017609,52.5,157,1.031025571,0.092835258,63.695385,82.35040895,70.59836418,150.4,107.96,63.9,1.4,0.626,16.65,19.519202,,1.079780708
11478500,0.164736216,136.7,606,1.053631532,0.139327393,8.663335,81.93152214,81.20580573,572.4,186.88,62.5,24.9,0.537,13.56,14.61381,1.959399022,0.483325575
11173200,0.060871918,99.9,486,1.048769871,0.29184993,87.006427,81.76691729,75.89285714,199.1,62.25,63.2,4.1,0.584,8.66,16.584267,,0.626923961
11458000,0.013700881,17.9,811,1.037378078,0.123179634,7.469418,81.73359452,86.97355534,566.3,96.01,63.5,1.4,0.629,14.98,16.230256,,0.74525601
11458000,0.019851276,25.5,829,1.004578342,0.078267624,7.469418,81.53770813,96.08227228,566.3,96.01,63.5,1.4,0.629,19.59,16.230256,,0.74525601
8377900,0.020168095,46.4,39,0.789344838,0.617184283,9.194168,81.29848918,96.75377705,139,89.76,48.6,31.6,0.11,11.76,13.047006,35.36093525,
11451715,0.014735255,265.6,545,1.086532337,0.240342638,5.595129,81.26436782,69.13793103,247.9,70.02,59.6,1,0.615,10.33,18.827651,10.34183138,0.693622789
9508300,0.028012338,3.8,970,1.049727287,0.17919788,83.630661,81.18393235,86.25792812,93,61.67,39.9,8.4,0.144,6.96,16.736963,,0.708457685
10257600,0.005821865,0,936,1.241242696,0.56917643,21.166607,81.17200217,82.63700488,92.9,55.02,38.1,7.4,0.582,11.71,18.430912,3.477933262,0.548745042
11059300,0.04909047,132.3,128,1.123948428,0.345647362,10.204954,81.14964676,85.35645472,946,67.84,42.5,27.6,0.57,12.26,19.036583,2.260084567,1.513553525
10173450,0.00433453,139.4,392,0.944095069,0.269753621,6.679829,80.95302013,78.20134228,268.5,65.03,54.7,53.1,0.149,4.35,13.380851,2.88603352,0.501956072
11458500,0.700389429,60.6,162,1.017911202,0.065151134,63.695385,80.90830822,83.2544124,150.4,107.96,63.9,1.4,0.626,16.65,19.519202,,1.079780708
11458000,0.005050325,21.1,800,0.954498162,0.178403524,7.469418,80.87659158,92.40940255,566.3,96.01,63.5,1.4,0.629,14.98,16.230256,,0.74525601
11047300,0.053233193,0.2,947,1.139493139,0.305807846,11.921157,80.68965517,48.50574713,139.9,46.85,61.6,0,0.652,9.25,13.66011,10.94796283,0.751632537
11204100,0.004558428,85.4,110,1.124917094,0.304496737,45.981764,80.25477707,82.85154336,249.1,79.83,55.9,25.2,0.595,10.48,17.505672,16.38281815,0.929846977
9508300,0.016746506,2.3,774,1.145838541,0.425302242,83.630661,79.84496124,81.99436223,93,61.67,39.9,8.4,0.144,8.16,16.736963,,0.677476888
11461000,0.030323867,13,48,1.056797089,0.178294897,32.301184,79.81220657,98.0829421,259.6,118.6,63.1,3,0.607,16.13,15.086673,,1.016615306
11451715,0.080872564,44.4,966,1.088803163,0.203563329,11.690112,79.80113636,87.21590909,247.9,70.02,59.6,1,0.615,10.33,18.827651,10.34183138,0.832466486
11014000,0.028347972,3.5,99,1.028698871,0.106987748,34.921161,79.63085036,87.07976269,181.8,44.33,55.8,0,0.609,8.75,16.12831,,1.608646405
11466800,0.041159683,24.6,811,0.990994427,0.078131298,12.714225,79.34888241,90.33041788,652.2,100.52,64.6,0.8,0.63,15.04,16.611166,,0.703559541
11059300,0.034423195,216.9,476,1.11943132,0.373331645,5.629999,79.08626561,76.44721907,946,67.84,42.5,27.6,0.57,8.01,19.036583,2.260084567,0.502235725
11113500,0.003124993,2.8,789,1.02024629,0.116038914,18.940755,78.92190739,80.2349689,103.3,67.78,49.9,2.6,0.693,5.06,15.259699,53.69332043,0.658887112
11461000,0.170162708,126.9,107,1.036363756,0.110086998,32.301184,78.89280125,94.20970266,259.6,118.6,63.1,3,0.607,23.46,15.086673,,1.016615306
9342500,0.035683322,63.5,81,0.965776863,0.349480168,10.452957,78.84485476,89.86714704,726.9,99.32,50.6,54.9,0.122,9.42,11.980939,,1.003178144
9508300,0.052675375,32.3,55,1.062664502,0.167931064,83.630661,78.71740662,81.71247357,93,61.67,39.9,8.4,0.144,8.16,16.736963,,1.109703309
11478500,0.115760585,214,979,1.025166425,0.101944656,12.895813,78.62332001,77.11587359,572.4,186.88,62.5,24.9,0.537,13.56,14.61381,1.959399022,0.619517434
11462500,0.010196106,82.3,42,1.084079297,0.272556725,14.014819,78.60378913,80.43657331,938.7,115.58,63.2,2,0.605,16.13,15.801847,2.132502397,1.023963702
9513780,0.002233439,0.9,608,1.008116998,0.094726954,90.81327,78.58319605,77.8830313,177.5,52.71,40,0.8,0.196,6.91,18.230644,2.558647887,0.833262072
8277470,0.011195022,166.6,111,1.165198943,0.643451617,20.31672,78.48123465,82.12907752,258,82.04,52.2,36.6,0.073,9.44,17.790895,14.98604651,0.969439731
9510200,0.011385319,18.4,387,1.307940215,0.853971404,38.424484,78.3459596,74.78956229,425.3,61.33,36.1,2.1,0.215,6.95,17.785195,24.56769952,0.821059687
11461000,0.091844231,71.4,143,1.061976603,0.199248171,32.301184,78.28638498,93.34898279,259.6,118.6,63.1,3,0.607,18.36,15.086673,,1.016615306
11101250,0.449871096,0,113,1.071089207,0.272606105,9.043463,78.25,94.42857143,237.3,62.69,59.1,0.3,0.655,15.17,13.411358,12.38921197,
11449500,0.12063619,6.9,912,1.030171809,0.078716983,20.124733,78.19102113,93.97007042,95.3,148.47,60,1.3,0.621,21.02,16.804113,,0.442834324
11138500,0.004351055,211,585,0.98661337,0.217302179,43.010103,78.11256396,80.95508812,728.9,69.82,57.6,7.1,0.686,17.01,16.60856,,0.50503316
11456000,0.023341703,4,127,1.04398343,0.096350511,60.472826,77.96682263,72.1395151,212.3,104.44,64,1.5,0.624,19.91,16.071526,,0.931223526
11149900,0.000916073,20.3,488,1.183527801,0.425458089,12.824107,77.95591182,93.18637275,556.4,63.26,62,1.5,0.659,9.76,16.227347,15.65149173,1.136415095
11462500,0.078129928,72.3,545,1.100896583,0.356406878,5.854759,77.86172161,87.59157509,938.7,115.58,63.2,2,0.605,22.52,15.801847,2.132502397,0.619788094
11101250,0.441518052,0.5,99,1.091899903,0.2645059,9.043463,77.85714286,65.71428571,237.3,62.69,59.1,0.3,0.655,15.17,13.411358,12.38921197,
9505800,0.008979964,109.9,64,0.916697879,0.404893777,15.87416,77.83488596,91.58368134,614.9,66.14,52,25.2,0.165,7.93,19.078317,0.878337941,1.076106946
11462500,0.014057354,14.2,48,1.063863309,0.263625924,14.014819,77.75947282,98.06425041,938.7,115.58,63.2,2,0.605,16.13,15.801847,2.132502397,1.023963702
9183500,0.080415195,9.1,40,0.984687321,0.081654404,9.554376,77.73459988,67.78929188,74.3,66.99,52.1,35.2,0.117,4.14,20.493111,3.052489906,0.94602491
11148900,0.084915371,75.1,807,1.064909795,0.233911437,10.274829,77.529346,79.37395193,403.5,69.16,62.7,1.5,0.653,7.38,16.11163,12.52795539,
11458000,0.012250787,77.6,157,1.019950196,0.119059932,7.469418,77.49755142,64.69147894,566.3,96.01,63.5,1.4,0.629,15.05,16.230256,,1.064135749
11065000,0.005023576,4.3,559,0.955997673,0.307013154,33.742927,77.33160622,77.4611399,364.7,81.4,47.7,4.2,0.649,19.01,19.024359,17.52322457,0.654850569
11463900,0.171737418,1.3,467,1.053653188,0.172681822,78.702752,77.32784755,68.60112603,114.1,115.9,65.1,0.7,0.617,21.26,15.761656,,0.607639683
11461500,0.206415026,47.6,547,1.047253522,0.166851523,23.026463,77.19335605,88.20272572,238.7,114.45,62.5,2,0.595,22.15,16.250428,8.386175115,0.619788094
11456000,0.038547155,15.7,811,1.020066124,0.061792988,8.882523,77.18535469,77.89473684,212.3,104.44,64,1.5,0.624,16.25,16.071526,,0.714871147
11456000,0.039214061,16,829,0.988992691,0.040599718,8.882523,77.18535469,82.33409611,212.3,104.44,64,1.5,0.624,21.08,16.071526,,0.714871147
11059300,0.003502186,87.1,480,1.119660873,0.593074462,5.629999,77.07150965,59.53461975,946,67.84,42.5,27.6,0.57,8.01,19.036583,2.260084567,0.502235725
11461500,0.224209424,96.8,107,1.009972529,0.049027466,19.923258,76.93734542,93.69332234,238.7,114.45,62.5,2,0.595,22.15,16.250428,8.386175115,1.03650946
11462500,0.069683449,81,107,1.038439918,0.146435907,14.014819,76.64744646,93.86326194,938.7,115.58,63.2,2,0.605,22.52,15.801847,2.132502397,1.023963702
11022480,0.029991598,278.1,124,1.033473504,0.159050313,79.360851,76.64593053,75.63504406,953.6,51.86,51.9,2.2,0.585,10.13,15.3664,,1.548165407
11022480,0.019687554,0,940,1.036269118,0.217721744,79.360851,76.56817004,91.39450492,953.6,51.86,51.9,2.2,0.585,1.42,15.3664,,1.211290407
11462500,0.031372635,90.2,143,1.042842604,0.21314841,14.014819,76.40032949,92.95716639,938.7,115.58,63.2,2,0.605,18.21,15.801847,2.132502397,1.023963702
11451715,0.011422678,10,538,1.008130319,0.086067196,24.133838,76.38618677,91.00194553,247.9,70.02,59.6,1,0.615,15.2,18.827651,10.34183138,0.633678478
11458000,0.00435528,6,127,1.071840455,0.263224868,23.054366,76.1732852,71.02888087,566.3,96.01,63.5,1.4,0.629,18.58,16.230256,,0.931090554
11109600,0.005670415,0.6,167,1.036891185,0.21815403,41.681744,76.03355303,78.66986219,963.8,55.61,42.7,11.8,0.673,14.06,16.693884,3.126727537,1.121524237
9404450,0.003007745,0,674,1.027627464,0.111411374,14.12125,75.92905405,80.2027027,193,46.03,54.3,37.5,0.146,2.78,16.150084,7.030725389,0.449450623
11113000,0.014332667,13.9,842,1.054517241,0.21812807,34.168763,75.72944297,65.64986737,650,68.34,45.4,7.7,0.69,9.22,16.054577,8.055507692,0.582739149
11200800,0.003772059,0,90,1.073926401,0.211865361,37.21031,75.67302986,74.74302496,214.7,72.15,53.2,18.4,0.594,9.36,15.133741,23.41741966,0.964664916
11456000,0.0276099,35.5,104,0.937245604,0.142973512,8.882523,75.17162471,90.4805492,212.3,104.44,64,1.5,0.624,21.08,16.071526,,1.076802118
10173450,0.005252058,80.9,390,0.858823233,0.397279342,6.679829,75.04697987,87.86577181,268.5,65.03,54.7,53.1,0.149,4.35,13.380851,2.88603352,0.501956072
11043000,0.00380855,15.6,860,0.970175864,0.180506734,15.431556,74.847793,62.48097412,572.5,37.11,54,0.1,0.614,6.95,16.167722,,
11456000,0.036546437,66.5,157,0.950640207,0.112685331,8.882523,74.53089245,71.48741419,212.3,104.44,64,1.5,0.624,16.43,16.071526,,1.076802118
11113500,0.005208321,0,97,1.034983455,0.123203242,18.940755,74.39530062,87.00760194,103.3,67.78,49.9,2.6,0.693,8.85,15.259699,53.69332043,1.132471162
11462500,0.020090553,26.2,101,1.067028325,0.2205211,14.014819,74.3616145,82.57825371,938.7,115.58,63.2,2,0.605,22.52,15.801847,2.132502397,1.023963702
9497980,0.005435427,109.4,72,1.176614867,0.626758344,7.772327,74.23804941,91.85113892,516.8,68.36,41,9.8,0.135,9.19,17.814094,1.943034056,0.996608674
11463200,0.139725368,1.7,467,1.019211804,0.132447182,26.99712,74.20935412,65.74610245,220.9,130.76,61.7,1.1,0.617,26.04,12.856578,,0.552259241
11461500,0.070821707,58.7,143,1.030509338,0.096968158,19.923258,74.19620775,92.91014015,238.7,114.45,62.5,2,0.595,17.85,16.250428,8.386175115,1.03650946
11461000,0.05126697,163.6,795,1.077369554,0.233350183,32.301184,74.15884194,73.86541471,259.6,118.6,63.1,3,0.607,18.28,15.086673,,0.63869295
13083000,0.005527307,5.2,644,1.029137519,0.143291736,29.119732,74.06119611,65.53546592,133.2,51.39,57.6,34.3,0.207,5.73,18.298273,41.60810811,
11461500,0.060026439,20,164,0.995882869,0.116296911,19.923258,73.90766694,98.76339654,238.7,114.45,62.5,2,0.595,17.85,16.250428,8.386175115,1.03650946
11173200,0.017920238,15.8,214,0.996142784,0.178855316,87.006427,73.84868421,65.22556391,199.1,62.25,63.2,4.1,0.584,10.54,16.584267,,0.963839512
11381500,0.039841497,0.3,333,1.208450624,0.481261729,12.398946,73.79471229,87.83048212,337.6,143.89,52.7,28.2,0.512,3.1,14.722083,7.867890995,0.754549488
11065000,0.022439158,110.5,577,0.891306381,0.426418849,33.742927,73.63989637,71.69689119,364.7,81.4,47.7,4.2,0.649,16.46,19.024359,17.52322457,0.654850569
11113000,0.002875246,44.3,171,1.220855674,0.450355662,34.168763,73.60742706,82.89124668,650,68.34,45.4,7.7,0.69,17.46,16.054577,8.055507692,1.169524863
11113500,0.014555887,7.3,842,1.073945336,0.233177825,18.940755,73.53144437,60.9536973,103.3,67.78,49.9,2.6,0.693,8.85,15.259699,53.69332043,0.658887112
9404450,0.005678036,1.9,1094,1.296255975,0.724584762,14.12125,73.42905405,88.88513514,193,46.03,54.3,37.5,0.146,3.18,16.150084,7.030725389,0.58998073
11449500,0.094191311,71.2,915,1.05017373,0.116868122,20.124733,73.41549296,83.18661972,95.3,148.47,60,1.3,0.621,21.02,16.804113,,0.442834324
11113000,0.004356434,1.3,168,1.071400552,0.186816532,34.168763,73.34217507,82.09549072,650,68.34,45.4,7.7,0.69,17.46,16.054577,8.055507692,1.169524863
11458500,0.028806339,46.8,804,0.993447268,0.054120527,63.695385,73.28885062,79.16487301,150.4,107.96,63.9,1.4,0.626,16.55,19.519202,,0.746733139
11077500,0.006314839,5.2,123,0.986293285,0.111232178,24.501378,73.27156094,57.02066999,240.8,51.01,60.8,0,0.654,11.9,17.754193,,0.68515721
11059300,0.086506987,32.1,141,1.025030604,0.330528736,5.629999,73.24063564,71.39614075,946,67.84,42.5,27.6,0.57,13.57,19.036583,2.260084567,1.025753451
9430600,0.01322938,29.4,472,1.05642362,0.168443401,13.587343,73.18401937,67.07021792,190.5,67.41,44.7,14,0.222,10.8,15.895541,35.34944882,
11138500,0.003414801,65.8,590,0.993908987,0.253731219,43.010103,73.16657192,84.4229676,728.9,69.82,57.6,7.1,0.686,17.01,16.60856,,0.50503316
9505800,0.002652543,97.1,89,1.046277324,0.344902302,15.87416,72.98425956,84.06681658,614.9,66.14,52,25.2,0.165,7.93,19.078317,0.878337941,1.076106946
11065000,0.014364167,0,571,1.001528036,0.073652629,33.742927,72.76554404,62.11139896,364.7,81.4,47.7,4.2,0.649,16.46,19.024359,17.52322457,0.654850569
11461500,0.055874412,96.2,920,1.021661642,0.098714172,23.026463,72.76405451,67.120954,238.7,114.45,62.5,2,0.595,20.37,16.250428,8.386175115,0.661306993
11458000,0.007350472,58.3,804,0.965219494,0.164109873,7.469418,72.01273262,85.70029383,566.3,96.01,63.5,1.4,0.629,14.98,16.230256,,0.74525601
11138500,0.002564014,14.4,539,1.156663857,0.434880248,43.010103,71.94428653,66.06026151,728.9,69.82,57.6,7.1,0.686,9.48,16.60856,,0.50503316
11059300,0.060165759,259.2,478,0.897395953,0.687299699,5.629999,71.93530079,63.16685585,946,67.84,42.5,27.6,0.57,8.01,19.036583,2.260084567,0.502235725
9508300,0.011874795,64.1,806,1.037231497,0.146833046,83.630661,71.51162791,88.33685694,93,61.67,39.9,8.4,0.144,5.24,16.736963,,0.677476888
11461500,0.040096712,17.7,101,1.015398512,0.07564409,19.923258,71.20774938,86.56224237,238.7,114.45,62.5,2,0.595,22.15,16.250428,8.386175115,1.03650946
11462500,0.028597364,136,920,1.034161756,0.161347161,5.854759,70.9478022,66.02564103,938.7,115.58,63.2,2,0.605,20.94,15.801847,2.132502397,0.661306993
11224500,0.0020259,82.8,530,1.058186165,0.168529862,17.519332,70.92343659,72.58912916,247.4,47.01,49.5,2,0.63,6.81,21.958024,,0.625048745
9497800,0.069010228,155.9,29,0.883855141,0.483010034,33.497407,70.47879617,70.20519836,750.9,58.79,40.7,12.1,0.147,5.81,18.999934,,
11278400,0.057051087,41.2,332,1.29415745,0.729731304,25.788143,70.41584158,78.33663366,610.5,130.21,62.7,47.9,0.559,1.07,14.084845,12.88255528,0.955176759
11458000,0.003785243,21.3,172,1.032358285,0.130837153,23.054366,70.28429603,68.32129964,566.3,96.01,63.5,1.4,0.629,15.05,16.230256,,0.931090554
9537200,0.007214476,22.6,39,1.049362048,0.149028996,6.935676,70.22390755,61.6468039,204.1,46.24,40.9,2.6,0.298,8.69,20.348083,,
8294195,0.022804767,33.6,36,1.133316475,0.55262242,48.051439,70.1414898,88.53516438,78.6,73.93,49.1,36.7,0.115,10.1,13.3997,2.85470229,1.085573434
11077500,0.007737736,25.7,95,1.030048712,0.205631206,24.501378,70.06414825,66.42908054,240.8,51.01,60.8,0,0.654,11.6,17.754193,,0.68515721
11059300,1.06861572,212.8,440,1.104131955,0.370566919,10.204954,100,97.75208735,946,67.84,42.5,27.6,0.57,13.57,19.036583,2.260084567,0.682674413
7103700,0.165056407,14.6,443,0.983553933,0.111019842,10.334753,100,99.4957598,264.2,59.97,52.8,27.6,0.361,4.09,15.226314,5.675132475,0.397808237
11046100,0.451064388,20.6,899,1.046977285,0.135526447,61.385841,100,97.39389427,67.8,40.34,64.9,0,0.655,4.97,16.06083,9.995575221,0.970007047
7103970,0.077780106,33.7,91,0.931666648,0.20107415,5.2619,99.97474747,99.72222222,466,56.93,51.8,18.5,0.31,3.64,12.548144,,0.9040836
10321590,0.000653556,23.1,1021,0.987277087,0.115407234,10.934387,99.96096799,99.60967994,476.6,31.03,52.6,39,0.172,2.09,21.107389,,
11046250,1.12597364,108.6,444,1.081824737,0.247833521,14.830853,99.92435703,94.55370651,109.9,44.67,63.3,0,0.651,9.78,15.647458,,1.040754556
7103970,0.137938157,232.1,695,0.896270484,0.273582346,5.2619,99.92424242,96.81818182,466,56.93,51.8,18.5,0.31,7.43,12.548144,,0.737907065
11073495,1.53688792,14.7,486,1.132897087,0.365243318,26.085866,99.88066826,94.92840095,208.2,61.85,53.7,0.2,0.66,14.43,10.502607,,0.478553645
9510200,0.600558936,10.4,925,1.095215635,0.244938595,38.424484,99.87373737,98.31649832,425.3,61.33,36.1,2.1,0.215,7.96,17.785195,24.56769952,0.868715379
11073300,0.911151263,58.7,440,1.094618239,0.284654929,30.521869,99.86366735,91.47920927,83.6,90.33,49.8,5.3,0.643,18.88,20.142177,,0.607662358
11073360,0.826174791,60.1,440,1.193536499,0.386110771,20.134001,99.86320109,91.4500684,132.3,74.76,53,3.4,0.65,15.84,14.250404,,0.608914885
9508300,1.248375931,133.1,193,1.078387403,0.215836803,83.630661,99.85905567,92.35377026,93,61.67,39.9,8.4,0.144,7.12,16.736963,,0.3593483
11077500,0.077142167,200.8,822,1.048135503,0.233056909,24.501378,99.85744833,97.07769066,240.8,51.01,60.8,0,0.654,11.6,17.754193,,0.675049737
11063510,0.750542701,76.4,926,0.94743404,0.168637203,15.999744,99.85369422,94.65983906,144.5,66.42,46,4.5,0.635,14.09,18.45637,36.88442907,
11113000,0.858217465,0,430,1.113607596,0.255340339,12.550943,99.845798,92.59830378,650,68.34,45.4,7.7,0.69,9.22,16.054577,8.055507692,0.784575117
11169800,0.52449677,30.1,867,1.009496234,0.093165204,19.710195,99.8427673,94.33962264,282.9,60.85,63.3,1.8,0.626,11.87,15.108,,0.693486301
9510200,0.243019969,0.9,258,1.118345525,0.279403222,13.021051,99.82905983,96.88034188,425.3,61.33,36.1,2.1,0.215,7.96,17.785195,24.56769952,0.342386832
11224500,0.073023974,13.2,198,1.038859569,0.136099292,17.519332,99.82466394,91.9345412,247.4,47.01,49.5,2,0.63,10.27,21.958024,,0.531629253
11458000,0.830053347,0.7,504,1.001287739,0.095253203,7.469418,99.80411361,96.22918707,566.3,96.01,63.5,1.4,0.629,18.58,16.230256,,0.659041598
11466200,1.351306806,96.6,391,1.032213643,0.097878156,34.361034,99.77807368,97.60319574,144.8,107.68,64.2,1.3,0.62,5.89,17.015969,,0.362637882
11466320,0.808037639,104.2,391,1.046906214,0.124972052,24.946189,99.77416441,97.56097561,199.4,102.63,64.2,1,0.622,5.55,16.638396,,0.362440977
11173510,0.072460285,17.2,164,1.112989224,0.208388408,77.737397,99.76798144,92.66821346,360.7,62.25,63.9,3.7,0.583,11.21,16.911694,,0.968436809
11274500,0.358234639,18.4,867,1.029162268,0.111858439,27.069601,99.76390346,93.91395593,347.8,45.32,61.6,1.4,0.624,9.04,18.273952,,0.693667672
11458500,1.839463634,0,504,1.018596289,0.062346939,63.695385,99.7417133,97.07275075,150.4,107.96,63.9,1.4,0.626,20.48,19.519202,,0.620423687
11152000,0.365115291,45.4,924,1.095237131,0.276687073,10.954941,99.74120083,96.94616977,625.1,80.89,63.9,2.9,0.654,16.68,17.294107,10.20955047,0.893566341
11152050,0.253254773,47.2,924,1.133339629,0.370703841,8.868908,99.73985432,96.98231009,771.5,74.52,63.7,2.4,0.652,15.41,17.029979,8.239170447,0.893566341
11451715,0.41350096,58.1,827,1.036602522,0.131846598,5.595129,99.71264368,98.27586207,247.9,70.02,59.6,1,0.615,10.4,18.827651,10.34183138,0.712904405
11466320,1.150282052,0,504,1.015165299,0.101216634,11.48391,99.69879518,97.84136546,199.4,102.63,64.2,1,0.622,19.44,16.638396,,0.654534435
7103970,0.178651181,27.7,72,1.09914411,0.312914663,5.2619,99.6969697,99.8989899,466,56.93,51.8,18.5,0.31,8.74,12.548144,,0.9040836
7103700,0.010171333,137.7,766,0.919443546,0.228247422,10.334753,99.67911987,99.31239972,264.2,59.97,52.8,27.6,0.361,9.63,15.226314,5.675132475,0.527450528
11143000,0.460207023,31.6,924,1.057168001,0.253723709,86.219962,99.66918715,98.81852552,120.6,116.26,67.4,3.4,0.654,23.37,18.127121,57.91119403,0.780523961
9353800,0.005272432,1,832,1.051431104,0.171746522,14.01843,99.66019417,98.59223301,880.8,84.75,52.5,46.2,0.068,7.18,9.979675,,
11466200,1.00125772,0,504,1.019774161,0.10863077,7.676397,99.64806435,98.08949221,144.8,107.68,64.2,1.3,0.62,20.11,17.015969,,0.654883262
9508300,1.424975453,25.7,231,1.05349702,0.141937582,83.630661,99.64763918,87.24453841,93,61.67,39.9,8.4,0.144,6.96,16.736963,,0.3593483
11014000,0.113703402,27,805,1.050218515,0.137217727,7.06468,99.63208241,94.55481972,181.8,44.33,55.8,0,0.609,9.83,16.12831,,
11149900,0.285000344,36.5,588,1.091357208,0.218615508,21.73561,99.62962963,93.5978836,556.4,63.26,62,1.5,0.659,13.77,16.227347,15.65149173,0.494408205
11143000,0.457859028,73.2,575,0.998904766,0.072532913,99.985297,99.62476548,89.91557223,120.6,116.26,67.4,3.4,0.654,25.11,18.127121,57.91119403,0.453496031
11025500,0.033348524,0,357,1.04917754,0.148274005,16.382785,99.61489089,94.86521181,288.7,61.83,49,1.6,0.57,2.39,16.426629,,0.818166877
11148900,2.940457879,171.6,482,1.103143605,0.304122074,19.551763,99.61046188,97.9966611,403.5,69.16,62.7,1.5,0.653,14.72,16.11163,12.52795539,
7103700,0.084778973,58.7,1060,0.840009407,0.407640996,10.334753,99.61035984,96.53907862,264.2,59.97,52.8,27.6,0.361,7.11,15.226314,5.675132475,0.648685697
11467200,2.333612465,209.5,432,1.012994661,0.062669111,32.048365,99.6043956,97.14285714,162.6,162.49,65.6,0.6,0.627,9.16,14.168797,,0.39255994
11129800,0.164655834,28,484,1.06558845,0.131408931,19.694249,99.58246347,84.62073765,85.3,58.44,66.4,0.1,0.68,11.75,15.248683,,
11451715,0.424923639,63.4,574,1.025828173,0.146348265,11.655139,99.57604663,95.1245363,247.9,70.02,59.6,1,0.615,15.2,18.827651,10.34183138,0.608025122
11043000,0.171137462,5.2,357,0.982979068,0.148548371,7.514724,99.55686854,95.42097489,572.5,37.11,54,0.1,0.614,1.62,16.167722,,1.053456228
7103700,0.064307691,26.9,425,1.08791476,0.386289997,10.334753,99.55305982,99.63327985,264.2,59.97,52.8,27.6,0.361,10.32,15.226314,5.675132475,0.397808237
11148900,1.319346256,0,380,1.090325102,0.31118218,6.063932,99.55156951,97.02914798,403.5,69.16,62.7,1.5,0.653,3.24,16.11163,12.52795539,0.554964854
11274500,0.022389665,11.4,483,1.064407727,0.17354623,91.144936,99.54841947,94.38033116,347.8,45.32,61.6,1.4,0.624,5.88,18.273952,,0.614993088
11466170,1.021428147,0,504,0.992085794,0.086173525,22.469984,99.53314659,98.27264239,56,106,64.2,0.9,0.619,19.59,16.615901,,0.840366825
9510200,0.021771926,0,215,1.125519219,0.292264606,13.021051,99.52991453,95.76923077,425.3,61.33,36.1,2.1,0.215,5.8,17.785195,24.56769952,0.342386832
11152000,0.588895631,35.8,843,1.126078506,0.384268213,14.964649,99.52854898,99.89523311,625.1,80.89,63.9,2.9,0.654,12.76,17.294107,10.20955047,0.66357975
11152050,0.289591327,36.5,843,1.149917792,0.447856266,12.095121,99.5215311,99.89367358,771.5,74.52,63.7,2.4,0.652,11.74,17.029979,8.239170447,0.66357975
11044800,2.189171691,95.4,171,1.013335381,0.08587029,5.29932,99.51219512,97.88617886,85.5,40.9,59,0,0.666,9.41,15.319151,,
11465350,0.16996162,217.4,432,0.993079687,0.158947008,25.433253,99.4956442,97.15726731,559.8,130.36,64.5,0.4,0.629,7.17,15.21547,,0.45860699
11025500,0.168704296,116.2,822,1.025355237,0.146938319,57.038453,99.48275862,96.09195402,288.7,61.83,49,1.6,0.57,11.95,16.426629,,0.884453394
11149900,0.236143142,27,843,1.172378081,0.403201296,28.802865,99.48266943,99.79306777,556.4,63.26,62,1.5,0.659,9.76,16.227347,15.65149173,0.675502193
9513780,0.729058406,0,77,1.050935258,0.146575385,17.300814,99.47889526,98.48879625,177.5,52.71,40,0.8,0.196,4.44,18.230644,2.558647887,1.158136717
7104905,0.196163789,95.6,1060,0.952119008,0.201319419,5.351106,99.46834219,91.20347994,613.5,54.77,51.4,16.6,0.322,7.23,13.421778,2.570904645,0.640264154
9510200,0.170446882,0,658,1.102066589,0.257972441,13.021051,99.44444444,99.95726496,425.3,61.33,36.1,2.1,0.215,8.96,17.785195,24.56769952,0.712944338
11101250,0.852010511,0.2,844,1.085266581,0.346503652,9.043463,99.42857143,96.92857143,237.3,62.69,59.1,0.3,0.655,15.17,13.411358,12.38921197,
11046250,0.50243675,91.5,488,1.056712134,0.158238196,14.830853,99.39485628,95.15885023,109.9,44.67,63.3,0,0.651,10.26,15.647458,,1.040754556
11143000,0.197466381,0,968,1.015685431,0.142870506,99.985297,99.3902439,96.2945591,120.6,116.26,67.4,3.4,0.654,23.37,18.127121,57.91119403,0.638570704
9484000,1.130488278,73.8,804,1.119668157,0.399693303,69.267296,99.37578027,97.65917603,103.7,75.97,43.3,3.1,0.167,13.39,17.656755,25.9246866,0.762986287
11027000,0.347878458,89.7,822,1.050703111,0.127628981,50.900245,99.370444,96.28893307,58.2,51.93,53.2,0.2,0.625,11.16,15.624757,,0.978380779
9508300,2.122239083,7,187,1.068066923,0.198999131,83.630661,99.36575053,96.7230444,93,61.67,39.9,8.4,0.144,5.36,16.736963,,0.3593483
11149900,0.352687926,0,491,1.128126488,0.301775081,21.73561,99.36507937,97.56613757,556.4,63.26,62,1.5,0.659,2.61,16.227347,15.65149173,0.494408205
11463900,1.094453776,114.9,731,1.038686841,0.127068998,78.702752,99.35036812,97.22823733,114.1,115.9,65.1,0.7,0.617,5.97,15.761656,,0.675231242
11169800,0.370350773,43.1,846,1.040329659,0.113036497,36.191218,99.34967484,99.69984992,282.9,60.85,63.3,1.8,0.626,8.1,15.108,,0.690304803
12097500,0.184610182,19.3,67,0.980670238,0.090101551,32.826882,99.34640523,96.23619563,190.2,164.67,72.5,51.5,0.402,11.33,12.777585,15.41735016,1.151443763
7103970,0.05365612,153.3,730,1.038455483,0.242707673,5.2619,99.34343434,97.82828283,466,56.93,51.8,18.5,0.31,5.68,12.548144,,0.737907065
11143000,1.195129464,0,478,1.015888311,0.072363467,99.985297,99.34333959,97.56097561,120.6,116.26,67.4,3.4,0.654,5.19,18.127121,57.91119403,0.453496031
11148900,0.063932151,12.1,431,1.144611133,0.457269372,20.792454,99.3413831,99.94511526,403.5,69.16,62.7,1.5,0.653,3.24,16.11163,12.52795539,0.498664892
10313400,0.052267746,38.7,1039,1.091090589,0.302150428,5.15123,99.33380084,99.15848527,184.2,59.75,52.5,59.1,0.251,3.55,16.866536,,1.006267636
11042900,0.076932972,31.4,93,1.007925622,0.063755969,6.890085,99.33333333,94.93333333,227.1,38.42,52.1,0.2,0.588,1.8,16.576693,,
11172945,0.170030962,26.5,434,0.971854288,0.083739103,98.034239,99.33046389,96.31755141,87.1,62.38,62.8,4.1,0.574,3.83,17.898739,,0.72189765
11046100,0.112766097,108.9,567,1.06434308,0.181495185,61.385841,99.32985853,95.01116902,67.8,40.34,64.9,0,0.655,9.03,16.06083,9.995575221,0.750923007
11128250,0.331130292,100.9,529,1.03049411,0.081702808,37.41514,99.31693989,98.01912568,73.8,63.62,64.2,0.3,0.688,13.59,18.11282,,
11204100,0.163694182,2.4,203,1.088110202,0.204321479,14.215553,99.29843497,97.13977334,249.1,79.83,55.9,25.2,0.595,15.82,17.505672,16.38281815,0.986911753
11148900,0.526334943,73.5,220,1.104392177,0.321182408,21.611762,99.29487179,83.3974359,403.5,69.16,62.7,1.5,0.653,3.6,16.11163,12.52795539,1.04596501
11065000,0.210415635,42.9,881,0.980112291,0.261250798,33.742927,99.28756477,98.25129534,364.7,81.4,47.7,4.2,0.649,17.4,19.024359,17.52322457,0.745010548
11148900,0.701779923,0,490,1.100776276,0.310957879,20.792454,99.28649835,93.41383095,403.5,69.16,62.7,1.5,0.653,10.52,16.11163,12.52795539,0.498664892
11025500,0.784671144,47,252,1.016822919,0.095963583,7.499671,99.26764314,99.20106525,288.7,61.83,49,1.6,0.57,13.15,16.426629,,
11169800,0.309292943,0,771,0.925757052,0.175510016,19.710195,99.26624738,97.48427673,282.9,60.85,63.3,1.8,0.626,3.29,15.108,,0.693486301
11274500,0.038265973,0,771,1.028546478,0.133052537,27.069601,99.26547744,96.85204617,347.8,45.32,61.6,1.4,0.624,2.29,18.273952,,0.693667672
11063510,0.101901359,36.1,881,0.941928882,0.221741188,75.044644,99.25046846,98.25109307,144.5,66.42,46,4.5,0.635,14.09,18.45637,36.88442907,0.741913803
9430600,0.133928896,16.2,859,1.011819955,0.239263416,91.945834,99.2449031,93.63201611,190.5,67.41,44.7,14,0.222,7.73,15.895541,35.34944882,0.650067681
11463200,0.924238441,126,731,1.012478624,0.101033693,26.99712,99.24276169,97.32739421,220.9,130.76,61.7,1.1,0.617,6.23,12.856578,,0.639128666
11014000,0.23675229,2.6,634,1.044810797,0.126832999,5.043274,99.23488906,97.16908952,181.8,44.33,55.8,0,0.609,8.75,16.12831,,1.025194801
9510200,0.00274313,0.9,558,1.049572,0.162318333,13.021051,99.23076923,97.60683761,425.3,61.33,36.1,2.1,0.215,5.66,17.785195,24.56769952,0.712944338
10260950,0.05789504,24.6,890,1.020411552,0.14625654,10.926878,99.22540666,98.76065066,175.1,66.31,43.9,6.7,0.611,13.76,18.304836,5.662649914,0.605979138
11162500,0.361998034,8.7,483,1.038576034,0.110446669,22.750724,99.22018349,88.89908257,118.9,92.36,68.6,1,0.604,13.2,15.086714,,0.885783407
9430600,0.477149564,53.4,455,1.090185695,0.237858224,51.133435,99.21375267,89.76545842,190.5,67.41,44.7,14,0.222,10.8,15.895541,35.34944882,0.617887885
11138500,0.253293546,204.8,529,1.073002381,0.275394576,5.562678,99.20977011,98.85057471,728.9,69.82,57.6,7.1,0.686,14.96,16.60856,,
11077500,0.215198424,25.8,53,1.072801652,0.254227934,9.037622,99.20913884,98.94551845,240.8,51.01,60.8,0,0.654,6.47,17.754193,,
11055800,0.479984116,0,856,1.061290286,0.181424186,84.009376,99.2,98.27692308,50.5,78.15,44,7.1,0.609,17.52,21.01686,,0.809620196
11274630,0.022665544,1.5,543,1.022652325,0.105295309,14.544513,99.18367347,98.19241983,187.4,43.32,61.7,2.1,0.604,8.15,18.975462,,0.568651794
11451715,0.686502976,28.5,200,1.03990308,0.104756824,24.133838,99.17315175,99.8540856,247.9,70.02,59.6,1,0.615,13.34,18.827651,10.34183138,0.809356648
11169800,0.12211566,57.2,531,1.042513735,0.112554716,19.710195,99.16142558,92.61006289,282.9,60.85,63.3,1.8,0.626,13.42,15.108,,0.568156639
7104905,0.177701315,27.8,425,1.128232305,0.389731376,5.351106,99.15418076,98.42919285,613.5,54.77,51.4,16.6,0.322,8.62,13.421778,2.570904645,0.544737842
11152050,0.009653044,28.7,431,1.191740276,0.590892148,12.095121,99.14938862,99.84051037,771.5,74.52,63.7,2.4,0.652,3.19,17.029979,8.239170447,0.476982831
13161500,0.007207709,103.2,690,0.997506926,0.253657753,31.768989,99.14808319,95.31445753,986.1,44.45,54.8,54.4,0.192,3.05,19.045598,,0.904966847
8380500,0.051459138,117.3,80,1.012335698,0.075075282,99.368957,99.14346895,91.32762313,198.1,68.57,50.8,19.2,0.221,5.71,17.995738,48.47415447,1.00779206
11055800,0.026354268,60.1,360,1.053491708,0.17082567,84.009376,99.13846154,98.15384615,50.5,78.15,44,7.1,0.609,3.42,21.01686,,0.531261529
9484000,0.85196218,2.1,604,1.089115384,0.258629089,85.517068,99.12826899,74.84433375,103.7,75.97,43.3,3.1,0.167,6.97,17.656755,25.9246866,0.572519765
11159200,0.191836484,76.5,607,1.087103869,0.25761191,12.563615,99.11764706,97.99019608,71,84.62,68.1,0.1,0.629,16.46,16.438445,,0.614253963
11128250,0.316166119,305.1,470,1.063077817,0.148683492,37.41514,99.11202186,99.93169399,73.8,63.62,64.2,0.3,0.688,13.31,18.11282,,
11059300,0.181095941,0,430,1.085720851,0.32472037,10.204954,99.10083494,94.47655748,946,67.84,42.5,27.6,0.57,8.01,19.036583,2.260084567,0.682674413
11129800,0.161004193,89.7,529,1.032345366,0.078437864,19.694249,99.09533751,97.2164231,85.3,58.44,66.4,0.1,0.68,12.6,15.248683,,
8380500,0.093198216,182,117,1.046059332,0.553897805,99.368957,99.07209136,99.82155603,198.1,68.57,50.8,19.2,0.221,10.72,17.995738,48.47415447,1.00779206
7103700,0.005723384,0.8,319,1.015367987,0.18479336,10.334753,99.07173963,95.59935824,264.2,59.97,52.8,27.6,0.361,7.11,15.226314,5.675132475,0.397808237
11118500,0.932816797,76.7,423,1.102161954,0.240085617,82.190611,99.0700558,97.64414135,485.7,69.88,51.4,1.4,0.702,18.25,16.615606,50.47848466,0.588751203
9430600,0.024675024,105.2,399,1.044764209,0.138434076,51.133435,99.06716418,90.27185501,190.5,67.41,44.7,14,0.222,2.4,15.895541,35.34944882,0.617887885
11149900,0.161330552,26.1,220,1.155196453,0.349319747,12.824107,99.06479626,82.56513026,556.4,63.26,62,1.5,0.659,3.3,16.227347,15.65149173,1.178214387
11143000,1.547328716,200.1,471,1.059711384,0.199308847,13.697515,99.04509284,96.76392573,120.6,116.26,67.4,3.4,0.654,23.37,18.127121,57.91119403,
11129800,0.162332063,292.5,470,1.063141705,0.131256637,19.694249,99.02574809,99.79123173,85.3,58.44,66.4,0.1,0.68,11.75,15.248683,,
11014000,0.278806973,70.4,439,1.030655898,0.106641051,34.921161,99.01120633,81.60843771,181.8,44.33,55.8,0,0.609,8.78,16.12831,,0.841697022
11176400,0.047668598,34.1,846,1.09112524,0.211898997,74.095967,99.00756144,99.57466919,338.6,57.45,62.2,4,0.599,7.81,17.721231,,0.674537193
11015000,0.130526598,0,358,0.970326214,0.072164508,81.490142,99.00314795,82.89611752,117.8,76.11,45.5,11.1,0.564,3.5,15.126983,,0.608571175
7103700,0.037941538,149.3,751,1.034807147,0.641013769,10.334753,98.9915196,99.97707999,264.2,59.97,52.8,27.6,0.361,9.63,15.226314,5.675132475,0.527450528
11073300,0.51823845,0.2,430,1.037865037,0.159867348,30.521869,98.97750511,94.13769598,83.6,90.33,49.8,5.3,0.643,12,20.142177,,0.607662358
11073360,0.639964411,0.2,430,1.062203814,0.162643181,20.134001,98.97400821,94.11764706,132.3,74.76,53,3.4,0.65,9.83,14.250404,,0.608914885
11458500,1.270867915,43.8,491,1.015181918,0.059851817,63.695385,98.96685321,99.87085665,150.4,107.96,63.9,1.4,0.626,20.48,19.519202,,0.620423687
10173450,0.007624976,57.8,37,1.075695941,0.277960153,6.679829,98.96644295,99.62416107,268.5,65.03,54.7,53.1,0.149,4.35,13.380851,2.88603352,1.025728165
11022480,0.061170983,0,358,1.104111003,0.237159017,79.360851,98.96319336,81.70036288,953.6,51.86,51.9,2.2,0.585,2.22,15.3664,,0.762980732
11143000,0.073727044,13.9,859,1.065530733,0.257957191,86.219962,98.96030246,98.96030246,120.6,116.26,67.4,3.4,0.654,13.95,18.127121,57.91119403,0.780523961
11014000,0.089093625,0,429,1.024799197,0.140164671,34.921161,98.94528675,98.15425181,181.8,44.33,55.8,0,0.609,4.97,16.12831,,0.841697022
11173200,0.54045161,38.5,846,1.045537001,0.125181044,87.006427,98.94266917,99.57706767,199.1,62.25,63.2,4.1,0.584,8.66,16.584267,,0.63793308
9484000,0.341331002,113.5,437,1.184818848,0.686367421,69.267296,98.93882647,98.37702871,103.7,75.97,43.3,3.1,0.167,13.39,17.656755,25.9246866,0.620399768
14400000,2.15620533,291.2,633,1.075252221,0.182527824,81.178779,98.92311545,95.91785625,702.6,309.76,70.5,7.5,0.474,23.56,12.840941,37.28364646,0.376428052
7103700,0.034511794,43.8,1045,0.95539957,0.225832449,10.334753,98.92275957,94.54503782,264.2,59.97,52.8,27.6,0.361,7.11,15.226314,5.675132475,0.648685697
8378500,0.023289789,126.4,80,1.014138693,0.104831176,24.394413,98.92207104,85.79254285,445,86.08,49.1,32.7,0.115,6.05,14.557434,13.96395506,0.93442821
11159200,0.244481839,10.4,940,1.087664545,0.245580667,12.563615,98.92156863,83.28431373,71,84.62,68.1,0.1,0.629,12.34,16.438445,,0.783301461
11152000,0.037915819,18.7,859,1.090892973,0.260846339,10.954941,98.91304348,96.6873706,625.1,80.89,63.9,2.9,0.654,9.04,17.294107,10.20955047,0.893566341
11152050,0.745082883,0,478,1.119474688,0.334869154,31.232187,98.90818859,97.02233251,771.5,74.52,63.7,2.4,0.652,3.19,17.029979,8.239170447,0.456406466
9484000,0.154827742,0,910,1.114222045,0.368167411,69.267296,98.90761548,97.12858926,103.7,75.97,43.3,3.1,0.167,6.72,17.656755,25.9246866,0.861433391
11160500,0.149900497,80.4,434,0.970848328,0.099783575,19.295537,98.9021043,94.87648673,275.8,118.78,67,0.7,0.632,6.22,15.363053,,0.533704057
10308794,0.007231994,12.4,111,0.991853847,0.127351685,32.861018,98.9010989,91.79748823,55.6,62.5,58.2,57.4,0.43,4.05,16.384837,18.27769784,0.60050444
11161000,0.129101157,80.4,434,0.987972945,0.103257771,18.338121,98.88940305,94.81721425,298.3,118.15,67.1,0.6,0.632,6.17,15.746177,,0.536703619
11274630,0.043366741,39.5,988,1.076176867,0.193627729,13.905464,98.88765295,94.99443826,187.4,43.32,61.7,2.1,0.604,2.5,18.975462,,0.942822946
11028500,0.131422561,88.7,822,1.07759777,0.157210324,59.833561,98.87710543,98.00374298,146.3,47.31,53.2,0.1,0.607,9.2,15.589059,,0.927810373
11042900,0.021945224,0,590,0.981352059,0.080934135,6.890085,98.86666667,98.13333333,227.1,38.42,52.1,0.2,0.588,8.09,16.576693,,
11152000,0.154018857,0,968,1.107542799,0.34160587,38.563747,98.86419753,94.4691358,625.1,80.89,63.9,2.9,0.654,16.68,17.294107,10.20955047,0.651840956
11152050,0.101668945,0,968,1.120815014,0.380906245,31.232187,98.85856079,94.44168734,771.5,74.52,63.7,2.4,0.652,15.41,17.029979,8.239170447,0.651840956
10258500,0.159465321,62.9,187,1.117391177,0.295905527,34.911598,98.85386819,98.73925501,241.5,37.78,41.9,5.1,0.464,8.36,22.326342,,
11172945,0.305600582,26.6,846,1.037312662,0.081900925,98.034239,98.85222382,99.52175992,87.1,62.38,62.8,4.1,0.574,8.49,17.898739,,0.663379039
14090350,0.262352784,7.5,477,1.062694123,0.251690467,7.771881,98.84928431,95.73393208,72.1,182.78,64.8,53.1,0.404,15.45,16.829358,17.35811373,
11059300,0.094289622,0,856,1.085722307,0.337862106,10.204954,98.84393064,98.07321773,946,67.84,42.5,27.6,0.57,15.02,19.036583,2.260084567,0.984463275
10260500,1.459629892,65.8,360,1.061355098,0.296112964,11.670864,98.84353741,97.68707483,349.2,58.83,40,29.5,0.571,2.42,21.118823,,0.648942303
11023340,0.252164382,11.5,119,1.029888406,0.080493603,37.099197,98.83900929,99.69040248,109.6,39.02,60.2,0,0.626,7.97,14.786058,,1.554540454
11274630,0.040495772,9.6,575,1.071459235,0.198558032,13.905464,98.8320356,95.93993326,187.4,43.32,61.7,2.1,0.604,8.63,18.975462,,0.736767118
11160500,1.642745172,134.9,865,0.972613303,0.110134619,19.295537,98.81061299,95.65416285,275.8,118.78,67,0.7,0.632,16.89,15.363053,,0.600181272
11451715,0.356387568,52.6,107,1.097555115,0.225160798,5.595129,98.79310345,97.06896552,247.9,70.02,59.6,1,0.615,10.4,18.827651,10.34183138,1.003780864
11143000,1.042509788,101.2,155,1.026814703,0.144787994,29.9711,98.78345499,94.54987835,120.6,116.26,67.4,3.4,0.654,23.37,18.127121,57.91119403,
11073360,1.010244822,86.3,360,1.146101205,0.315291092,20.134001,98.76880985,96.03283174,132.3,74.76,53,3.4,0.65,2.66,14.250404,,0.608914885
14096850,0.035755088,30.1,656,1.011743139,0.20828322,12.034205,98.75730994,99.08625731,374.6,63.23,63.5,37.1,0.399,3.77,16.908903,,
11161000,1.61376446,134.9,865,0.989554079,0.113186457,18.338121,98.75057844,95.60388709,298.3,118.15,67.1,0.6,0.632,16.79,15.746177,,0.602883283
11274630,0.058023793,69.3,528,1.0720114,0.210448703,13.905464,98.74860957,92.26918799,187.4,43.32,61.7,2.1,0.604,5.71,18.975462,,0.736767118
11173510,0.071910749,38.6,846,1.094451494,0.174165421,77.737397,98.74709977,99.58236659,360.7,62.25,63.9,3.7,0.583,8.8,16.911694,,0.654213136
11173575,0.057603495,38.6,846,1.095689518,0.190456094,73.616074,98.7459359,99.58197863,385.4,62.15,64.2,3.5,0.584,8.83,17.382289,,0.65548461
11466170,0.682637623,29.5,491,1.021783338,0.074921111,22.469984,98.7394958,99.85994398,56,106,64.2,0.9,0.619,19.59,16.615901,,0.840366825
11143000,0.652742615,232.4,136,0.98354756,0.090778046,29.9711,98.73479319,84.13625304,120.6,116.26,67.4,3.4,0.654,25.11,18.127121,57.91119403,
11149900,0.278384265,1.5,861,1.090867869,0.20748115,12.824107,98.73079492,96.59318637,556.4,63.26,62,1.5,0.659,13.77,16.227347,15.65149173,0.879304078
11148900,1.00354529,37.3,63,1.101659498,0.31529904,19.551763,98.72008904,95.15859766,403.5,69.16,62.7,1.5,0.653,10.52,16.11163,12.52795539,
11073300,0.333298454,0.4,142,1.078808368,0.251024485,14.041929,98.71794872,95.51282051,83.6,90.33,49.8,5.3,0.643,20.46,20.142177,,
11073360,0.340315523,0.4,142,1.165553444,0.337895938,8.872533,98.71336669,95.49678342,132.3,74.76,53,3.4,0.65,17.06,14.250404,,
11123500,0.17863138,106.4,423,1.018600182,0.092138939,11.243107,98.71244635,97.56795422,718.1,79.99,52.6,3.8,0.712,20.64,18.753658,5.57082579,0.553130696
11274630,0.011695421,8.6,483,1.024576139,0.126813012,85.565494,98.70903674,88.23237339,187.4,43.32,61.7,2.1,0.604,5.71,18.975462,,0.595692952
11138500,0.139078358,53.9,484,1.064324598,0.291438343,5.562678,98.70689655,83.04597701,728.9,69.82,57.6,7.1,0.686,14.16,16.60856,,
9508300,0.195477402,1.1,150,1.016329295,0.080371918,83.630661,98.69626498,91.57857646,93,61.67,39.9,8.4,0.144,4.83,16.736963,,0.3593483
11143000,0.300543362,79.3,239,1.034491571,0.160820521,99.985297,98.68667917,86.16322702,120.6,116.26,67.4,3.4,0.654,23.37,18.127121,57.91119403,0.306190458
11458000,0.570036636,65.1,491,1.01164873,0.079723493,7.469418,98.6777669,99.80411361,566.3,96.01,63.5,1.4,0.629,18.58,16.230256,,0.659041598
11022480,0.083441971,131.1,440,1.093131131,0.247014056,79.360851,98.65215137,94.6086055,953.6,51.86,51.9,2.2,0.585,9.92,15.3664,,0.762980732
11169800,0.372352669,1,122,0.980975359,0.109409281,19.710195,98.63731656,98.84696017,282.9,60.85,63.3,1.8,0.626,11.87,15.108,,0.883383447
11014000,0.176006636,91.2,1055,0.988506988,0.050355912,5.043274,98.62280031,91.73680184,181.8,44.33,55.8,0,0.609,2.96,16.12831,,1.360760596
11451715,0.287851497,0,885,1.055944306,0.157732756,5.595129,98.62068966,99.36781609,247.9,70.02,59.6,1,0.615,13.34,18.827651,10.34183138,0.712904405
9183500,0.009375421,0,501,1.146568544,0.271331115,9.554376,98.61830743,83.82268279,74.3,66.99,52.1,35.2,0.117,6.93,20.493111,3.052489906,0.683639915
11023340,0.788013693,34.7,484,1.010259383,0.068786974,37.099197,98.60681115,91.33126935,109.6,39.02,60.2,0,0.626,7.97,14.786058,,0.915032406
10260950,0.263600322,45.2,920,1.016883058,0.148143357,10.926878,98.60573199,96.20449264,175.1,66.31,43.9,6.7,0.611,15.35,18.304836,5.662649914,0.605979138
11022480,0.06651602,93.5,822,1.108855429,0.250419674,18.106704,98.59327217,96.08562691,953.6,51.86,51.9,2.2,0.585,9.92,15.3664,,1.066980112
11466320,0.673128016,44.7,491,1.027343008,0.110123015,11.48391,98.54417671,99.89959839,199.4,102.63,64.2,1,0.622,19.44,16.638396,,0.654534435
11014000,0.194697607,125.3,760,1.017365734,0.078495098,7.06468,98.52832965,98.16041207,181.8,44.33,55.8,0,0.609,8.75,16.12831,,
11043000,0.182019035,0,429,0.942381141,0.268152829,7.514724,98.52289513,92.31905465,572.5,37.11,54,0.1,0.614,3.76,16.167722,,1.053456228
11466200,0.594496772,40.1,491,1.027264049,0.101598658,7.676397,98.49170437,99.94972348,144.8,107.68,64.2,1.3,0.62,20.11,17.015969,,0.654883262
11138500,0.262228748,592.5,470,1.073298574,0.319413374,5.562678,98.49137931,99.6408046,728.9,69.82,57.6,7.1,0.686,14.16,16.60856,,
9430600,0.015904985,117.6,775,0.975699349,0.083535,31.471915,98.47411444,95.88555858,190.5,67.41,44.7,14,0.222,9.71,15.895541,35.34944882,
13161500,0.014099542,34.1,699,1.030797611,0.270685043,31.768989,98.47156101,95.79052869,986.1,44.45,54.8,54.4,0.192,3.05,19.045598,,0.904966847
9484000,0.428711738,126.5,451,1.124037442,0.388728275,69.267296,98.47066167,98.25218477,103.7,75.97,43.3,3.1,0.167,13.39,17.656755,25.9246866,0.620399768
11047300,0.299563213,70.4,162,1.118413702,0.256593432,11.921157,98.46743295,96.16858238,139.9,46.85,61.6,0,0.652,9.9,13.66011,10.94796283,0.495678495
10173450,0.011495469,103.2,50,1.130803377,0.40961309,6.679829,98.45637584,99.89261745,268.5,65.03,54.7,53.1,0.149,5.66,13.380851,2.88603352,1.025728165
11451715,0.580272066,0.2,212,1.049200697,0.139724234,24.133838,98.44357977,93.28793774,247.9,70.02,59.6,1,0.615,13.34,18.827651,10.34183138,0.809356648
14316495,0.390700427,38.8,653,1.054976173,0.190786812,80.803082,98.43677088,92.95380308,79,151.17,69.9,31.2,0.389,5.58,16.174613,6.731772152,0.50848164
8378500,0.047215911,272.4,117,1.062709363,0.57645894,24.394413,98.43611946,99.91164517,445,86.08,49.1,32.7,0.115,12.04,14.557434,13.96395506,0.93442821
9497980,0.088216099,0.2,267,0.959130257,0.221820285,7.772327,98.42797562,94.83477703,516.8,68.36,41,9.8,0.135,8.46,17.814094,1.943034056,0.49186069
11014000,0.010280034,16.2,368,1.056402428,0.169187629,7.06468,98.41795438,97.35099338,181.8,44.33,55.8,0,0.609,8.78,16.12831,,
8405105,0.032272846,14.1,815,0.956305714,0.198552887,25.346613,98.35472195,84.76472524,843.2,45.1,50.1,2.1,0.465,5.94,22.253605,,0.619136331
11152000,0.38006418,93.1,155,1.139129829,0.422923089,7.156277,98.34490123,95.03470368,625.1,80.89,63.9,2.9,0.654,16.68,17.294107,10.20955047,
11152000,0.534536034,177,935,1.072958421,0.24231126,10.954941,98.3436853,96.48033126,625.1,80.89,63.9,2.9,0.654,16.68,17.294107,10.20955047,0.893566341
11152050,0.22572708,93.1,155,1.165045573,0.495113846,5.778692,98.33601718,95.00805153,771.5,74.52,63.7,2.4,0.652,15.41,17.029979,8.239170447,
11152050,0.433102365,181.8,935,1.109155525,0.320734679,8.868908,98.33506764,96.46201873,771.5,74.52,63.7,2.4,0.652,15.41,17.029979,8.239170447,0.893566341
11148900,0.237903394,56.6,485,1.068807515,0.236355076,10.274829,98.32308552,93.79541643,403.5,69.16,62.7,1.5,0.653,15,16.11163,12.52795539,
11274500,0.068797334,1.3,122,1.017730868,0.106301962,27.069601,98.32109129,97.06190976,347.8,45.32,61.6,1.4,0.624,9.04,18.273952,,0.856351492
11014000,0.007865783,13.5,922,0.989882219,0.061579924,5.043274,98.31675593,99.31140015,181.8,44.33,55.8,0,0.609,4.05,16.12831,,1.360760596
11383500,0.058752942,10.3,853,1.022623899,0.179231064,15.279904,98.31009717,98.60583016,539.8,148.35,51.6,32.5,0.527,8.86,15.939202,5.542645424,0.537688566
11143000,0.784230336,40.1,52,1.00536012,0.10423595,13.697515,98.30238727,94.37665782,120.6,116.26,67.4,3.4,0.654,17.47,18.127121,57.91119403,
11451715,0.506024656,10.9,171,1.067015694,0.143818359,24.133838,98.29766537,98.6381323,247.9,70.02,59.6,1,0.615,15.2,18.827651,10.34183138,0.809356648
11138500,0.020939451,0,201,1.027220993,0.265729874,43.010103,98.2944855,96.47527004,728.9,69.82,57.6,7.1,0.686,14.16,16.60856,,0.635399474
7103970,0.125177358,86.9,707,0.957488233,0.210848468,5.2619,98.28282828,94.64646465,466,56.93,51.8,18.5,0.31,7.43,12.548144,,0.737907065
9512280,0.00570238,49.1,762,1.01389215,0.104299002,77.294582,98.28030954,99.74204643,188.7,50.78,38.1,0.5,0.208,3.99,17.665115,,0.780488717
8380500,0.150089151,166.5,119,1.325335629,0.793384757,99.368957,98.2690935,99.73233405,198.1,68.57,50.8,19.2,0.221,10.72,17.995738,48.47415447,1.00779206
11453500,2.316304287,105.6,482,0.989090492,0.046064373,68.402353,98.25218477,97.46150645,293.4,112.6,63,2,0.624,23.78,17.47691,,0.389033416
11451715,0.31298139,188.1,1003,1.037602783,0.180092475,11.655139,98.25119237,97.88023317,247.9,70.02,59.6,1,0.615,10.33,18.827651,10.34183138,0.829864732
11466800,0.203627546,64.7,491,0.995107774,0.091131257,12.714225,98.25072886,99.75704568,652.2,100.52,64.6,0.8,0.63,19.46,16.611166,,0.594232737
11173575,0.03401839,29,434,0.93419956,0.168524799,73.616074,98.2350209,94.42638179,385.4,62.15,64.2,3.5,0.584,3.67,17.382289,,0.668678281
11176400,0.015387758,27,434,0.895470511,0.216700093,74.095967,98.20415879,94.65973535,338.6,57.45,62.2,4,0.599,3.05,17.721231,,0.604649115
11042900,0.075561395,0,164,0.972744399,0.098767209,6.890085,98.2,91.53333333,227.1,38.42,52.1,0.2,0.588,3.91,16.576693,,
9353800,0.002057535,28.1,817,1.02717869,0.139062782,14.01843,98.17961165,97.42718447,880.8,84.75,52.5,46.2,0.068,7.18,9.979675,,
10234500,0.046236432,20.5,1081,1.064036099,0.280050369,5.250666,98.17687075,98.01360544,236.4,75.93,50.3,56.6,0.152,4.51,18.085888,1.319162437,0.80010705
11124500,1.508258815,413.5,206,1.066206194,0.191872056,71.062545,98.15774324,95.79735176,191.5,83.1,54.6,4.5,0.711,19.21,17.185694,,0.648680925
11143000,0.295847372,93.6,130,1.018880306,0.070892981,29.9711,98.15085158,93.91727494,120.6,116.26,67.4,3.4,0.654,25.11,18.127121,57.91119403,
11042400,0.002565229,16.8,881,1.002363664,0.193695653,5.418644,98.14932993,97.57498405,342.2,45.9,47.5,4.5,0.519,3.72,17.322787,,
11173510,0.048359193,28.5,434,0.918283935,0.174042508,77.737397,98.14385151,94.43155452,360.7,62.25,63.9,3.7,0.583,3.69,16.911694,,0.666629687
9497980,0.03906713,65.5,441,1.229112178,0.50626006,7.772327,98.13923645,98.9412897,516.8,68.36,41,9.8,0.135,9.19,17.814094,1.943034056,0.49186069
11274538,0.034385572,1.3,122,1.046524496,0.165871047,20.054364,98.13631523,97.01810437,469.4,42.12,61.9,1.3,0.619,8.42,18.511698,,0.856351492
9508300,0.797742668,0,216,1.039556197,0.126197395,83.630661,98.13248767,94.08033827,93,61.67,39.9,8.4,0.144,7.12,16.736963,,0.3593483
11028500,0.048194724,4.3,421,1.015363917,0.096309951,59.833561,98.12850905,93.51216469,146.3,47.31,53.2,0.1,0.607,4.92,15.589059,,0.873161756
9484000,0.42598109,55.3,430,1.173917685,0.693873893,69.267296,98.12734082,100,103.7,75.97,43.3,3.1,0.167,13.39,17.656755,25.9246866,0.620399768
11138500,0.083913199,462.1,206,1.089242545,0.31843895,43.010103,98.12393405,96.64582149,728.9,69.82,57.6,7.1,0.686,14.16,16.60856,,0.635399474
11025500,0.268749867,1.6,232,1.074008786,0.184882292,7.499671,98.10252996,97.80292943,288.7,61.83,49,1.6,0.57,12.2,16.426629,,
14182500,0.697059793,105.8,627,1.03966815,0.102358518,94.322738,98.09608147,86.05268984,286.8,224.25,70.2,22.8,0.386,14.36,13.492479,73.25648536,0.304124638
11022480,0.05374732,0,430,1.117674394,0.299146942,79.360851,98.08190772,97.97822706,953.6,51.86,51.9,2.2,0.585,5.73,15.3664,,0.762980732
11152000,0.175762696,84.6,239,1.109043331,0.324963278,38.563747,98.07407407,85.77777778,625.1,80.89,63.9,2.9,0.654,16.68,17.294107,10.20955047,0.414664174
11023340,0.32037278,0,358,1.062003945,0.188003148,37.099197,98.06501548,86.45510836,109.6,39.02,60.2,0,0.626,1.45,14.786058,,0.915032406
11152050,0.100934873,86.2,239,1.132789954,0.390029869,31.232187,98.06451613,85.70719603,771.5,74.52,63.7,2.4,0.652,15.41,17.029979,8.239170447,0.414664174
9497800,0.01557444,8.5,990,1.04624441,0.192140903,33.497407,98.05745554,92.80437756,750.9,58.79,40.7,12.1,0.147,6.66,18.999934,,
9497980,0.001687612,29.3,865,0.88512345,0.325763078,9.741345,98.03854095,94.28768066,516.8,68.36,41,9.8,0.135,5.46,17.814094,1.943034056,0.6887004
11152000,0.234652259,0,897,1.104869195,0.307920031,10.954941,98.03312629,99.37888199,625.1,80.89,63.9,2.9,0.654,16.63,17.294107,10.20955047,0.893566341
9404450,0.072919479,36.7,419,1.018828696,0.061840158,14.12125,98.02364865,98.27702703,193,46.03,54.3,37.5,0.146,4.15,16.150084,7.030725389,0.42238348
10258500,0.207539425,27.2,247,0.999992351,0.604418718,34.911598,98.02292264,96.61891117,241.5,37.78,41.9,5.1,0.464,6.02,22.326342,,
11152050,0.149750648,0,897,1.134514438,0.382756501,8.868908,98.02289282,99.37565036,771.5,74.52,63.7,2.4,0.652,15.13,17.029979,8.239170447,0.893566341
11152000,0.159907814,106.6,836,1.109351707,0.36764656,14.964649,98.00942902,95.075956,625.1,80.89,63.9,2.9,0.654,12.76,17.294107,10.20955047,0.66357975
11101250,0.581133219,13.7,453,1.136599257,0.259935572,9.043463,98,73.92857143,237.3,62.69,59.1,0.3,0.655,13.13,13.411358,12.38921197,
11159200,0.518476984,40.7,1031,1.05469156,0.162005248,12.563615,97.99019608,89.06862745,71,84.62,68.1,0.1,0.629,14.9,16.438445,,0.783301461
10234500,0.02120168,26,360,1.082625015,0.320500751,5.250666,97.97278912,99.89115646,236.4,75.93,50.3,56.6,0.152,6.48,18.085888,1.319162437,0.997725065
9510200,0.086555057,0,300,1.071053361,0.249057707,13.021051,97.97008547,97.90598291,425.3,61.33,36.1,2.1,0.215,8.96,17.785195,24.56769952,0.342386832
11274630,0.006346352,0,952,1.107402883,0.271534898,13.905464,97.96996663,90.98998888,187.4,43.32,61.7,2.1,0.604,8.63,18.975462,,0.942822946
11451715,0.177051516,107.8,819,1.114781634,0.255164133,5.595129,97.95977011,98.96551724,247.9,70.02,59.6,1,0.615,10.4,18.827651,10.34183138,0.712904405
11028500,0.055549742,36.8,97,1.101302041,0.198129249,59.833561,97.94135995,92.01497193,146.3,47.31,53.2,0.1,0.607,9.2,15.589059,,0.929987858
11152000,0.154924851,215.6,136,1.113774784,0.340161298,7.156277,97.91777896,83.98291511,625.1,80.89,63.9,2.9,0.654,16.63,17.294107,10.20955047,
11149900,0.03190986,63.4,485,1.104030532,0.245193621,8.664033,97.91332263,93.90048154,556.4,63.26,62,1.5,0.659,13.77,16.227347,15.65149173,
10260950,0.174655428,23,909,0.998262383,0.128281803,10.926878,97.90859799,98.14097599,175.1,66.31,43.9,6.7,0.611,15.35,18.304836,5.662649914,0.605979138
11152050,0.122957027,217.1,136,1.141196924,0.412034605,5.778692,97.90660225,83.89694042,771.5,74.52,63.7,2.4,0.652,15.13,17.029979,8.239170447,
11123500,0.575721446,481.1,206,1.042723527,0.171046864,47.106742,97.90454016,94.17927823,718.1,79.99,52.6,3.8,0.712,17.22,18.753658,5.57082579,0.737099819
11063510,0.005878925,37.4,846,0.869501434,0.377994273,15.999744,97.8785662,91.80687637,144.5,66.42,46,4.5,0.635,2.33,18.45637,36.88442907,
11526500,0.058598982,60.6,411,1.165409761,0.392104928,55.076898,97.87234043,96.27659574,391.9,130.47,63.6,31.7,0.536,8.02,14.164304,3.990865017,0.575001288
11149900,0.127232296,1.8,880,1.082325363,0.20754642,12.824107,97.86239145,81.49632599,556.4,63.26,62,1.5,0.659,13.77,16.227347,15.65149173,0.879304078
11463900,0.048394215,36.7,38,1.004883775,0.05330727,78.702752,97.85621481,99.30705933,114.1,115.9,65.1,0.7,0.617,16.56,15.761656,,1.084489945
9497980,0.098626695,5.4,1025,1.014621671,0.139047419,9.741345,97.83207158,90.19270475,516.8,68.36,41,9.8,0.135,8.46,17.814094,1.943034056,0.6887004
11143000,0.277063412,0.8,29,0.979197945,0.091396988,13.697515,97.82493369,97.93103448,120.6,116.26,67.4,3.4,0.654,13.95,18.127121,57.91119403,
11149900,0.245812797,90,151,1.158243075,0.377747333,8.664033,97.80631354,92.72338149,556.4,63.26,62,1.5,0.659,13.34,16.227347,15.65149173,
11063510,0.954345418,0,916,0.95667431,0.189106629,15.999744,97.80541331,90.1975128,144.5,66.42,46,4.5,0.635,8.28,18.45637,36.88442907,
11046100,0.047612352,0.4,201,1.050956283,0.179530044,29.358783,97.78656126,79.68379447,67.8,40.34,64.9,0,0.655,4.97,16.06083,9.995575221,0.493910212
8377900,0.038299008,114.1,80,1.000676775,0.040805256,65.272425,97.77567846,86.49948471,139,89.76,48.6,31.6,0.11,6.08,13.047006,35.36093525,0.946858376
11057500,0.041485432,0,128,1.060475807,0.191176021,5.10267,97.76632302,99.82817869,329,50.34,46.1,3.2,0.566,10.07,19.193511,9.619696049,1.434377001
11063510,0.299825152,76.7,911,0.969458913,0.18713394,75.044644,97.75140537,96.62710806,144.5,66.42,46,4.5,0.635,15.53,18.45637,36.88442907,0.741913803
11372000,0.138247909,21.8,602,0.967694806,0.178300815,9.214676,97.74368231,93.90794224,589.9,149.15,61.6,13.3,0.544,9.97,14.264321,,0.525126425
14180300,0.467695224,73.4,626,1.007772405,0.038399411,8.351728,97.73391813,84.89278752,66.6,217.85,69,33.6,0.423,12.8,13.559303,1.667267267,0.687926088
11143000,0.434379078,126.4,935,1.095039411,0.312808071,86.219962,97.731569,96.83364839,120.6,116.26,67.4,3.4,0.654,23.37,18.127121,57.91119403,0.780523961
11372000,0.08880508,1.1,659,0.960657117,0.170299713,6.341896,97.69865393,93.57359965,589.9,149.15,61.6,13.3,0.544,9.97,14.264321,,0.503725216
10308200,0.070357258,45.5,483,1.041532213,0.108836447,10.319266,97.69408148,94.8501153,716.4,98.02,59.8,67.2,0.457,5.87,17.280325,8.075935232,0.619771212
8377900,0.615228749,219.8,116,1.061451372,0.486416304,65.272425,97.67262109,99.82823772,139,89.76,48.6,31.6,0.11,11.76,13.047006,35.36093525,0.946858376
11065000,0.253896356,94.5,911,0.986238614,0.212242365,33.742927,97.66839378,96.37305699,364.7,81.4,47.7,4.2,0.649,19.01,19.024359,17.52322457,0.745010548
11015000,0.028845657,1.1,892,1.013859636,0.117145202,81.490142,97.66526758,96.48478489,117.8,76.11,45.5,11.1,0.564,4.98,15.126983,,1.021402429
11148900,0.348082842,105.2,836,1.082297681,0.253290353,20.792454,97.63995609,90.55982437,403.5,69.16,62.7,1.5,0.653,10.52,16.11163,12.52795539,0.652189475
10309000,0.055997169,47.6,483,,0.179640336,8.083485,97.61811792,94.76766888,925.4,89.65,58.8,63.3,0.454,5.45,17.09045,11.97263886,0.62317111
11151870,0.377225826,105.8,836,1.065401091,0.235595897,32.792709,97.60448522,94.39347604,284.5,100.15,65.8,4,0.657,15.57,16.869365,22.3427768,0.663781512
11113000,0.008930689,0,159,1.075341476,0.222649677,12.968352,97.59780371,95.05833905,650,68.34,45.4,7.7,0.69,5.32,16.054577,8.055507692,
11152000,0.082445388,86.3,130,1.110111642,0.324713367,7.156277,97.59743727,93.00587293,625.1,80.89,63.9,2.9,0.654,16.63,17.294107,10.20955047,
11023340,0.950783734,0,430,1.027460311,0.094693826,37.099197,97.5619195,93.26625387,109.6,39.02,60.2,0,0.626,4.51,14.786058,,0.915032406
11022480,0.023547859,56.2,97,1.182454817,0.410722318,18.106704,97.55351682,92.90519878,953.6,51.86,51.9,2.2,0.585,9.92,15.3664,,0.966853157
11138500,0.012004249,51.9,559,1.023689262,0.197793738,14.684484,97.54834254,99.24033149,728.9,69.82,57.6,7.1,0.686,17.01,16.60856,,0.694239571
11042400,0.148121296,0,234,0.966033661,0.264236398,5.418644,97.51116784,95.53286535,342.2,45.9,47.5,4.5,0.519,8.93,17.322787,,
11152050,0.077811611,106.6,836,1.127164902,0.406386717,12.095121,97.50132908,94.20520999,771.5,74.52,63.7,2.4,0.652,11.74,17.029979,8.239170447,0.66357975
12178100,0.73534353,51.7,799,1.006486266,0.058904866,5.210638,97.49012317,98.86125959,69.7,280.14,69.5,59.6,0.415,25.6,13.27064,,0.434996438
11113500,0.095942759,98.1,828,1.054040533,0.15419345,85.14101,97.4829932,95.17006803,103.3,67.78,49.9,2.6,0.693,12.82,15.259699,53.69332043,0.956848087
11047300,0.307659516,0.8,478,1.078758854,0.17473213,11.921157,97.47126437,93.33333333,139.9,46.85,61.6,0,0.652,3.68,13.66011,10.94796283,0.541141138
11124500,0.249897784,3.3,877,1.053523318,0.162357182,10.349061,97.45529574,84.73177442,191.5,83.1,54.6,4.5,0.711,21.39,17.185694,,
11042400,0.010260917,14.9,627,1.017145267,0.136936156,5.418644,97.44735163,96.74537332,342.2,45.9,47.5,4.5,0.519,8.76,17.322787,,
11025500,0.041195235,6.2,931,1.042259228,0.143908644,7.499671,97.436751,89.34753662,288.7,61.83,49,1.6,0.57,11.95,16.426629,,
11043000,0.424875953,207.2,440,0.96949169,0.220502829,15.431556,97.41248097,92.84627093,572.5,37.11,54,0.1,0.614,9.09,16.167722,,
10257600,0.009022367,0,509,1.089797549,0.245154991,70.099582,97.40990991,89.13288288,92.9,55.02,38.1,7.4,0.582,3.52,18.430912,3.477933262,0.459862484
11200800,0.031257971,44.4,423,1.124716317,0.32361268,37.21031,97.40577582,95.25208027,214.7,72.15,53.2,18.4,0.594,7.54,15.133741,23.41741966,0.40057673
11372000,0.051842966,0,479,0.967363263,0.209619699,6.341896,97.39470256,94.83282675,589.9,149.15,61.6,13.3,0.544,7.61,14.264321,,0.503725216
9484000,0.41232785,254.5,416,1.1126631,0.59664547,69.267296,97.39388265,99.90636704,103.7,75.97,43.3,3.1,0.167,10.6,17.656755,25.9246866,0.620399768
11148900,0.145970224,66.6,126,1.129392726,0.356603003,10.274829,97.37283399,92.90106205,403.5,69.16,62.7,1.5,0.653,15,16.11163,12.52795539,
11143000,0.511862914,17.8,841,1.045141867,0.163095739,13.697515,97.34748011,95.75596817,120.6,116.26,67.4,3.4,0.654,23.37,18.127121,57.91119403,
11128250,0.038753371,106.5,466,1.073597045,0.160133533,37.41514,97.33606557,95.49180328,73.8,63.62,64.2,0.3,0.688,13.31,18.11282,,
11046100,0.020047306,0.2,565,1.061146726,0.175177649,61.385841,97.3194341,98.95755771,67.8,40.34,64.9,0,0.655,9.03,16.06083,9.995575221,0.750923007
11042900,0.125935659,43.7,435,1.007671975,0.072476321,15.117915,97.26651481,96.27942293,227.1,38.42,52.1,0.2,0.588,8.7,16.576693,,
11152000,0.593425597,74.9,212,1.029893314,0.150784536,10.954941,97.25672878,99.01656315,625.1,80.89,63.9,2.9,0.654,16.68,17.294107,10.20955047,1.119487192
11152050,0.447783802,77,212,1.054039742,0.193374031,8.868908,97.24245578,99.01144641,771.5,74.52,63.7,2.4,0.652,15.41,17.029979,8.239170447,1.119487192
8378500,0.025198788,229.9,113,1.023147443,0.223562056,24.394413,97.23449373,98.79837427,445,86.08,49.1,32.7,0.115,11.27,14.557434,13.96395506,0.93442821
8377900,0.112248689,162.2,113,1.109614572,0.375308598,65.272425,97.22603916,98.79766403,139,89.76,48.6,31.6,0.11,11.76,13.047006,35.36093525,0.946858376
11461000,0.09598922,69.2,584,1.089502397,0.265115683,32.301184,97.22222222,99.92175274,259.6,118.6,63.1,3,0.607,3.73,15.086673,,0.580309863
13237920,0.034635342,0,425,1.08679202,0.244663669,16.523208,97.21847151,98.19065622,874.8,83.69,62.5,59.5,0.33,5.1,18.310394,,0.641718065
11152000,0.088787341,121.2,956,1.167430301,0.504115054,10.954941,97.20496894,99.22360248,625.1,80.89,63.9,2.9,0.654,13.87,17.294107,10.20955047,0.893566341
14328000,0.052697064,0,82,0.962363374,0.163993479,7.912191,97.20164609,96.15912209,811.4,147.44,69,46.1,0.425,9.87,18.117595,,0.760863878
14400000,0.673058486,186.1,645,1.093681077,0.248910709,74.637963,97.20121029,83.25769037,702.6,309.76,70.5,7.5,0.474,23.56,12.840941,37.28364646,
11042900,0.067331936,7.8,475,0.957456771,0.163861135,15.117915,97.19058466,98.17767654,227.1,38.42,52.1,0.2,0.588,8.09,16.576693,,
11057500,0.02831682,96.8,948,1.041830855,0.160372935,5.10267,97.16494845,84.87972509,329,50.34,46.1,3.2,0.566,2.94,19.193511,9.619696049,1.193373124
11044800,0.095714163,29.1,126,1.012968032,0.07073952,5.29932,97.15447154,91.95121951,85.5,40.9,59,0,0.666,10.4,15.319151,,
11152050,0.057257601,122.1,956,1.217190504,0.634713344,8.868908,97.1383975,99.21956296,771.5,74.52,63.7,2.4,0.652,12.93,17.029979,8.239170447,0.893566341
11173200,1.301350588,75.8,865,0.961635075,0.159332672,87.006427,97.13345865,91.21240602,199.1,62.25,63.2,4.1,0.584,8.66,16.584267,,0.63793308
11152000,0.539066,112.2,862,1.177025607,0.518367323,14.964649,97.11891042,99.31901519,625.1,80.89,63.9,2.9,0.654,12.76,17.294107,10.20955047,0.66357975
14179000,0.315901404,0.2,662,1.010224131,0.100854501,77.381654,97.11517287,87.91015195,272.5,205.35,67.6,44.6,0.425,7.41,13.481528,38.73291743,0.368718803
11042900,0.154614076,0.3,501,0.992837127,0.137451336,15.117915,97.11465452,98.93697798,227.1,38.42,52.1,0.2,0.588,7.24,16.576693,,
11200800,0.058163566,0,473,1.090630153,0.245509711,37.21031,97.11209006,90.7978463,214.7,72.15,53.2,18.4,0.594,9.36,15.133741,23.41741966,0.40057673
11453500,0.701647174,92.4,920,1.028953674,0.11825042,68.402353,97.10778194,94.46525177,293.4,112.6,63,2,0.624,16.96,17.47691,,0.478776431
11451715,0.453480335,153.5,530,0.938603817,0.144853635,11.690112,97.10227273,95.51136364,247.9,70.02,59.6,1,0.615,15.2,18.827651,10.34183138,0.691053957
8377900,0.050522096,61,94,0.984956784,0.285968606,65.272425,97.09721745,97.8014428,139,89.76,48.6,31.6,0.11,11.76,13.047006,35.36093525,0.946858376
11077500,0.032456156,6.6,704,1.107469382,0.367042887,11.126418,97.09302326,91.77740864,240.8,51.01,60.8,0,0.654,3.86,17.754193,,0.773881984
11123500,0.003403066,0,831,1.038174913,0.192937771,47.106742,97.08963912,85.62281723,718.1,79.99,52.6,3.8,0.712,2.42,18.753658,5.57082579,0.578338332
10258500,0.002345078,8.4,926,1.002928153,0.28949612,34.911598,97.0773639,92.83667622,241.5,37.78,41.9,5.1,0.464,8.36,22.326342,,
11173510,0.391740869,79,865,0.983511147,0.139481372,77.737397,97.07656613,93.31786543,360.7,62.25,63.9,3.7,0.583,8.8,16.911694,,0.654213136
11162500,0.08692716,41.9,846,1.037640635,0.107461498,22.750724,97.06422018,98.94495413,118.9,92.36,68.6,1,0.604,13.2,15.086714,,0.994619154
11138500,0.115380649,5.5,877,1.039548487,0.207181406,5.562678,97.0545977,88.07471264,728.9,69.82,57.6,7.1,0.686,17.01,16.60856,,
11027000,0.033814759,23.8,98,1.084400077,0.204500385,50.900245,97.05102717,91.18621604,58.2,51.93,53.2,0.2,0.625,11.16,15.624757,,0.906814577
11453500,1.380131304,0,515,0.998260198,0.03835117,68.402353,97.04535997,93.92426134,293.4,112.6,63,2,0.624,19.97,17.47691,,0.389033416
11173510,0.03603388,13.9,483,1.150620659,0.277754321,77.737397,97.03016241,84.45475638,360.7,62.25,63.9,3.7,0.583,8.8,16.911694,,0.666629687
11173575,0.026230163,13.9,483,1.141465232,0.285970614,73.616074,97.02740362,84.44031584,385.4,62.15,64.2,3.5,0.584,8.83,17.382289,,0.668678281
11143000,0.335763287,56.6,489,1.031917228,0.09236577,29.9711,97.00729927,93.57664234,120.6,116.26,67.4,3.4,0.654,25.11,18.127121,57.91119403,
11028500,0.001887143,0.9,778,1.110470033,0.216802068,59.833561,97.00561447,98.87710543,146.3,47.31,53.2,0.1,0.607,4.92,15.589059,,0.927810373
11101250,1.646743003,42.5,499,1.114396986,0.235407119,9.043463,97,98.71428571,237.3,62.69,59.1,0.3,0.655,12.65,13.411358,12.38921197,
11123500,0.209783431,240,407,1.005544882,0.128740901,11.243107,96.99570815,98.42632332,718.1,79.99,52.6,3.8,0.712,17.22,18.753658,5.57082579,0.553130696
11113000,0.771088788,130.7,125,1.095270479,0.221334084,12.550943,96.99306091,99.15188897,650,68.34,45.4,7.7,0.69,17.46,16.054577,8.055507692,1.626622216
8380500,0.052745616,132.2,112,1.275180102,0.824819529,99.368957,96.98429693,99.08993576,198.1,68.57,50.8,19.2,0.221,10.22,17.995738,48.47415447,1.00779206
11014000,0.008566695,47.8,755,1.007282981,0.072568397,7.06468,96.98307579,92.93598234,181.8,44.33,55.8,0,0.609,8.75,16.12831,,
8294195,0.007205298,76.5,782,0.990841237,0.195692294,17.374893,96.97148244,98.13810983,78.6,73.93,49.1,36.7,0.115,10.23,13.3997,2.85470229,0.709969796
11149900,0.080410811,2.1,922,1.032714541,0.140604619,21.73561,96.93121693,82.01058201,556.4,63.26,62,1.5,0.659,9.76,16.227347,15.65149173,0.784858977
11152050,0.357860005,112.2,862,1.199335836,0.596078821,12.095121,96.91653376,99.30887826,771.5,74.52,63.7,2.4,0.652,11.74,17.029979,8.239170447,0.66357975
11372000,0.045890625,0,296,0.985590691,0.152236273,91.657499,96.88811189,99.26573427,589.9,149.15,61.6,13.3,0.544,6.38,14.264321,,0.705512305
11274630,0.011937187,23.4,610,1.088457143,0.230123136,13.905464,96.88542825,89.93325918,187.4,43.32,61.7,2.1,0.604,8.15,18.975462,,0.736767118
11176400,1.078815643,78.4,865,0.955879135,0.1047974,74.095967,96.88090737,93.95085066,338.6,57.45,62.2,4,0.599,7.81,17.721231,,0.674537193
11143000,0.246539477,136.1,957,1.119456734,0.344704361,86.219962,96.88090737,99.66918715,120.6,116.26,67.4,3.4,0.654,19.35,18.127121,57.91119403,0.780523961
11148900,0.708797723,82.7,151,1.102983444,0.316868331,10.274829,96.86975964,89.82671884,403.5,69.16,62.7,1.5,0.653,14.72,16.11163,12.52795539,
9361000,0.012585253,27.7,784,1.033612738,0.166060317,43.599514,96.84970466,93.2618683,436.5,85.38,49.5,45.1,0.12,6.29,10.527019,13.19221077,0.661908379
11057500,0.042087918,0,474,1.084691194,0.273732651,11.248274,96.84633028,88.70412844,329,50.34,46.1,3.2,0.566,5.41,19.193511,9.619696049,0.402129986
11113000,1.942969489,46,893,1.181912699,0.373126769,12.550943,96.83885891,85.58211257,650,68.34,45.4,7.7,0.69,3.09,16.054577,8.055507692,1.216620088
11463200,0.711445679,9.5,44,1.018490815,0.096941616,26.99712,96.83741648,99.77728285,220.9,130.76,61.7,1.1,0.617,18.09,12.856578,,1.070844877
11042900,0.225686676,40.8,441,1.011730872,0.07355324,15.117915,96.81093394,93.24221716,227.1,38.42,52.1,0.2,0.588,8.7,16.576693,,
11073300,0.701146139,0,367,1.054157281,0.217117128,30.521869,96.79618269,93.38786639,83.6,90.33,49.8,5.3,0.643,3.33,20.142177,,0.607662358
11073360,0.753402918,0,367,1.142984781,0.314622039,20.134001,96.78522572,93.36525308,132.3,74.76,53,3.4,0.65,2.66,14.250404,,0.608914885
11118500,0.775403963,214.6,407,1.119349368,0.294267937,82.190611,96.77619343,98.32610043,485.7,69.88,51.4,1.4,0.702,15.31,16.615606,50.47848466,0.588751203
11022480,0.035336636,0,1093,1.074174004,0.182486949,18.106704,96.75840979,92.29357798,953.6,51.86,51.9,2.2,0.585,2.22,15.3664,,1.333102535
13310700,0.058419415,0,94,1.111296609,0.290228896,41.922359,96.75,98.77272727,853.1,99.75,62.5,66.6,0.305,6.33,16.387158,,0.716790316
10260500,0.268409719,0,367,1.045124179,0.308516528,11.670864,96.73469388,96.80272109,349.2,58.83,40,29.5,0.571,2.42,21.118823,,0.648942303
11461000,1.101694457,176.7,505,1.039561244,0.123304539,32.301184,96.73317684,96.28325509,259.6,118.6,63.1,3,0.607,21.77,15.086673,,0.580309863
11043000,0.32347948,79.6,435,0.963875619,0.258903252,15.431556,96.72754947,95.89041096,572.5,37.11,54,0.1,0.614,9.09,16.167722,,
9342500,0.02173722,27.3,821,1.035615265,0.276341849,10.452957,96.72371088,99.36951137,726.9,99.32,50.6,54.9,0.122,7.87,11.980939,,0.768926331
11124500,0.007023754,0,582,1.069495862,0.201730389,71.062545,96.71848014,91.94012666,191.5,83.1,54.6,4.5,0.711,21.39,17.185694,,0.395823123
11274538,0.033601339,44.8,173,1.143551401,0.382655623,20.054364,96.69861555,93.23748669,469.4,42.12,61.9,1.3,0.619,8.8,18.511698,,0.856351492
11022480,0.046323657,8.6,421,0.948849984,0.218526405,18.106704,96.69724771,88.13455657,953.6,51.86,51.9,2.2,0.585,5.73,15.3664,,0.958418601
11101250,0.557267379,97.6,493,1.023933978,0.217430222,9.043463,96.67857143,89.85714286,237.3,62.69,59.1,0.3,0.655,12.65,13.411358,12.38921197,
11044800,0.16625782,17.5,899,1.014010661,0.08822605,5.29932,96.66666667,85.04065041,85.5,40.9,59,0,0.666,9.41,15.319151,,
11451715,0.011285606,6,853,1.107236531,0.317466197,11.655139,96.66136725,98.7281399,247.9,70.02,59.6,1,0.615,3.6,18.827651,10.34183138,0.829864732
11113000,0.527128494,260.3,407,1.081354855,0.197738205,18.928716,96.65856622,98.29890644,650,68.34,45.4,7.7,0.69,14.64,16.054577,8.055507692,0.693251489
11043000,0.245330003,9.1,475,0.965777064,0.152051935,15.431556,96.65144597,97.94520548,572.5,37.11,54,0.1,0.614,7.87,16.167722,,
9513780,0.12953948,47.8,191,0.98261074,0.078207788,17.300814,96.63887441,91.45388223,177.5,52.71,40,0.8,0.196,6.71,18.230644,2.558647887,1.158136717
11148900,0.863189306,63.5,873,1.014200109,0.172616489,6.063932,96.6367713,74.4955157,403.5,69.16,62.7,1.5,0.653,14.72,16.11163,12.52795539,0.763799659
11077500,0.054446377,0.8,779,1.0649513,0.22456185,11.075228,96.60944206,94.50643777,240.8,51.01,60.8,0,0.654,3.86,17.754193,,1.107408824
11161000,0.187006823,72.3,846,0.988194244,0.115631302,18.338121,96.59879685,98.4729292,298.3,118.15,67.1,0.6,0.632,16.79,15.746177,,0.602883283
11118500,0.150416709,129.4,828,1.079890622,0.189506755,82.190611,96.59020459,90.51456913,485.7,69.88,51.4,1.4,0.702,13.74,16.615606,50.47848466,0.913104719
11128250,0.120480778,19.9,525,1.05690073,0.135441902,37.41514,96.58469945,89.3442623,73.8,63.62,64.2,0.3,0.688,13.59,18.11282,,
11152000,0.096941281,67.2,489,1.052436702,0.204942646,7.156277,96.58302189,93.16604378,625.1,80.89,63.9,2.9,0.654,16.63,17.294107,10.20955047,
8294195,0.008466225,99.3,673,1.001204465,0.055453063,6.622959,96.57626208,94.97851772,78.6,73.93,49.1,36.7,0.115,4.42,13.3997,2.85470229,0.691626384
11152050,0.035015225,68.4,489,1.076787138,0.257275519,5.778692,96.56468062,93.12936125,771.5,74.52,63.7,2.4,0.652,15.13,17.029979,8.239170447,
8380500,0.098487072,93.6,94,1.08968262,0.364532558,99.368957,96.55603141,95.94932191,198.1,68.57,50.8,19.2,0.221,10.22,17.995738,48.47415447,1.00779206
11022480,0.032070224,185.1,436,1.033853672,0.163252117,79.360851,96.55261794,89.21721099,953.6,51.86,51.9,2.2,0.585,9.92,15.3664,,0.762980732
11453500,1.997812447,219.1,485,0.992770341,0.056875221,68.402353,96.54598419,94.13233458,293.4,112.6,63,2,0.624,23.78,17.47691,,0.389033416
11073495,1.011897887,0,371,1.18622292,0.484330532,26.085866,96.53937947,94.2124105,208.2,61.85,53.7,0.2,0.66,2.08,10.502607,,0.478553645
11113500,0.953945143,133.4,407,1.058567975,0.168396794,85.14101,96.53061224,98.23129252,103.3,67.78,49.9,2.6,0.693,15.01,15.259699,53.69332043,0.625855641
11143000,0.396811158,4.6,253,0.999477743,0.028333646,99.985297,96.52908068,76.92307692,120.6,116.26,67.4,3.4,0.654,19.35,18.127121,57.91119403,0.306190458
11055800,0.422229018,43.4,799,1.077728881,0.21311175,84.009376,96.52307692,98.33846154,50.5,78.15,44,7.1,0.609,15.75,21.01686,,0.809620196
7103700,0.00674159,119.3,386,0.966949398,0.186378282,10.334753,96.5046986,94.63671785,264.2,59.97,52.8,27.6,0.361,9.63,15.226314,5.675132475,0.397808237
10258500,0.003400363,3.1,579,1.043866132,0.310348545,34.911598,96.50429799,91.40401146,241.5,37.78,41.9,5.1,0.464,8.36,22.326342,,
11451715,0.001416412,0,478,1.01132613,0.192087742,11.655139,96.50238474,97.45627981,247.9,70.02,59.6,1,0.615,3.6,18.827651,10.34183138,0.608025122
11143000,0.300543362,0,63,1.001682518,0.118081069,13.697515,96.49867374,96.49867374,120.6,116.26,67.4,3.4,0.654,17.47,18.127121,57.91119403,
11466170,0.824221722,27.8,454,1.034672374,0.100951567,22.469984,96.49859944,97.99253035,56,106,64.2,0.9,0.619,21.98,16.615901,,0.840366825
9510200,0.043943337,0.3,559,1.096526875,0.227911044,51.64207,96.49262654,86.64806696,425.3,61.33,36.1,2.1,0.215,5.8,17.785195,24.56769952,0.855361738
11172945,0.102733813,11,483,1.082450761,0.18105897,98.034239,96.48493544,81.68340507,87.1,62.38,62.8,4.1,0.574,8.49,17.898739,,0.72189765
11456000,0.861642283,54.4,491,0.98946148,0.058389025,8.882523,96.47597254,99.81693364,212.3,104.44,64,1.5,0.624,19.91,16.071526,,0.601416408
11059300,0.136794785,134.4,484,1.061916475,0.260484733,10.204954,96.46756583,91.32947977,946,67.84,42.5,27.6,0.57,15.02,19.036583,2.260084567,0.682674413
9484000,0.241389284,57.5,565,1.077374174,0.229199494,85.517068,96.46637609,79.32752179,103.7,75.97,43.3,3.1,0.167,7.13,17.656755,25.9246866,0.572519765
11118500,0.351555331,1.2,34,1.131754029,0.32019089,82.190611,96.46621203,96.83818971,485.7,69.88,51.4,1.4,0.702,15.31,16.615606,50.47848466,1.109881426
11466170,0.672524473,30.7,464,1.037171026,0.109246206,22.469984,96.4519141,99.15966387,56,106,64.2,0.9,0.619,21.98,16.615901,,0.840366825
11478500,0.154347446,0,434,0.979375248,0.052790109,12.895813,96.440247,90.77370142,572.4,186.88,62.5,24.9,0.537,11.98,14.61381,1.959399022,0.585520602
11065000,0.047518217,1.5,841,1.040743893,0.267860443,33.742927,96.43782383,94.88341969,364.7,81.4,47.7,4.2,0.649,10.24,19.024359,17.52322457,0.745010548
11101250,0.576360051,17.7,792,1.220395321,0.378417884,19.467814,96.4332893,92.8665786,237.3,62.69,59.1,0.3,0.655,4.6,13.411358,12.38921197,0.55475962
7103970,0.035426408,167.2,758,1.00312092,0.327199691,5.2619,96.42676768,98.73737374,466,56.93,51.8,18.5,0.31,7.78,12.548144,,0.737907065
11124500,0.025285515,212.7,466,1.056462517,0.173954186,10.349061,96.42365887,94.77303989,191.5,83.1,54.6,4.5,0.711,19.21,17.185694,,
14096850,0.11490007,31.8,605,1.225054289,0.477852884,12.847491,96.4015833,78.26556315,374.6,63.23,63.5,37.1,0.399,4.02,16.908903,,0.745379826
11057500,0.022291965,5.9,793,1.072205196,0.275531946,11.248274,96.38761468,89.96559633,329,50.34,46.1,3.2,0.566,3.44,19.193511,9.619696049,0.506879596
11025500,0.022951631,0.1,778,1.023728093,0.133890421,57.038453,96.37931034,98.27586207,288.7,61.83,49,1.6,0.57,6.58,16.426629,,0.884453394
7104905,0.199394722,299.6,752,1.163315213,0.747803961,5.351106,96.37506042,99.32334461,613.5,54.77,51.4,16.6,0.322,7.64,13.421778,2.570904645,0.56043363
9510200,0.022304572,62,405,1.110411064,0.293083857,51.64207,96.37305699,94.61937027,425.3,61.33,36.1,2.1,0.215,4.68,17.785195,24.56769952,0.567500373
11022480,0.05374732,0.2,496,0.990516128,0.144417443,79.360851,96.37117678,93.62363919,953.6,51.86,51.9,2.2,0.585,11.2,15.3664,,0.762980732
11148900,0.700376364,40.7,537,1.00956435,0.186780824,10.274829,96.3666853,75.12576859,403.5,69.16,62.7,1.5,0.653,11.45,16.11163,12.52795539,
11114495,1.355471267,181.4,407,1.039853634,0.136578794,99.929207,96.33995037,98.2630273,124.3,88.3,49.7,3.8,0.706,18.37,13.969926,77.48479485,0.531856898
11451715,0.003278309,74.4,143,1.095007447,0.256817475,11.690112,96.33522727,99.48863636,247.9,70.02,59.6,1,0.615,10.4,18.827651,10.34183138,0.654581878
8294195,0.008286092,29.6,372,1.026206263,0.248164076,17.374893,96.33514023,97.92599576,78.6,73.93,49.1,36.7,0.115,4.42,13.3997,2.85470229,0.726785306
8294195,0.01549139,81,423,0.933488681,0.425511502,17.374893,96.33514023,99.67004478,78.6,73.93,49.1,36.7,0.115,10.23,13.3997,2.85470229,0.726785306
9484000,0.215175064,19.1,421,1.066476854,0.264094823,85.517068,96.29514321,96.57534247,103.7,75.97,43.3,3.1,0.167,13.39,17.656755,25.9246866,0.427145513
11274500,0.284959372,65.3,865,1.102060746,0.259114557,91.144936,96.28700452,93.02558956,347.8,45.32,61.6,1.4,0.624,5.88,18.273952,,0.708413297
11169800,0.04854598,24.7,829,1.012771845,0.108571063,19.710195,96.278826,85.8490566,282.9,60.85,63.3,1.8,0.626,8.1,15.108,,0.693486301
11027000,0.008271236,6.1,866,0.993339492,0.056410779,70.526293,96.26769627,75.41827542,58.2,51.93,53.2,0.2,0.625,11.03,15.624757,,1.239786878
7104905,0.096004866,134.7,412,0.765635195,0.781147632,5.351106,96.26631223,99.68583857,613.5,54.77,51.4,16.6,0.322,8.62,13.421778,2.570904645,0.544737842
9430600,0.008413291,66.3,396,1.01932854,0.077463354,51.133435,96.24200426,94.29637527,190.5,67.41,44.7,14,0.222,2.4,15.895541,35.34944882,0.617887885
11458500,0.79641056,42.7,454,1.002404052,0.04101822,63.695385,96.23331898,96.98665519,150.4,107.96,63.9,1.4,0.626,22.19,19.519202,,0.620423687
11027000,0.209213618,60.8,77,1.084424616,0.201342324,50.900245,96.22266402,87.27634195,58.2,51.93,53.2,0.2,0.625,11.16,15.624757,,0.906814577
11124500,0.007777884,0.5,832,1.061630043,0.178753466,71.062545,96.20034542,85.89522165,191.5,83.1,54.6,4.5,0.711,2.54,17.185694,,0.583171137
11152050,0.055789457,6.2,909,1.08576348,0.278161143,31.232187,96.17866005,79.70223325,771.5,74.52,63.7,2.4,0.652,11.74,17.029979,8.239170447,0.651840956
11022480,0.027467553,51.8,77,1.155747764,0.366891238,18.106704,96.14678899,89.29663609,953.6,51.86,51.9,2.2,0.585,9.92,15.3664,,0.966853157
11143000,0.885194121,405.8,475,1.062474736,0.206786619,13.697515,96.12732095,95.0132626,120.6,116.26,67.4,3.4,0.654,23.37,18.127121,57.91119403,
11458500,1.154136343,45.9,464,1.012303605,0.058283227,63.695385,96.12569953,98.92380542,150.4,107.96,63.9,1.4,0.626,22.19,19.519202,,0.620423687
13313000,0.037544102,0,94,1.087279577,0.208290214,67.907053,96.10347086,98.23182711,561.9,111.97,63.9,72.3,0.331,6.82,16.262621,7.197579641,0.750534669
11143000,1.159909539,61.7,212,1.008785082,0.122843218,86.219962,96.07750473,99.38563327,120.6,116.26,67.4,3.4,0.654,23.37,18.127121,57.91119403,1.009060924
11113000,0.207801894,3.3,886,1.056813971,0.179026867,12.550943,96.06784888,97.14726291,650,68.34,45.4,7.7,0.69,13.21,16.054577,8.055507692,1.216620088
10321590,0.000540669,9.9,801,1.025765283,0.11147703,10.934387,96.05776737,87.97814208,476.6,31.03,52.6,39,0.172,2.33,21.107389,,
11057500,0.039247629,18.6,817,1.040334597,0.147484092,5.10267,96.04810997,95.79037801,329,50.34,46.1,3.2,0.566,3.44,19.193511,9.619696049,1.193373124
7103700,0.155410253,91.7,412,0.928266417,0.363545779,10.334753,96.04629842,99.58743983,264.2,59.97,52.8,27.6,0.361,10.32,15.226314,5.675132475,0.397808237
11160500,0.265919375,0,493,0.965550083,0.107854276,19.295537,96.04300091,87.28270814,275.8,118.78,67,0.7,0.632,16.89,15.363053,,0.533704057
11129800,0.027885262,17,525,1.066834283,0.129849569,19.694249,96.03340292,86.91718859,85.3,58.44,66.4,0.1,0.68,12.6,15.248683,,
11077500,0.066323449,10.1,375,1.078396286,0.269684932,11.126418,96.01328904,95.0166113,240.8,51.01,60.8,0,0.654,6.47,17.754193,,0.664035711
11025500,0.004217607,4.8,879,1.000300665,0.13425954,7.499671,96.00532623,95.20639148,288.7,61.83,49,1.6,0.57,5.34,16.426629,,
11461500,0.918190976,0.2,212,1.023237634,0.103509732,23.026463,95.99659284,93.56899489,238.7,114.45,62.5,2,0.595,20.37,16.250428,8.386175115,0.783055803
11274630,0.022514441,30.1,537,1.046602166,0.145797788,13.905464,95.99555061,82.42491657,187.4,43.32,61.7,2.1,0.604,8.15,18.975462,,0.736767118
11113000,0.005097028,0,724,0.844889688,0.378973637,12.550943,95.99074788,96.37625289,650,68.34,45.4,7.7,0.69,2.17,16.054577,8.055507692,1.216620088
7103970,0.140368785,52.9,396,0.820614825,0.868478207,5.2619,95.97222222,94.34343434,466,56.93,51.8,18.5,0.31,7.78,12.548144,,0.616935612
10260950,0.013454937,0,519,1.018789992,0.105762097,10.926878,95.97211464,95.35243997,175.1,66.31,43.9,6.7,0.611,13.76,18.304836,5.662649914,0.534681546
11451715,0.288993765,130.1,571,1.009537866,0.087658714,11.690112,95.96590909,88.35227273,247.9,70.02,59.6,1,0.615,13.34,18.827651,10.34183138,0.691053957
11372000,0.051842966,0,853,1.01576486,0.127243234,6.341896,95.96178897,97.04732957,589.9,149.15,61.6,13.3,0.544,7.61,14.264321,,0.556108781
11046250,0.047151757,4,479,1.059671418,0.163622561,14.830853,95.95310136,90.46898638,109.9,44.67,63.3,0,0.651,10.26,15.647458,,1.040754556
11065000,0.13354793,0,860,0.964192397,0.309209242,24.135281,95.95166163,94.32024169,364.7,81.4,47.7,4.2,0.649,19.01,19.024359,17.52322457,0.79787982
9508300,0.316661212,0,303,1.054583529,0.151788986,83.630661,95.9478506,96.05355884,93,61.67,39.9,8.4,0.144,3,16.736963,,0.3593483
11204100,0.089349741,0,473,1.092174883,0.218553918,45.981764,95.933366,90.44585987,249.1,79.83,55.9,25.2,0.595,10.48,17.505672,16.38281815,0.486976376
11161000,0.243963215,0,493,0.982270255,0.108808144,18.338121,95.9278112,87.04303563,298.3,118.15,67.1,0.6,0.632,16.79,15.746177,,0.536703619
11015000,0.026922613,0,496,0.987874154,0.10058567,81.490142,95.90766002,95.17313746,117.8,76.11,45.5,11.1,0.564,16.06,15.126983,,0.608571175
11461500,0.882602179,143.4,214,1.013028341,0.057388634,23.026463,95.89011925,94.67632027,238.7,114.45,62.5,2,0.595,20.37,16.250428,8.386175115,0.783055803
11149900,0.158276977,190.6,132,1.162324846,0.361505792,8.664033,95.88014981,80.57784912,556.4,63.26,62,1.5,0.659,13.77,16.227347,15.65149173,
9510200,0.419459124,0,874,1.033210892,0.13782873,38.424484,95.87542088,83.29124579,425.3,61.33,36.1,2.1,0.215,5.8,17.785195,24.56769952,0.868715379
11149900,0.154714473,72,984,1.009648417,0.148468965,21.73561,95.87301587,73.54497354,556.4,63.26,62,1.5,0.659,13.34,16.227347,15.65149173,0.784858977
11149900,0.246830655,87.1,863,1.259644186,0.620742036,28.802865,95.86135541,99.06880497,556.4,63.26,62,1.5,0.659,9.76,16.227347,15.65149173,0.675502193
11148900,0.507386885,51.5,826,1.040843827,0.189071607,6.063932,95.85201794,83.91255605,403.5,69.16,62.7,1.5,0.653,15,16.11163,12.52795539,0.763799659
11453500,0.148629525,60.2,99,1.04343702,0.170826443,68.402353,95.83853516,95.67207657,293.4,112.6,63,2,0.624,18.15,17.47691,,0.927361723
11148900,0.284922649,0,114,1.161358652,0.43035882,21.611762,95.83333333,88.07692308,403.5,69.16,62.7,1.5,0.653,10.52,16.11163,12.52795539,1.04596501
11152050,0.21765229,4.9,1000,1.065966931,0.235389725,31.232187,95.83126551,85.95533499,771.5,74.52,63.7,2.4,0.652,12.93,17.029979,8.239170447,0.651840956
11047300,0.49185041,0,608,1.132041638,0.288539058,11.921157,95.82375479,96.7816092,139.9,46.85,61.6,0,0.652,2.27,13.66011,10.94796283,0.541141138
11113000,0.109782133,0.3,316,1.191880931,0.39573829,12.968352,95.81331503,94.02882636,650,68.34,45.4,7.7,0.69,3.09,16.054577,8.055507692,
9484000,0.06198571,30.9,260,1.032361065,0.162148582,85.517068,95.81257783,66.00249066,103.7,75.97,43.3,3.1,0.167,7.3,17.656755,25.9246866,0.427145513
11148900,0.306677827,178.5,132,1.126977604,0.34464536,10.274829,95.80771381,80.54779206,403.5,69.16,62.7,1.5,0.653,15,16.11163,12.52795539,
11461000,0.230155971,0,453,1.015834748,0.062504342,32.301184,95.7942097,95.97026604,259.6,118.6,63.1,3,0.607,23.46,15.086673,,0.580309863
11057500,0.038645143,0.4,946,0.998344921,0.136557551,5.10267,95.79037801,96.30584192,329,50.34,46.1,3.2,0.566,2.94,19.193511,9.619696049,1.193373124
11073300,0.319411019,0,856,1.079625062,0.246337757,30.521869,95.7736878,92.0927062,83.6,90.33,49.8,5.3,0.643,20.46,20.142177,,0.961353526
11451715,0.056085351,0,658,1.146142374,0.411217596,11.655139,95.76046635,88.92421834,247.9,70.02,59.6,1,0.615,3.31,18.827651,10.34183138,0.608025122
7103700,0.027545128,33.9,1083,1.077798449,0.301720572,10.334753,95.7597983,97.04331882,264.2,59.97,52.8,27.6,0.361,5.93,15.226314,5.675132475,0.648685697
11073360,0.395964602,0,856,1.143001894,0.297487829,20.134001,95.75923393,92.06566347,132.3,74.76,53,3.4,0.65,17.06,14.250404,,0.962903443
11466320,0.214435296,11.4,441,1.061456914,0.186525669,24.946189,95.75429088,74.66124661,199.4,102.63,64.2,1,0.622,15.5,16.638396,,0.362440977
11042900,0.026434019,1.5,626,0.946832942,0.13394826,6.890085,95.73333333,87.73333333,227.1,38.42,52.1,0.2,0.588,2.16,16.576693,,
11113500,0.279604611,0,852,1.061995991,0.183062508,85.14101,95.71428571,95.37414966,103.3,67.78,49.9,2.6,0.693,2.95,15.259699,53.69332043,0.956848087
11172945,0.438894453,0,493,1.088344491,0.18950109,98.034239,95.69583931,97.41750359,87.1,62.38,62.8,4.1,0.574,8.49,17.898739,,0.72189765
11028500,0.006290476,0,473,1.000634965,0.098545749,59.833561,95.6955708,92.26450405,146.3,47.31,53.2,0.1,0.607,9.59,15.589059,,0.873161756
11025500,0.008111538,0,473,0.963274576,0.184034196,57.038453,95.68965517,90.34482759,288.7,61.83,49,1.6,0.57,12.2,16.426629,,0.765479793
11451715,0.319834997,8.4,581,1.051521931,0.169920206,11.655139,95.68097509,80.4981452,247.9,70.02,59.6,1,0.615,15.2,18.827651,10.34183138,0.608025122
11453500,1.051988197,104.3,458,0.998700077,0.031138536,68.402353,95.67207657,89.30503537,293.4,112.6,63,2,0.624,18.15,17.47691,,0.389033416
11451715,0.478610228,86.9,557,0.955938674,0.141201825,11.690112,95.65340909,96.25,247.9,70.02,59.6,1,0.615,13.34,18.827651,10.34183138,0.691053957
14092750,0.112774813,18.1,84,0.99683691,0.190884967,75.667468,95.6405694,85.9430605,57.5,157.25,64.1,49.5,0.401,14.53,17.677713,38.0013913,0.695871882
11028500,0.020129523,42.4,77,1.077987218,0.153492677,59.833561,95.63318777,87.96007486,146.3,47.31,53.2,0.1,0.607,9.2,15.589059,,0.929987858
11466800,0.072072863,14.5,441,1.028473793,0.143269579,13.403992,95.6258725,73.47603537,652.2,100.52,64.6,0.8,0.63,15.04,16.611166,,0.374861895
11456000,0.230749404,113.5,823,0.939547762,0.172951799,60.472826,95.61888558,85.580604,212.3,104.44,64,1.5,0.624,16.25,16.071526,,0.462245909
11070465,0.010740151,0.9,63,1.0474663,0.164710864,12.744957,95.61290323,86.25806452,274.2,33.63,52.5,0.1,0.581,2.11,9.933606,,0.729581126
11152000,0.205660474,12.5,253,1.082104893,0.235295956,38.563747,95.60493827,75.55555556,625.1,80.89,63.9,2.9,0.654,13.87,17.294107,10.20955047,0.414664174
9484000,0.275795449,12.5,573,1.023976085,0.184658362,69.267296,95.59925094,78.12109863,103.7,75.97,43.3,3.1,0.167,6.72,17.656755,25.9246866,0.762986287
11022480,0.025656179,3.8,551,1.018654016,0.205619926,79.360851,95.5935718,96.63037843,953.6,51.86,51.9,2.2,0.585,3.58,15.3664,,0.762980732
12178100,0.816596959,250.3,802,1.007976285,0.065785976,5.210638,95.58447595,99.34929119,69.7,280.14,69.5,59.6,0.415,25.6,13.27064,,0.434996438
11152050,0.12002074,12.5,253,1.119009146,0.328578013,31.232187,95.58312655,75.43424318,771.5,74.52,63.7,2.4,0.652,12.93,17.029979,8.239170447,0.414664174
8294195,0.018949933,129.4,678,1.053568485,0.14614274,6.622959,95.58270677,89.63480129,78.6,73.93,49.1,36.7,0.115,4.42,13.3997,2.85470229,0.691626384
11113500,0.304275606,166.5,425,1.05199994,0.152338901,85.14101,95.57823129,98.29931973,103.3,67.78,49.9,2.6,0.693,17.65,15.259699,53.69332043,0.625855641
11016200,0.00259933,16.8,793,1.041490245,0.092998437,6.759844,95.55069292,87.23559446,338.8,59.38,48.9,4.1,0.579,5.38,15.671068,4.65487013,0.698077254
11148900,0.047791213,96.5,43,1.146921357,0.407378532,19.551763,95.54813578,88.42515303,403.5,69.16,62.7,1.5,0.653,7.38,16.11163,12.52795539,
11169800,0.121114712,15.7,434,1.03245647,0.128588707,36.191218,95.54777389,85.49274637,282.9,60.85,63.3,1.8,0.626,3.29,15.108,,0.566077478
11453500,0.340689756,41.5,849,1.027767686,0.117969253,68.402353,95.54723263,84.14481898,293.4,112.6,63,2,0.624,23.78,17.47691,,0.478776431
11143000,0.17422123,172.1,447,0.994081777,0.070240494,13.697515,95.54376658,77.5066313,120.6,116.26,67.4,3.4,0.654,25.11,18.127121,57.91119403,
11458000,0.47503053,76.8,464,1.005461003,0.061339476,7.469418,95.54358472,98.97159647,566.3,96.01,63.5,1.4,0.629,19.59,16.230256,,0.659041598
11274500,0.063179564,68.3,496,1.08362009,0.22457874,91.144936,95.5343703,91.06874059,347.8,45.32,61.6,1.4,0.624,5.88,18.273952,,0.614993088
11462500,0.295325095,119.2,173,0.995742473,0.145490937,5.854759,95.51282051,96.24542125,938.7,115.58,63.2,2,0.605,22.52,15.801847,2.132502397,0.783055803
11124500,0.152304567,165.2,930,1.032372573,0.120815996,71.062545,95.50949914,95.33678756,191.5,83.1,54.6,4.5,0.711,19.21,17.185694,,0.583171137
8380500,0.070184546,187.8,124,1.238912253,0.644467977,99.368957,95.50321199,99.4289793,198.1,68.57,50.8,19.2,0.221,10.72,17.995738,48.47415447,1.00779206
11063510,0.489910379,2.1,156,0.994370326,0.046654891,75.044644,95.50281074,93.12929419,144.5,66.42,46,4.5,0.635,14.09,18.45637,36.88442907,0.798144832
11152000,0.76556432,220.6,908,1.080126627,0.258140638,10.954941,95.49689441,96.99792961,625.1,80.89,63.9,2.9,0.654,16.63,17.294107,10.20955047,0.893566341
9430600,0.120550871,11.9,501,1.037574864,0.166556388,51.133435,95.49573561,91.28464819,190.5,67.41,44.7,14,0.222,6.38,15.895541,35.34944882,0.813182192
11027000,0.054492849,2.8,474,1.015152806,0.057594932,70.526293,95.4954955,86.22908623,58.2,51.93,53.2,0.2,0.625,10.81,15.624757,,0.864126498
9484000,0.145270474,212.1,433,1.060626221,0.351125284,69.267296,95.47440699,95.38077403,103.7,75.97,43.3,3.1,0.167,13.39,17.656755,25.9246866,0.620399768
11152050,0.568905649,225.6,908,1.108499431,0.320752768,8.868908,95.47346514,97.03433923,771.5,74.52,63.7,2.4,0.652,15.13,17.029979,8.239170447,0.893566341
11042400,0.024742049,11.4,213,0.982071484,0.138983649,5.418644,95.46904914,68.60242502,342.2,45.9,47.5,4.5,0.519,8.66,17.322787,,
11149900,0.138937668,35.7,537,1.047284407,0.132437405,8.664033,95.45211343,73.94328518,556.4,63.26,62,1.5,0.659,10.95,16.227347,15.65149173,
11014000,0.281922134,87.4,485,0.983847528,0.133816488,34.921161,95.45154911,86.48648649,181.8,44.33,55.8,0,0.609,8.75,16.12831,,0.841697022
11025500,0.002452097,20.8,866,0.984557589,0.106940873,16.382785,95.44287548,73.74839538,288.7,61.83,49,1.6,0.57,13.15,16.426629,,1.382956825
7103700,0.023472307,101.8,382,0.991723278,0.705875712,10.334753,95.43891818,99.65619986,264.2,59.97,52.8,27.6,0.361,9.63,15.226314,5.675132475,0.397808237
11043000,0.133051957,23.8,495,0.970245489,0.227861136,15.431556,95.43378995,89.19330289,572.5,37.11,54,0.1,0.614,6.95,16.167722,,
9497800,0.025039777,75.9,405,1.167316955,0.517156279,33.497407,95.43091655,90.99863201,750.9,58.79,40.7,12.1,0.147,5.81,18.999934,,
10260950,0.228022365,110.8,168,1.010871537,0.177383587,10.926878,95.4298993,90.24012393,175.1,66.31,43.9,6.7,0.611,13.76,18.304836,5.662649914,0.796029693
11027000,0.056925566,88.2,782,1.089898548,0.209713727,50.900245,95.42743539,85.48707753,58.2,51.93,53.2,0.2,0.625,5.43,15.624757,,0.978380779
11043000,0.05341863,19.9,118,0.984083663,0.199474956,7.514724,95.42097489,95.56868538,572.5,37.11,54,0.1,0.614,7.87,16.167722,,1.717087019
11044800,1.109489435,140.6,157,1.013113991,0.083180114,5.29932,95.40650407,92.19512195,85.5,40.9,59,0,0.666,9.41,15.319151,,
11025500,0.027659658,41.7,198,1.042627506,0.141200064,7.499671,95.40612517,93.20905459,288.7,61.83,49,1.6,0.57,11.95,16.426629,,
11143000,0.121626142,22.2,519,1.028582546,0.16875226,29.9711,95.40145985,80.53527981,120.6,116.26,67.4,3.4,0.654,23.37,18.127121,57.91119403,
11169800,0.233220892,80.3,496,1.002709514,0.076504736,36.191218,95.39769885,88.64432216,282.9,60.85,63.3,1.8,0.626,8.1,15.108,,0.566077478
11466200,0.310937456,111.1,823,1.057259484,0.168864289,34.361034,95.38393253,83.71060808,144.8,107.68,64.2,1.3,0.62,16.48,17.015969,,0.419742642
11059300,0.064356409,43.6,799,1.119325305,0.414808309,10.204954,95.37572254,98.1374438,946,67.84,42.5,27.6,0.57,13.57,19.036583,2.260084567,0.984463275
9430600,0.124118344,28.5,471,1.039874459,0.164212971,91.945834,95.36873899,86.6347848,190.5,67.41,44.7,14,0.222,10.8,15.895541,35.34944882,0.435482093
11059300,0.078425019,33.7,793,1.059924834,0.440529193,5.629999,95.31782066,88.36549376,946,67.84,42.5,27.6,0.57,4.9,19.036583,2.260084567,0.553018781
11113500,0.342652709,41.4,423,1.041791911,0.12638524,85.14101,95.30612245,95.85034014,103.3,67.78,49.9,2.6,0.693,17.65,15.259699,53.69332043,0.625855641
11123500,0.027681949,154.8,828,1.019805513,0.080907928,11.243107,95.27896996,91.13018598,718.1,79.99,52.6,3.8,0.712,16.27,18.753658,5.57082579,0.921230013
11467200,1.057091616,3.9,862,1.012605834,0.091293384,32.048365,95.25274725,98.24175824,162.6,162.49,65.6,0.6,0.627,27.19,14.168797,,0.460838018
11204100,0.007377606,6.3,132,1.069540694,0.163452086,14.215553,95.25094441,94.71127901,249.1,79.83,55.9,25.2,0.595,15.35,17.505672,16.38281815,0.986911753
11065000,0.138206579,0,262,0.939800706,0.355615178,7.378567,95.23809524,92.13907785,364.7,81.4,47.7,4.2,0.649,16.46,19.024359,17.52322457,
9430600,0.150131171,34.6,140,1.036068356,0.177897186,31.471915,95.23160763,90.4359673,190.5,67.41,44.7,14,0.222,6.38,15.895541,35.34944882,
11113000,0.32324739,0.6,852,1.094994949,0.280087249,18.928716,95.2308627,94.53219927,650,68.34,45.4,7.7,0.69,3.09,16.054577,8.055507692,0.966690077
11169800,0.089885134,1.5,951,0.989792729,0.111897244,19.710195,95.23060797,85.6918239,282.9,60.85,63.3,1.8,0.626,3.95,15.108,,0.693486301
11466320,0.296801172,112.3,823,1.062097972,0.185489973,24.946189,95.21228546,83.42366757,199.4,102.63,64.2,1,0.622,15.5,16.638396,,0.419628041
9513780,0.459450374,3.7,86,1.092737027,0.245632663,17.300814,95.20583637,97.18603439,177.5,52.71,40,0.8,0.196,4.44,18.230644,2.558647887,1.158136717
11153000,0.146336256,50.9,173,1.064966529,0.206551989,10.488957,95.20356944,90.79754601,375.4,52.87,62.6,1.3,0.643,11.66,15.589845,,0.88266913
11143000,0.584650759,145.9,908,1.071161281,0.263492385,86.219962,95.20321361,98.39319471,120.6,116.26,67.4,3.4,0.654,25.11,18.127121,57.91119403,0.780523961
11149900,0.076848307,0.1,114,1.194886718,0.429422546,12.824107,95.19038076,86.70674683,556.4,63.26,62,1.5,0.659,9.76,16.227347,15.65149173,1.178214387
11143000,0.502470934,82.4,814,1.020459654,0.111765142,29.9711,95.18248175,93.33333333,120.6,116.26,67.4,3.4,0.654,17.47,18.127121,57.91119403,
11143000,0.565866799,197.9,98,0.983685428,0.088206548,13.697515,95.17241379,83.28912467,120.6,116.26,67.4,3.4,0.654,25.11,18.127121,57.91119403,
11458000,0.129008291,143.1,823,0.976746801,0.16890638,23.054366,95.17148014,84.92779783,566.3,96.01,63.5,1.4,0.629,14.98,16.230256,,0.464030472
9508300,0.678994714,37.4,240,1.030437735,0.090575257,83.630661,95.13742072,95.06694856,93,61.67,39.9,8.4,0.144,6.96,16.736963,,0.3593483
9484000,0.516092475,70.3,412,0.987984768,0.306272115,69.267296,95.13108614,99.00124844,103.7,75.97,43.3,3.1,0.167,10.6,17.656755,25.9246866,0.620399768
11124500,0.275035431,35.1,928,1.060771746,0.173336025,71.062545,95.10650547,99.07887162,191.5,83.1,54.6,4.5,0.711,19.21,17.185694,,0.583171137
11149900,0.288562848,46.5,937,1.049043729,0.15699345,21.73561,95.07936508,85.82010582,556.4,63.26,62,1.5,0.659,13.77,16.227347,15.65149173,0.784858977
11143000,0.050481893,188.9,32,0.988981078,0.074662728,13.697515,95.066313,75.91511936,120.6,116.26,67.4,3.4,0.654,13.95,18.127121,57.91119403,
11025500,0.04560901,5.8,473,0.989238494,0.133555997,16.382785,95.05776637,86.521181,288.7,61.83,49,1.6,0.57,12.2,16.426629,,0.818166877
11025500,0.026188399,108.5,782,1.054298575,0.169226393,57.038453,95.05747126,84.31034483,288.7,61.83,49,1.6,0.57,6.58,16.426629,,0.884453394
9510200,0.061054606,2,932,1.164761704,0.404298954,38.424484,95.03367003,84.38552189,425.3,61.33,36.1,2.1,0.215,7.1,17.785195,24.56769952,0.868715379
11124500,0.004583924,415.6,469,1.069211246,0.197826697,10.349061,95.01375516,98.62448418,191.5,83.1,54.6,4.5,0.711,19.21,17.185694,,
11169800,0.805763168,65.9,865,1.025563727,0.097554933,36.191218,94.99749875,91.49574787,282.9,60.85,63.3,1.8,0.626,8.1,15.108,,0.690304803
11129800,0.052782818,45.6,543,1.066944226,0.132026173,19.694249,94.98956159,91.37091162,85.3,58.44,66.4,0.1,0.68,12.6,15.248683,,
11274538,0.001146186,31.7,231,1.152555325,0.423269553,21.29077,94.98910675,81.48148148,469.4,42.12,61.9,1.3,0.619,8.8,18.511698,,0.611608627
11113000,0.679603678,0,858,1.132653181,0.29333831,12.550943,94.98843485,89.8997687,650,68.34,45.4,7.7,0.69,17.46,16.054577,8.055507692,1.216620088
8377900,0.040743626,166.4,87,1.100536354,0.278330733,65.272425,94.95877705,92.545517,139,89.76,48.6,31.6,0.11,11.76,13.047006,35.36093525,0.946858376
11065000,0.078420587,2.1,156,1.03836846,0.137305563,33.742927,94.94818653,92.55181347,364.7,81.4,47.7,4.2,0.649,17.4,19.024359,17.52322457,0.8073376
11274630,0.027349757,41.7,894,1.058466137,0.158842957,13.905464,94.93882091,98.10901001,187.4,43.32,61.7,2.1,0.604,5.71,18.975462,,0.942822946
11204100,0.006797856,0.5,819,1.092032211,0.212577568,14.215553,94.92714517,72.36913114,249.1,79.83,55.9,25.2,0.595,8.1,17.505672,16.38281815,0.837459498
11109600,0.044658193,131.2,507,0.978427783,0.289052236,41.681744,94.90713002,86.21929299,963.8,55.61,42.7,11.8,0.673,11.63,16.693884,3.126727537,0.46186249
11458500,0.352077482,116.9,823,1.000129255,0.085514356,14.134659,94.89420423,84.36062557,150.4,107.96,63.9,1.4,0.626,16.55,19.519202,,0.608562146
10321590,0.000594142,10.3,270,0.991036799,0.118579362,24.500089,94.88881513,75.50614006,476.6,31.03,52.6,39,0.172,2.71,21.107389,,0.81610328
8380500,0.019297177,24.7,133,1.16798877,0.441571308,99.368957,94.8875803,91.68451106,198.1,68.57,50.8,19.2,0.221,10.72,17.995738,48.47415447,1.00779206
11152000,0.387312126,114.5,183,1.027117801,0.124687718,10.954941,94.8757764,89.59627329,625.1,80.89,63.9,2.9,0.654,16.63,17.294107,10.20955047,1.119487192
11063510,0.109543961,55.3,69,1.007101916,0.173629103,19.701106,94.85677083,89.6484375,144.5,66.42,46,4.5,0.635,8.28,18.45637,36.88442907,0.927332981
11152050,0.257292168,115.5,183,1.053061954,0.171955123,8.868908,94.8491155,89.5421436,771.5,74.52,63.7,2.4,0.652,15.13,17.029979,8.239170447,1.119487192
11475800,0.6879651,49.5,584,1.006233787,0.086259631,7.751945,94.83896003,93.32557237,642.1,206.67,64.8,7.2,0.589,31.48,16.808763,,0.650926216
11466800,0.14805329,0,178,0.985244576,0.089549219,12.714225,94.82507289,90.03887269,652.2,100.52,64.6,0.8,0.63,5.4,16.611166,,1.066667466
11274630,0.315806583,64.2,865,1.103098541,0.257321966,85.565494,94.81132075,87.43793446,187.4,43.32,61.7,2.1,0.604,5.71,18.975462,,0.670603252
11077500,0.033632103,0,909,1.083802049,0.277816601,11.075228,94.80686695,93.39055794,240.8,51.01,60.8,0,0.654,2.53,17.754193,,1.107408824
11451715,0.202181409,3,219,1.002650775,0.033693224,11.690112,94.80113636,97.84090909,247.9,70.02,59.6,1,0.615,10.33,18.827651,10.34183138,0.654581878
11014000,0.056695943,8.8,435,1.02315964,0.099067655,34.921161,94.79235333,98.54976928,181.8,44.33,55.8,0,0.609,8.78,16.12831,,0.841697022
11101250,0.58709968,20.1,867,1.092037683,0.329786401,9.043463,94.78571429,92.78571429,237.3,62.69,59.1,0.3,0.655,12.65,13.411358,12.38921197,
11138500,0.003251636,0,166,1.051966834,0.246209186,43.010103,94.76975554,96.87322342,728.9,69.82,57.6,7.1,0.686,9.48,16.60856,,0.635399474
11113000,1.34178162,521.2,509,1.142280699,0.327929041,34.168763,94.76127321,84.41644562,650,68.34,45.4,7.7,0.69,14.64,16.054577,8.055507692,0.353398313
11077500,0.086667343,0,421,1.047835058,0.194495409,24.501378,94.76122594,91.4468995,240.8,51.01,60.8,0,0.654,6.47,17.754193,,0.666868373
11466800,0.071204515,36.7,91,1.00967161,0.117158918,12.714225,94.75218659,86.44314869,652.2,100.52,64.6,0.8,0.63,20.47,16.611166,,1.066667466
11143000,0.352199253,23.4,541,1.006598316,0.031887104,29.9711,94.74452555,79.27007299,120.6,116.26,67.4,3.4,0.654,19.35,18.127121,57.91119403,
11118500,0.268184829,0.8,852,1.076940843,0.202214772,82.190611,94.73031618,93.18040918,485.7,69.88,51.4,1.4,0.702,3.19,16.615606,50.47848466,0.913104719
9497800,0.055434446,181.9,408,1.101364715,0.415146892,33.497407,94.71956224,99.4254446,750.9,58.79,40.7,12.1,0.147,5.81,18.999934,,
9484000,0.182680352,12.1,611,1.047463647,0.178203882,85.517068,94.6762142,84.27770859,103.7,75.97,43.3,3.1,0.167,6.97,17.656755,25.9246866,0.572519765
11274630,0.067845529,70.8,896,1.036061167,0.13508715,13.905464,94.66073415,96.44048943,187.4,43.32,61.7,2.1,0.604,8.15,18.975462,,0.942822946
11129800,0.003651641,212,469,1.091410696,0.164360474,19.694249,94.64161447,99.09533751,85.3,58.44,66.4,0.1,0.68,11.75,15.248683,,
11143000,0.74901041,16,165,1.023914508,0.123192709,86.219962,94.61247637,85.34971645,120.6,116.26,67.4,3.4,0.654,25.11,18.127121,57.91119403,1.009060924
11025500,0.112796477,9.9,211,1.05686184,0.170954447,7.499671,94.60719041,73.90146471,288.7,61.83,49,1.6,0.57,11.95,16.426629,,
11015000,0.024999569,2.9,551,0.9782976,0.11102204,81.490142,94.59601259,96.06505771,117.8,76.11,45.5,11.1,0.564,4.98,15.126983,,0.608571175
11274630,0.011740752,0,561,1.056545627,0.159207024,14.544513,94.57725948,63.3819242,187.4,43.32,61.7,2.1,0.604,8.15,18.975462,,0.568651794
11063510,0.067411668,31,841,0.971887512,0.149898506,75.044644,94.56589631,95.50281074,144.5,66.42,46,4.5,0.635,8.28,18.45637,36.88442907,0.741913803
11274630,0.041704601,61.9,496,1.059592987,0.148809376,85.565494,94.56305859,84.40913605,187.4,43.32,61.7,2.1,0.604,5.71,18.975462,,0.595692952
11451715,0.167913373,1.7,503,0.984983881,0.089946961,11.690112,94.54545455,91.53409091,247.9,70.02,59.6,1,0.615,10.4,18.827651,10.34183138,0.691053957
11123500,0.005402318,31.9,928,1.037061723,0.149217692,47.106742,94.52852154,99.35972061,718.1,79.99,52.6,3.8,0.712,17.22,18.753658,5.57082579,0.578338332
11176400,0.163913074,81.8,496,1.007261976,0.074737506,74.095967,94.51795841,81.89981096,338.6,57.45,62.2,4,0.599,7.81,17.721231,,0.604649115
11077500,0.127002348,0,838,1.02965644,0.133486367,24.501378,94.51176051,89.37990021,240.8,51.01,60.8,0,0.654,11.9,17.754193,,0.675049737
11077500,0.021402248,128.7,482,1.090419613,0.304981698,11.075228,94.50643777,92.53218884,240.8,51.01,60.8,0,0.654,11.9,17.754193,,0.627282338
11023340,0.224260946,10.4,436,1.012413158,0.051565999,37.099197,94.50464396,84.75232198,109.6,39.02,60.2,0,0.626,7.85,14.786058,,0.915032406
10260950,0.097515947,1.4,165,1.003316658,0.104022176,10.926878,94.5003873,88.61347792,175.1,66.31,43.9,6.7,0.611,13.76,18.304836,5.662649914,0.796029693
11063510,0.122673559,0,125,0.998244727,0.144614452,19.701106,94.49869792,96.6796875,144.5,66.42,46,4.5,0.635,15.53,18.45637,36.88442907,0.927332981
11118500,0.019355949,4.9,86,1.101082534,0.247832506,82.190611,94.48233106,95.04029758,485.7,69.88,51.4,1.4,0.702,13.74,16.615606,50.47848466,1.109881426
11014000,0.168218732,29.8,484,0.975461598,0.137714424,34.921161,94.46275544,96.17666447,181.8,44.33,55.8,0,0.609,8.75,16.12831,,0.841697022
11152000,0.221968353,66.5,814,1.109649129,0.31040789,7.156277,94.44741057,93.32621463,625.1,80.89,63.9,2.9,0.654,12.76,17.294107,10.20955047,
11065000,0.026476654,86.6,69,0.994023482,0.366181565,8.140156,94.43312967,89.27359131,364.7,81.4,47.7,4.2,0.649,10.24,19.024359,17.52322457,0.924603841
11466200,0.518229094,0,821,1.027212597,0.084510143,34.361034,94.42964936,96.18286729,144.8,107.68,64.2,1.3,0.62,16.48,17.015969,,0.419742642
11456000,0.224080346,1.4,821,0.962771921,0.094687865,60.472826,94.42790302,95.15099957,212.3,104.44,64,1.5,0.624,16.25,16.071526,,0.462245909
14092750,0.212745499,9.7,54,0.995338708,0.187476863,98.92403,94.41850122,98.33222148,57.5,157.25,64.1,49.5,0.401,14.53,17.677713,38.0013913,1.03736107
11458500,0.47069182,0,821,0.99225714,0.076679772,14.134659,94.38822447,95.53817847,150.4,107.96,63.9,1.4,0.626,16.55,19.519202,,0.608562146
11042400,0.009102426,4.9,586,1.007682211,0.197180183,5.418644,94.38417358,92.85258456,342.2,45.9,47.5,4.5,0.519,8.66,17.322787,,
11466200,0.623830494,32.6,454,1.036781513,0.126692172,7.676397,94.36902966,96.43036702,144.8,107.68,64.2,1.3,0.62,21.97,17.015969,,0.654883262
11047300,0.368381789,146.5,611,1.054233563,0.156944562,11.921157,94.36781609,90.34482759,139.9,46.85,61.6,0,0.652,2.27,13.66011,10.94796283,0.541141138
11451715,0.015649069,21.6,1076,0.945706299,0.244184476,11.655139,94.32962374,85.00264971,247.9,70.02,59.6,1,0.615,0.68,18.827651,10.34183138,0.829864732
11109600,0.006522447,0,813,0.976774934,0.214688199,41.681744,94.30796884,88.37627322,963.8,55.61,42.7,11.8,0.673,4.34,16.693884,3.126727537,0.669482329
11042900,0.04264356,13.7,454,0.998214604,0.068177358,15.117915,94.30523918,61.27562642,227.1,38.42,52.1,0.2,0.588,8.7,16.576693,,
11025500,0.024030554,0.2,495,0.909929224,0.230775426,16.382785,94.28754814,95.8279846,288.7,61.83,49,1.6,0.57,13.15,16.426629,,0.818166877
10260950,0.169803889,221.6,911,0.986610546,0.216616387,10.926878,94.2680093,90.31758327,175.1,66.31,43.9,6.7,0.611,15.35,18.304836,5.662649914,0.605979138
11138500,0.013130862,304.4,204,1.034870552,0.272535725,43.010103,94.25810119,96.02046617,728.9,69.82,57.6,7.1,0.686,14.16,16.60856,,0.635399474
11077500,0.019520731,4.8,21,1.070290272,0.273040855,11.867328,94.24040067,95.24207012,240.8,51.01,60.8,0,0.654,11.9,17.754193,,1.367628761
11372000,0.025105436,0.1,621,0.999712465,0.143434518,91.657499,94.23076923,98.74125874,589.9,149.15,61.6,13.3,0.544,9.97,14.264321,,0.393701658
11044800,0.104325126,38.4,203,0.954629813,0.128637638,5.29932,94.22764228,75.6097561,85.5,40.9,59,0,0.666,7.5,15.319151,,
11204100,0.016483095,44.4,951,1.054643806,0.14264058,14.215553,94.22558014,89.63842418,249.1,79.83,55.9,25.2,0.595,6.17,17.505672,16.38281815,0.837459498
11063510,0.18596998,0,853,0.868574043,0.375335115,15.999744,94.22092173,92.09948793,144.5,66.42,46,4.5,0.635,2.33,18.45637,36.88442907,
11059300,0.05747177,117.8,514,1.130851472,0.372837664,10.204954,94.21965318,98.52280026,946,67.84,42.5,27.6,0.57,12.26,19.036583,2.260084567,0.682674413
11274500,0.034032291,25.9,493,1.080882973,0.203172591,91.144936,94.20471651,93.57752132,347.8,45.32,61.6,1.4,0.624,5.88,18.273952,,0.614993088
11466320,0.484254543,0,821,1.031463902,0.092124628,24.946189,94.19602529,96.11562782,199.4,102.63,64.2,1,0.622,15.5,16.638396,,0.419628041
11152000,0.268627007,36.9,541,1.040443082,0.163474732,7.156277,94.18045916,74.58622531,625.1,80.89,63.9,2.9,0.654,13.87,17.294107,10.20955047,
11123500,0.160886541,178.9,930,1.015413141,0.125453544,47.106742,94.17927823,94.99417928,718.1,79.99,52.6,3.8,0.712,17.22,18.753658,5.57082579,0.578338332
11451715,0.188474195,0,967,1.004272234,0.125972013,11.655139,94.17064123,90.2490726,247.9,70.02,59.6,1,0.615,13.34,18.827651,10.34183138,0.829864732
11143000,0.181265215,49.8,164,1.058349764,0.197864647,29.9711,94.13625304,93.67396594,120.6,116.26,67.4,3.4,0.654,23.37,18.127121,57.91119403,
8380500,0.301607723,167.4,114,0.981551137,0.168795842,99.368957,94.12919343,89.72162741,198.1,68.57,50.8,19.2,0.221,10.22,17.995738,48.47415447,1.00779206
11466320,0.617744065,34,454,1.04779205,0.147840216,11.48391,94.12650602,96.28514056,199.4,102.63,64.2,1,0.622,20.92,16.638396,,0.654534435
9404450,0.114587753,13.9,433,1.020127938,0.154455187,14.12125,94.12162162,99.76351351,193,46.03,54.3,37.5,0.146,3.77,16.150084,7.030725389,0.42238348
11077500,0.041981332,33.1,87,1.070755686,0.276135605,9.037622,94.11247803,93.32161687,240.8,51.01,60.8,0,0.654,11.6,17.754193,,
11143000,0.220007133,0,246,1.07761862,0.219067512,99.985297,94.09005629,86.86679174,120.6,116.26,67.4,3.4,0.654,23.37,18.127121,57.91119403,0.306190458
11172945,0.373873053,0,863,1.028458026,0.063021278,98.034239,94.06982305,90.57867049,87.1,62.38,62.8,4.1,0.574,8.49,17.898739,,0.663379039
11014000,0.028815246,0,495,0.970915941,0.151010447,34.921161,94.06723797,96.63810152,181.8,44.33,55.8,0,0.609,9.83,16.12831,,0.841697022
11449500,1.438126006,8.5,174,1.033105257,0.067023505,20.124733,94.05809859,96.17077465,95.3,148.47,60,1.3,0.621,21.02,16.804113,,0.82201641
11046100,0.008394809,0,968,1.043283861,0.138206606,61.385841,94.0431869,88.45867461,67.8,40.34,64.9,0,0.655,8.83,16.06083,9.995575221,0.970007047
11138500,0.012431585,418.3,469,1.08758203,0.311047872,5.562678,94.03735632,98.27586207,728.9,69.82,57.6,7.1,0.686,14.16,16.60856,,
8380500,0.20297771,89.7,111,0.926904689,0.310561784,99.368957,94.02212705,96.10992148,198.1,68.57,50.8,19.2,0.221,10.22,17.995738,48.47415447,1.00779206
11372000,0.027409568,2.4,1058,0.929760437,0.249987327,6.341896,94.00781589,90.92488059,589.9,149.15,61.6,13.3,0.544,6.38,14.264321,,0.556108781
11138500,0.013830138,0,566,1.026493054,0.258349104,14.684484,93.99171271,94.47513812,728.9,69.82,57.6,7.1,0.686,17.01,16.60856,,0.694239571
11042900,0.023441489,11.6,533,1.041224106,0.174042617,6.890085,93.96666667,97.33333333,227.1,38.42,52.1,0.2,0.588,8.7,16.576693,,
11101250,0.646764281,1.8,825,1.203107499,0.366980519,19.467814,93.95640687,94.84808454,237.3,62.69,59.1,0.3,0.655,7.64,13.411358,12.38921197,0.55475962
11173200,0.217602885,0,863,0.982194434,0.08822052,87.006427,93.93796992,89.33270677,199.1,62.25,63.2,4.1,0.584,8.66,16.584267,,0.63793308
11101250,0.508342405,35.6,474,1.054781004,0.537852631,9.043463,93.92857143,95.5,237.3,62.69,59.1,0.3,0.655,15.17,13.411358,12.38921197,
11159200,0.104094225,72.5,1002,1.083251533,0.249540169,12.563615,93.92156863,94.65686275,71,84.62,68.1,0.1,0.629,16.18,16.438445,,0.783301461
11458000,0.113007263,1.4,821,0.976051402,0.128360628,23.054366,93.90794224,94.90072202,566.3,96.01,63.5,1.4,0.629,14.98,16.230256,,0.464030472
11461000,0.193069227,45.9,512,1.040830307,0.129174449,32.301184,93.89671362,99.64788732,259.6,118.6,63.1,3,0.607,18.36,15.086673,,0.580309863
11065000,0.172370003,0,125,0.97775278,0.373184249,8.140156,93.89002037,96.67345553,364.7,81.4,47.7,4.2,0.649,19.01,19.024359,17.52322457,0.924603841
11278300,0.007800645,11.7,791,1.061078889,0.175792602,23.425173,93.88160509,97.29837108,591.7,131.04,62.8,48.9,0.559,7.32,14.088632,10.37679567,0.606999358
11025500,0.022461211,7.3,584,1.018975967,0.121922722,7.499671,93.87483356,93.1424767,288.7,61.83,49,1.6,0.57,11.95,16.426629,,
9430600,0.034634221,49.8,431,0.957608063,0.176541899,91.945834,93.85854518,78.27837906,190.5,67.41,44.7,14,0.222,9.71,15.895541,35.34944882,0.435482093
11077500,0.132882087,0.1,162,1.038836817,0.153985418,9.037622,93.84885764,93.14586995,240.8,51.01,60.8,0,0.654,9.51,17.754193,,
11025500,0.018047436,0,891,1.049657906,0.156921597,16.382785,93.83825417,88.18998716,288.7,61.83,49,1.6,0.57,4.12,16.426629,,1.382956825
11143000,0.168820842,13.3,468,0.989642573,0.064018698,13.697515,93.79310345,99.36339523,120.6,116.26,67.4,3.4,0.654,25.11,18.127121,57.91119403,
11025500,0.022657379,1.7,839,1.06180441,0.197871181,57.038453,93.79310345,86.6091954,288.7,61.83,49,1.6,0.57,12.2,16.426629,,0.884453394
9430600,0.068673862,8.3,514,1.028163988,0.104806253,51.133435,93.78997868,91.23134328,190.5,67.41,44.7,14,0.222,6.38,15.895541,35.34944882,0.813182192
11014000,0.257000841,58.2,775,1.015969323,0.071224629,7.06468,93.78219279,91.97939662,181.8,44.33,55.8,0,0.609,8.75,16.12831,,
11023340,0.127115651,0.7,475,1.01790034,0.067771686,37.099197,93.76934985,82.89473684,109.6,39.02,60.2,0,0.626,7.97,14.786058,,0.915032406
11451715,0.209035016,74.3,919,1.055847822,0.157414006,11.655139,93.74668786,94.54160042,247.9,70.02,59.6,1,0.615,10.4,18.827651,10.34183138,0.829864732
11458000,0.009850633,0,583,1.025523566,0.120865803,7.469418,93.73163565,93.53574927,566.3,96.01,63.5,1.4,0.629,2.49,16.230256,,0.659041598
11466800,0.073375384,0.9,821,1.014185929,0.088922479,13.403992,93.71800838,95.81200558,652.2,100.52,64.6,0.8,0.63,15.04,16.611166,,0.426360756
11027000,0.045248527,0,891,1.033293574,0.087000884,70.526293,93.69369369,86.93693694,58.2,51.93,53.2,0.2,0.625,3.36,15.624757,,1.239786878
11113000,0.027358404,103.5,731,0.908975594,0.23120642,18.928716,93.68165249,91.67679222,650,68.34,45.4,7.7,0.69,9.22,16.054577,8.055507692,0.966690077
11169800,0.306290099,65.3,547,1.08033411,0.25249829,19.710195,93.65828092,95.70230608,282.9,60.85,63.3,1.8,0.626,10.2,15.108,,0.568156639
11023340,0.560652365,0,496,1.026713158,0.151159194,37.099197,93.65325077,93.57585139,109.6,39.02,60.2,0,0.626,8.4,14.786058,,0.915032406
11274500,0.008874449,0,863,1.040864464,0.144406718,91.144936,93.62769694,88.66031109,347.8,45.32,61.6,1.4,0.624,5.88,18.273952,,0.708413297
11025500,0.062969859,10.6,421,0.924658061,0.317305314,57.038453,93.62068966,88.44827586,288.7,61.83,49,1.6,0.57,6.58,16.426629,,0.765479793
11073495,1.289353759,35,123,1.157379448,0.418751427,26.085866,93.61575179,89.49880668,208.2,61.85,53.7,0.2,0.66,14.43,10.502607,,1.361716462
11043000,0.056386331,22.1,454,0.960664777,0.233241724,15.431556,93.60730594,60.88280061,572.5,37.11,54,0.1,0.614,9.09,16.167722,,
11073300,0.355653839,0,46,1.111793657,0.359306881,14.041929,93.58974359,69.44444444,83.6,90.33,49.8,5.3,0.643,6.03,20.142177,,
11025500,0.004119524,19.7,799,1.026896114,0.225163541,16.382785,93.58151476,96.46983312,288.7,61.83,49,1.6,0.57,11.95,16.426629,,1.382956825
11451715,0.316408193,172.7,560,0.983547252,0.081667475,11.690112,93.57954545,94.43181818,247.9,70.02,59.6,1,0.615,13.34,18.827651,10.34183138,0.691053957
11062000,0.113078028,23.3,896,1.051011136,0.324179568,45.631597,93.56971154,84.375,119.7,109.2,48.3,7.1,0.655,5.53,17.137994,3.360902256,0.700665482
11173575,0.094046522,85,496,1.072278,0.158135856,73.616074,93.56711565,79.74918718,385.4,62.15,64.2,3.5,0.584,8.83,17.382289,,0.668678281
11073360,0.423789141,0,46,1.31439573,0.642526383,8.872533,93.56683345,69.33523946,132.3,74.76,53,3.4,0.65,5.12,14.250404,,
11173510,0.120112932,84.4,496,1.075106171,0.152956114,77.737397,93.54988399,79.72157773,360.7,62.25,63.9,3.7,0.583,8.8,16.911694,,0.666629687
9430600,0.014433403,0,882,1.012040638,0.275782697,91.945834,93.54392147,83.31235842,190.5,67.41,44.7,14,0.222,6.38,15.895541,35.34944882,0.684575503
11176400,0.063056356,0,863,1.034920221,0.09100973,74.095967,93.52551985,88.98865784,338.6,57.45,62.2,4,0.599,7.81,17.721231,,0.674537193
10258500,0.023099021,8.5,227,1.011105437,0.303175752,34.911598,93.5243553,88.59598854,241.5,37.78,41.9,5.1,0.464,6.88,22.326342,,
11204100,0.105832836,43.6,550,1.108453825,0.256927172,14.215553,93.52401511,92.33675121,249.1,79.83,55.9,25.2,0.595,15.82,17.505672,16.38281815,0.690050419
11113500,0.015899086,73.7,731,1.060161696,0.198481131,85.14101,93.46938776,95.03401361,103.3,67.78,49.9,2.6,0.693,8.85,15.259699,53.69332043,0.956848087
11148900,0.347381062,268.5,493,1.160786421,0.427904276,20.792454,93.4687157,86.16904501,403.5,69.16,62.7,1.5,0.653,10.52,16.11163,12.52795539,0.498664892
11148900,0.281413749,17.5,495,1.09976466,0.294348481,6.063932,93.44170404,87.38789238,403.5,69.16,62.7,1.5,0.653,14.72,16.11163,12.52795539,0.554964854
11113000,0.397306765,79.2,435,1.055745268,0.14666727,18.928716,93.43863913,95.018226,650,68.34,45.4,7.7,0.69,17.46,16.054577,8.055507692,0.693251489
11143000,0.120452144,0,521,1.000291361,0.040228888,13.697515,93.39522546,84.56233422,120.6,116.26,67.4,3.4,0.654,19.35,18.127121,57.91119403,
9484000,0.041778915,3.6,289,1.004624417,0.13001096,85.517068,93.38418431,76.83686177,103.7,75.97,43.3,3.1,0.167,2.39,17.656755,25.9246866,0.427145513
11065000,0.100937389,23.3,896,0.950333899,0.520587005,24.135281,93.3836858,84.47129909,364.7,81.4,47.7,4.2,0.649,4.11,19.024359,17.52322457,0.79787982
11113000,0.025223752,1.9,358,1.048024812,0.212853489,18.928716,93.37788578,89.97569866,650,68.34,45.4,7.7,0.69,5.32,16.054577,8.055507692,0.693251489
11065000,0.020187478,0,931,0.992763212,0.326802156,33.742927,93.32901554,93.2642487,364.7,81.4,47.7,4.2,0.649,16.46,19.024359,17.52322457,0.745010548
11123500,0.088329866,28.2,968,1.020723213,0.121390205,47.106742,93.30616997,93.36437718,718.1,79.99,52.6,3.8,0.712,20.64,18.753658,5.57082579,0.578338332
11118500,0.383037897,68.1,435,1.079840089,0.210493121,82.190611,93.30440174,95.97024179,485.7,69.88,51.4,1.4,0.702,18.25,16.615606,50.47848466,0.588751203
9183500,0.111666598,66.3,432,1.165940841,0.341699974,9.554376,93.29303397,78.23834197,74.3,66.99,52.1,35.2,0.117,5.5,20.493111,3.052489906,0.696418606
11466320,0.511236468,45.6,464,1.054999542,0.171593016,11.48391,93.27309237,98.4437751,199.4,102.63,64.2,1,0.622,20.92,16.638396,,0.654534435
11274630,0.013508664,0,863,1.046399356,0.113656649,85.565494,93.24726912,88.28202582,187.4,43.32,61.7,2.1,0.604,5.71,18.975462,,0.670603252
11143000,0.055882281,0,84,1.010890556,0.102534745,86.219962,93.24196597,82.56143667,120.6,116.26,67.4,3.4,0.654,5.19,18.127121,57.91119403,1.009060924
11372000,0.103685932,13.9,276,0.976823205,0.16551892,9.214676,93.23104693,79.96389892,589.9,149.15,61.6,13.3,0.544,6.38,14.264321,,0.77243096
11025500,0.026776903,13.5,484,1.01523011,0.13163374,57.038453,93.2183908,88.62068966,288.7,61.83,49,1.6,0.57,12.2,16.426629,,0.765479793
11065000,0.032843474,16.7,532,1.036573444,0.506982417,8.140156,93.21113374,89.20570265,364.7,81.4,47.7,4.2,0.649,16.46,19.024359,17.52322457,0.672484666
11114495,0.189310357,0.6,852,1.019003611,0.091275137,99.929207,93.20719603,90.63275434,124.3,88.3,49.7,3.8,0.706,4.12,13.969926,77.48479485,0.853478916
9510200,0.002064005,48,17,0.850356941,0.359738317,38.424484,93.16077441,98.10606061,425.3,61.33,36.1,2.1,0.215,6.95,17.785195,24.56769952,1.043331469
8380500,0.009963061,37.2,181,1.030117079,0.093909064,99.368957,93.1566738,74.03640257,198.1,68.57,50.8,19.2,0.221,4.83,17.995738,48.47415447,0.521622128
11466800,0.091176513,47.4,454,1.024003382,0.111343269,12.714225,93.14868805,95.14091351,652.2,100.52,64.6,0.8,0.63,20.47,16.611166,,0.594232737
11467200,0.792383337,162.3,864,1.008839787,0.084793448,32.048365,93.14285714,68.65934066,162.6,162.49,65.6,0.6,0.627,27.19,14.168797,,0.460838018
11047300,0.374454016,24.5,180,1.079545573,0.177210421,11.921157,93.14176245,96.55172414,139.9,46.85,61.6,0,0.652,10.98,13.66011,10.94796283,0.495678495
11159200,0.582289536,23.2,1009,1.105708742,0.297628312,12.563615,93.1372549,83.38235294,71,84.62,68.1,0.1,0.629,16.18,16.438445,,0.783301461
11466200,0.576896538,0.3,450,1.025356331,0.077635793,34.361034,93.12028407,63.69285397,144.8,107.68,64.2,1.3,0.62,16.48,17.015969,,0.362637882
11046250,0.052304954,128.2,128,1.041702904,0.121161336,14.830853,93.11649017,96.89863843,109.9,44.67,63.3,0,0.651,10.26,15.647458,,2.200976596
11109600,0.028352076,5.7,505,1.086713225,0.379128884,41.681744,93.10964649,81.06650689,963.8,55.61,42.7,11.8,0.673,11.63,16.693884,3.126727537,0.46186249
11124500,0.243983044,284.4,204,1.08668534,0.23411381,71.062545,93.09153713,95.27921704,191.5,83.1,54.6,4.5,0.711,19.21,17.185694,,0.648680925
9484000,0.39867461,0.1,560,1.177845593,0.520940804,85.517068,93.08841843,84.12204234,103.7,75.97,43.3,3.1,0.167,6.72,17.656755,25.9246866,0.572519765
11046100,0.009647766,25.4,96,1.042892966,0.131483531,36.53273,93.07574598,73.14460597,67.8,40.34,64.9,0,0.655,9.03,16.06083,9.995575221,0.802610731
11063510,0.0415444,77.8,931,0.948920492,0.24386221,75.044644,93.06683323,92.37976265,144.5,66.42,46,4.5,0.635,13.15,18.45637,36.88442907,0.741913803
11113000,0.338930552,4,437,1.076025222,0.245366986,12.550943,93.06090979,85.04240555,650,68.34,45.4,7.7,0.69,14.64,16.054577,8.055507692,0.784575117
11042900,0.013341699,46.4,104,0.994102584,0.100954581,15.117915,93.0523918,92.25512528,227.1,38.42,52.1,0.2,0.588,8.09,16.576693,,
11462500,0.113122483,0,162,1.018115565,0.110166101,5.854759,93.04029304,91.66666667,938.7,115.58,63.2,2,0.605,22.52,15.801847,2.132502397,0.783055803
11465350,0.022509798,40.7,845,1.0153117,0.168069953,25.433253,93.03071985,90.00458505,559.8,130.36,64.5,0.4,0.629,22.4,15.21547,,0.500748396
11022480,0.019449997,0,913,1.205723749,0.44820758,18.106704,93.02752294,87.1559633,953.6,51.86,51.9,2.2,0.585,3.58,15.3664,,1.066980112
9510200,0.017510754,91.3,24,1.201311435,0.56332537,38.424484,93.01346801,99.66329966,425.3,61.33,36.1,2.1,0.215,6.95,17.785195,24.56769952,1.043331469
11124500,0.040515972,39.2,593,1.042704936,0.138994083,71.062545,93.00518135,83.93782383,191.5,83.1,54.6,4.5,0.711,21.39,17.185694,,0.395823123
11124500,0.05855593,0,1012,1.041026549,0.131792873,71.062545,93.00518135,96.43062752,191.5,83.1,54.6,4.5,0.711,3.98,17.185694,,0.583171137
11149900,0.095678687,61.2,810,1.208064441,0.469864437,8.664033,92.99090423,91.33226324,556.4,63.26,62,1.5,0.659,9.76,16.227347,15.65149173,
11042400,0.006288949,11.2,933,1.061722335,0.241732972,5.418644,92.98021698,82.83343969,342.2,45.9,47.5,4.5,0.519,8.66,17.322787,,
11113000,0.134178162,0,504,1.221947048,0.44930181,34.168763,92.97082228,77.85145889,650,68.34,45.4,7.7,0.69,14.64,16.054577,8.055507692,0.353398313
11173510,0.103626843,0,863,1.01427266,0.094048528,77.737397,92.96983759,88.77030162,360.7,62.25,63.9,3.7,0.583,8.8,16.911694,,0.654213136
11022480,0.022122516,0,401,0.928059827,0.220835759,18.106704,92.96636086,92.11009174,953.6,51.86,51.9,2.2,0.585,4.66,15.3664,,0.958418601
11451715,0.001519216,0,453,0.944790358,0.122733893,11.690112,92.95454545,92.15909091,247.9,70.02,59.6,1,0.615,3.6,18.827651,10.34183138,0.691053957
11123500,0.761056433,7.9,182,1.024130683,0.089656297,16.457797,92.95278365,86.61028894,718.1,79.99,52.6,3.8,0.712,20.64,18.753658,5.57082579,0.771068736
11451715,0.002764288,33.1,125,1.08277737,0.168479191,24.133838,92.94747082,97.17898833,247.9,70.02,59.6,1,0.615,8.91,18.827651,10.34183138,0.809356648
11159200,0.044269958,1,690,1.04563987,0.141946573,12.563615,92.94117647,94.95098039,71,84.62,68.1,0.1,0.629,5.22,16.438445,,0.614253963
11466200,0.549518397,39,464,1.040562079,0.144219822,7.676397,92.93614882,98.44142785,144.8,107.68,64.2,1.3,0.62,21.97,17.015969,,0.654883262
11124500,0.255812524,0,184,1.012081072,0.080783167,71.062545,92.91882556,96.08520438,191.5,83.1,54.6,4.5,0.711,19.21,17.185694,,0.648680925
11466320,0.451592213,0.3,450,1.03904084,0.101194717,24.946189,92.90876242,63.45980126,199.4,102.63,64.2,1,0.622,15.5,16.638396,,0.362440977
11063510,0.080933195,21.5,510,1.035222343,0.216730068,19.701106,92.90364583,91.86197917,144.5,66.42,46,4.5,0.635,15.53,18.45637,36.88442907,0.668526212
11173575,0.08082123,0,863,1.024663135,0.109283756,73.616074,92.89363679,88.75986995,385.4,62.15,64.2,3.5,0.584,8.83,17.382289,,0.65548461
11138500,0.006332339,41.1,857,1.078128742,0.282909951,5.562678,92.88793103,77.29885057,728.9,69.82,57.6,7.1,0.686,14.16,16.60856,,
10258500,0.028492701,16.7,206,1.093793521,0.281860753,34.911598,92.86532951,60.63037249,241.5,37.78,41.9,5.1,0.464,8.36,22.326342,,
11466800,0.121568684,60.2,464,1.029764679,0.128378843,12.714225,92.85714286,98.25072886,652.2,100.52,64.6,0.8,0.63,20.47,16.611166,,0.594232737
11027000,0.076873841,0.1,495,1.016355375,0.058791777,70.526293,92.85714286,91.31274131,58.2,51.93,53.2,0.2,0.625,11.03,15.624757,,0.864126498
11123500,0.010844068,44.3,593,1.032783931,0.130998308,47.106742,92.84051222,83.11990687,718.1,79.99,52.6,3.8,0.712,20.64,18.753658,5.57082579,0.40415876
11451100,0.295765624,40.5,955,1.05411218,0.212705121,99.307087,92.83426741,87.0296237,155.1,122.99,60.8,2.9,0.62,17.58,14.155992,87.05802708,
14182500,0.706933161,37.6,55,1.082626009,0.195267695,94.322738,92.81602834,97.49833961,286.8,224.25,70.2,22.8,0.386,16.72,13.492479,73.25648536,0.774139755
11027000,0.026224684,0.9,839,1.067799675,0.158719456,50.900245,92.80980782,87.87276342,58.2,51.93,53.2,0.2,0.625,10.81,15.624757,,0.978380779
11451100,0.041808844,9,217,1.032879624,0.173890382,99.307087,92.79423539,97.31785428,155.1,122.99,60.8,2.9,0.62,17.58,14.155992,87.05802708,
11022480,0.027289385,138.8,782,1.164161356,0.369126077,18.106704,92.78287462,79.6941896,953.6,51.86,51.9,2.2,0.585,5.73,15.3664,,1.066980112
11466800,0.122002858,0.4,450,1.043642806,0.132022217,13.403992,92.76407631,67.28711028,652.2,100.52,64.6,0.8,0.63,15.04,16.611166,,0.374861895
9430600,0.025418248,55.8,827,1.062199944,0.187200753,24.384716,92.7480916,89.10745743,190.5,67.41,44.7,14,0.222,7.73,15.895541,35.34944882,0.900779177
11073360,0.265403301,2.2,203,1.177936486,0.364611283,8.872533,92.74481773,93.28091494,132.3,74.76,53,3.4,0.65,4,14.250404,,
11055800,0.684089511,4.7,892,1.021028933,0.105433116,84.009376,92.73846154,81.72307692,50.5,78.15,44,7.1,0.609,4.56,21.01686,,0.809620196
11224500,0.065011939,1.2,880,1.062181114,0.201544893,17.519332,92.72355348,92.81122151,247.4,47.01,49.5,2,0.63,6.81,21.958024,,0.750311182
11143000,0.554126824,96.4,183,1.026221478,0.127226047,86.219962,92.7221172,84.3100189,120.6,116.26,67.4,3.4,0.654,25.11,18.127121,57.91119403,1.009060924
11025500,0.044922423,1.9,820,0.971417603,0.159738144,57.038453,92.70114943,96.43678161,288.7,61.83,49,1.6,0.57,11.95,16.426629,,0.884453394
11148900,0.36843446,224.8,885,1.066938616,0.231147514,21.611762,92.69230769,74.93589744,403.5,69.16,62.7,1.5,0.653,15,16.11163,12.52795539,0.881405809
11023340,0.092753087,3.8,867,1.084789371,0.21140808,37.099197,92.68575851,61.45510836,109.6,39.02,60.2,0,0.626,8.4,14.786058,,1.48298974
8378500,0.010372228,65.5,181,1.00592678,0.109757059,24.394413,92.67538434,78.72415621,445,86.08,49.1,32.7,0.115,6.27,14.557434,13.96395506,0.544770246
11073300,0.501302553,153.5,123,1.089543183,0.270387511,30.521869,92.63803681,93.86503067,83.6,90.33,49.8,5.3,0.643,20.46,20.142177,,1.312947468
11160500,0.157087507,24.4,863,0.95953801,0.137330929,19.295537,92.63494968,90.73650503,275.8,118.78,67,0.7,0.632,16.89,15.363053,,0.600181272
11123500,0.123030884,0.5,852,0.968032152,0.126497927,11.243107,92.6323319,95.56509299,718.1,79.99,52.6,3.8,0.712,3.74,18.753658,5.57082579,0.921230013
11456000,0.317447157,35.9,454,0.975475625,0.06187569,8.882523,92.63157895,95.6979405,212.3,104.44,64,1.5,0.624,21.08,16.071526,,0.601416408
11458500,0.043115371,21.6,416,1.019724794,0.118575191,63.695385,92.61730521,98.32113646,150.4,107.96,63.9,1.4,0.626,14.85,19.519202,,0.620423687
11073360,0.595017077,156.5,123,1.192311494,0.384063901,20.134001,92.6128591,93.84404925,132.3,74.76,53,3.4,0.65,17.06,14.250404,,1.311099355
11153000,0.022478456,32,944,0.984886737,0.139356386,10.488957,92.61015059,89.01282766,375.4,52.87,62.6,1.3,0.643,3.13,15.589845,,0.728067193
9484000,0.124517549,157.8,796,1.151189135,0.43245203,69.267296,92.55617978,98.84519351,103.7,75.97,43.3,3.1,0.167,13.39,17.656755,25.9246866,0.762986287
11161000,0.164224266,24.4,863,0.974978102,0.136487077,18.338121,92.54974549,90.49051365,298.3,118.15,67.1,0.6,0.632,16.79,15.746177,,0.602883283
11148900,0.113688348,1.6,833,1.153873406,0.44035376,19.551763,92.54312743,72.50973845,403.5,69.16,62.7,1.5,0.653,15,16.11163,12.52795539,
11143000,0.237147497,30.8,612,1.054980997,0.175723645,99.985297,92.54221388,86.25703565,120.6,116.26,67.4,3.4,0.654,23.37,18.127121,57.91119403,0.453496031
11063510,0.077013912,0,121,0.966156388,0.085957861,75.044644,92.53591505,79.45034354,144.5,66.42,46,4.5,0.635,8.28,18.45637,36.88442907,0.798144832
11143000,0.106129375,8.1,807,1.019649192,0.087567419,29.9711,92.50608273,97.08029197,120.6,116.26,67.4,3.4,0.654,13.95,18.127121,57.91119403,
11025500,0.023736302,0,76,0.943704153,0.276306331,57.038453,92.5,92.5862069,288.7,61.83,49,1.6,0.57,11.95,16.426629,,0.844644078
11461000,0.693740272,122.7,491,1.004380668,0.038160393,32.301184,92.48826291,94.87480438,259.6,118.6,63.1,3,0.607,21.77,15.086673,,0.580309863
11065000,0.018246374,0.5,835,0.946684919,0.353420938,33.742927,92.48704663,95.59585492,364.7,81.4,47.7,4.2,0.649,5.55,19.024359,17.52322457,0.745010548
14090350,0.073050326,48.2,432,1.082158555,0.338795143,7.771881,92.46421555,86.41594162,72.1,182.78,64.8,53.1,0.404,6.91,16.829358,17.35811373,
11028500,0.02051663,105.3,783,1.126800401,0.24945394,59.833561,92.45165315,81.59700561,146.3,47.31,53.2,0.1,0.607,4.92,15.589059,,0.927810373
7103700,0.006398615,30.2,731,1.171507011,0.675341463,10.334753,92.43639697,98.5101994,264.2,59.97,52.8,27.6,0.361,5.93,15.226314,5.675132475,0.527450528
9508300,0.645501701,17.9,394,1.00104631,0.073808452,83.630661,92.42424242,98.48484848,93,61.67,39.9,8.4,0.144,5.9,16.736963,,0.3593483
11077500,0.112420597,27.4,481,1.054945164,0.191860825,11.075228,92.40343348,90.38626609,240.8,51.01,60.8,0,0.654,11.9,17.754193,,0.627282338
11065000,0.03726919,33.7,510,1.005489133,0.389086708,8.140156,92.39646979,91.58180584,364.7,81.4,47.7,4.2,0.649,19.01,19.024359,17.52322457,0.672484666
11149900,0.185250224,0,185,1.144821827,0.330029119,12.824107,92.38476954,79.82631931,556.4,63.26,62,1.5,0.659,13.34,16.227347,15.65149173,1.178214387
11123500,0.041798954,0,1012,1.019993001,0.142618117,47.106742,92.37485448,96.10011641,718.1,79.99,52.6,3.8,0.712,3.74,18.753658,5.57082579,0.578338332
8377900,0.034428364,150.8,112,1.374507704,0.999495962,65.272425,92.34799038,99.14118859,139,89.76,48.6,31.6,0.11,11.76,13.047006,35.36093525,0.946858376
11113000,0.249188015,113.6,455,1.064024284,0.135280841,18.928716,92.34507898,90.52247874,650,68.34,45.4,7.7,0.69,13.21,16.054577,8.055507692,0.693251489
9484000,0.038229072,0.3,710,1.036549223,0.154342643,85.517068,92.31008717,88.35616438,103.7,75.97,43.3,3.1,0.167,1.64,17.656755,25.9246866,0.572519765
11073300,0.541948706,0.2,885,1.071140144,0.223448419,30.521869,92.29720518,90.72937969,83.6,90.33,49.8,5.3,0.643,18.15,20.142177,,0.961353526
11152000,0.067496499,0,246,1.130298327,0.433262385,38.563747,92.2962963,83.85185185,625.1,80.89,63.9,2.9,0.654,16.68,17.294107,10.20955047,0.414664174
11022480,0.024349614,1.1,839,1.173911373,0.384078426,18.106704,92.29357798,86.29969419,953.6,51.86,51.9,2.2,0.585,10.13,15.3664,,1.066980112
11113000,0.55762353,0,359,0.986093403,0.178138442,12.550943,92.28989977,90.82498072,650,68.34,45.4,7.7,0.69,2.17,16.054577,8.055507692,0.784575117
14400000,0.451392518,138.9,269,1.113929655,0.269999804,81.178779,92.28650138,89.43150513,702.6,309.76,70.5,7.5,0.474,23.56,12.840941,37.28364646,0.68372069
11149900,0.140973385,191.3,885,1.095529583,0.22719259,12.824107,92.28456914,73.68069472,556.4,63.26,62,1.5,0.659,13.77,16.227347,15.65149173,0.879304078
11109600,0.024150681,0,487,1.028985003,0.270121545,41.681744,92.27082085,92.75014979,963.8,55.61,42.7,11.8,0.673,11.63,16.693884,3.126727537,0.46186249
11152050,0.040006913,0,246,1.172913399,0.528675377,31.232187,92.25806452,83.77171216,771.5,74.52,63.7,2.4,0.652,15.41,17.029979,8.239170447,0.414664174
10257600,0.005181765,169.2,919,1.099980899,0.269416598,10.677152,92.24075417,94.41624365,92.9,55.02,38.1,7.4,0.582,12.52,18.430912,3.477933262,
11123500,0.064275751,0,184,0.956625785,0.146448546,47.106742,92.20023283,95.51804424,718.1,79.99,52.6,3.8,0.712,17.22,18.753658,5.57082579,0.737099819
11016200,0.001755175,7,867,1.154095738,0.298658022,37.286835,92.18500797,54.27963849,338.8,59.38,48.9,4.1,0.579,12.83,15.671068,4.65487013,1.059411648
11451715,0.163344302,28.2,555,0.891262848,0.227208754,11.690112,92.15909091,99.88636364,247.9,70.02,59.6,1,0.615,13.34,18.827651,10.34183138,0.691053957
11143000,0.563518804,105.7,491,1.033456987,0.167176779,13.697515,92.14854111,81.53846154,120.6,116.26,67.4,3.4,0.654,23.37,18.127121,57.91119403,
11152000,0.26681502,56.4,924,1.040026861,0.218740406,38.563747,92.14814815,81.97530864,625.1,80.89,63.9,2.9,0.654,16.63,17.294107,10.20955047,0.651840956
14096850,0.007408031,1.5,444,1.248874594,0.590873034,12.034205,92.14181287,72.55116959,374.6,63.23,63.5,37.1,0.399,5.54,16.908903,,
11022480,0.017816791,6.2,474,1.047307785,0.13708331,79.360851,92.12026957,83.72213582,953.6,51.86,51.9,2.2,0.585,10.13,15.3664,,0.762980732
9484000,0.527015067,111.4,794,1.041350798,0.223317655,69.267296,92.11922597,99.34456929,103.7,75.97,43.3,3.1,0.167,13.39,17.656755,25.9246866,0.762986287
11152050,0.1523199,56.7,924,1.06624458,0.273212507,31.232187,92.10918114,81.88585608,771.5,74.52,63.7,2.4,0.652,15.13,17.029979,8.239170447,0.651840956
8377900,0.080468661,160.6,124,1.000798693,0.198765845,65.272425,92.10752319,97.23462728,139,89.76,48.6,31.6,0.11,12.57,13.047006,35.36093525,0.946858376
11065000,0.041461974,0,121,1.01063693,0.103450122,33.742927,92.0984456,78.43264249,364.7,81.4,47.7,4.2,0.649,10.24,19.024359,17.52322457,0.8073376
11449500,0.065666497,0,408,1.041581016,0.085382978,20.124733,92.07746479,91.50528169,95.3,148.47,60,1.3,0.621,6.3,16.804113,,0.448167619
11044800,0.057627212,3,250,1.029381744,0.105117374,5.29932,92.07317073,74.55284553,85.5,40.9,59,0,0.666,0.97,15.319151,,
11372000,0.037922169,239.5,299,0.949878109,0.266306372,91.657499,92.06293706,90.62937063,589.9,149.15,61.6,13.3,0.544,6.38,14.264321,,0.705512305
11028500,0.039871941,2.3,860,1.060124389,0.133009327,59.833561,92.04616344,95.00935745,146.3,47.31,53.2,0.1,0.607,9.59,15.589059,,0.927810373
11148900,0.268781711,16.3,99,1.057028353,0.24770753,19.551763,92.04229271,77.85197551,403.5,69.16,62.7,1.5,0.653,15,16.11163,12.52795539,
11113500,0.060580999,1.5,365,1.04525464,0.143652121,85.14101,92.04081633,87.75510204,103.3,67.78,49.9,2.6,0.693,8.85,15.259699,53.69332043,0.625855641
8377900,0.080061225,188.1,114,0.883313014,0.304595796,65.272425,91.99587771,90.67330814,139,89.76,48.6,31.6,0.11,11.76,13.047006,35.36093525,0.946858376
11152000,0.05662458,86,144,1.068912035,0.250809043,10.954941,91.97722567,87.57763975,625.1,80.89,63.9,2.9,0.654,12.76,17.294107,10.20955047,1.119487192
11059300,0.030531878,3.4,885,1.156014935,0.420771413,10.204954,91.97174053,88.37508028,946,67.84,42.5,27.6,0.57,12.26,19.036583,2.260084567,0.984463275
11143000,1.108253648,144.3,1004,0.995778458,0.041073073,99.985297,91.95590994,84.47467167,120.6,116.26,67.4,3.4,0.654,19.35,18.127121,57.91119403,0.638570704
11200800,0.042204855,1,456,1.125857825,0.326294797,37.21031,91.94811552,73.17670093,214.7,72.15,53.2,18.4,0.594,9.36,15.133741,23.41741966,0.40057673
11077500,0.030574639,0,473,0.986927437,0.129997457,24.501378,91.94583036,71.84604419,240.8,51.01,60.8,0,0.654,11.9,17.754193,,0.666868373
11152050,0.024371184,86,144,1.092751666,0.299002685,8.868908,91.93548387,87.51300728,771.5,74.52,63.7,2.4,0.652,11.74,17.029979,8.239170447,1.119487192
11124500,0.02883436,40.5,857,1.047928234,0.146781752,10.349061,91.91884457,73.86519945,191.5,83.1,54.6,4.5,0.711,19.21,17.185694,,
11427000,0.019976649,0,479,1.09085861,0.218724199,9.114115,91.91385616,85.04672897,883.1,154.41,59.4,26.8,0.547,8.51,14.902718,,0.528934192
11453500,0.156350539,0,936,1.031251313,0.124904375,68.402353,91.88514357,91.51061174,293.4,112.6,63,2,0.624,6.28,17.47691,,0.478776431
11461500,0.796002772,93,200,0.999090418,0.035442872,23.026463,91.86541738,97.48722317,238.7,114.45,62.5,2,0.595,20.37,16.250428,8.386175115,0.783055803
11149900,0.080410811,90.3,628,1.086888727,0.228212673,21.73561,91.85185185,93.22751323,556.4,63.26,62,1.5,0.659,13.34,16.227347,15.65149173,0.494408205
11059300,0.266106267,3.1,481,1.049893731,0.245414562,10.204954,91.84328838,77.84200385,946,67.84,42.5,27.6,0.57,15.02,19.036583,2.260084567,0.682674413
11143000,0.140410102,17.5,537,1.03285057,0.12066515,99.985297,91.83864916,72.13883677,120.6,116.26,67.4,3.4,0.654,17.47,18.127121,57.91119403,0.453496031
9510200,0.077233743,0.1,444,1.096219472,0.273629631,51.64207,91.82941411,98.96373057,425.3,61.33,36.1,2.1,0.215,6.95,17.785195,24.56769952,0.567500373
11138500,0.20434418,0,184,1.05487574,0.229456987,43.010103,91.81353042,94.08754974,728.9,69.82,57.6,7.1,0.686,14.16,16.60856,,0.635399474
11046100,0.026061498,31.8,75,1.023248631,0.110170893,36.53273,91.77505738,81.10175976,67.8,40.34,64.9,0,0.655,9.03,16.06083,9.995575221,0.802610731
11014000,0.028971004,33,623,1.001094741,0.063340419,5.043274,91.77505738,97.78117827,181.8,44.33,55.8,0,0.609,8.75,16.12831,,1.025194801
11274500,0.002198258,16.8,944,1.076316952,0.263405683,27.069601,91.76285414,90.03147954,347.8,45.32,61.6,1.4,0.624,2.63,18.273952,,0.693667672
11453500,0.415969645,219.6,182,0.985716847,0.080598303,68.402353,91.76029963,80.81564711,293.4,112.6,63,2,0.624,16.96,17.47691,,0.927361723
11113500,0.156523758,73.2,455,1.044620379,0.125184307,85.14101,91.73469388,94.3537415,103.3,67.78,49.9,2.6,0.693,12.82,15.259699,53.69332043,0.625855641
11073300,0.27978102,36.3,119,1.112234793,0.321756618,30.521869,91.71779141,92.02453988,83.6,90.33,49.8,5.3,0.643,20.46,20.142177,,1.312947468
11059300,0.133502132,7.7,892,1.100203741,0.351944182,10.204954,91.71483622,79.89723828,946,67.84,42.5,27.6,0.57,3.8,19.036583,2.260084567,0.984463275
11073360,0.331754126,36.9,119,1.225767178,0.443792339,20.134001,91.68946648,91.99726402,132.3,74.76,53,3.4,0.65,17.06,14.250404,,1.311099355
11124500,0.022771751,78.5,135,1.04273585,0.140507298,10.349061,91.6781293,89.88995873,191.5,83.1,54.6,4.5,0.711,21.39,17.185694,,
11027000,0.055952479,2.6,820,1.044523809,0.112448385,50.900245,91.6500994,96.62027833,58.2,51.93,53.2,0.2,0.625,11.16,15.624757,,0.978380779
7103700,0.07073846,133.3,414,1.122962912,0.50833945,10.334753,91.63419665,98.46435939,264.2,59.97,52.8,27.6,0.361,10.32,15.226314,5.675132475,0.397808237
9510200,0.003069375,13.8,1091,0.920520337,0.306496414,38.424484,91.62457912,98.86363636,425.3,61.33,36.1,2.1,0.215,4.68,17.785195,24.56769952,0.868715379
10329500,0.004934416,18.2,596,1.035375236,0.131247992,7.158851,91.59820762,95.96713966,454.5,54.55,56.3,41.9,0.294,5.44,21.369587,1.528184818,0.77684056
8377900,0.031983746,153.3,97,0.903140095,0.47157941,65.272425,91.59223634,99.07248368,139,89.76,48.6,31.6,0.11,11.76,13.047006,35.36093525,0.946858376
11453500,0.221979161,0,572,1.013103376,0.049074777,68.402353,91.57303371,95.38077403,293.4,112.6,63,2,0.624,6.28,17.47691,,0.389033416
11118500,0.185397338,100.6,455,1.073347365,0.181896986,82.190611,91.56850589,92.68443893,485.7,69.88,51.4,1.4,0.702,13.74,16.615606,50.47848466,0.588751203
9484000,0.084377024,77.2,263,1.301699849,0.941503791,85.517068,91.54732254,41.68742217,103.7,75.97,43.3,3.1,0.167,7.3,17.656755,25.9246866,0.427145513
11025500,0.009219886,23.7,625,1.065316835,0.157185901,7.499671,91.54460719,93.27563249,288.7,61.83,49,1.6,0.57,13.15,16.426629,,
12178100,0.369296834,85.9,435,1.004916127,0.016935107,5.210638,91.5407855,93.81826633,69.7,280.14,69.5,59.6,0.415,25.6,13.27064,,0.354044662
11451715,0.092866376,120.7,923,1.048194131,0.146924241,11.655139,91.5209327,89.93110758,247.9,70.02,59.6,1,0.615,15.2,18.827651,10.34183138,0.829864732
11152000,0.057077577,8.4,807,1.100321644,0.304131296,7.156277,91.51094501,98.07794981,625.1,80.89,63.9,2.9,0.654,9.04,17.294107,10.20955047,
11118500,0.00164992,3.8,365,1.071902901,0.225687227,82.190611,91.50650961,85.36887787,485.7,69.88,51.4,1.4,0.702,9.35,16.615606,50.47848466,0.588751203
8377900,0.02607592,10.3,156,1.000598599,0.136772966,65.272425,91.5063552,88.13122638,139,89.76,48.6,31.6,0.11,6.14,13.047006,35.36093525,0.946858376
11027000,0.009244323,5.5,884,1.000643293,0.048037795,70.526293,91.50579151,81.46718147,58.2,51.93,53.2,0.2,0.625,11.03,15.624757,,1.239786878
11123500,0.031980143,0,946,1.054422588,0.16471893,47.106742,91.50174622,78.75436554,718.1,79.99,52.6,3.8,0.712,20.64,18.753658,5.57082579,0.578338332
11047300,0.101203788,55.3,594,1.108833521,0.238270845,11.921157,91.49425287,92.64367816,139.9,46.85,61.6,0,0.652,9.25,13.66011,10.94796283,0.541141138
11456000,0.748268298,63.1,464,0.983645108,0.056052595,8.882523,91.48741419,97.66590389,212.3,104.44,64,1.5,0.624,21.08,16.071526,,0.601416408
11143000,0.114112558,96,772,1.026623607,0.095477079,13.697515,91.48541114,77.5596817,120.6,116.26,67.4,3.4,0.654,13.95,18.127121,57.91119403,
11152000,0.067496499,0,241,1.048010384,0.20158616,10.954941,91.45962733,98.4989648,625.1,80.89,63.9,2.9,0.654,13.87,17.294107,10.20955047,1.119487192
11169800,0.053150341,1.2,863,1.018538662,0.077121836,36.191218,91.44572286,83.34167084,282.9,60.85,63.3,1.8,0.626,8.1,15.108,,0.690304803
11149900,0.024988423,8,515,1.096830614,0.246214638,8.664033,91.43927234,81.1128946,556.4,63.26,62,1.5,0.659,13.34,16.227347,15.65149173,
11113000,0.018340586,0,747,1.122193156,0.234879986,18.928716,91.43377886,80.55893074,650,68.34,45.4,7.7,0.69,9.22,16.054577,8.055507692,0.966690077
11169800,0.023422184,14.5,944,0.933693575,0.173691129,19.710195,91.43081761,87.36897275,282.9,60.85,63.3,1.8,0.626,3.95,15.108,,0.693486301
11152050,0.053954278,0,241,1.070833251,0.242474158,8.868908,91.41519251,98.49115505,771.5,74.52,63.7,2.4,0.652,12.93,17.029979,8.239170447,1.119487192
14090350,0.083261662,123.8,107,1.057561229,0.241119347,7.771881,91.41173169,82.71119843,72.1,182.78,64.8,53.1,0.404,15.45,16.829358,17.35811373,
11077500,0.01505213,98.4,423,1.043248238,0.193078107,24.501378,91.41126158,97.22024234,240.8,51.01,60.8,0,0.654,6.47,17.754193,,0.666868373
10258500,0.00211057,0,308,1.041057521,0.894960515,34.911598,91.40401146,74.84240688,241.5,37.78,41.9,5.1,0.464,0.76,22.326342,,
11143000,0.197231581,0,241,1.018833453,0.110270616,86.219962,91.39886578,97.68431002,120.6,116.26,67.4,3.4,0.654,19.35,18.127121,57.91119403,1.009060924
11113000,0.047049485,3.6,365,1.004781223,0.141875758,18.928716,91.37302552,83.17132442,650,68.34,45.4,7.7,0.69,9.22,16.054577,8.055507692,0.693251489
8378500,0.031307585,287.1,124,0.976616953,0.188076936,24.394413,91.36773281,97.03127761,445,86.08,49.1,32.7,0.115,12.04,14.557434,13.96395506,0.93442821
8378500,0.023353422,13.1,156,1.015648633,0.381854004,24.394413,91.36773281,87.48895565,445,86.08,49.1,32.7,0.115,6.26,14.557434,13.96395506,0.93442821
11065000,0.039831447,4.9,479,1.010969402,0.414735432,24.135281,91.35951662,81.45015106,364.7,81.4,47.7,4.2,0.649,19.01,19.024359,17.52322457,0.529473004
11149900,0.121125146,26.7,837,1.188083093,0.421683291,8.664033,91.33226324,72.71268058,556.4,63.26,62,1.5,0.659,9.76,16.227347,15.65149173,
11152000,0.088334345,20.2,537,1.069288764,0.232826774,38.563747,91.30864198,73.38271605,625.1,80.89,63.9,2.9,0.654,12.76,17.294107,10.20955047,0.456406466
11025500,0.018537856,97.7,476,1.068243095,0.168695606,57.038453,91.29310345,85.45977011,288.7,61.83,49,1.6,0.57,12.2,16.426629,,0.765479793
11143000,0.255931457,17.7,841,1.035837386,0.118746106,29.9711,91.28953771,78.10218978,120.6,116.26,67.4,3.4,0.654,17.47,18.127121,57.91119403,
11169800,0.069165509,66.5,144,1.042922943,0.166910385,19.710195,91.24737945,89.2033543,282.9,60.85,63.3,1.8,0.626,11.87,15.108,,0.883383447
9342500,0.057654276,49.6,403,0.945843671,0.276572301,10.452957,91.24071155,90.90294979,726.9,99.32,50.6,54.9,0.122,7.06,11.980939,,0.631351818
11077500,0.034337672,0.1,50,0.938591906,0.244976214,11.867328,91.23539232,86.64440735,240.8,51.01,60.8,0,0.654,9.51,17.754193,,1.367628761
10321590,0.001247699,29.8,988,0.882666738,0.414680423,10.934387,91.21779859,86.49492584,476.6,31.03,52.6,39,0.172,2.71,21.107389,,
11149900,0.041579514,18,550,1.077682281,0.220284221,21.73561,91.21693122,72.53968254,556.4,63.26,62,1.5,0.659,9.76,16.227347,15.65149173,0.494408205
11152050,0.042209129,20.7,537,1.098334033,0.300705337,31.232187,91.21588089,73.25062035,771.5,74.52,63.7,2.4,0.652,11.74,17.029979,8.239170447,0.456406466
11456000,0.020807461,0,583,1.003767217,0.057586797,8.882523,91.21281465,92.63157895,212.3,104.44,64,1.5,0.624,2.75,16.071526,,0.601416408
9430600,0.010405131,146.5,760,1.000791139,0.073533684,31.471915,91.21253406,96.56675749,190.5,67.41,44.7,14,0.222,9.71,15.895541,35.34944882,
9484000,0.153735483,158.2,431,0.843484734,0.52598621,69.267296,91.1360799,95.78651685,103.7,75.97,43.3,3.1,0.167,13.39,17.656755,25.9246866,0.620399768
9513780,0.038925657,0,112,1.031921203,0.097892421,17.300814,91.11516415,83.58520063,177.5,52.71,40,0.8,0.196,4.51,18.230644,2.558647887,1.158136717
11152000,0.121403099,126.3,615,1.087358538,0.305522823,38.563747,91.11111111,92.14814815,625.1,80.89,63.9,2.9,0.654,16.68,17.294107,10.20955047,0.456406466
7104905,0.122313892,198.9,1087,0.862421464,0.475760977,5.351106,91.10681489,92.7742871,613.5,54.77,51.4,16.6,0.322,5.59,13.421778,2.570904645,0.640264154
9430600,0.010851065,33.5,519,0.999941047,0.267489371,13.587343,91.10169492,77.23970944,190.5,67.41,44.7,14,0.222,6.38,15.895541,35.34944882,
11077500,0.172864308,126.1,821,1.032535301,0.202129774,24.501378,91.09052031,97.29151818,240.8,51.01,60.8,0,0.654,11.6,17.754193,,0.675049737
11451715,0.022502677,20.7,896,1.056923544,0.155294821,11.655139,91.07048225,88.60625331,247.9,70.02,59.6,1,0.615,10.4,18.827651,10.34183138,0.829864732
11063510,0.157751142,22.9,146,0.974354369,0.070451052,75.044644,91.06808245,83.76014991,144.5,66.42,46,4.5,0.635,14.09,18.45637,36.88442907,0.798144832
10234500,0.012936618,103.1,362,1.062026995,0.210099218,5.250666,91.06122449,91.42857143,236.4,75.93,50.3,56.6,0.152,6.48,18.085888,1.319162437,0.997725065
11453500,0.118710595,1.9,434,1.003073064,0.033110396,68.402353,91.0528506,99.29255098,293.4,112.6,63,2,0.624,15.9,17.47691,,0.389033416
11014000,0.053580781,62.5,641,1.028638355,0.092005172,5.043274,91.04820199,79.03596021,181.8,44.33,55.8,0,0.609,8.75,16.12831,,1.025194801
11143000,0.200518774,144.2,615,1.037450525,0.15718752,99.985297,91.0412758,92.72983114,120.6,116.26,67.4,3.4,0.654,23.37,18.127121,57.91119403,0.453496031
11152050,0.077811611,126.5,615,1.107168781,0.34928733,31.232187,91.01736973,92.10918114,771.5,74.52,63.7,2.4,0.652,15.41,17.029979,8.239170447,0.456406466
7103700,0.010589333,29.5,761,0.981822297,0.475787172,10.334753,90.9924364,98.55603942,264.2,59.97,52.8,27.6,0.361,9.63,15.226314,5.675132475,0.527450528
11138500,0.019851687,88.3,135,1.075002075,0.271101863,5.562678,90.9841954,88.36206897,728.9,69.82,57.6,7.1,0.686,17.01,16.60856,,
11152000,0.047564647,16.1,519,1.087132717,0.287804433,7.156277,90.95034704,81.68713294,625.1,80.89,63.9,2.9,0.654,16.68,17.294107,10.20955047,
11152000,0.11189017,27.8,841,1.108628735,0.32426419,7.156277,90.95034704,78.64388681,625.1,80.89,63.9,2.9,0.654,12.76,17.294107,10.20955047,
11118500,0.003929491,98.6,732,1.096377964,0.270924896,82.190611,90.94854309,85.67885927,485.7,69.88,51.4,1.4,0.702,9.35,16.615606,50.47848466,0.913104719
11114495,0.136913988,125.6,455,1.013224172,0.075738766,99.929207,90.94292804,92.67990074,124.3,88.3,49.7,3.8,0.706,17.52,13.969926,77.48479485,0.531856898
11124500,0.036227785,0.4,947,1.033723512,0.125352736,71.062545,90.90385723,78.81404721,191.5,83.1,54.6,4.5,0.711,21.39,17.185694,,0.583171137
11065000,0.215074283,123.1,108,1.008679453,0.25251079,8.140156,90.90291921,91.78547183,364.7,81.4,47.7,4.2,0.649,17.4,19.024359,17.52322457,0.924603841
11152050,0.020517307,16.1,519,1.106656543,0.335687627,5.778692,90.90177134,81.58883521,771.5,74.52,63.7,2.4,0.652,15.41,17.029979,8.239170447,
11143000,0.267671432,157.6,457,0.970042488,0.10992312,13.697515,90.87533156,95.64986737,120.6,116.26,67.4,3.4,0.654,25.11,18.127121,57.91119403,
9484000,0.054886025,66.6,777,0.986235371,0.196571752,85.517068,90.84682441,97.82067248,103.7,75.97,43.3,3.1,0.167,13.39,17.656755,25.9246866,0.572519765
11449500,0.879515078,203.4,182,1.059170636,0.119978682,20.124733,90.84507042,79.09330986,95.3,148.47,60,1.3,0.621,21.02,16.804113,,0.82201641
11461000,0.53448543,211.7,492,1.004631092,0.111862073,32.301184,90.84507042,98.16118936,259.6,118.6,63.1,3,0.607,21.77,15.086673,,0.580309863
11109600,0.004230776,0,832,0.980698325,0.22622928,41.681744,90.83283403,91.13241462,963.8,55.61,42.7,11.8,0.673,7.27,16.693884,3.126727537,0.669482329
11043000,0.006182712,0.8,17,1.038166736,0.140030746,7.514724,90.80502216,82.34859675,572.5,37.11,54,0.1,0.614,2.47,16.167722,,1.717087019
11065000,0.022050937,0,925,0.930664343,0.352911373,33.742927,90.80310881,92.87564767,364.7,81.4,47.7,4.2,0.649,19.01,19.024359,17.52322457,0.745010548
9430600,0.009215973,0,727,0.997354172,0.189522719,24.384716,90.79565473,88.60833823,190.5,67.41,44.7,14,0.222,2.59,15.895541,35.34944882,0.900779177
11063510,0.004115247,0,134,0.854307663,0.403788466,15.999744,90.70958303,63.05779078,144.5,66.42,46,4.5,0.635,4.57,18.45637,36.88442907,
11458500,0.111836376,164.8,456,1.018688635,0.064335235,63.695385,90.68015497,90.74472665,150.4,107.96,63.9,1.4,0.626,22.19,19.519202,,0.620423687
11148900,0.481421027,27.4,439,0.982844617,0.239254632,6.063932,90.66704036,72.42152466,403.5,69.16,62.7,1.5,0.653,10.52,16.11163,12.52795539,0.554964854
10260950,0.057409886,79.7,941,1.009012098,0.10792286,10.926878,90.66615027,90.85979861,175.1,66.31,43.9,6.7,0.611,12.73,18.304836,5.662649914,0.605979138
11451715,0.285566962,20.2,539,0.98724954,0.034951569,11.690112,90.65340909,90.68181818,247.9,70.02,59.6,1,0.615,15.2,18.827651,10.34183138,0.691053957
9508300,0.002801234,18,402,0.997612932,0.058966744,83.630661,90.6448203,97.99154334,93,61.67,39.9,8.4,0.144,5.9,16.736963,,0.3593483
11149900,0.018066986,12.7,525,1.152470321,0.351752472,8.664033,90.63670412,94.38202247,556.4,63.26,62,1.5,0.659,13.34,16.227347,15.65149173,
11065000,0.03090237,0,134,0.920412857,0.360283684,7.378567,90.62736206,64.32350718,364.7,81.4,47.7,4.2,0.649,5.55,19.024359,17.52322457,
11027000,0.132339777,4.7,481,1.029174208,0.088415531,70.526293,90.6048906,70.65637066,58.2,51.93,53.2,0.2,0.625,10.81,15.624757,,0.864126498
11274630,0.03581156,142.7,580,1.096213957,0.253075468,13.905464,90.60066741,91.93548387,187.4,43.32,61.7,2.1,0.604,8.63,18.975462,,0.736767118
11077500,0.068792939,4.9,203,1.050625271,0.213350369,9.037622,90.59753954,74.25307557,240.8,51.01,60.8,0,0.654,1.09,17.754193,,
11143000,0.657438605,92.6,200,1.01113044,0.120753742,86.219962,90.59546314,84.7826087,120.6,116.26,67.4,3.4,0.654,23.37,18.127121,57.91119403,1.009060924
11059300,0.041906499,7.5,558,1.092680665,0.357879725,10.204954,90.55876686,92.99935774,946,67.84,42.5,27.6,0.57,1.94,19.036583,2.260084567,0.682674413
11143000,0.270019427,35.4,145,1.031330496,0.119204941,86.219962,90.54820416,84.40453686,120.6,116.26,67.4,3.4,0.654,17.47,18.127121,57.91119403,1.009060924
11149900,0.026616996,58.3,149,1.157168926,0.373152153,8.664033,90.52969502,88.87105404,556.4,63.26,62,1.5,0.659,13.34,16.227347,15.65149173,
11466320,0.200234283,19.1,416,1.024410633,0.157122009,11.48391,90.51204819,98.34337349,199.4,102.63,64.2,1,0.622,14.25,16.638396,,0.654534435
11047300,0.200585908,109,181,1.175193035,0.373900064,11.921157,90.49808429,91.03448276,139.9,46.85,61.6,0,0.652,10.98,13.66011,10.94796283,0.495678495
11449500,0.054078292,0,555,1.101204412,0.206079919,20.124733,90.49295775,88.38028169,95.3,148.47,60,1.3,0.621,21.02,16.804113,,0.448167619
11143000,0.248887472,60.7,924,0.979441159,0.110259299,99.985297,90.47842402,83.06754221,120.6,116.26,67.4,3.4,0.654,25.11,18.127121,57.91119403,0.638570704
8377900,0.011204497,0.5,826,0.892296932,0.318939837,9.194168,90.38383013,61.45365455,139,89.76,48.6,31.6,0.11,6.14,13.047006,35.36093525,
9497800,0.028132038,133.8,406,0.865344227,0.517398957,33.497407,90.35567715,96.68946648,750.9,58.79,40.7,12.1,0.147,5.81,18.999934,,
11152050,0.068268678,29.5,612,1.152393811,0.480086796,31.232187,90.34739454,82.77915633,771.5,74.52,63.7,2.4,0.652,15.41,17.029979,8.239170447,0.456406466
11027000,0.015520731,0,40,1.051562216,0.14875624,50.900245,90.32471836,78.59509609,58.2,51.93,53.2,0.2,0.625,4.33,15.624757,,0.906814577
9484000,0.184318741,116.3,419,1.149125498,0.592609588,69.267296,90.32459426,95.28714107,103.7,75.97,43.3,3.1,0.167,10.6,17.656755,25.9246866,0.620399768
14316495,0.149111355,77.8,1017,1.051218352,0.171518378,80.803082,90.31731218,70.76528231,79,151.17,69.9,31.2,0.389,9.48,16.174613,6.731772152,0.582744205
11466200,0.18480245,18.6,416,1.021278315,0.17287612,7.676397,90.29663147,98.03921569,144.8,107.68,64.2,1.3,0.62,15.1,17.015969,,0.654883262
11274500,0.010584205,35.4,952,1.105713538,0.295573319,27.069601,90.29380902,83.3158447,347.8,45.32,61.6,1.4,0.624,2.63,18.273952,,0.693667672
11057500,0.01342682,95.7,519,1.069035626,0.220724165,5.10267,90.29209622,86.34020619,329,50.34,46.1,3.2,0.566,10.79,19.193511,9.619696049,0.760136168
11101250,0.466577184,4.1,490,1.069606016,0.270129678,9.043463,90.28571429,81.07142857,237.3,62.69,59.1,0.3,0.655,12.65,13.411358,12.38921197,
11148900,0.146672004,13.2,479,1.15305007,0.419986918,19.551763,90.26154702,98.55314413,403.5,69.16,62.7,1.5,0.653,15,16.11163,12.52795539,
11023340,0.103346058,0.5,892,1.048549695,0.172537455,37.099197,90.24767802,84.36532508,109.6,39.02,60.2,0,0.626,2.78,14.786058,,1.48298974
11274500,0.171789793,63,144,1.085813687,0.215938871,27.069601,90.24134313,88.09024134,347.8,45.32,61.6,1.4,0.624,9.04,18.273952,,0.856351492
11451715,0.086926583,4.4,524,0.994203584,0.052158282,11.690112,90.22727273,84.88636364,247.9,70.02,59.6,1,0.615,15.2,18.827651,10.34183138,0.691053957
8378500,0.020871723,236.5,111,1.041384683,0.344251372,24.394413,90.2102845,89.55645874,445,86.08,49.1,32.7,0.115,11.27,14.557434,13.96395506,0.93442821
11152000,0.543595967,181.9,1004,1.082645236,0.248098277,38.563747,90.17283951,83.01234568,625.1,80.89,63.9,2.9,0.654,13.87,17.294107,10.20955047,0.651840956
11152000,0.11732613,131.7,202,1.052876662,0.20066757,10.954941,90.11387164,87.52587992,625.1,80.89,63.9,2.9,0.654,16.68,17.294107,10.20955047,1.119487192
11274538,0.004349473,35.4,952,1.126174528,0.359437926,20.054364,90.09584665,83.17358892,469.4,42.12,61.9,1.3,0.619,2.45,18.511698,,0.693667672
11274500,0.045919167,59.5,907,1.038837575,0.120385538,27.069601,90.08394544,93.12696747,347.8,45.32,61.6,1.4,0.624,9.63,18.273952,,0.693667672
11152050,0.326294918,186.5,1004,1.102170278,0.298443986,31.232187,90.07444169,82.9280397,771.5,74.52,63.7,2.4,0.652,12.93,17.029979,8.239170447,0.651840956
11152050,0.053954278,130.3,171,1.13158781,0.399566664,5.778692,90.06977992,88.88888889,771.5,74.52,63.7,2.4,0.652,15.41,17.029979,8.239170447,
11152000,0.315738657,117.8,200,1.035167354,0.161281879,10.954941,90.0621118,76.60455487,625.1,80.89,63.9,2.9,0.654,16.68,17.294107,10.20955047,1.119487192
11123500,0.166407158,77.8,435,1.011400206,0.104946963,11.243107,90.05722461,96.70958512,718.1,79.99,52.6,3.8,0.712,20.64,18.753658,5.57082579,0.553130696
11148900,0.200007278,4.8,515,1.03769858,0.228942709,10.274829,90.05030743,76.69088876,403.5,69.16,62.7,1.5,0.653,14.72,16.11163,12.52795539,
11274538,0.077819978,64.2,144,1.113250795,0.297683049,20.054364,90.04259851,88.01916933,469.4,42.12,61.9,1.3,0.619,8.42,18.511698,,0.856351492
8294195,0.009006622,33.4,839,1.041266989,0.129771976,17.374893,90.04242281,93.30662267,78.6,73.93,49.1,36.7,0.115,5.47,13.3997,2.85470229,0.748250524
11063510,0.004252422,0,10,1.028495293,0.279666101,19.701106,90.0390625,76.82291667,144.5,66.42,46,4.5,0.635,2.33,18.45637,36.88442907,0.927332981
11148900,0.127022166,0,561,1.114554792,0.324631189,6.063932,90.02242152,83.74439462,403.5,69.16,62.7,1.5,0.653,3.6,16.11163,12.52795539,0.554964854
11153000,0.037187513,51.2,952,1.064688321,0.219998416,10.488957,90.01673173,84.88566648,375.4,52.87,62.6,1.3,0.643,3.13,15.589845,,0.728067193
11461000,0.045158565,94.3,416,1.047001545,0.144228873,32.301184,90.00391236,95.26604069,259.6,118.6,63.1,3,0.607,16.13,15.086673,,0.580309863
11065000,0.037890343,4.4,291,0.912668937,0.336144349,7.378567,89.98488284,87.45275888,364.7,81.4,47.7,4.2,0.649,4.11,19.024359,17.52322457,
11149900,0.016540199,4.5,672,1.153439555,0.347724608,21.73561,89.94708995,79.36507937,556.4,63.26,62,1.5,0.659,3.3,16.227347,15.65149173,0.494408205
11149900,0.100767979,169.6,162,1.158932106,0.362823901,8.664033,89.941145,97.64579989,556.4,63.26,62,1.5,0.659,13.34,16.227347,15.65149173,
11274538,0.020450366,59.9,907,1.054245378,0.158148361,20.054364,89.93610224,93.07774228,469.4,42.12,61.9,1.3,0.619,8.8,18.511698,,0.693667672
11148900,0.581775556,21.7,186,1.110002348,0.326842981,21.611762,89.93589744,72.94871795,403.5,69.16,62.7,1.5,0.653,14.72,16.11163,12.52795539,1.04596501
11148900,0.27158883,60.9,854,1.172695064,0.464645552,19.551763,89.92765721,90.59543684,403.5,69.16,62.7,1.5,0.653,14.72,16.11163,12.52795539,
11143000,0.072083447,9.1,529,1.04837381,0.177849124,29.9711,89.9270073,93.38199513,120.6,116.26,67.4,3.4,0.654,23.37,18.127121,57.91119403,
11046100,0.019212002,31.4,914,1.037907938,0.143413948,61.385841,89.9106478,73.41772152,67.8,40.34,64.9,0,0.655,9.03,16.06083,9.995575221,0.970007047
11057500,0.012393988,1.1,186,1.064085514,0.229044472,11.248274,89.90825688,60.66513761,329,50.34,46.1,3.2,0.566,9.71,19.193511,9.619696049,1.021227041
11065000,0.074926601,1.9,106,0.979240713,0.327653826,8.140156,89.88458927,96.06245757,364.7,81.4,47.7,4.2,0.649,17.4,19.024359,17.52322457,0.924603841
11028500,0.00561304,0.8,839,1.106952255,0.19840708,59.833561,89.83156581,82.90704928,146.3,47.31,53.2,0.1,0.607,9.59,15.589059,,0.927810373
9513780,0.015570263,0,172,1.041405387,0.119925443,17.300814,89.81240229,86.13861386,177.5,52.71,40,0.8,0.196,6.91,18.230644,2.558647887,1.158136717
11014000,0.2928252,100.4,768,1.010340778,0.062608848,7.06468,89.80868286,89.55114054,181.8,44.33,55.8,0,0.609,8.75,16.12831,,
11143000,0.109181768,41.9,833,1.02112034,0.105458873,29.9711,89.8053528,77.42092457,120.6,116.26,67.4,3.4,0.654,17.47,18.127121,57.91119403,
11372000,0.070564037,132,267,1.032795967,0.183417313,9.214676,89.80144404,88.76353791,589.9,149.15,61.6,13.3,0.544,6.38,14.264321,,0.77243096
11143000,0.476642988,73,453,0.99989655,0.056334118,13.697515,89.78779841,82.5994695,120.6,116.26,67.4,3.4,0.654,25.11,18.127121,57.91119403,
11113000,0.84079173,60,801,1.245767548,0.48993741,12.550943,89.78411719,92.13569776,650,68.34,45.4,7.7,0.69,14.64,16.054577,8.055507692,1.216620088
11057500,0.021689479,0.6,453,1.076173048,0.231559161,5.10267,89.7766323,93.21305842,329,50.34,46.1,3.2,0.566,3.44,19.193511,9.619696049,0.760136168
11383500,0.054556304,0.1,1058,0.960633767,0.179394556,15.279904,89.77608787,68.01858893,539.8,148.35,51.6,32.5,0.527,7.23,15.939202,5.542645424,0.537688566
14179000,0.182890286,108,654,0.993812999,0.126017703,77.381654,89.74895397,81.03941863,272.5,205.35,67.6,44.6,0.425,7.41,13.481528,38.73291743,0.368718803
11043000,0.014096583,4.9,866,0.937144115,0.209547877,7.514724,89.73412112,71.19645495,572.5,37.11,54,0.1,0.614,6.95,16.167722,,1.770313367
11047300,0.077319694,0,582,1.13175065,0.306292932,11.921157,89.73180077,79.54022989,139.9,46.85,61.6,0,0.652,9.25,13.66011,10.94796283,0.541141138
8377900,0.051540687,166.1,111,0.965329154,0.152044616,65.272425,89.7286156,89.33356235,139,89.76,48.6,31.6,0.11,11.76,13.047006,35.36093525,0.946858376
11014000,0.004844076,4.8,1053,0.960965421,0.139566362,5.043274,89.70925784,92.34889059,181.8,44.33,55.8,0,0.609,2.96,16.12831,,1.360760596
13161500,0.01019417,22,318,0.935415365,0.275516341,31.768989,89.70182912,83.4377349,986.1,44.45,54.8,54.4,0.192,3.05,19.045598,,0.637042034
11204100,0.048767225,1,456,1.118097404,0.270422314,45.981764,89.68642822,71.33757962,249.1,79.83,55.9,25.2,0.595,10.48,17.505672,16.38281815,0.486976376
11169800,0.032731001,0,538,1.038424053,0.1536974,19.710195,89.67505241,81.65618449,282.9,60.85,63.3,1.8,0.626,13.42,15.108,,0.568156639
11044800,0.050672204,58.7,152,1.007349019,0.070904013,5.29932,89.67479675,85.93495935,85.5,40.9,59,0,0.666,9.41,15.319151,,
11025500,0.002452097,14.5,884,0.945482657,0.143625906,16.382785,89.66623877,80.16688062,288.7,61.83,49,1.6,0.57,13.15,16.426629,,1.382956825
11274500,0.018074566,11.2,904,0.998655204,0.139368379,27.069601,89.66421826,75.76075551,347.8,45.32,61.6,1.4,0.624,9.63,18.273952,,0.693667672
11014000,0.007476388,20.1,728,1.026294291,0.1203008,7.06468,89.62472406,77.99852833,181.8,44.33,55.8,0,0.609,8.78,16.12831,,
11451100,0.204479937,63.5,221,1.017598737,0.081437856,100.000193,89.61168935,89.95196157,155.1,122.99,60.8,2.9,0.62,17.58,14.155992,87.05802708,0.555934591
11274538,0.008626556,11.2,904,1.012313395,0.142652365,20.054364,89.56336528,75.55910543,469.4,42.12,61.9,1.3,0.619,8.8,18.511698,,0.693667672
11148900,0.607741414,41.4,912,1.135471843,0.385034718,21.611762,89.55128205,72.11538462,403.5,69.16,62.7,1.5,0.653,14.72,16.11163,12.52795539,0.881405809
9512280,0.127103055,0,413,1.172063418,0.48720408,77.294582,89.50988822,96.04471195,188.7,50.78,38.1,0.5,0.208,5.84,17.665115,,0.847229552
11123500,0.043376273,141.1,157,1.048512514,0.136502633,16.457797,89.49964764,89.21775899,718.1,79.99,52.6,3.8,0.712,17.22,18.753658,5.57082579,0.771068736
9510200,0.106529301,55.6,566,1.126821087,0.332413994,51.64207,89.49780789,73.2562774,425.3,61.33,36.1,2.1,0.215,5.8,17.785195,24.56769952,0.855361738
11466170,0.166361317,16.6,416,0.963187827,0.157832822,22.469984,89.49579832,99.06629318,56,106,64.2,0.9,0.619,15.35,16.615901,,0.840366825
11152000,0.039773105,15.2,529,1.097556444,0.304008026,7.156277,89.45541911,93.43299519,625.1,80.89,63.9,2.9,0.654,16.68,17.294107,10.20955047,
11123500,0.100159758,191.1,455,1.036732705,0.174898773,11.243107,89.41344778,89.12732475,718.1,79.99,52.6,3.8,0.712,16.27,18.753658,5.57082579,0.553130696
11042900,0.013341699,0.6,619,0.998800201,0.050637499,6.890085,89.4,82.13333333,227.1,38.42,52.1,0.2,0.588,7.24,16.576693,,
11153000,0.062306056,60.6,907,1.033196464,0.11918137,10.488957,89.34746235,90.96486336,375.4,52.87,62.6,1.3,0.643,11.66,15.589845,,0.728067193
11152050,0.014204289,15.2,529,1.121464196,0.363549732,5.778692,89.34514224,93.39774557,771.5,74.52,63.7,2.4,0.652,15.41,17.029979,8.239170447,
11143000,0.172812433,65.8,153,1.049771426,0.166938235,29.9711,89.34306569,89.48905109,120.6,116.26,67.4,3.4,0.654,23.37,18.127121,57.91119403,
11042400,0.002399731,24.4,899,1.00230319,0.198293062,5.418644,89.34269304,93.61837907,342.2,45.9,47.5,4.5,0.519,5.23,17.322787,,
11152000,0.136804985,208,166,1.081518157,0.260810873,7.156277,89.32194341,95.35504538,625.1,80.89,63.9,2.9,0.654,16.68,17.294107,10.20955047,
11063510,0.011659867,3.6,927,0.925759375,0.37377835,75.044644,89.31917552,92.1299188,144.5,66.42,46,4.5,0.635,13.15,18.45637,36.88442907,0.741913803
8294195,0.008646357,78.9,397,1.043001341,0.345542334,17.374893,89.30002357,89.13504596,78.6,73.93,49.1,36.7,0.115,10.1,13.3997,2.85470229,0.726785306
11073300,0.392912812,1.3,61,1.024642043,0.145715879,30.521869,89.29788684,93.45603272,83.6,90.33,49.8,5.3,0.643,12,20.142177,,1.312947468
11143000,0.455511033,7.6,978,1.001425469,0.150998806,99.985297,89.23545966,80.8630394,120.6,116.26,67.4,3.4,0.654,23.37,18.127121,57.91119403,0.638570704
11123500,0.068219048,44.8,155,1.019495611,0.087964555,16.457797,89.21775899,86.75123326,718.1,79.99,52.6,3.8,0.712,17.22,18.753658,5.57082579,0.771068736
11458500,0.222166539,85.1,482,1.020458988,0.065730915,63.695385,89.21653035,90.57253551,150.4,107.96,63.9,1.4,0.626,20.48,19.519202,,0.620423687
11152050,0.110477807,208.9,166,1.093482928,0.296577378,5.778692,89.21095008,95.33011272,771.5,74.52,63.7,2.4,0.652,15.41,17.029979,8.239170447,
11274538,0.006334184,16.3,153,1.080312212,0.262565738,21.29077,89.16122004,95.09803922,469.4,42.12,61.9,1.3,0.619,5.48,18.511698,,0.611608627
11152050,0.05468835,96.5,953,1.121909684,0.351934405,8.868908,89.15192508,98.12695109,771.5,74.52,63.7,2.4,0.652,12.93,17.029979,8.239170447,0.893566341
10321590,0.000802092,0,1003,1.010961438,0.238164247,24.500089,89.14702954,82.70826419,476.6,31.03,52.6,39,0.172,2.71,21.107389,,0.904028171
11467200,1.058833118,160.6,485,1.030129823,0.082247956,32.048365,89.0989011,76.79120879,162.6,162.49,65.6,0.6,0.627,27.19,14.168797,,0.39255994
11118500,0.005416168,100.9,403,1.062426258,0.15653886,82.190611,89.08865468,86.48481091,485.7,69.88,51.4,1.4,0.702,15.31,16.615606,50.47848466,0.588751203
11451715,0.001930433,0,537,1.037198188,0.157602807,11.655139,89.08320085,87.70535241,247.9,70.02,59.6,1,0.615,10.4,18.827651,10.34183138,0.608025122
11028500,0.015290696,84.7,476,1.063542558,0.130055102,59.833561,89.08296943,80.28696195,146.3,47.31,53.2,0.1,0.607,9.59,15.589059,,0.873161756
11143000,0.170229639,24.3,88,1.016315566,0.064231403,13.697515,89.07161804,70.98143236,120.6,116.26,67.4,3.4,0.654,25.11,18.127121,57.91119403,
11160500,0.033573604,27.1,813,0.982517377,0.10806896,19.295537,89.06678866,77.76761208,275.8,118.78,67,0.7,0.632,14.85,15.363053,,0.600181272
11152000,0.050282627,0,258,1.067539512,0.251824233,10.954941,89.02691511,76.55279503,625.1,80.89,63.9,2.9,0.654,5.11,17.294107,10.20955047,1.119487192
11453500,0.526959225,34.4,524,0.969092262,0.103420205,68.402353,89.01373283,80.56595922,293.4,112.6,63,2,0.624,19.97,17.47691,,0.389033416
11153000,0.028814665,7,863,1.004675503,0.116380544,27.540676,88.93048128,83.63636364,375.4,52.87,62.6,1.3,0.643,7.02,15.589845,,0.725884757
11478500,0.182545537,0,608,1.020373014,0.056828505,12.895813,88.9211769,90.99164548,572.4,186.88,62.5,24.9,0.537,13.56,14.61381,1.959399022,0.585520602
11152050,0.032078938,0,258,1.093066152,0.30713032,8.868908,88.91779396,76.43080125,771.5,74.52,63.7,2.4,0.652,4.74,17.029979,8.239170447,1.119487192
11101250,0.630058193,7.7,596,1.11085138,0.31917502,9.043463,88.89285714,98.28571429,237.3,62.69,59.1,0.3,0.655,0.69,13.411358,12.38921197,
11372000,0.017184983,5,104,1.011246766,0.256988949,6.341896,88.88406426,88.2327399,589.9,149.15,61.6,13.3,0.544,7.61,14.264321,,0.527703382
11113000,0.054891066,257.5,855,1.043719367,0.189236606,18.928716,88.88213852,75.82017011,650,68.34,45.4,7.7,0.69,3.09,16.054577,8.055507692,0.966690077
9512280,0.070379378,122.5,38,1.101713958,0.272636309,77.294582,88.8650043,95.27085125,188.7,50.78,38.1,0.5,0.208,3.99,17.665115,,1.054136431
11025500,0.100045571,0,116,0.854024302,0.335754348,57.038453,88.82183908,94.65517241,288.7,61.83,49,1.6,0.57,12.2,16.426629,,0.844644078
11149900,0.066669723,118.8,167,1.143805936,0.338201689,8.664033,88.81754949,86.83788122,556.4,63.26,62,1.5,0.659,13.34,16.227347,15.65149173,
11149900,0.080410811,14.5,606,1.144059399,0.33590556,21.73561,88.80952381,88.2010582,556.4,63.26,62,1.5,0.659,13.34,16.227347,15.65149173,0.494408205
11204100,0.045925312,0,221,1.088679514,0.214969158,14.215553,88.8019428,99.35240151,249.1,79.83,55.9,25.2,0.595,6.17,17.505672,16.38281815,0.986911753
8294195,0.010087417,26.9,418,1.099424828,0.346829455,17.374893,88.79330662,97.14824417,78.6,73.93,49.1,36.7,0.115,10.23,13.3997,2.85470229,0.726785306
11042400,0.004551213,3.3,192,0.986315336,0.196780888,5.418644,88.73643906,81.94001276,342.2,45.9,47.5,4.5,0.519,8.66,17.322787,,
11451715,0.02878515,1,158,1.019556346,0.059207589,11.690112,88.69318182,81.59090909,247.9,70.02,59.6,1,0.615,15.2,18.827651,10.34183138,0.654581878
11047300,0.085618405,1.5,208,1.105906792,0.227623002,11.921157,88.65900383,95.09578544,139.9,46.85,61.6,0,0.652,9.25,13.66011,10.94796283,0.495678495
11044800,0.387493325,89.8,163,0.987320896,0.071309523,5.29932,88.65853659,90.6504065,85.5,40.9,59,0,0.666,9.41,15.319151,,
9430600,0.32850484,96.4,505,1.100208772,0.28020386,51.133435,88.63272921,58.79530917,190.5,67.41,44.7,14,0.222,6.38,15.895541,35.34944882,0.813182192
11143000,0.153558874,0,258,1.01845047,0.111453277,86.219962,88.61058601,78.6389414,120.6,116.26,67.4,3.4,0.654,7.58,18.127121,57.91119403,1.009060924
11390000,0.117463459,0,188,1.088647897,0.20692339,17.151958,88.60596708,88.7345679,383.3,174.98,52.3,22.2,0.555,7.65,16.983946,13.77177146,1.066559278
11381500,0.060559076,3.3,29,1.169275414,0.410366259,46.563934,88.60259981,94.61467038,337.6,143.89,52.7,28.2,0.512,8.98,14.722083,7.867890995,
11042900,0.012094811,2.6,601,0.946188681,0.140532932,6.890085,88.6,67.26666667,227.1,38.42,52.1,0.2,0.588,7.24,16.576693,,
11138500,0.024630078,104.7,147,1.072981297,0.269027987,5.562678,88.57758621,90.0862069,728.9,69.82,57.6,7.1,0.686,17.01,16.60856,,
11025500,0.038350802,0,105,1.010713571,0.13727366,57.038453,88.56321839,85.57471264,288.7,61.83,49,1.6,0.57,12.2,16.426629,,0.844644078
11128250,0.011894599,1.9,899,1.039738065,0.106077372,37.41514,88.52459016,87.09016393,73.8,63.62,64.2,0.3,0.688,13.59,18.11282,,
11063510,0.276309454,94.3,109,1.037245425,0.148817727,19.701106,88.50911458,92.25260417,144.5,66.42,46,4.5,0.635,14.09,18.45637,36.88442907,0.927332981
11148900,0.771957916,238.4,907,1.017891782,0.199106048,6.063932,88.50896861,77.52242152,403.5,69.16,62.7,1.5,0.653,11.45,16.11163,12.52795539,0.763799659
11118500,0.230872157,44.2,106,1.049281096,0.194467748,82.190611,88.46869188,93.4283943,485.7,69.88,51.4,1.4,0.702,13.74,16.615606,50.47848466,1.109881426
11465350,0.05766555,0.9,491,1.062148931,0.167477043,25.433253,88.44566713,70.56396149,559.8,130.36,64.5,0.4,0.629,22.4,15.21547,,0.45860699
11451715,0.255867998,60.6,541,0.985917457,0.054733349,11.690112,88.4375,98.01136364,247.9,70.02,59.6,1,0.615,15.2,18.827651,10.34183138,0.691053957
8380500,0.010906478,9.4,193,1.006782045,0.052596333,99.368957,88.42790864,75.0178444,198.1,68.57,50.8,19.2,0.221,4.83,17.995738,48.47415447,0.521622128
11124500,0.055450692,121.9,891,1.044429818,0.134994651,71.062545,88.39953944,83.07426598,191.5,83.1,54.6,4.5,0.711,11.57,17.185694,,0.583171137
10260950,0.032828752,71.1,158,0.999648555,0.066634473,10.926878,88.38109992,86.52207591,175.1,66.31,43.9,6.7,0.611,13.76,18.304836,5.662649914,0.796029693
11109600,0.020243089,20,896,1.064482697,0.291796551,41.681744,88.37627322,89.03535051,963.8,55.61,42.7,11.8,0.673,14.06,16.693884,3.126727537,0.669482329
11372000,0.03163381,0.1,290,0.991154274,0.193128645,6.341896,88.36300478,73.99044724,589.9,149.15,61.6,13.3,0.544,9.97,14.264321,,0.527703382
11160500,0.281320111,308.7,486,0.946128892,0.148020279,19.295537,88.33485819,84.35498628,275.8,118.78,67,0.7,0.632,16.89,15.363053,,0.533704057
11458500,0.182816703,32.6,529,1.006310902,0.063957688,63.695385,88.3340508,85.23461042,150.4,107.96,63.9,1.4,0.626,16.65,19.519202,,0.620423687
11057500,0.037526242,28,518,1.06549221,0.229194036,5.10267,88.3161512,97.0790378,329,50.34,46.1,3.2,0.566,10.79,19.193511,9.619696049,0.760136168
11124500,0.156740622,44.8,506,1.071100571,0.20701124,10.349061,88.30811554,89.95873453,191.5,83.1,54.6,4.5,0.711,21.39,17.185694,,
7103970,0.045635047,143.6,709,1.051643661,0.16788637,5.2619,88.29545455,80.05050505,466,56.93,51.8,18.5,0.31,7.43,12.548144,,0.737907065
11152000,0.062513536,62.4,153,1.13407872,0.427279418,7.156277,88.28083289,89.37533369,625.1,80.89,63.9,2.9,0.654,16.68,17.294107,10.20955047,
11113000,0.216950405,24,62,1.064272292,0.180592794,12.550943,88.28064765,93.52351581,650,68.34,45.4,7.7,0.69,9.22,16.054577,8.055507692,1.626622216
11055800,0.109342176,0.1,885,1.060896612,0.183012945,84.009376,88.27692308,83.93846154,50.5,78.15,44,7.1,0.609,15.03,21.01686,,0.809620196
11027000,0.05157359,85.5,476,1.017537758,0.071232262,50.900245,88.27037773,84.49304175,58.2,51.93,53.2,0.2,0.625,10.81,15.624757,,0.948207417
11149900,0.044378625,0.2,596,1.138543835,0.365652862,21.73561,88.25396825,79.41798942,556.4,63.26,62,1.5,0.659,13.77,16.227347,15.65149173,0.494408205
9513780,0.275989287,0.4,118,0.993851964,0.090330221,90.81327,88.24135091,87.10873147,177.5,52.71,40,0.8,0.196,4.85,18.230644,2.558647887,0.821159628
9537200,0.041621979,9.6,783,1.060798108,0.188971174,6.935676,88.15456844,81.14842904,204.1,46.24,40.9,2.6,0.298,8.69,20.348083,,
11114495,0.003508279,74.3,732,0.988555947,0.082934392,99.929207,88.15136476,85.73200993,124.3,88.3,49.7,3.8,0.706,11.91,13.969926,77.48479485,0.853478916
11149900,0.024733958,26.7,665,1.10683368,0.295861418,21.73561,88.14814815,79.94708995,556.4,63.26,62,1.5,0.659,3.3,16.227347,15.65149173,0.494408205
11152000,0.087881348,41.8,833,1.120228318,0.342174589,7.156277,88.14735718,76.61505606,625.1,80.89,63.9,2.9,0.654,12.76,17.294107,10.20955047,
11043000,0.102880324,128.4,123,0.965708321,0.238945233,7.514724,88.14623338,85.15509601,572.5,37.11,54,0.1,0.614,7.87,16.167722,,1.717087019
9513780,0.518476984,58.4,49,1.09105397,0.339261612,90.81327,88.1383855,93.94563427,177.5,52.71,40,0.8,0.196,6.09,18.230644,2.558647887,1.029836206
11161000,0.268644319,308.7,486,0.971418792,0.147044724,18.338121,88.1073577,84.0351689,298.3,118.15,67.1,0.6,0.632,16.79,15.746177,,0.536703619
11118500,0.00833705,211.4,855,1.091627205,0.257820065,82.190611,88.0967142,79.66522009,485.7,69.88,51.4,1.4,0.702,3.19,16.615606,50.47848466,0.913104719
11465350,0.147198903,169.3,485,0.994781018,0.198101004,25.433253,88.07886291,76.93718478,559.8,130.36,64.5,0.4,0.629,22.4,15.21547,,0.45860699
11129800,0.022241816,20.9,506,1.016610267,0.059675597,19.694249,88.06541406,88.23938761,85.3,58.44,66.4,0.1,0.68,13.89,15.248683,,
11451715,0.130218534,128.2,227,1.053246963,0.12395349,11.690112,88.01136364,81.07954545,247.9,70.02,59.6,1,0.615,10.33,18.827651,10.34183138,0.654581878
11162500,0.250064431,210.9,486,1.044457955,0.151594924,22.750724,87.98165138,81.88073394,118.9,92.36,68.6,1,0.604,13.2,15.086714,,0.885783407
11113000,0.054891066,85.9,452,1.030146655,0.117519652,18.928716,87.9708384,95.92952612,650,68.34,45.4,7.7,0.69,13.21,16.054577,8.055507692,0.693251489
9497980,0.011013314,143.3,427,0.931270636,0.285472674,9.741345,87.9559532,99.48382657,516.8,68.36,41,9.8,0.135,7.1,17.814094,1.943034056,0.556373867
11123500,0.002192473,142.3,891,1.012308468,0.100896705,47.106742,87.95110594,82.2467986,718.1,79.99,52.6,3.8,0.712,11.34,18.753658,5.57082579,0.578338332
9513780,0.023291581,60.5,114,0.992722943,0.049211302,17.300814,87.93642522,74.36164669,177.5,52.71,40,0.8,0.196,4.51,18.230644,2.558647887,1.158136717
10263500,0.024747473,0.1,224,1.050074874,0.267982609,5.412642,87.90482485,81.62590879,59.5,67.56,44.3,24.1,0.602,3.47,15.711327,10.12907563,
11148900,0.82108251,65.7,127,1.042673724,0.239342604,21.611762,87.88461538,92.56410256,403.5,69.16,62.7,1.5,0.653,10.52,16.11163,12.52795539,1.04596501
9512280,0.00225094,0,639,1.048283676,0.168552023,77.294582,87.87618229,86.24247635,188.7,50.78,38.1,0.5,0.208,6.71,17.665115,,0.780488717
11118500,0.012826231,4.9,449,1.056146264,0.229234922,82.190611,87.84872908,95.5982641,485.7,69.88,51.4,1.4,0.702,18.25,16.615606,50.47848466,0.588751203
11451715,0.218173159,53.4,221,1.076532367,0.170696109,24.133838,87.84046693,89.98054475,247.9,70.02,59.6,1,0.615,10.33,18.827651,10.34183138,0.809356648
11063510,0.079561446,20.1,1000,0.960136073,0.211030553,15.999744,87.82004389,90.9290417,144.5,66.42,46,4.5,0.635,13.15,18.45637,36.88442907,
11525630,0.114281792,21.6,296,1.074111853,0.177266266,37.82027,87.79046869,96.65222529,94.9,115.99,60.1,22.2,0.519,5.05,15.275653,,0.672333431
11463900,0.82146077,47.4,44,1.024787582,0.088043412,78.702752,87.78692074,99.35036812,114.1,115.9,65.1,0.7,0.617,17.79,15.761656,,1.084489945
11159200,0.021058142,15.8,885,1.066177758,0.201062569,12.563615,87.76960784,75.88235294,71,84.62,68.1,0.1,0.629,3.84,16.438445,,0.783301461
11274630,0.010939903,39,573,1.083779076,0.220631222,14.544513,87.75510204,72.88629738,187.4,43.32,61.7,2.1,0.604,8.63,18.975462,,0.568651794
11047300,0.240865016,0,504,1.05233105,0.118328333,11.921157,87.7394636,89.80842912,139.9,46.85,61.6,0,0.652,6.03,13.66011,10.94796283,0.541141138
11118500,0.046757442,98.5,452,1.0388797,0.15150854,82.190611,87.72473652,96.46621203,485.7,69.88,51.4,1.4,0.702,13.74,16.615606,50.47848466,0.588751203
11077500,0.031280208,63.9,895,1.080918442,0.271118801,11.075228,87.68240343,92.27467811,240.8,51.01,60.8,0,0.654,9.51,17.754193,,1.107408824
11113000,0.035504936,55,121,1.053355137,0.174913799,12.550943,87.62528913,67.30917502,650,68.34,45.4,7.7,0.69,17.46,16.054577,8.055507692,1.626622216
11123500,0.022595095,281.5,855,1.098397395,0.265728752,11.243107,87.62517883,74.67811159,718.1,79.99,52.6,3.8,0.712,3.74,18.753658,5.57082579,0.921230013
11274500,0.020598492,44.5,152,1.081791893,0.216769167,27.069601,87.61804827,67.78593914,347.8,45.32,61.6,1.4,0.624,9.63,18.273952,,0.856351492
11109600,0.002661863,0,469,1.012329868,0.420594834,41.681744,87.59736369,80.94667466,963.8,55.61,42.7,11.8,0.673,7.27,16.693884,3.126727537,0.46186249
11149900,0.008142867,17.3,216,1.122586787,0.304121615,8.664033,87.58694489,69.23488497,556.4,63.26,62,1.5,0.659,3.3,16.227347,15.65149173,
11159200,0.054639498,22.1,683,1.092669062,0.259748837,12.563615,87.57352941,91.42156863,71,84.62,68.1,0.1,0.629,5.22,16.438445,,0.614253963
11143000,0.130783322,1.1,659,1.005888123,0.035410497,99.985297,87.57035647,82.50469043,120.6,116.26,67.4,3.4,0.654,7.58,18.127121,57.91119403,0.453496031
11149900,0.51910777,211.6,1018,1.072044554,0.186271719,21.73561,87.56613757,74.44444444,556.4,63.26,62,1.5,0.659,10.95,16.227347,15.65149173,0.784858977
11073360,0.841157235,0,85,1.038961451,0.158701468,8.872533,87.56254467,95.13938528,132.3,74.76,53,3.4,0.65,9.83,14.250404,,
11138500,0.018802772,136.3,125,1.022397717,0.221215062,14.684484,87.53453039,79.14364641,728.9,69.82,57.6,7.1,0.686,9.48,16.60856,,0.692060588
11113000,0.018558408,4,268,0.957674414,0.203102179,12.968352,87.50857927,86.27316404,650,68.34,45.4,7.7,0.69,17.46,16.054577,8.055507692,
11274538,0.01019502,44.6,152,1.103330988,0.281355651,20.054364,87.48668797,67.57188498,469.4,42.12,61.9,1.3,0.619,8.8,18.511698,,0.856351492
11113000,0.005184156,4.2,527,1.00605962,0.143838475,18.928716,87.48481166,86.93803159,650,68.34,45.4,7.7,0.69,1.67,16.054577,8.055507692,0.693251489
14377100,0.097703661,74,284,,0.32567434,9.194173,87.48221906,75.67567568,985.4,191.3,67.1,14.9,0.517,13.49,15.365487,7.48110412,
11129800,0.009959022,2.4,542,1.083734675,0.149305737,19.694249,87.47390397,83.15935978,85.3,58.44,66.4,0.1,0.68,12.6,15.248683,,
11451715,0.098577715,100.7,165,1.08059165,0.188245043,24.133838,87.45136187,87.93774319,247.9,70.02,59.6,1,0.615,15.2,18.827651,10.34183138,0.809356648
11063510,0.593771379,42.4,129,1.000016485,0.025817287,75.044644,87.44534666,83.32292317,144.5,66.42,46,4.5,0.635,8.28,18.45637,36.88442907,0.798144832
8380500,0.088195244,243,123,1.237717305,0.591958473,99.368957,87.43754461,95.07494647,198.1,68.57,50.8,19.2,0.221,10.72,17.995738,48.47415447,1.00779206
9484000,0.06198571,0.4,445,1.148774802,0.461196376,85.517068,87.40660025,84.99377335,103.7,75.97,43.3,3.1,0.167,6.84,17.656755,25.9246866,0.427145513
11152000,0.082898385,148.4,846,1.119082981,0.361544461,7.156277,87.37319808,91.35077416,625.1,80.89,63.9,2.9,0.654,16.63,17.294107,10.20955047,
9512280,0.003151315,20,761,0.910405251,0.27586844,77.294582,87.33877902,96.73258813,188.7,50.78,38.1,0.5,0.208,3.99,17.665115,,0.780488717
11152000,0.139069968,14.5,593,1.06156579,0.301554725,38.563747,87.30864198,88.49382716,625.1,80.89,63.9,2.9,0.654,16.68,17.294107,10.20955047,0.456406466
11124500,0.057520851,32,234,1.058717347,0.171402872,71.062545,87.27691422,71.79044329,191.5,83.1,54.6,4.5,0.711,21.39,17.185694,,0.648680925
11451715,0.11011462,37.3,163,1.04824679,0.111260148,24.133838,87.25680934,95.42801556,247.9,70.02,59.6,1,0.615,15.2,18.827651,10.34183138,0.809356648
11159200,0.100504769,22.8,643,1.031336557,0.114402363,12.563615,87.25490196,77.64705882,71,84.62,68.1,0.1,0.629,16.18,16.438445,,0.614253963
11152050,0.089923796,15.1,593,1.101460886,0.368628875,31.232187,87.24565757,88.43672457,771.5,74.52,63.7,2.4,0.652,15.41,17.029979,8.239170447,0.456406466
11109600,0.030555606,5.8,789,0.96999839,0.240782254,41.681744,87.23786699,91.0724985,963.8,55.61,42.7,11.8,0.673,4.34,16.693884,3.126727537,0.669482329
11480390,0.189090059,107.1,611,0.989667808,0.07829708,99.999876,87.23649539,94.00527009,242.6,166.38,62.2,28,0.561,11.22,13.178414,67.92250618,0.278517547
11113000,0.013112866,11.5,198,1.095155365,0.223365147,12.968352,87.23404255,91.1461908,650,68.34,45.4,7.7,0.69,9.22,16.054577,8.055507692,
9210500,0.009526623,36.8,1046,1.093900348,0.223745669,14.018399,87.22323522,73.19614483,398.3,58.17,50,57.6,0.187,3.58,18.78302,,
11458000,0.042752748,193.5,456,0.999514034,0.111579886,7.469418,87.19392752,84.7208619,566.3,96.01,63.5,1.4,0.629,19.59,16.230256,,0.659041598
11462500,0.109200903,202.5,165,1.005751578,0.186271285,5.854759,87.13369963,95.51282051,938.7,115.58,63.2,2,0.605,22.52,15.801847,2.132502397,0.783055803
14090350,0.113110182,39.3,451,1.068325359,0.269296479,7.771881,87.13163065,71.31630648,72.1,182.78,64.8,53.1,0.404,15.45,16.829358,17.35811373,
11143000,0.088519412,110.1,812,1.007559231,0.0658309,29.9711,87.12895377,82.43309002,120.6,116.26,67.4,3.4,0.654,13.95,18.127121,57.91119403,
11274630,0.013297119,1.6,588,1.114593306,0.32898959,13.905464,87.12458287,94.04894327,187.4,43.32,61.7,2.1,0.604,8.63,18.975462,,0.736767118
11113000,0.029493057,116.2,403,1.070100877,0.164319521,18.928716,87.12029162,87.72782503,650,68.34,45.4,7.7,0.69,14.64,16.054577,8.055507692,0.693251489
11453500,0.154420286,83.1,116,1.019919815,0.061911041,68.402353,87.12026633,95.08947149,293.4,112.6,63,2,0.624,23.78,17.47691,,0.927361723
11057500,0.025132254,12.1,460,1.037914569,0.139726368,5.10267,87.11340206,95.87628866,329,50.34,46.1,3.2,0.566,5.41,19.193511,9.619696049,0.760136168
11159200,0.027838226,81.4,570,1.064407417,0.187015519,12.563615,87.10784314,74.60784314,71,84.62,68.1,0.1,0.629,12.34,16.438445,,0.614253963
9510200,0.064250485,92.8,877,1.019103018,0.137021136,38.424484,87.10016835,72.26430976,425.3,61.33,36.1,2.1,0.215,5.8,17.785195,24.56769952,0.868715379
11451715,0.054943083,0,497,1.055066292,0.12600813,11.690112,87.04545455,78.75,247.9,70.02,59.6,1,0.615,10.4,18.827651,10.34183138,0.691053957
11149900,0.035167007,18.5,625,1.179752228,0.410883073,21.73561,87.03703704,75.07936508,556.4,63.26,62,1.5,0.659,13.34,16.227347,15.65149173,0.494408205
11453500,0.264444739,149.8,129,0.998005634,0.031832528,68.402353,87.01622971,96.42114024,293.4,112.6,63,2,0.624,23.78,17.47691,,0.927361723
11042900,0.012094811,116.4,437,1.007794187,0.071244019,15.117915,87.01594533,70.8428246,227.1,38.42,52.1,0.2,0.588,8.7,16.576693,,
9484000,0.023783944,121.1,755,1.191580466,0.82267179,69.267296,87.00062422,98.43945069,103.7,75.97,43.3,3.1,0.167,10.6,17.656755,25.9246866,0.762986287
11065000,0.097055182,106,149,1.010784593,0.090109692,33.742927,86.98186528,84.58549223,364.7,81.4,47.7,4.2,0.649,17.4,19.024359,17.52322457,0.8073376
11152000,0.091505321,10,659,1.083718286,0.241344651,38.563747,86.96296296,80.49382716,625.1,80.89,63.9,2.9,0.654,5.11,17.294107,10.20955047,0.456406466
11466170,0.180014069,57.7,482,1.023228761,0.082556671,22.469984,86.92810458,89.68253968,56,106,64.2,0.9,0.619,19.59,16.615901,,0.840366825
11475800,0.11730687,0,980,1.014121958,0.0931231,7.751945,86.92277842,92.62708576,642.1,206.67,64.8,7.2,0.589,12.94,16.808763,,0.75166344
7104905,0.11446734,20.7,1044,1.077022151,0.321302257,5.351106,86.90188497,87.26437893,613.5,54.77,51.4,16.6,0.322,7.23,13.421778,2.570904645,0.640264154
11152050,0.046246524,11.5,659,1.108096265,0.30645744,31.232187,86.89826303,80.39702233,771.5,74.52,63.7,2.4,0.652,4.74,17.029979,8.239170447,0.456406466
11143000,0.224468324,13.4,593,1.038353543,0.162627141,99.985297,86.81988743,86.02251407,120.6,116.26,67.4,3.4,0.654,23.37,18.127121,57.91119403,0.453496031
11451715,0.290136033,113.6,542,0.989526112,0.030660521,11.690112,86.81818182,92.67045455,247.9,70.02,59.6,1,0.615,15.2,18.827651,10.34183138,0.691053957
11113000,0.031889096,141.8,729,1.088509389,0.186426626,18.928716,86.81652491,88.63912515,650,68.34,45.4,7.7,0.69,9.22,16.054577,8.055507692,0.966690077
11149900,0.033436648,28.3,829,1.152763012,0.346069709,8.664033,86.78437667,74.10379882,556.4,63.26,62,1.5,0.659,9.76,16.227347,15.65149173,
11063510,0.063688349,35.5,503,1.069266692,0.216851229,19.701106,86.78385417,88.28125,144.5,66.42,46,4.5,0.635,15.53,18.45637,36.88442907,0.668526212
11204100,0.007559488,0.3,845,1.088132918,0.205293766,14.215553,86.77819752,78.68321641,249.1,79.83,55.9,25.2,0.595,10.48,17.505672,16.38281815,0.837459498
11143000,0.153089275,87.6,887,0.989132487,0.043145761,13.697515,86.73740053,84.08488064,120.6,116.26,67.4,3.4,0.654,19.35,18.127121,57.91119403,
11023340,0.094044913,2.7,885,1.047940124,0.127554245,37.099197,86.6873065,79.87616099,109.6,39.02,60.2,0,0.626,8.4,14.786058,,1.48298974
11113000,0.026356425,32.2,838,1.090215511,0.200860842,18.928716,86.66464156,91.98055893,650,68.34,45.4,7.7,0.69,13.21,16.054577,8.055507692,0.966690077
11114495,0.059914108,65.7,452,0.989734214,0.059129179,99.929207,86.66253102,95.71960298,124.3,88.3,49.7,3.8,0.706,17.52,13.969926,77.48479485,0.531856898
11466170,0.259907954,124.3,456,1.042872064,0.126696084,22.469984,86.64799253,89.16900093,56,106,64.2,0.9,0.619,21.98,16.615901,,0.840366825
11274630,0.097310737,61.9,565,1.101020338,0.274057458,14.544513,86.58892128,73.35276968,187.4,43.32,61.7,2.1,0.604,8.15,18.975462,,0.568651794
11042800,0.01449211,0,537,0.963060589,0.107714306,36.399541,86.58357771,98.46041056,148.5,33.74,54.3,0,0.599,1.81,14.66485,,
11453500,0.694891286,159.2,497,1.003377157,0.014824985,68.402353,86.55846858,84.39450687,293.4,112.6,63,2,0.624,23.78,17.47691,,0.389033416
11065000,0.069724443,50.1,129,1.036828675,0.130930275,33.742927,86.49611399,82.64248705,364.7,81.4,47.7,4.2,0.649,10.24,19.024359,17.52322457,0.8073376
11014000,0.011915494,83.8,625,1.020999033,0.107495608,5.043274,86.49579189,95.63886764,181.8,44.33,55.8,0,0.609,8.75,16.12831,,1.025194801
11123500,0.033833493,77.3,145,0.955237133,0.165772266,16.457797,86.46934461,73.50246653,718.1,79.99,52.6,3.8,0.712,17.22,18.753658,5.57082579,0.771068736
11129800,0.009959022,108.5,862,1.048159152,0.096664419,19.694249,86.46485734,77.03549061,85.3,58.44,66.4,0.1,0.68,13.89,15.248683,,
11113500,0.010581116,100.5,729,1.041276723,0.118457772,85.14101,86.46258503,89.18367347,103.3,67.78,49.9,2.6,0.693,8.85,15.259699,53.69332043,0.956848087
11043000,0.020674988,211.5,437,0.962237186,0.320437785,15.431556,86.45357686,70.3957382,572.5,37.11,54,0.1,0.614,9.09,16.167722,,
11152000,0.274515963,7.2,978,1.086613245,0.297079373,38.563747,86.44444444,78.66666667,625.1,80.89,63.9,2.9,0.654,16.68,17.294107,10.20955047,0.651840956
11077500,0.007514306,2.6,509,1.052912639,0.178978804,11.075228,86.39484979,96.39484979,240.8,51.01,60.8,0,0.654,9.51,17.754193,,0.627282338
11077500,0.038453489,70.5,885,1.069569334,0.244780398,11.075228,86.39484979,94.24892704,240.8,51.01,60.8,0,0.654,9.51,17.754193,,1.107408824
11152050,0.122957027,7.2,978,1.117104066,0.362237471,31.232187,86.37717122,78.56079404,771.5,74.52,63.7,2.4,0.652,15.41,17.029979,8.239170447,0.651840956
11109600,0.002300485,0.1,871,1.006754871,0.217199979,41.681744,86.36908328,66.86638706,963.8,55.61,42.7,11.8,0.673,11.63,16.693884,3.126727537,0.669482329
11118500,0.009328168,0,747,1.044758977,0.153206506,82.190611,86.36081835,84.74891507,485.7,69.88,51.4,1.4,0.702,9.35,16.615606,50.47848466,0.913104719
11149900,0.041172371,8.9,139,1.176409096,0.396306248,8.664033,86.32958801,87.69395399,556.4,63.26,62,1.5,0.659,13.77,16.227347,15.65149173,
11143000,0.307587347,87.1,94,0.989867925,0.085508042,13.697515,86.31299735,90.55702918,120.6,116.26,67.4,3.4,0.654,25.11,18.127121,57.91119403,
11463200,0.575565964,110.4,784,1.019526163,0.089653819,26.99712,86.23608018,76.70378619,220.9,130.76,61.7,1.1,0.617,18.09,12.856578,,0.639128666
11462500,0.139970219,65.3,221,1.01276596,0.127076027,5.854759,86.21794872,88.41575092,938.7,115.58,63.2,2,0.605,18.21,15.801847,2.132502397,0.783055803
9484000,0.053520701,0,536,1.063872738,0.218036117,85.517068,86.20797011,76.27646326,103.7,75.97,43.3,3.1,0.167,6.72,17.656755,25.9246866,0.572519765
12447390,0.164734684,61.9,112,1.110175406,0.329194215,96.10441,86.19860017,81.01487314,58.1,88.33,65.2,59.4,0.103,6.3,14.135952,,0.341069728
11028500,0.006290476,1.7,867,1.066257645,0.146984274,59.833561,86.15096694,72.92576419,146.3,47.31,53.2,0.1,0.607,10.67,15.589059,,0.927810373
11077500,0.014111372,0,104,1.040497084,0.169056535,11.867328,86.14357262,93.8230384,240.8,51.01,60.8,0,0.654,1.09,17.754193,,1.367628761
11152000,0.044846667,17.2,220,1.062669882,0.215764099,7.156277,86.11852643,74.31927389,625.1,80.89,63.9,2.9,0.654,5.11,17.294107,10.20955047,
11153000,0.052122862,51.7,152,0.996437066,0.109021068,10.488957,86.11266035,69.04629113,375.4,52.87,62.6,1.3,0.643,11.66,15.589845,,0.88266913
11114495,0.020525708,98.3,729,1.026906612,0.126169774,99.929207,86.10421836,84.1191067,124.3,88.3,49.7,3.8,0.706,11.91,13.969926,77.48479485,0.853478916
11073300,0.303491276,0,358,1.029813147,0.211524185,30.521869,86.09406953,82.00408998,83.6,90.33,49.8,5.3,0.643,3.33,20.142177,,0.607662358
11274630,0.007857389,49.6,593,1.115682027,0.301242693,13.905464,86.06785317,84.76084538,187.4,43.32,61.7,2.1,0.604,8.15,18.975462,,0.736767118
11123500,0.014669067,27.5,838,0.986407405,0.08687457,11.243107,86.05150215,94.13447783,718.1,79.99,52.6,3.8,0.712,16.27,18.753658,5.57082579,0.921230013
11073360,0.32105238,0,358,1.095802707,0.26519344,20.134001,86.04651163,81.94254446,132.3,74.76,53,3.4,0.65,2.66,14.250404,,0.608914885
11047300,0.094929153,56.7,212,1.134780768,0.28831504,11.921157,86.01532567,94.25287356,139.9,46.85,61.6,0,0.652,9.25,13.66011,10.94796283,0.495678495
11077500,0.055857514,0,805,1.038396646,0.142715378,11.075228,86.00858369,84.03433476,240.8,51.01,60.8,0,0.654,6.47,17.754193,,1.107408824
11451715,0.052772774,34,996,0.986052505,0.170576076,11.655139,85.98304187,92.58081611,247.9,70.02,59.6,1,0.615,10.33,18.827651,10.34183138,0.829864732
11159200,0.050252385,22.9,624,1.144710658,0.43515284,12.563615,85.98039216,85.19607843,71,84.62,68.1,0.1,0.629,16.18,16.438445,,0.614253963
7104905,0.112159531,56.6,749,0.8813773,0.906861563,5.351106,85.95940068,78.97535041,613.5,54.77,51.4,16.6,0.322,7.64,13.421778,2.570904645,0.56043363
11059300,0.129311482,90.2,585,1.003005302,0.065488869,5.953975,85.89815333,68.60660325,946,67.84,42.5,27.6,0.57,13.57,19.036583,2.260084567,0.562875645
11453500,0.134152623,206.2,132,0.993678645,0.065021215,68.402353,85.89263421,70.62005826,293.4,112.6,63,2,0.624,23.78,17.47691,,0.927361723
11143000,0.077483836,0,290,0.991263023,0.04457898,99.985297,85.88180113,86.1163227,120.6,116.26,67.4,3.4,0.654,7.58,18.127121,57.91119403,0.306190458
11114495,0.017199677,0,747,1.001338796,0.058683242,99.929207,85.8560794,83.18858561,124.3,88.3,49.7,3.8,0.706,11.91,13.969926,77.48479485,0.853478916
11458000,0.089505752,103.7,482,1.021342397,0.121427106,7.469418,85.84720862,91.38099902,566.3,96.01,63.5,1.4,0.629,18.58,16.230256,,0.659041598
11138500,0.008857504,37.7,235,1.100201639,0.350556218,43.010103,85.84422968,71.176805,728.9,69.82,57.6,7.1,0.686,17.01,16.60856,,0.635399474
8294195,0.007925827,44.2,801,1.161910375,0.46805235,17.374893,85.81192552,93.23591798,78.6,73.93,49.1,36.7,0.115,5.82,13.3997,2.85470229,0.709969796
11118500,0.039819617,132.4,751,1.049068345,0.154912906,82.190611,85.80285183,87.29076255,485.7,69.88,51.4,1.4,0.702,9.35,16.615606,50.47848466,0.913104719
11458500,0.035207748,19.2,583,1.028555156,0.092614054,63.695385,85.7942316,93.75807146,150.4,107.96,63.9,1.4,0.626,2.82,19.519202,,0.620423687
11143000,0.401507148,183.1,166,1.055083277,0.184720439,29.9711,85.79075426,78.05352798,120.6,116.26,67.4,3.4,0.654,23.37,18.127121,57.91119403,
11101250,0.569200299,120.7,434,1.00270906,0.231424761,9.043463,85.78571429,87,237.3,62.69,59.1,0.3,0.655,13.13,13.411358,12.38921197,
8294195,0.015383311,106.5,683,1.152351327,0.42517588,6.622959,85.76799141,91.59505908,78.6,73.93,49.1,36.7,0.115,10.1,13.3997,2.85470229,0.691626384
11451715,0.108515445,0.1,91,1.098714672,0.22726141,5.595129,85.74712644,81.43678161,247.9,70.02,59.6,1,0.615,10.4,18.827651,10.34183138,1.003780864
11123500,0.044953592,36,234,1.000909407,0.13658021,47.106742,85.73923166,69.84866123,718.1,79.99,52.6,3.8,0.712,20.64,18.753658,5.57082579,0.737099819
9513780,0.025684552,44.1,45,1.321660478,0.879277069,90.81327,85.72899506,94.93410214,177.5,52.71,40,0.8,0.196,6.09,18.230644,2.558647887,1.029836206
11014000,0.002336371,11.6,46,1.013089519,0.137296702,7.06468,85.65121413,59.1611479,181.8,44.33,55.8,0,0.609,8.75,16.12831,,
11118500,0.013117736,126.8,729,1.095115631,0.234854619,82.190611,85.64786113,88.15871048,485.7,69.88,51.4,1.4,0.702,9.35,16.615606,50.47848466,0.913104719
9404450,0.039174046,39.6,50,0.969442171,0.129332339,14.12125,85.625,89.69594595,193,46.03,54.3,37.5,0.146,4.15,16.150084,7.030725389,1.046107973
10257600,0.003352907,0,544,1.083795039,0.248068397,70.099582,85.58558559,78.04054054,92.9,55.02,38.1,7.4,0.582,11.71,18.430912,3.477933262,0.459862484
11152000,0.083351382,42.8,652,1.070521071,0.230839886,38.563747,85.58024691,75.80246914,625.1,80.89,63.9,2.9,0.654,5.11,17.294107,10.20955047,0.456406466
11466800,0.0864006,96.1,482,1.028325885,0.112329937,12.714225,85.56851312,89.55296404,652.2,100.52,64.6,0.8,0.63,19.46,16.611166,,0.594232737
11025500,0.042274158,67.4,821,1.042384518,0.146883665,57.038453,85.51724138,97.5862069,288.7,61.83,49,1.6,0.57,11.95,16.426629,,0.884453394
11152050,0.046246524,43,652,1.096402268,0.290520192,31.232187,85.50868486,75.68238213,771.5,74.52,63.7,2.4,0.652,4.74,17.029979,8.239170447,0.456406466
11015000,0.006249892,0.8,902,1.02000809,0.115079031,81.490142,85.49317943,73.29485834,117.8,76.11,45.5,11.1,0.564,4.98,15.126983,,1.021402429
9484000,0.018950697,39.3,861,1.076240815,0.331911841,69.267296,85.48689139,84.33208489,103.7,75.97,43.3,3.1,0.167,5.94,17.656755,25.9246866,0.861433391
11113000,0.015421776,0,469,1.307222774,0.625328322,34.168763,85.47745358,77.32095491,650,68.34,45.4,7.7,0.69,9.22,16.054577,8.055507692,0.353398313
9342500,0.022905888,32.2,473,0.989102413,0.715607294,10.452957,85.45372664,92.79441567,726.9,99.32,50.6,54.9,0.122,7.87,11.980939,,0.631351818
8380500,0.015151857,75.8,136,1.08605548,0.199693171,99.368957,85.43897216,71.0028551,198.1,68.57,50.8,19.2,0.221,10.72,17.995738,48.47415447,1.00779206
11458000,0.061003921,45,529,0.984437912,0.092512168,7.469418,85.43095005,91.42997062,566.3,96.01,63.5,1.4,0.629,15.05,16.230256,,0.659041598
10308200,0.04031708,98.3,497,1.045436677,0.130789158,10.319266,85.41506533,85.24212145,716.4,98.02,59.8,67.2,0.457,5.87,17.280325,8.075935232,0.619771212
11169800,0.054351478,56.4,152,0.977341272,0.070855535,19.710195,85.40356394,63.31236897,282.9,60.85,63.3,1.8,0.626,13.42,15.108,,0.883383447
11461000,0.218157318,38.6,441,1.089474093,0.352658608,32.301184,85.34820031,99.29577465,259.6,118.6,63.1,3,0.607,18.28,15.086673,,0.580309863
11065000,0.008773788,0.1,65,0.982902131,0.390087612,8.140156,85.33604888,88.25526137,364.7,81.4,47.7,4.2,0.649,10.24,19.024359,17.52322457,0.924603841
11073495,0.383541941,0,362,1.161232973,0.432865615,26.085866,85.3221957,84.72553699,208.2,61.85,53.7,0.2,0.66,2.08,10.502607,,0.478553645
11143000,0.160837659,43.6,652,1.000346048,0.03747165,99.985297,85.31894934,75.79737336,120.6,116.26,67.4,3.4,0.654,7.58,18.127121,57.91119403,0.453496031
9512280,0.065127185,0.8,118,0.952295916,0.179614238,77.294582,85.31814273,84.99570077,188.7,50.78,38.1,0.5,0.208,4.72,17.665115,,0.847229552
14180300,0.291671749,36.6,634,1.00799221,0.036622298,8.351728,85.30701754,86.7202729,66.6,217.85,69,33.6,0.423,12.8,13.559303,1.667267267,0.687926088
9430600,0.022296709,51.5,94,1.058404229,0.167907963,13.587343,85.27542373,62.83292978,190.5,67.41,44.7,14,0.222,10.8,15.895541,35.34944882,
10260950,0.016980389,36.8,138,1.005549462,0.08980925,10.926878,85.2439969,81.87451588,175.1,66.31,43.9,6.7,0.611,8.08,18.304836,5.662649914,0.796029693
11028500,0.031355604,0,105,1.001927237,0.056864045,59.833561,85.21522146,79.66313163,146.3,47.31,53.2,0.1,0.607,9.59,15.589059,,0.929987858
11114495,0.018817131,74.3,403,1.026802375,0.090910034,99.929207,85.20471464,86.60049628,124.3,88.3,49.7,3.8,0.706,18.37,13.969926,77.48479485,0.531856898
11478500,0.422476663,171.2,450,0.955504455,0.099512653,12.895813,85.19796586,77.58808572,572.4,186.88,62.5,24.9,0.537,11.98,14.61381,1.959399022,0.585520602
11113500,0.007264237,21.4,723,1.029311632,0.123200186,85.14101,85.17006803,95.10204082,103.3,67.78,49.9,2.6,0.693,5.06,15.259699,53.69332043,0.956848087
11043000,0.013107349,0,537,0.950867787,0.1780101,15.431556,85.15981735,98.09741248,572.5,37.11,54,0.1,0.614,1.99,16.167722,,
11148900,0.309484946,105.5,468,1.12305204,0.363039902,19.551763,85.14190317,90.31719533,403.5,69.16,62.7,1.5,0.653,15,16.11163,12.52795539,
10309000,0.031517532,102.3,497,,0.224848259,8.083485,85.12299883,85.20109332,925.4,89.65,58.8,63.3,0.454,5.45,17.09045,11.97263886,0.62317111
11118500,0.072293302,0,422,1.043317661,0.255475377,82.190611,85.12089275,87.60074396,485.7,69.88,51.4,1.4,0.702,15.31,16.615606,50.47848466,0.588751203
11451715,0.039979375,0,617,0.995477039,0.023417974,11.690112,85.11363636,97.78409091,247.9,70.02,59.6,1,0.615,3.31,18.827651,10.34183138,0.691053957
11025500,0.021186121,33.8,295,1.009878526,0.104631977,7.499671,85.08655126,66.24500666,288.7,61.83,49,1.6,0.57,4.12,16.426629,,
11124500,0.758565463,128.4,185,1.038600849,0.15592954,71.062545,85.03166379,84.05296488,191.5,83.1,54.6,4.5,0.711,19.21,17.185694,,0.648680925
11113500,0.03536176,0,469,1.063368315,0.212744824,18.940755,84.96890117,76.64132688,103.3,67.78,49.9,2.6,0.693,8.85,15.259699,53.69332043,0.416299326
11449500,0.897343086,124.3,176,1.010664491,0.023870859,20.124733,84.9471831,94.14612676,95.3,148.47,60,1.3,0.621,21.02,16.804113,,0.82201641
11461500,0.29182814,63.3,163,0.988796937,0.043294608,23.026463,84.92333901,92.24872232,238.7,114.45,62.5,2,0.595,22.15,16.250428,8.386175115,0.783055803
9430600,0.01070242,61.7,782,1.032155821,0.672761796,31.471915,84.89100817,81.28065395,190.5,67.41,44.7,14,0.222,9.71,15.895541,35.34944882,
11057500,0.013168612,0.2,920,1.044632237,0.16177512,5.10267,84.87972509,78.95189003,329,50.34,46.1,3.2,0.566,9.71,19.193511,9.619696049,1.193373124
11025500,0.005590782,1.9,249,1.024531697,0.121483914,7.499671,84.85352863,51.19840213,288.7,61.83,49,1.6,0.57,13.15,16.426629,,
11200800,0.006080137,0,447,1.09903639,0.27028424,37.21031,84.85070974,83.01517376,214.7,72.15,53.2,18.4,0.594,9.36,15.133741,23.41741966,0.40057673
11113000,0.057069283,0,369,1.085308024,0.234145832,12.550943,84.81110254,82.88357749,650,68.34,45.4,7.7,0.69,2.17,16.054577,8.055507692,0.784575117
11025500,0.018734024,4.7,867,0.986938134,0.127047116,57.038453,84.77011494,69.77011494,288.7,61.83,49,1.6,0.57,13.15,16.426629,,0.884453394
11059300,0.043103827,0,547,1.029030214,0.219026656,5.953975,84.75097929,73.47509793,946,67.84,42.5,27.6,0.57,8.01,19.036583,2.260084567,0.562875645
11451715,0.020903502,59.5,651,1.039721686,0.254270394,11.655139,84.73767886,96.44939057,247.9,70.02,59.6,1,0.615,3.31,18.827651,10.34183138,0.608025122
11451100,0.087269116,0,292,1.01899579,0.094053752,100.000193,84.6877502,91.27301841,155.1,122.99,60.8,2.9,0.62,3.99,14.155992,87.05802708,0.555934591
11073300,0.201875893,0,155,1.069449152,0.237060335,14.041929,84.68660969,84.11680912,83.6,90.33,49.8,5.3,0.643,20.46,20.142177,,
11042900,0.01009979,55.2,150,0.957421459,0.11434965,15.117915,84.66211086,88.61047836,227.1,38.42,52.1,0.2,0.588,7.24,16.576693,,
11073360,0.252561206,0.2,155,1.124868798,0.277128147,8.872533,84.63187991,84.06004289,132.3,74.76,53,3.4,0.65,17.06,14.250404,,
11114495,0.065609366,14.9,838,1.027994122,0.097743169,99.929207,84.61538462,92.05955335,124.3,88.3,49.7,3.8,0.706,17.52,13.969926,77.48479485,0.853478916
11123500,0.011593295,2.1,422,1.000229026,0.075808021,11.243107,84.5851216,85.90844063,718.1,79.99,52.6,3.8,0.712,17.22,18.753658,5.57082579,0.553130696
11109600,0.008902258,101.3,488,0.914567727,0.332242167,41.681744,84.5416417,75.97363691,963.8,55.61,42.7,11.8,0.673,11.63,16.693884,3.126727537,0.46186249
11466200,0.238580941,68.2,482,1.032554535,0.109113677,7.676397,84.53996983,88.23529412,144.8,107.68,64.2,1.3,0.62,20.11,17.015969,,0.654883262
11149900,0.041783086,125.5,842,1.157387225,0.350103715,8.664033,84.53718566,88.06848582,556.4,63.26,62,1.5,0.659,13.77,16.227347,15.65149173,
11073300,0.287571532,2.4,551,1.057224132,0.194590609,30.521869,84.52624404,98.36400818,83.6,90.33,49.8,5.3,0.643,4.96,20.142177,,0.607662358
11042400,0.001903235,0,356,1.048244164,0.20228497,5.418644,84.49266114,65.66687939,342.2,45.9,47.5,4.5,0.519,0.32,17.322787,,
11055800,0.028597184,0,798,1.002248172,0.124992476,84.009376,84.49230769,90.09230769,50.5,78.15,44,7.1,0.609,9.23,21.01686,,0.809620196
11143000,0.145340892,53.5,921,1.007425746,0.119054543,99.985297,84.42776735,78.79924953,120.6,116.26,67.4,3.4,0.654,17.47,18.127121,57.91119403,0.638570704
11043000,0.033040412,1.6,60,1.065401027,0.224759194,7.514724,84.37961595,78.8774003,572.5,37.11,54,0.1,0.614,3.76,16.167722,,1.717087019
11458500,0.059683723,23.2,433,1.004836955,0.042355356,63.695385,84.37365476,95.39388721,150.4,107.96,63.9,1.4,0.626,16.55,19.519202,,0.620423687
11059300,0.070642384,0,722,1.153358126,0.502529837,10.204954,84.32883751,75.8509955,946,67.84,42.5,27.6,0.57,2.89,19.036583,2.260084567,0.984463275
11138500,0.006021549,0,75,1.030727456,0.206938805,5.562678,84.30316092,54.45402299,728.9,69.82,57.6,7.1,0.686,9.48,16.60856,,
11138500,0.017248824,52,508,1.005987761,0.172334123,14.684484,84.28867403,96.33977901,728.9,69.82,57.6,7.1,0.686,9.48,16.60856,,0.694239571
11466200,0.455650486,122.5,444,1.047796997,0.137145832,34.361034,84.28761651,65.24633822,144.8,107.68,64.2,1.3,0.62,16.48,17.015969,,0.362637882
11451715,0.037923292,19.6,977,0.980477551,0.131268526,11.655139,84.2872284,91.78590355,247.9,70.02,59.6,1,0.615,13.34,18.827651,10.34183138,0.829864732
11148900,0.138952425,27.1,554,1.048971843,0.231855811,6.063932,84.27690583,76.96188341,403.5,69.16,62.7,1.5,0.653,3.6,16.11163,12.52795539,0.554964854
11138500,0.016122212,227.4,862,1.034839215,0.236031898,5.562678,84.1954023,84.77011494,728.9,69.82,57.6,7.1,0.686,17.01,16.60856,,
11159200,0.079366861,87.1,955,1.054654866,0.163464498,12.563615,84.19117647,76.61764706,71,84.62,68.1,0.1,0.629,16.46,16.438445,,0.783301461
11466320,0.247097626,75.4,482,1.04378868,0.128282439,11.48391,84.16164659,88.10240964,199.4,102.63,64.2,1,0.622,19.44,16.638396,,0.654534435
11152000,0.02835759,113.8,812,1.099305005,0.321169677,7.156277,84.14308596,82.91510945,625.1,80.89,63.9,2.9,0.654,9.04,17.294107,10.20955047,
11123500,0.039432976,92.9,452,0.987593522,0.102821715,11.243107,84.12017167,92.56080114,718.1,79.99,52.6,3.8,0.712,16.27,18.753658,5.57082579,0.553130696
9497980,0.031450957,195.6,442,1.23166314,0.48189293,7.772327,84.10330446,90.79242862,516.8,68.36,41,9.8,0.135,9.19,17.814094,1.943034056,0.49186069
9361000,0.019591477,4.6,735,0.973665742,0.154848156,43.599514,84.08444542,87.88011376,436.5,85.38,49.5,45.1,0.12,2.79,10.527019,13.19221077,0.661908379
11153000,0.06901942,62,547,1.021751671,0.177761414,10.488957,84.07696598,81.65086447,375.4,52.87,62.6,1.3,0.643,8.79,15.589845,,0.657705534
11114495,0.024147891,0,422,1.002202087,0.147368547,99.929207,84.05707196,86.91066998,124.3,88.3,49.7,3.8,0.706,18.37,13.969926,77.48479485,0.531856898
9484000,0.224459267,47.7,35,1.295583544,0.890746815,85.517068,84.04420922,91.03362391,103.7,75.97,43.3,3.1,0.167,10.6,17.656755,25.9246866,1
11114495,0.097047186,119.4,406,1.001902632,0.049624717,99.929207,83.99503722,81.26550868,124.3,88.3,49.7,3.8,0.706,18.37,13.969926,77.48479485,0.531856898
11022480,0.065031287,3.4,820,1.012927815,0.126456521,18.106704,83.97553517,89.35779817,953.6,51.86,51.9,2.2,0.585,9.92,15.3664,,1.066980112
9404450,0.088765161,51.3,433,1.00454735,0.101408844,14.12125,83.96959459,86.79054054,193,46.03,54.3,37.5,0.146,3.77,16.150084,7.030725389,0.42238348
11143000,0.181265215,3.3,583,1.055900753,0.153745464,99.985297,83.91181989,77.7673546,120.6,116.26,67.4,3.4,0.654,25.11,18.127121,57.91119403,0.453496031
11138500,0.008624412,73.6,124,1.023752133,0.17834871,14.684484,83.90883978,91.16022099,728.9,69.82,57.6,7.1,0.686,9.48,16.60856,,0.692060588
11014000,0.04314499,1.3,564,0.969888767,0.130805256,5.043274,83.89441469,85.08033665,181.8,44.33,55.8,0,0.609,4.97,16.12831,,1.025194801
11014000,0.01137034,10.9,853,1.023349178,0.159257352,7.06468,83.88520971,81.75128771,181.8,44.33,55.8,0,0.609,1.08,16.12831,,
9510200,0.002969504,10,41,1.138922137,0.778905809,51.64207,83.87803906,94.30051813,425.3,61.33,36.1,2.1,0.215,4.68,17.785195,24.56769952,1.101867789
11466320,0.364966034,127.4,444,1.058326765,0.162708545,24.946189,83.83017164,65.04065041,199.4,102.63,64.2,1,0.622,15.5,16.638396,,0.362440977
11070465,0.006320165,0,97,0.986639803,0.187848833,12.744957,83.80645161,73.03225806,274.2,33.63,52.5,0.1,0.581,3.14,9.933606,,0.729581126
11461500,0.039266307,55,293,1.057010359,0.21316008,23.026463,83.77342419,98.4241908,238.7,114.45,62.5,2,0.595,3.77,16.250428,8.386175115,0.783055803
11463900,0.337518625,102.8,794,1.039251225,0.125455144,78.702752,83.69423993,62.45127761,114.1,115.9,65.1,0.7,0.617,17.79,15.761656,,0.675231242
11383500,0.086031094,0,611,0.992990545,0.139262314,11.562981,83.67838228,98.60375542,539.8,148.35,51.6,32.5,0.527,7.23,15.939202,5.542645424,
11480390,0.217103401,121.1,606,1.003143549,0.074166124,99.999876,83.6627141,82.50988142,242.6,166.38,62.2,28,0.561,11.22,13.178414,67.92250618,0.278517547
11204100,0.054110021,0.7,568,1.065651843,0.228687591,14.215553,83.59417161,88.72099298,249.1,79.83,55.9,25.2,0.595,15.82,17.505672,16.38281815,0.690050419
11046100,0.00751774,0,74,1.012119215,0.073471361,36.53273,83.58837031,87.75822494,67.8,40.34,64.9,0,0.655,9.03,16.06083,9.995575221,0.802610731
11153000,0.013426729,16.8,904,1.016920919,0.120440893,10.488957,83.57501394,76.96597881,375.4,52.87,62.6,1.3,0.643,11.66,15.589845,,0.728067193
11113500,0.048519624,84.2,406,1.033812518,0.105354732,85.14101,83.57142857,82.78911565,103.3,67.78,49.9,2.6,0.693,15.01,15.259699,53.69332043,0.625855641
11475800,0.125685932,6.2,948,1.008056513,0.09374925,7.751945,83.5661622,48.7000388,642.1,206.67,64.8,7.2,0.589,31.48,16.808763,,0.75166344
11456000,0.153388332,80.6,482,1.001159523,0.048653704,8.882523,83.50114416,92.44851259,212.3,104.44,64,1.5,0.624,19.91,16.071526,,0.601416408
11274538,0.001689116,0,228,1.163679328,0.450983377,21.29077,83.49673203,82.46187364,469.4,42.12,61.9,1.3,0.619,8.8,18.511698,,0.611608627
11044800,0.005630245,13.1,430,0.998456051,0.080231927,5.29932,83.49593496,88.04878049,85.5,40.9,59,0,0.666,2.85,15.319151,,
11042900,0.009351658,0.4,114,0.963484479,0.134245316,15.117915,83.48519362,97.79802582,227.1,38.42,52.1,0.2,0.588,8.09,16.576693,,
11042800,0.011441139,2.8,511,1.047136565,0.166332462,36.399541,83.46774194,98.31378299,148.5,33.74,54.3,0,0.599,6.5,14.66485,,
11461500,0.150659243,0,189,1.01600002,0.109353582,23.026463,83.45400341,78.70528109,238.7,114.45,62.5,2,0.595,20.37,16.250428,8.386175115,0.783055803
11152000,0.069308486,0.3,583,1.03217637,0.412136228,38.563747,83.40740741,76.74074074,625.1,80.89,63.9,2.9,0.654,16.63,17.294107,10.20955047,0.456406466
11063510,0.010503679,0,904,1.061626527,0.324519857,19.701106,83.3984375,80.79427083,144.5,66.42,46,4.5,0.635,13.15,18.45637,36.88442907,0.890966919
11461000,0.080281893,64.7,529,1.046569176,0.142892799,32.301184,83.37245696,99.33489828,259.6,118.6,63.1,3,0.607,18.36,15.086673,,0.580309863
11023340,0.125565461,3.9,482,1.018656819,0.080414208,37.099197,83.35913313,70.20123839,109.6,39.02,60.2,0,0.626,7.97,14.786058,,0.915032406
11462500,0.118552362,0,196,1.011999937,0.081713976,5.854759,83.35622711,77.28937729,938.7,115.58,63.2,2,0.605,20.94,15.801847,2.132502397,0.783055803
11022480,0.011165189,0,406,1.018003631,0.305939928,79.360851,83.33333333,80.24883359,953.6,51.86,51.9,2.2,0.585,5.73,15.3664,,0.762980732
11046100,0.019212002,2.6,38,1.020560148,0.069858584,36.53273,83.28232594,64.19280796,67.8,40.34,64.9,0,0.655,3.36,16.06083,9.995575221,0.802610731
8377900,0.027094511,114.3,109,1.26610374,0.779572287,65.272425,83.23600137,90.02061147,139,89.76,48.6,31.6,0.11,11.76,13.047006,35.36093525,0.946858376
8377900,0.064782365,246,122,1.066297016,0.295666636,65.272425,83.23600137,93.04362762,139,89.76,48.6,31.6,0.11,12.57,13.047006,35.36093525,0.946858376
11113000,0.02008316,23,552,0.998637714,0.245031803,12.550943,83.230532,95.14263685,650,68.34,45.4,7.7,0.69,3.09,16.054577,8.055507692,0.784575117
10260500,0.039166735,23.3,233,1.064970577,0.340352604,42.406867,83.19551093,79.9763733,349.2,58.83,40,29.5,0.571,3.13,21.118823,,
10308200,0.034743837,9,777,1.124899232,0.347590155,10.319266,83.1283628,85.6264412,716.4,98.02,59.8,67.2,0.457,2.21,17.280325,8.075935232,0.619771212
11057500,0.011361156,0.6,827,1.058523159,0.205388569,11.248274,83.11353211,75,329,50.34,46.1,3.2,0.566,5.41,19.193511,9.619696049,0.506879596
11461500,0.137610017,19.7,141,0.994668205,0.036802847,23.026463,83.09199319,93.99488927,238.7,114.45,62.5,2,0.595,17.26,16.250428,8.386175115,0.783055803
11159200,0.141982928,42.3,948,1.049523663,0.148480094,12.563615,83.03921569,93.43137255,71,84.62,68.1,0.1,0.629,12.34,16.438445,,0.783301461
11449500,0.157777874,0,572,1.012777887,0.033750748,20.124733,83.01056338,91.63732394,95.3,148.47,60,1.3,0.621,8.74,16.804113,,0.448167619
11143000,0.172812433,192.2,415,1.007064398,0.101869114,13.697515,82.97082228,65.83554377,120.6,116.26,67.4,3.4,0.654,17.47,18.127121,57.91119403,
9513780,0.007178912,32.9,39,0.964568591,0.264043693,90.81327,82.96952224,96.29324547,177.5,52.71,40,0.8,0.196,4.37,18.230644,2.558647887,1.029836206
9484000,0.07509282,30.6,255,1.11774807,0.388631293,85.517068,82.93897883,65.44209215,103.7,75.97,43.3,3.1,0.167,6.97,17.656755,25.9246866,0.427145513
11124500,0.009567093,0,609,1.026626908,0.153523981,71.062545,82.93033967,81.75014393,191.5,83.1,54.6,4.5,0.711,15.75,17.185694,,0.395823123
11113500,0.01694075,80.3,403,1.035203235,0.102346702,85.14101,82.92517007,77.4829932,103.3,67.78,49.9,2.6,0.693,15.01,15.259699,53.69332043,0.625855641
11204100,0.0069229,0.3,993,1.08120691,0.226633856,14.215553,82.89260658,97.73340529,249.1,79.83,55.9,25.2,0.595,2.81,17.505672,16.38281815,0.837459498
11059300,0.065553737,15.1,572,1.020831947,0.123107038,5.953975,82.87632904,78.56743145,946,67.84,42.5,27.6,0.57,13.57,19.036583,2.260084567,0.562875645
11462500,0.050980532,77.2,293,1.084775996,0.376589154,5.854759,82.87545788,98.35164835,938.7,115.58,63.2,2,0.605,3.58,15.801847,2.132502397,0.783055803
10309000,0.027294795,9,777,,0.343306643,8.083485,82.85825849,85.55251855,925.4,89.65,58.8,63.3,0.454,2.03,17.09045,11.97263886,0.62317111
11451715,0.073562049,7.4,592,1.069064163,0.205046605,11.655139,82.8563858,85.10863805,247.9,70.02,59.6,1,0.615,13.34,18.827651,10.34183138,0.608025122
11022480,0.006117098,1,867,0.974904839,0.10015112,18.106704,82.8440367,64.58715596,953.6,51.86,51.9,2.2,0.585,11.2,15.3664,,1.066980112
10260950,0.136166547,0,194,1.006566938,0.04181167,10.926878,82.80402789,79.08597986,175.1,66.31,43.9,6.7,0.611,15.35,18.304836,5.662649914,0.796029693
11466800,0.099425817,65.5,513,1.001112533,0.161309023,12.714225,82.72594752,97.32750243,652.2,100.52,64.6,0.8,0.63,16.5,16.611166,,0.594232737
11143000,0.403855143,162.9,451,1.015572074,0.063979272,13.697515,82.70557029,85.99469496,120.6,116.26,67.4,3.4,0.654,25.11,18.127121,57.91119403,
11063510,0.063492385,97.8,127,1.017490875,0.0473868,75.044644,82.66708307,68.26983136,144.5,66.42,46,4.5,0.635,8.28,18.45637,36.88442907,0.798144832
11113000,0.014637618,0,422,1.069592437,0.15751116,18.928716,82.62454435,85.41919806,650,68.34,45.4,7.7,0.69,14.64,16.054577,8.055507692,0.693251489
10321590,0.002554812,36.2,252,1.026467581,0.099957933,10.934387,82.53317721,94.18423107,476.6,31.03,52.6,39,0.172,2.71,21.107389,,
11025500,0.00353102,15.7,609,1.043990865,0.11987343,7.499671,82.52330226,55.52596538,288.7,61.83,49,1.6,0.57,12.2,16.426629,,
11453500,0.199781245,40.8,862,1.036269447,0.120547045,68.402353,82.52184769,89.72118186,293.4,112.6,63,2,0.624,23.78,17.47691,,0.478776431
11065000,0.036026884,0,362,0.846021237,0.545111065,24.135281,82.47734139,83.98791541,364.7,81.4,47.7,4.2,0.649,2.84,19.024359,17.52322457,0.529473004
11152000,0.3234396,15.2,210,1.001319001,0.075476899,10.954941,82.40165631,71.73913043,625.1,80.89,63.9,2.9,0.654,16.68,17.294107,10.20955047,1.119487192
8380500,0.034449034,5.2,199,0.944765542,0.179986643,99.368957,82.3697359,86.15274804,198.1,68.57,50.8,19.2,0.221,4.83,17.995738,48.47415447,0.521622128
11073495,0.474667154,3.6,727,1.176216076,0.476884525,26.085866,82.33890215,80.31026253,208.2,61.85,53.7,0.2,0.66,2.08,10.502607,,0.841883212
11451715,0.12222266,92.2,174,1.000499492,0.091306117,11.690112,82.27272727,94.65909091,247.9,70.02,59.6,1,0.615,15.2,18.827651,10.34183138,0.654581878
14090400,0.11690003,15.8,404,1.174413585,0.452736995,36.85011,82.25931677,82.42753623,60.8,179.14,64.7,55.9,0.408,2.87,16.157364,43.30855263,0.634657182
11123500,0.002377808,148.6,750,1.031537463,0.100721852,11.243107,82.22460658,88.12589413,718.1,79.99,52.6,3.8,0.712,11.34,18.753658,5.57082579,0.921230013
11124500,0.015230457,69.7,890,1.07681499,0.232839256,71.062545,82.21070812,89.06160046,191.5,83.1,54.6,4.5,0.711,11.57,17.185694,,0.583171137
11143000,0.084058222,32.1,917,1.04093698,0.126986453,99.985297,82.19981238,88.83677298,120.6,116.26,67.4,3.4,0.654,17.47,18.127121,57.91119403,0.638570704
11062000,0.002838779,0,362,0.905170679,0.393205944,45.631597,82.18149038,83.83413462,119.7,109.2,48.3,7.1,0.655,3.71,17.137994,3.360902256,0.485560207
7103700,0.005080308,28.1,773,0.889273072,0.416323039,10.334753,82.12239285,91.42791657,264.2,59.97,52.8,27.6,0.361,10.32,15.226314,5.675132475,0.527450528
11113500,0.010334406,0,747,1.019035432,0.069251727,85.14101,82.10884354,80.95238095,103.3,67.78,49.9,2.6,0.693,8.85,15.259699,53.69332043,0.956848087
11451715,0.001302185,84.5,134,1.028396162,0.165570493,11.690112,82.10227273,98.75,247.9,70.02,59.6,1,0.615,10.4,18.827651,10.34183138,0.654581878
8380500,0.009805825,92.5,185,1.016027682,0.253810654,99.368957,82.10206995,57.61955746,198.1,68.57,50.8,19.2,0.221,4.83,17.995738,48.47415447,0.521622128
11023340,0.052189759,0,722,1.060996075,0.16197137,37.099197,82.08204334,74.38080495,109.6,39.02,60.2,0,0.626,1.45,14.786058,,1.48298974
11027000,0.016396509,57.9,821,1.041807255,0.115994213,50.900245,82.07422134,96.95162359,58.2,51.93,53.2,0.2,0.625,11.16,15.624757,,0.978380779
11451715,0.008532741,0,292,0.996851414,0.10094858,24.133838,82.00389105,93.38521401,247.9,70.02,59.6,1,0.615,2.67,18.827651,10.34183138,0.809356648
11059300,0.02328804,7.3,798,0.91133789,0.595223296,10.204954,81.98458574,89.4026975,946,67.84,42.5,27.6,0.57,8.01,19.036583,2.260084567,0.984463275
10257600,0.012192387,4.5,418,1.344522948,0.765201151,70.099582,81.98198198,94.59459459,92.9,55.02,38.1,7.4,0.582,1.6,18.430912,3.477933262,0.56005622
11113500,0.009292741,72.4,529,1.03920804,0.12430167,85.14101,81.97278912,74.55782313,103.3,67.78,49.9,2.6,0.693,1.75,15.259699,53.69332043,0.625855641
9183500,0.012005112,6,132,1.143791415,0.270555672,9.554376,81.96603339,72.94185377,74.3,66.99,52.1,35.2,0.117,6.93,20.493111,3.052489906,0.696418606
11057500,0.012480057,64.4,932,1.05830344,0.21054091,5.10267,81.95876289,70.79037801,329,50.34,46.1,3.2,0.566,9.71,19.193511,9.619696049,1.193373124
11124500,0.009019979,100.4,180,0.998099475,0.1147593,10.349061,81.94635488,87.27647868,191.5,83.1,54.6,4.5,0.711,15.75,17.185694,,
11138500,0.000858556,24.1,423,1.001185874,0.243270318,14.684484,81.94060773,78.52209945,728.9,69.82,57.6,7.1,0.686,2.46,16.60856,,0.694239571
11138500,0.008507866,21,145,1.033192968,0.227103652,5.562678,81.93247126,81.82471264,728.9,69.82,57.6,7.1,0.686,17.01,16.60856,,
11065000,0.018401663,101.1,127,1.024591873,0.088325567,33.742927,81.93005181,67.74611399,364.7,81.4,47.7,4.2,0.649,10.24,19.024359,17.52322457,0.8073376
9510200,0.003795106,10.7,7,1.22940151,0.533687749,38.424484,81.92340067,96.67508418,425.3,61.33,36.1,2.1,0.215,4.68,17.785195,24.56769952,1.043331469
11143000,0.111999362,178,415,1.036071269,0.112702729,29.9711,81.89781022,81.60583942,120.6,116.26,67.4,3.4,0.654,5.19,18.127121,57.91119403,
9484000,0.28944869,130.4,784,0.921833335,0.277011995,69.267296,81.89762797,82.39700375,103.7,75.97,43.3,3.1,0.167,10.6,17.656755,25.9246866,0.762986287
11274538,0.002473348,17.8,170,1.124504786,0.363681724,21.29077,81.8627451,70.26143791,469.4,42.12,61.9,1.3,0.619,5.48,18.511698,,0.611608627
11015000,0.006730653,0,875,1.018673458,0.087865765,81.490142,81.82056663,74.34417629,117.8,76.11,45.5,11.1,0.564,16.06,15.126983,,1.021402429
11478500,0.248835786,58.2,446,0.958948087,0.091067865,12.895813,81.65637486,84.59861969,572.4,186.88,62.5,24.9,0.537,11.98,14.61381,1.959399022,0.585520602
11143000,0.130313723,54.7,504,1.003205575,0.088819199,29.9711,81.60583942,91.72749392,120.6,116.26,67.4,3.4,0.654,25.11,18.127121,57.91119403,
11148900,0.131232846,56.5,500,1.073345042,0.264428943,10.274829,81.58188932,90.72107323,403.5,69.16,62.7,1.5,0.653,15,16.11163,12.52795539,
11143000,0.063865464,169.1,827,0.995359885,0.056149091,13.697515,81.56498674,72.20159151,120.6,116.26,67.4,3.4,0.654,25.11,18.127121,57.91119403,
7103700,0.170415381,181.3,752,0.990407517,0.270454143,10.334753,81.54939262,87.14187486,264.2,59.97,52.8,27.6,0.361,9.63,15.226314,5.675132475,0.527450528
14182500,0.362352612,36.4,622,1.008575322,0.053461567,94.322738,81.51427939,73.45583352,286.8,224.25,70.2,22.8,0.386,19.4,13.492479,73.25648536,0.304124638
11152000,0.071120472,51.3,920,1.080911699,0.264542114,38.563747,81.48148148,75.7037037,625.1,80.89,63.9,2.9,0.654,12.76,17.294107,10.20955047,0.651840956
11152000,0.239182225,54.8,182,1.009473431,0.090089663,10.954941,81.44409938,92.80538302,625.1,80.89,63.9,2.9,0.654,16.63,17.294107,10.20955047,1.119487192
11143000,0.050481893,4.8,133,0.994130087,0.201513102,99.985297,81.42589118,82.97373358,120.6,116.26,67.4,3.4,0.654,13.95,18.127121,57.91119403,0.306190458
11028500,0.024581245,52.9,842,1.035673051,0.101253572,59.833561,81.40985652,81.03555833,146.3,47.31,53.2,0.1,0.607,9.59,15.589059,,0.927810373
11149900,0.017201806,50.4,500,1.128571081,0.290194252,8.664033,81.40716961,90.90422686,556.4,63.26,62,1.5,0.659,13.77,16.227347,15.65149173,
11152050,0.033436971,52.2,920,1.08041161,0.283463762,31.232187,81.38957816,75.58312655,771.5,74.52,63.7,2.4,0.652,11.74,17.029979,8.239170447,0.651840956
11152050,0.154889151,55.3,182,1.026398121,0.112348425,8.868908,81.32154006,92.76795005,771.5,74.52,63.7,2.4,0.652,15.13,17.029979,8.239170447,1.119487192
11113500,0.025575598,9.3,838,1.036277852,0.114111483,85.14101,81.29251701,90.6122449,103.3,67.78,49.9,2.6,0.693,12.82,15.259699,53.69332043,0.956848087
9404450,0.005223206,14.9,45,1.071825098,0.211517787,14.12125,81.26689189,92.26351351,193,46.03,54.3,37.5,0.146,4.15,16.150084,7.030725389,1.046107973
11014000,0.012351616,153.1,638,1.057936971,0.168045833,5.043274,81.25478194,74.44529457,181.8,44.33,55.8,0,0.609,8.75,16.12831,,1.025194801
11073300,0.287571532,28.3,799,1.106213208,0.32026556,30.521869,81.2542604,83.9127471,83.6,90.33,49.8,5.3,0.643,18.88,20.142177,,0.961353526
11149900,0.019339309,15.4,983,1.143579801,0.34903568,21.73561,81.24338624,83.49206349,556.4,63.26,62,1.5,0.659,13.34,16.227347,15.65149173,0.784858977
11372000,0.03129779,0,674,1.058310559,0.189118186,6.341896,81.19843682,66.86930091,589.9,149.15,61.6,13.3,0.544,9.97,14.264321,,0.503725216
11073360,0.385262856,28.3,799,1.195607905,0.399157742,20.134001,81.19015048,83.85772914,132.3,74.76,53,3.4,0.65,15.84,14.250404,,0.962903443
11138500,0.004972634,6.4,161,0.98549833,0.203241427,5.562678,81.14224138,79.66954023,728.9,69.82,57.6,7.1,0.686,14.96,16.60856,,
9484000,0.016930018,36.8,538,1.064680655,0.209014834,85.517068,81.08655044,67.31008717,103.7,75.97,43.3,3.1,0.167,6.72,17.656755,25.9246866,0.572519765
11383500,0.044012249,97.7,1027,1.057677959,0.181022497,21.253635,81.06280193,83.67149758,539.8,148.35,51.6,32.5,0.527,7.23,15.939202,5.542645424,
11169800,0.066362855,75.6,912,0.961638489,0.126626151,19.710195,81.05345912,82.2851153,282.9,60.85,63.3,1.8,0.626,10.2,15.108,,0.693486301
11065000,0.00550497,24.6,1003,0.939995418,0.398252983,33.742927,81.02331606,78.30310881,364.7,81.4,47.7,4.2,0.649,1.99,19.024359,17.52322457,0.745010548
11025500,0.002452097,2.4,901,1.057071406,0.210925279,16.382785,81.0012837,74.19768935,288.7,61.83,49,1.6,0.57,4.12,16.426629,,1.382956825
11143000,0.455511033,11.8,210,1.020516718,0.122799176,86.219962,80.97826087,68.10018904,120.6,116.26,67.4,3.4,0.654,23.37,18.127121,57.91119403,1.009060924
11451100,0.106073968,85.5,945,1.057155397,0.214048358,99.307087,80.96477182,72.57806245,155.1,122.99,60.8,2.9,0.62,17.58,14.155992,87.05802708,
11153000,0.057780192,83.4,912,1.002083474,0.121439338,10.488957,80.95370887,80.08923592,375.4,52.87,62.6,1.3,0.643,8.79,15.589845,,0.728067193
9404450,0.013028672,39.8,35,1.081406508,0.222393702,14.12125,80.92905405,85.2027027,193,46.03,54.3,37.5,0.146,4.15,16.150084,7.030725389,1.046107973
11148900,0.432998213,138.7,162,1.12329474,0.361517702,10.274829,80.82727781,72.49860257,403.5,69.16,62.7,1.5,0.653,14.72,16.11163,12.52795539,
11025500,0.002648265,3.5,977,1.068921984,0.177326742,7.499671,80.82556591,67.97603196,288.7,61.83,49,1.6,0.57,12.2,16.426629,,
11456000,0.106838308,153,456,0.957112667,0.128863093,8.882523,80.82379863,89.01601831,212.3,104.44,64,1.5,0.624,21.08,16.071526,,0.601416408
9430600,0.070903533,55.6,839,1.090272251,0.499398243,91.945834,80.75761389,91.56808457,190.5,67.41,44.7,14,0.222,10.8,15.895541,35.34944882,0.650067681
11042400,0.001820485,44.4,611,1.052353225,0.236335632,5.418644,80.72750479,66.94320357,342.2,45.9,47.5,4.5,0.519,8.93,17.322787,,
11022480,0.015886639,9.7,124,1.08225862,0.222402667,18.106704,80.6116208,69.5412844,953.6,51.86,51.9,2.2,0.585,10.13,15.3664,,0.966853157
11149900,0.155223402,26.1,991,1.138830135,0.334018419,21.73561,80.60846561,67.67195767,556.4,63.26,62,1.5,0.659,13.34,16.227347,15.65149173,0.784858977
11042400,0.006868194,15.5,946,0.969638824,0.205783956,5.418644,80.56796426,75.30312699,342.2,45.9,47.5,4.5,0.519,8.66,17.322787,,
11025500,0.003629104,37.2,897,1.086395575,0.212331689,7.499671,80.55925433,87.81624501,288.7,61.83,49,1.6,0.57,6.58,16.426629,,
11065000,0.03540573,3.9,727,0.991340722,0.352507269,24.135281,80.54380665,75.34743202,364.7,81.4,47.7,4.2,0.649,2.84,19.024359,17.52322457,0.79787982
9508300,0.414095431,91.6,241,1.082963278,0.219969264,83.630661,80.51444679,81.88865398,93,61.67,39.9,8.4,0.144,6.96,16.736963,,0.3593483
11451715,0.214746355,83.7,221,1.003486397,0.048796632,11.690112,80.51136364,90.79545455,247.9,70.02,59.6,1,0.615,10.33,18.827651,10.34183138,0.654581878
9342500,0.042851151,10.6,761,0.929883827,0.327519421,10.452957,80.43233506,91.24071155,726.9,99.32,50.6,54.9,0.122,7.06,11.980939,,0.768926331
8380500,0.015294799,129.9,90,1.123720795,0.80144716,99.368957,80.40685225,92.29122056,198.1,68.57,50.8,19.2,0.221,10.22,17.995738,48.47415447,1.00779206
11203580,0.019150682,0.8,400,1.020483974,0.120100076,6.246067,80.37305122,98.21826281,51.9,99.58,58.8,44.5,0.588,3.96,17.121843,49.0867052,0.510440537
11463900,0.139226433,17.3,67,0.99792749,0.043207503,78.702752,80.33780858,77.39281074,114.1,115.9,65.1,0.7,0.617,17.79,15.761656,,1.084489945
11143000,0.394463163,47.8,182,1.005997417,0.123816419,86.219962,80.29300567,91.06805293,120.6,116.26,67.4,3.4,0.654,25.11,18.127121,57.91119403,1.009060924
11014000,0.010280034,9.8,710,1.033328995,0.166817071,7.06468,80.27961737,59.82339956,181.8,44.33,55.8,0,0.609,4.97,16.12831,,
11057500,0.008598329,109.7,476,1.061800917,0.307712274,11.248274,80.21788991,71.55963303,329,50.34,46.1,3.2,0.566,5.41,19.193511,9.619696049,0.402129986
11027000,0.006811606,16.9,722,1.035940456,0.094636675,70.526293,80.21235521,71.87902188,58.2,51.93,53.2,0.2,0.625,1.79,15.624757,,1.239786878
11456000,0.111506648,37.2,529,0.972693699,0.075564443,8.882523,80.18306636,82.10526316,212.3,104.44,64,1.5,0.624,16.43,16.071526,,0.601416408
11203580,0.082931727,3.6,625,1.021128092,0.07792618,6.246067,80.17817372,88.25167038,51.9,99.58,58.8,44.5,0.588,3.7,17.121843,49.0867052,0.510440537
11062000,0.019161758,3.5,727,1.049509965,0.271058392,45.631597,80.16826923,75.12019231,119.7,109.2,48.3,7.1,0.655,3.71,17.137994,3.360902256,0.700665482
11173510,0.034385271,101.7,486,1.164789847,0.395496607,77.737397,80.16241299,74.43155452,360.7,62.25,63.9,3.7,0.583,8.8,16.911694,,0.666629687
11027000,0.017320941,3.9,867,1.000194331,0.074260508,50.900245,80.05301524,63.75082836,58.2,51.93,53.2,0.2,0.625,11.03,15.624757,,0.978380779
9404450,0.019366944,1.5,367,1.034486407,0.165400617,14.12125,80.05067568,87.77027027,193,46.03,54.3,37.5,0.146,3.18,16.150084,7.030725389,0.42238348
11022480,0.010393128,0.6,47,1.090864732,0.26701432,18.106704,80.03058104,58.96024465,953.6,51.86,51.9,2.2,0.585,5.73,15.3664,,0.966853157
11173575,0.024172895,102.5,486,1.165198056,0.415393688,73.616074,80.00464468,74.45424988,385.4,62.15,64.2,3.5,0.584,8.83,17.382289,,0.668678281
11101250,0.427198547,2.4,536,1.165148618,0.250735626,9.043463,80,89.14285714,237.3,62.69,59.1,0.3,0.655,3.6,13.411358,12.38921197,
11274630,0.038078114,112.7,567,1.072872494,0.180954565,14.544513,79.97084548,74.11078717,187.4,43.32,61.7,2.1,0.604,8.15,18.975462,,0.568651794
9510200,0.002956188,89.2,827,1.179412103,0.555510711,13.021051,79.93589744,98.5042735,425.3,61.33,36.1,2.1,0.215,6.95,17.785195,24.56769952,0.712944338
11073495,0.344099685,32.9,881,1.160117783,0.427551591,26.085866,79.89260143,83.29355609,208.2,61.85,53.7,0.2,0.66,12.59,10.502607,,0.841883212
11451715,0.008098679,16.5,1058,0.983658823,0.275291245,11.655139,79.86221516,70.42925278,247.9,70.02,59.6,1,0.615,2.67,18.827651,10.34183138,0.829864732
11152000,0.032932856,59.3,917,1.133077835,0.418987985,38.563747,79.85185185,87.11111111,625.1,80.89,63.9,2.9,0.654,12.76,17.294107,10.20955047,0.651840956
11204100,0.010753798,74.9,449,1.132823677,0.310094008,45.981764,79.83831455,70.79862812,249.1,79.83,55.9,25.2,0.595,10.48,17.505672,16.38281815,0.486976376
11062000,0.061506877,2.1,906,1.049916297,0.363344757,45.631597,79.83774038,82.45192308,119.7,109.2,48.3,7.1,0.655,5.53,17.137994,3.360902256,0.700665482
11073360,0.212322641,36.9,877,1.138998843,0.286980827,20.134001,79.82216142,82.96853625,132.3,74.76,53,3.4,0.65,15.15,14.250404,,0.962903443
11113500,0.009703925,1.7,527,1.00666531,0.161560708,85.14101,79.79591837,81.83673469,103.3,67.78,49.9,2.6,0.693,1.75,15.259699,53.69332043,0.625855641
11169800,0.051148445,35.2,142,0.986812559,0.10788645,19.710195,79.79559748,68.29140461,282.9,60.85,63.3,1.8,0.626,11.87,15.108,,0.883383447
11025500,0.002452097,209.4,195,0.932946378,0.249400586,7.499671,79.79360852,59.58721704,288.7,61.83,49,1.6,0.57,11.95,16.426629,,
11114495,0.00266538,41.2,723,1.010052444,0.111630314,99.929207,79.77667494,80.64516129,124.3,88.3,49.7,3.8,0.706,6.35,13.969926,77.48479485,0.853478916
11152000,0.053000607,52.3,504,1.088146286,0.255257872,7.156277,79.76508275,91.51094501,625.1,80.89,63.9,2.9,0.654,16.63,17.294107,10.20955047,
11065000,0.05636965,0,173,0.910478043,0.39221836,7.378567,79.74300831,86.39455782,364.7,81.4,47.7,4.2,0.649,10.24,19.024359,17.52322457,
9508300,0.073684628,29.2,410,1.249541608,0.669230382,83.630661,79.72163495,60.99365751,93,61.67,39.9,8.4,0.144,8.16,16.736963,,0.3593483
11065000,0.01087018,0,191,1.021147618,0.464098964,8.140156,79.70128988,87.64426341,364.7,81.4,47.7,4.2,0.649,4.11,19.024359,17.52322457,0.924603841
11077500,0.011712439,93,476,1.060496118,0.222453701,24.501378,79.68638632,70.77690663,240.8,51.01,60.8,0,0.654,11.9,17.754193,,0.666868373
11149900,0.008702689,86.4,808,1.100316063,0.258885815,8.664033,79.6682718,77.90262172,556.4,63.26,62,1.5,0.659,6.72,16.227347,15.65149173,
11063510,0.011365921,0,173,0.934879616,0.243912048,15.999744,79.66349671,85.36942209,144.5,66.42,46,4.5,0.635,8.28,18.45637,36.88442907,
11047300,0.08096303,34.7,161,1.076192759,0.180400395,11.921157,79.61685824,89.50191571,139.9,46.85,61.6,0,0.652,9.9,13.66011,10.94796283,0.495678495
11152050,0.013066478,52.5,504,1.118555824,0.335311378,5.778692,79.6027912,91.46537842,771.5,74.52,63.7,2.4,0.652,15.13,17.029979,8.239170447,
11025500,0.027071154,100.8,842,0.983937479,0.097966616,57.038453,79.59770115,76.32183908,288.7,61.83,49,1.6,0.57,12.2,16.426629,,0.884453394
11456000,0.022808178,25.5,433,1.01668731,0.064185434,8.882523,79.49656751,90.84668192,212.3,104.44,64,1.5,0.624,16.25,16.071526,,0.601416408
11152050,0.044411344,395,484,1.210241828,0.658570265,12.095121,79.47900053,86.49654439,771.5,74.52,63.7,2.4,0.652,11.74,17.029979,8.239170447,0.476982831
11138500,0.004351055,73.5,180,1.058562162,0.273203262,5.562678,79.41810345,86.92528736,728.9,69.82,57.6,7.1,0.686,14.96,16.60856,,
11129800,0.00763525,24,597,1.042173693,0.172385276,19.694249,79.33194154,95.3375087,85.3,58.44,66.4,0.1,0.68,1.22,15.248683,,
11113500,0.048519624,0,422,1.019705733,0.059571567,85.14101,79.31972789,84.62585034,103.3,67.78,49.9,2.6,0.693,15.01,15.259699,53.69332043,0.625855641
11475800,0.463053433,173.3,589,1.028346654,0.104425055,7.751945,79.29763291,79.31703531,642.1,206.67,64.8,7.2,0.589,31.48,16.808763,,0.650926216
11025500,0.014320248,0,313,1.132667328,0.329492948,7.499671,79.2942743,44.00798935,288.7,61.83,49,1.6,0.57,1.76,16.426629,,
11023340,0.17827195,140.9,124,0.996863824,0.076486268,37.099197,79.21826625,82.35294118,109.6,39.02,60.2,0,0.626,7.97,14.786058,,1.554540454
9497980,0.003249202,121.9,427,0.46656635,1.20557023,9.741345,79.21541638,97.9008947,516.8,68.36,41,9.8,0.135,7.1,17.814094,1.943034056,0.556373867
11055800,0.020746977,93,129,0.982716205,0.122603852,84.009376,79.2,83.50769231,50.5,78.15,44,7.1,0.609,15.03,21.01686,,1.425186313
11274630,0.005590834,184.9,532,1.053895365,0.161539781,13.905464,79.19911012,72.13570634,187.4,43.32,61.7,2.1,0.604,8.15,18.975462,,0.736767118
11461000,0.170162708,118.7,532,1.028711744,0.099521204,32.301184,79.06885759,88.18466354,259.6,118.6,63.1,3,0.607,18.36,15.086673,,0.580309863
11015000,0.006009512,2.7,885,0.991338237,0.083852352,81.490142,79.03987408,67.89087093,117.8,76.11,45.5,11.1,0.564,16.06,15.126983,,1.021402429
8405105,0.022836145,20.4,144,1.003595287,0.304459168,25.346613,79.03915762,78.31523527,843.2,45.1,50.1,2.1,0.465,9.72,22.253605,,1.23055231
11023340,0.088619245,0.4,18,1.040215497,0.161621994,37.099197,79.0247678,65.24767802,109.6,39.02,60.2,0,0.626,3.5,14.786058,,1.554540454
11525630,0.057886861,134.9,299,1.078344592,0.233018534,37.82027,78.86963371,77.39267428,94.9,115.99,60.1,22.2,0.519,5.05,15.275653,,0.672333431
11274538,0.006213533,0,116,1.02552856,0.439034874,21.29077,78.8671024,58.9869281,469.4,42.12,61.9,1.3,0.619,4.67,18.511698,,0.611608627
11149900,0.04707595,130.1,530,1.051206672,0.172343534,8.664033,78.83895131,66.13162119,556.4,63.26,62,1.5,0.659,13.34,16.227347,15.65149173,
11149900,0.02040806,42.1,934,1.092275876,0.236833183,21.73561,78.83597884,74.28571429,556.4,63.26,62,1.5,0.659,9.76,16.227347,15.65149173,0.784858977
11113500,0.293310719,31.1,435,1.074533002,0.207425869,85.14101,78.7755102,88.23129252,103.3,67.78,49.9,2.6,0.693,17.65,15.259699,53.69332043,0.625855641
11047300,0.116384356,110.5,610,1.133606079,0.289532984,11.921157,78.77394636,90.26819923,139.9,46.85,61.6,0,0.652,2.27,13.66011,10.94796283,0.541141138
11461000,0.298875526,245.8,467,1.071956601,0.219038205,32.301184,78.75586854,91.66666667,259.6,118.6,63.1,3,0.607,23.46,15.086673,,0.580309863
11451715,0.042720817,66.2,225,1.164490489,0.354766264,24.133838,78.74513619,93.87159533,247.9,70.02,59.6,1,0.615,10.33,18.827651,10.34183138,0.809356648
11453500,0.107129073,21.8,122,0.996257577,0.059342888,68.402353,78.71410737,66.87473991,293.4,112.6,63,2,0.624,23.78,17.47691,,0.927361723
11063510,0.020968164,0.9,937,0.992373532,0.152699157,75.044644,78.70081199,75.26545909,144.5,66.42,46,4.5,0.635,13.15,18.45637,36.88442907,0.741913803
10258500,0.001360145,57.9,51,1.025684515,0.434225423,11.73672,78.62997658,87.64637002,241.5,37.78,41.9,5.1,0.464,1.91,22.326342,,0.946192032
11204100,0.00503587,8,930,1.016393576,0.091639507,14.215553,78.62924987,91.68915273,249.1,79.83,55.9,25.2,0.595,15.82,17.505672,16.38281815,0.837459498
11451715,0.013935668,249.7,822,1.088678524,0.22780531,5.595129,78.62068966,77.81609195,247.9,70.02,59.6,1,0.615,10.4,18.827651,10.34183138,0.712904405
11042900,0.007231949,0,636,1.00751726,0.07766989,6.890085,78.53333333,68.46666667,227.1,38.42,52.1,0.2,0.588,2.16,16.576693,,
11204100,0.02023442,33.4,826,1.080561514,0.197484727,14.215553,78.49433351,81.97517539,249.1,79.83,55.9,25.2,0.595,10.48,17.505672,16.38281815,0.837459498
11046250,0.012367674,16.8,518,1.073045662,0.206123852,14.830853,78.44175492,90.92284418,109.9,44.67,63.3,0,0.651,8.63,15.647458,,1.040754556
11138500,0.014879053,54.1,512,1.059967567,0.329849128,14.684484,78.41850829,92.05801105,728.9,69.82,57.6,7.1,0.686,14.16,16.60856,,0.694239571
11148900,0.173339641,117.9,898,1.110456532,0.327961871,19.551763,78.32498609,65.05286589,403.5,69.16,62.7,1.5,0.653,11.45,16.11163,12.52795539,
11383500,0.055080883,122.9,317,0.988563156,0.210194303,15.279904,78.30587241,85.04435995,539.8,148.35,51.6,32.5,0.527,7.23,15.939202,5.542645424,0.570603288
11143000,0.116225753,138.9,534,1.047208557,0.164729747,29.9711,78.29683698,73.81995134,120.6,116.26,67.4,3.4,0.654,23.37,18.127121,57.91119403,
11063510,0.004781525,0,501,1.021369721,0.131999416,19.701106,78.28776042,74.08854167,144.5,66.42,46,4.5,0.635,15.53,18.45637,36.88442907,0.668526212
11274500,0.014899304,50.7,911,1.039664107,0.219961449,27.069601,78.25288562,92.96956978,347.8,45.32,61.6,1.4,0.624,8.17,18.273952,,0.693667672
11113000,0.073623732,52.6,537,1.104740741,0.247876657,34.168763,78.24933687,61.20689655,650,68.34,45.4,7.7,0.69,17.46,16.054577,8.055507692,0.353398313
11065000,0.015062964,0,787,0.965769868,0.232321381,33.742927,78.20595855,82.70725389,364.7,81.4,47.7,4.2,0.649,2.84,19.024359,17.52322457,0.745010548
11152000,0.048923637,188.3,913,1.031454993,0.313453359,38.563747,78.19753086,69.08641975,625.1,80.89,63.9,2.9,0.654,12.76,17.294107,10.20955047,0.651840956
11073495,0.403943108,60.9,728,1.132661923,0.361168603,26.085866,78.19212411,79.89260143,208.2,61.85,53.7,0.2,0.66,2.08,10.502607,,0.841883212
11204100,0.011595005,26.9,495,1.140028593,0.322441897,14.215553,78.143551,63.62655154,249.1,79.83,55.9,25.2,0.595,15.35,17.505672,16.38281815,0.690050419
11383500,0.059802102,35.3,1068,1.004115442,0.104971927,15.279904,78.01013942,82.00253485,539.8,148.35,51.6,32.5,0.527,7.23,15.939202,5.542645424,0.537688566
9484000,0.087653801,159.9,802,1.203883384,0.667813055,69.267296,77.90262172,97.40948814,103.7,75.97,43.3,3.1,0.167,13.39,17.656755,25.9246866,0.762986287
11274538,0.052302264,119,146,1.082196131,0.253092811,20.054364,77.84877529,70.39403621,469.4,42.12,61.9,1.3,0.619,8.42,18.511698,,0.856351492
11274538,0.007661347,51.7,911,1.062920167,0.26235897,20.054364,77.84877529,92.91799787,469.4,42.12,61.9,1.3,0.619,7.55,18.511698,,0.693667672
11152000,0.049376634,136.9,534,1.088771003,0.299758053,7.156277,77.81633743,74.15910304,625.1,80.89,63.9,2.9,0.654,16.68,17.294107,10.20955047,
9510200,0.024634901,80.9,10,0.930765935,0.220444569,38.424484,77.77777778,91.16161616,425.3,61.33,36.1,2.1,0.215,4.68,17.785195,24.56769952,1.043331469
11466800,0.03191178,42.2,104,1.003004781,0.173300635,12.714225,77.74538387,92.07968902,652.2,100.52,64.6,0.8,0.63,20.47,16.611166,,1.066667466
11152050,0.022976448,137.2,534,1.110915542,0.350397079,5.778692,77.69726248,74.02039721,771.5,74.52,63.7,2.4,0.652,15.41,17.029979,8.239170447,
11022480,0.002506229,34.9,854,1.30255093,0.666554962,18.106704,77.67584098,74.86238532,953.6,51.86,51.9,2.2,0.585,10.13,15.3664,,1.066980112
11153000,0.017198282,134.2,124,1.01132458,0.102643809,10.488957,77.66313441,87.11656442,375.4,52.87,62.6,1.3,0.643,11.24,15.589845,,0.88266913
11123500,0.017981437,57,144,0.986612079,0.163922584,16.457797,77.66032417,80.33826638,718.1,79.99,52.6,3.8,0.712,17.22,18.753658,5.57082579,0.771068736
11143000,0.101433385,81.5,264,1.018763928,0.104824844,86.219962,77.64650284,59.3100189,120.6,116.26,67.4,3.4,0.654,7.58,18.127121,57.91119403,1.009060924
11057500,0.01489,39.3,145,1.334036762,1.285519682,11.248274,77.58027523,86.63990826,329,50.34,46.1,3.2,0.566,10.07,19.193511,9.619696049,1.021227041
10260950,0.021023339,91.5,946,0.988766691,0.173234069,10.926878,77.53679318,67.62199845,175.1,66.31,43.9,6.7,0.611,12.73,18.304836,5.662649914,0.605979138
10258500,0.002579586,10.1,939,1.036207104,0.408618068,34.911598,77.53581662,68.8252149,241.5,37.78,41.9,5.1,0.464,8.36,22.326342,,
11109600,0.007080674,36.9,538,1.022615777,0.359645272,41.681744,77.5014979,63.0617136,963.8,55.61,42.7,11.8,0.673,14.06,16.693884,3.126727537,0.46186249
9512280,0.063476496,68.7,444,1.16917848,0.546592521,77.294582,77.47205503,94.88392089,188.7,50.78,38.1,0.5,0.208,3.67,17.665115,,0.847229552
11113000,0.180356361,115.4,405,0.826974803,0.367548622,18.928716,77.46051033,78.55407047,650,68.34,45.4,7.7,0.69,14.64,16.054577,8.055507692,0.693251489
11466800,0.050798343,80.6,157,1.018959,0.102992085,12.714225,77.45383868,74.97570457,652.2,100.52,64.6,0.8,0.63,16.5,16.611166,,1.066667466
11065000,0.006522108,0,500,1.012708101,0.327744883,8.140156,77.42701969,73.72708758,364.7,81.4,47.7,4.2,0.649,19.01,19.024359,17.52322457,0.672484666
11057500,0.01618104,0,903,1.050665705,0.292250833,5.10267,77.36254296,82.21649485,329,50.34,46.1,3.2,0.566,10.79,19.193511,9.619696049,1.193373124
11059300,0.023826838,0.4,611,0.996820102,0.067726018,5.953975,77.33631785,65.47285954,946,67.84,42.5,27.6,0.57,15.02,19.036583,2.260084567,0.562875645
11149900,0.03923844,66.6,193,1.133724852,0.314977796,12.824107,77.28790915,77.55511022,556.4,63.26,62,1.5,0.659,10.95,16.227347,15.65149173,1.178214387
11152000,0.032932856,28.8,186,1.128991516,0.363781988,38.563747,77.20987654,62.71604938,625.1,80.89,63.9,2.9,0.654,12.76,17.294107,10.20955047,0.414664174
11138500,0.011460368,0,214,0.931842729,0.271351659,43.010103,77.20295623,72.37066515,728.9,69.82,57.6,7.1,0.686,17.01,16.60856,,0.635399474
8294195,0.006484768,46.9,387,0.939022438,0.304082098,17.374893,77.0798963,94.48503417,78.6,73.93,49.1,36.7,0.115,10.1,13.3997,2.85470229,0.726785306
11461500,0.052434162,44.1,238,1.016221504,0.071314136,23.026463,77.06558773,98.16865417,238.7,114.45,62.5,2,0.595,17.85,16.250428,8.386175115,0.783055803
11148900,0.171234301,52.7,823,1.017199781,0.227347322,6.063932,77.01793722,72.86995516,403.5,69.16,62.7,1.5,0.653,10.52,16.11163,12.52795539,0.763799659
9404450,0.013762268,36.9,390,0.973908904,0.159958672,14.12125,76.99324324,84.89864865,193,46.03,54.3,37.5,0.146,3.18,16.150084,7.030725389,0.42238348
9510200,0.006644765,34.6,404,0.960972378,0.220421134,51.64207,76.80350737,85.41251495,425.3,61.33,36.1,2.1,0.215,4.68,17.785195,24.56769952,0.567500373
11059300,0.08830298,0.2,562,1.034137266,0.110803379,5.953975,76.72076105,66.81589256,946,67.84,42.5,27.6,0.57,8.01,19.036583,2.260084567,0.562875645
11475800,0.061299454,129.1,809,0.993008506,0.122911476,7.751945,76.71711292,81.21847109,642.1,206.67,64.8,7.2,0.589,11.96,16.808763,,0.75166344
11065000,0.012966572,30.8,881,0.994873294,0.460505472,24.135281,76.70694864,81.75226586,364.7,81.4,47.7,4.2,0.649,16.46,19.024359,17.52322457,0.79787982
10258500,0.001876063,15.7,244,0.943326847,0.72729672,34.911598,76.70487106,49.74212034,241.5,37.78,41.9,5.1,0.464,6.02,22.326342,,
11169800,0.180170646,135.8,146,1.031855877,0.10823672,19.710195,76.59853249,75.68134172,282.9,60.85,63.3,1.8,0.626,11.87,15.108,,0.883383447
11159200,0.074979748,85.9,650,1.031088835,0.10857102,12.563615,76.59313725,83.92156863,71,84.62,68.1,0.1,0.629,14.9,16.438445,,0.614253963
9497980,0.002043764,154.9,419,0.801092198,0.592916655,9.741345,76.58293187,93.56503785,516.8,68.36,41,9.8,0.135,7.1,17.814094,1.943034056,0.556373867
11274500,0.103399544,117.7,146,1.042451054,0.170460487,27.069601,76.57397692,70.67156348,347.8,45.32,61.6,1.4,0.624,9.04,18.273952,,0.856351492
11149900,0.003460718,27.6,921,1.241949446,0.527776013,8.664033,76.56500803,66.50615302,556.4,63.26,62,1.5,0.659,10.95,16.227347,15.65149173,
8294195,0.012969536,23.4,61,1.045668057,0.228697564,17.374893,76.53782701,95.73415037,78.6,73.93,49.1,36.7,0.115,10.23,13.3997,2.85470229,1
9342500,0.015543281,2.2,491,1.015848028,0.596346733,10.452957,76.45800495,62.08061247,726.9,99.32,50.6,54.9,0.122,9.2,11.980939,,0.768926331
11152050,0.013433514,85.2,264,1.098389529,0.326736409,8.868908,76.43080125,60.14568158,771.5,74.52,63.7,2.4,0.652,4.74,17.029979,8.239170447,1.119487192
11057500,0.013254682,0,842,1.085897708,0.330225434,5.10267,76.37457045,76.63230241,329,50.34,46.1,3.2,0.566,5.41,19.193511,9.619696049,1.193373124
11138500,0.002020133,48,121,1.019938513,0.206008369,5.562678,76.36494253,82.39942529,728.9,69.82,57.6,7.1,0.686,14.16,16.60856,,
11023340,0.020927577,11.9,875,1.05254724,0.143428207,37.099197,76.27708978,70.35603715,109.6,39.02,60.2,0,0.626,8.4,14.786058,,1.48298974
11109600,0.003995733,10.6,842,0.993425776,0.287666975,41.681744,76.2732175,66.26722588,963.8,55.61,42.7,11.8,0.673,7.27,16.693884,3.126727537,0.669482329
11461500,0.172012521,89.2,241,1.004722063,0.028332833,23.026463,76.2350937,84.62521295,238.7,114.45,62.5,2,0.595,17.85,16.250428,8.386175115,0.783055803
9510200,0.061986737,257.7,430,0.992364588,0.149340039,51.64207,76.14587485,93.70267039,425.3,61.33,36.1,2.1,0.215,6.95,17.785195,24.56769952,0.567500373
11160500,0.106778436,93.8,499,0.902324467,0.279607011,19.295537,76.14364135,46.47758463,275.8,118.78,67,0.7,0.632,16.89,15.363053,,0.533704057
9404450,0.015405524,22.9,416,1.027200623,0.085155973,14.12125,75.92905405,61.35135135,193,46.03,54.3,37.5,0.146,4.15,16.150084,7.030725389,0.42238348
11022480,0.005612289,0,853,1.160372247,0.369204361,18.106704,75.90214067,75.10703364,953.6,51.86,51.9,2.2,0.585,10.13,15.3664,,1.066980112
11453500,0.152490032,0,190,0.993802486,0.055199362,68.402353,75.86350395,85.26841448,293.4,112.6,63,2,0.624,16.96,17.47691,,0.927361723
11152000,0.058889563,138.4,620,1.042672009,0.167801222,38.563747,75.85185185,74.91358025,625.1,80.89,63.9,2.9,0.654,13.87,17.294107,10.20955047,0.456406466
11022480,0.009353815,0,379,1.078698172,0.350770015,79.360851,75.84240539,79.36754795,953.6,51.86,51.9,2.2,0.585,4.66,15.3664,,0.762980732
11478500,0.231521169,128.4,614,0.966212992,0.084176456,12.895813,75.82637123,81.36578278,572.4,186.88,62.5,24.9,0.537,13.56,14.61381,1.959399022,0.585520602
11152050,0.043677272,139.6,620,1.061213606,0.217122598,31.232187,75.75682382,74.78908189,771.5,74.52,63.7,2.4,0.652,12.93,17.029979,8.239170447,0.456406466
11161000,0.102521507,94.6,499,0.941187561,0.270312634,18.338121,75.75196668,45.99722351,298.3,118.15,67.1,0.6,0.632,16.79,15.746177,,0.536703619
11169800,0.029427872,128.2,487,0.981518626,0.07320102,36.191218,75.73786893,69.93496748,282.9,60.85,63.3,1.8,0.626,8.1,15.108,,0.566077478
11169800,0.012812135,17.8,921,0.991172263,0.107815789,19.710195,75.73375262,86.37316562,282.9,60.85,63.3,1.8,0.626,10.2,15.108,,0.693486301
8377900,0.013649115,174.1,770,1.051739677,0.299006559,9.194168,75.68395263,82.91139241,139,89.76,48.6,31.6,0.11,11.76,13.047006,35.36093525,
11014000,0.009189727,146.5,758,1.021154118,0.109428141,7.06468,75.68064753,75.79102281,181.8,44.33,55.8,0,0.609,8.75,16.12831,,
11466200,0.186366916,139.7,456,1.056445163,0.191832075,7.676397,75.6661639,90.29663147,144.8,107.68,64.2,1.3,0.62,21.97,17.015969,,0.654883262
11124500,0.003105239,34.7,121,1.052006615,0.174748579,10.349061,75.65337001,76.40990371,191.5,83.1,54.6,4.5,0.711,19.21,17.185694,,
11138500,0.000621579,0,119,0.943995471,0.238106431,5.562678,75.61063218,67.02586207,728.9,69.82,57.6,7.1,0.686,14.16,16.60856,,
9510200,0.023036961,245,427,0.828090586,0.442738498,51.64207,75.58788362,84.41610203,425.3,61.33,36.1,2.1,0.215,6.95,17.785195,24.56769952,0.567500373
12097500,0.07979924,171.2,800,0.917750659,0.279651341,32.826882,75.56907821,90.03831418,190.2,164.67,72.5,51.5,0.402,11.33,12.777585,15.41735016,0.476903246
11113000,0.004704949,0,747,1.154720547,0.327448691,12.550943,75.55898227,56.8234387,650,68.34,45.4,7.7,0.69,5.32,16.054577,8.055507692,1.216620088
11044800,0.003974291,6.5,956,0.999439837,0.048727171,5.29932,75.52845528,61.46341463,85.5,40.9,59,0,0.666,2.14,15.319151,,
11113500,0.042763058,53.7,405,1.026336647,0.168247454,85.14101,75.51020408,78.16326531,103.3,67.78,49.9,2.6,0.693,15.01,15.259699,53.69332043,0.625855641
11042900,0.017082362,1,492,1.018496752,0.165036727,15.117915,75.32270311,49.50645406,227.1,38.42,52.1,0.2,0.588,7.24,16.576693,,
11462500,0.044042353,75.4,238,1.053138162,0.201188005,5.854759,75.2518315,98.07692308,938.7,115.58,63.2,2,0.605,18.21,15.801847,2.132502397,0.783055803
11077500,0.010924554,125.9,911,1.071163695,0.234869046,11.075228,75.2360515,78.36909871,240.8,51.01,60.8,0,0.654,2.53,17.754193,,1.107408824
11014000,0.042054683,139.2,772,1.008828619,0.066571367,7.06468,74.98160412,78.07211185,181.8,44.33,55.8,0,0.609,8.75,16.12831,,
10329500,0.00520855,4.9,625,1.031776584,0.113619817,7.158851,74.90664675,70.35100822,454.5,54.55,56.3,41.9,0.294,5.44,21.369587,1.528184818,0.77684056
11451100,0.21543422,110.8,589,1.04896309,0.195261755,99.307087,74.81985588,81.74539632,155.1,122.99,60.8,2.9,0.62,17.58,14.155992,87.05802708,
11073360,0.32105238,58,359,1.141483679,0.448004682,20.134001,74.79480164,65.66347469,132.3,74.76,53,3.4,0.65,2.66,14.250404,,0.608914885
11449500,0.151538071,178.3,414,1.022119925,0.053276071,20.124733,74.75792254,84.19894366,95.3,148.47,60,1.3,0.621,6.3,16.804113,,0.448167619
11022480,0.013629845,12.6,94,1.060883913,0.224921455,18.106704,74.74006116,83.18042813,953.6,51.86,51.9,2.2,0.585,9.92,15.3664,,0.966853157
11458500,0.058930616,4,542,1.054042039,0.150082159,63.695385,74.68790357,94.53293155,150.4,107.96,63.9,1.4,0.626,5.96,19.519202,,0.620423687
9537200,0.009850535,42.4,758,1.005877918,0.056943071,6.935676,74.68400144,78.54821235,204.1,46.24,40.9,2.6,0.298,8.69,20.348083,,
11043000,0.020823373,40.4,538,0.940525238,0.227886221,15.431556,74.6194825,60.4261796,572.5,37.11,54,0.1,0.614,1.99,16.167722,,
11453500,0.107129073,84.4,865,1.031301445,0.13769884,68.402353,74.6150645,85.22679983,293.4,112.6,63,2,0.624,23.78,17.47691,,0.478776431
11114495,0.535354198,52.8,435,0.977752816,0.118500043,99.929207,74.59677419,81.32754342,124.3,88.3,49.7,3.8,0.706,23.87,13.969926,77.48479485,0.531856898
11138500,0.003640124,0.7,588,0.990087096,0.284232698,14.684484,74.58563536,95.78729282,728.9,69.82,57.6,7.1,0.686,14.96,16.60856,,0.694239571
11451100,0.078140548,30.8,238,1.013752801,0.062031761,100.000193,74.47958367,74.77982386,155.1,122.99,60.8,2.9,0.62,17.58,14.155992,87.05802708,0.555934591
11451100,0.05057227,2.7,423,1.029807815,0.129105517,99.307087,74.39951962,64.81184948,155.1,122.99,60.8,2.9,0.62,6.1,14.155992,87.05802708,
11159200,0.050252385,92.4,614,1.070952389,0.210086377,12.563615,74.3627451,63.03921569,71,84.62,68.1,0.1,0.629,16.46,16.438445,,0.614253963
11274538,0.001701181,0,169,1.076951057,0.265661963,20.054364,74.3343983,87.27369542,469.4,42.12,61.9,1.3,0.619,8.8,18.511698,,0.856351492
9404450,0.055900043,25.2,30,1.045702576,0.130705636,14.12125,74.32432432,91.82432432,193,46.03,54.3,37.5,0.146,4.15,16.150084,7.030725389,1.046107973
9513780,0.002552502,71.9,36,0.868957036,0.548096447,90.81327,74.29983526,92.95716639,177.5,52.71,40,0.8,0.196,4.37,18.230644,2.558647887,1.029836206
11461000,0.213794172,321.2,509,1.030840705,0.099804263,32.301184,74.25665102,97.22222222,259.6,118.6,63.1,3,0.607,18.36,15.086673,,0.580309863
11057500,0.012996474,137.5,478,1.026443691,0.139485501,11.248274,74.25458716,67.94724771,329,50.34,46.1,3.2,0.566,5.41,19.193511,9.619696049,0.402129986
11451715,0.04226391,65.5,614,1.070737417,0.221599112,11.655139,74.16534181,87.75834658,247.9,70.02,59.6,1,0.615,13.34,18.827651,10.34183138,0.608025122
11025500,0.002354013,8.3,617,1.030287114,0.116065931,7.499671,74.06790945,63.31557923,288.7,61.83,49,1.6,0.57,13.15,16.426629,,
11153000,0.009730607,95.5,146,1.029001725,0.157034461,10.488957,74.06581149,63.46904629,375.4,52.87,62.6,1.3,0.643,11.24,15.589845,,0.88266913
11124500,0.05855593,3.7,486,1.072342076,0.201394767,71.062545,74.00690846,79.10189983,191.5,83.1,54.6,4.5,0.711,5.44,17.185694,,0.395823123
11451100,0.077227691,58,293,1.099902875,0.27825403,100.000193,73.99919936,70.53642914,155.1,122.99,60.8,2.9,0.62,3.99,14.155992,87.05802708,0.555934591
11451715,0.003084123,1.9,182,1.115799569,0.306154863,5.595129,73.87931034,83.16091954,247.9,70.02,59.6,1,0.615,10.33,18.827651,10.34183138,1.003780864
11458500,0.167189735,302,509,1.027042947,0.077557481,63.695385,73.69780456,88.54928971,150.4,107.96,63.9,1.4,0.626,16.65,19.519202,,0.620423687
11057500,0.024185491,16.3,141,1.021280242,0.106973257,11.248274,73.62385321,65.30963303,329,50.34,46.1,3.2,0.566,10.07,19.193511,9.619696049,1.021227041
11372000,0.228493071,89.7,255,1.288053814,0.67278712,91.657499,73.4965035,88.6013986,589.9,149.15,61.6,13.3,0.544,9.97,14.264321,,0.705512305
11478500,0.112792364,0.6,445,0.997763817,0.015488804,12.895813,73.41082456,82.96403923,572.4,186.88,62.5,24.9,0.537,11.98,14.61381,1.959399022,0.585520602
11124500,0.006609722,12.2,539,1.103466349,0.276060494,71.062545,73.3736327,67.7029361,191.5,83.1,54.6,4.5,0.711,11.57,17.185694,,0.395823123
9513780,0.013719699,45.7,450,1.104679359,0.32566414,90.81327,73.35255354,83.85502471,177.5,52.71,40,0.8,0.196,4.32,18.230644,2.558647887,0.821159628
9430600,0.008621394,62.6,82,1.078048568,0.249685489,13.587343,73.35048426,67.03995157,190.5,67.41,44.7,14,0.222,10.8,15.895541,35.34944882,
11148900,0.162111162,3.5,891,1.078526564,0.301791721,21.611762,73.33333333,64.67948718,403.5,69.16,62.7,1.5,0.653,14.72,16.11163,12.52795539,0.881405809
10260500,0.003405803,0,722,1.096462962,0.290459961,11.670864,73.29931973,66.53061224,349.2,58.83,40,29.5,0.571,2.42,21.118823,,0.834120058
11065000,0.015451185,0,22,1.016567265,0.23959208,24.135281,73.29305136,65.98187311,364.7,81.4,47.7,4.2,0.649,5.55,19.024359,17.52322457,1.397800831
11044800,0.083460101,83.6,915,0.98973594,0.12162703,5.29932,73.29268293,64.79674797,85.5,40.9,59,0,0.666,7.5,15.319151,,
11123500,0.012618552,120.8,951,1.031585263,0.176273718,47.106742,73.28288708,74.330617,718.1,79.99,52.6,3.8,0.712,20.64,18.753658,5.57082579,0.578338332
11057500,0.016525317,0,516,1.035115583,0.138093142,5.10267,73.28178694,88.57388316,329,50.34,46.1,3.2,0.566,10.07,19.193511,9.619696049,0.760136168
11451100,0.078140548,92.9,295,1.028615174,0.110206507,100.000193,73.21857486,86.70936749,155.1,122.99,60.8,2.9,0.62,3.99,14.155992,87.05802708,0.555934591
9342500,0.020451686,40.4,769,0.99529608,0.187686221,10.452957,73.1704571,88.94393155,726.9,99.32,50.6,54.9,0.122,7.06,11.980939,,0.768926331
11466200,0.307026293,266.9,509,1.030122616,0.11414585,7.676397,73.15233786,88.88888889,144.8,107.68,64.2,1.3,0.62,16.56,17.015969,,0.654883262
11159200,0.048657071,16.1,660,1.131943408,0.373467091,12.563615,73.1127451,65.53921569,71,84.62,68.1,0.1,0.629,14.9,16.438445,,0.614253963
11466170,0.199734712,227,509,1.003166968,0.06213771,22.469984,73.06255836,90.24276377,56,106,64.2,0.9,0.619,15.8,16.615901,,0.840366825
9183500,0.533560537,65.1,436,1.053306063,0.174621838,9.554376,72.9562464,60.9671848,74.3,66.99,52.1,35.2,0.117,5.5,20.493111,3.052489906,0.696418606
11148900,0.070879772,79.7,897,1.078389444,0.27111221,19.551763,72.95492487,74.12353923,403.5,69.16,62.7,1.5,0.653,11.45,16.11163,12.52795539,
11451715,0.040893189,270.2,112,1.080166765,0.189707978,5.595129,72.93103448,77.64367816,247.9,70.02,59.6,1,0.615,10.4,18.827651,10.34183138,1.003780864
9430600,0.014864472,21.9,408,0.978870683,0.370310108,51.133435,72.89445629,79.26439232,190.5,67.41,44.7,14,0.222,9.71,15.895541,35.34944882,0.617887885
11077500,0.008466823,10,42,1.056085225,0.226002909,11.867328,72.87145242,79.71619366,240.8,51.01,60.8,0,0.654,9.51,17.754193,,1.367628761
11057500,0.01075867,134.9,923,1.11542171,0.352344744,5.10267,72.85223368,86.94158076,329,50.34,46.1,3.2,0.566,9.71,19.193511,9.619696049,1.193373124
10258500,0.00211057,126.9,928,1.006596926,0.325506727,34.911598,72.83667622,63.20916905,241.5,37.78,41.9,5.1,0.464,8.36,22.326342,,
11077500,0.040687789,0,479,0.999600185,0.078578515,11.075228,72.83261803,91.15879828,240.8,51.01,60.8,0,0.654,11.6,17.754193,,0.627282338
9512280,0.006002506,57.4,418,1.279993284,0.988192648,77.294582,72.8288908,82.67411866,188.7,50.78,38.1,0.5,0.208,5.84,17.665115,,0.847229552
11143000,0.101902984,170.6,913,1.016371833,0.119522292,99.985297,72.79549719,61.21013133,120.6,116.26,67.4,3.4,0.654,17.47,18.127121,57.91119403,0.638570704
11466320,0.264138842,272.9,509,1.024782756,0.109048087,11.48391,72.76606426,88.45381526,199.4,102.63,64.2,1,0.622,16.12,16.638396,,0.654534435
11065000,0.011103113,0,898,0.981627652,0.193055255,33.742927,72.76554404,77.00777202,364.7,81.4,47.7,4.2,0.649,17.4,19.024359,17.52322457,0.745010548
11042900,0.016583607,108.3,167,0.968237733,0.09091458,6.890085,72.7,76.4,227.1,38.42,52.1,0.2,0.588,3.91,16.576693,,
11390000,0.129283681,94,199,1.07959075,0.207153738,17.151958,72.68518519,89.45473251,383.3,174.98,52.3,22.2,0.555,7.65,16.983946,13.77177146,1.066559278
11475800,0.243433805,54.1,600,1.011675722,0.094974557,7.751945,72.6814125,57.46992627,642.1,206.67,64.8,7.2,0.589,31.48,16.808763,,0.650926216
11073300,0.177488201,5.4,798,1.019295713,0.226457321,30.521869,72.56305385,80.77709611,83.6,90.33,49.8,5.3,0.643,12,20.142177,,0.961353526
10258500,0.01170194,2.9,41,1.242585073,0.551193317,11.73672,72.54098361,91.56908665,241.5,37.78,41.9,5.1,0.464,2.45,22.326342,,0.946192032
11148900,0.120004367,151.1,522,1.150756917,0.417743363,6.063932,72.53363229,66.14349776,403.5,69.16,62.7,1.5,0.653,11.45,16.11163,12.52795539,0.554964854
11124500,0.001774422,0,120,1.021322304,0.154664672,10.349061,72.52407153,61.07290234,191.5,83.1,54.6,4.5,0.711,19.21,17.185694,,
11118500,0.034514222,108.4,405,1.077735253,0.222856224,82.190611,72.47365158,74.89150651,485.7,69.88,51.4,1.4,0.702,15.31,16.615606,50.47848466,0.588751203
11073360,0.291087491,5.4,798,1.100872716,0.294432699,20.134001,72.46922025,80.71135431,132.3,74.76,53,3.4,0.65,9.83,14.250404,,0.962903443
11451715,0.048203703,25.4,238,1.003064685,0.081577968,24.133838,72.44649805,77.77237354,247.9,70.02,59.6,1,0.615,10.33,18.827651,10.34183138,0.809356648
9510200,0.013981971,13.2,774,1.135593256,0.787411069,51.64207,72.41929055,86.56835393,425.3,61.33,36.1,2.1,0.215,4.68,17.785195,24.56769952,0.855361738
11043000,0.02715447,165,432,0.937810909,0.312223864,7.514724,72.34121123,75.92319055,572.5,37.11,54,0.1,0.614,3.76,16.167722,,1.053456228
8294195,0.023056953,30.8,78,1.042666416,0.293780392,17.374893,72.2955456,86.23615366,78.6,73.93,49.1,36.7,0.115,5.82,13.3997,2.85470229,1
11453500,0.29725905,122.6,578,1.013029082,0.090073722,68.402353,72.24302955,80.31627133,293.4,112.6,63,2,0.624,6.28,17.47691,,0.389033416
11113500,0.016392506,8.5,535,1.029291936,0.102524207,18.940755,72.14927436,50.17277125,103.3,67.78,49.9,2.6,0.693,17.65,15.259699,53.69332043,0.416299326
9510200,0.015047264,82.5,433,1.29621268,0.700012532,13.021051,72.09401709,94.65811966,425.3,61.33,36.1,2.1,0.215,4.68,17.785195,24.56769952,0.342386832
11073495,0.251614394,0,943,1.156568083,0.433547112,26.085866,72.01670644,76.849642,208.2,61.85,53.7,0.2,0.66,1.5,10.502607,,0.841883212
11149900,0.026820568,6,891,1.177255295,0.411361407,12.824107,71.97728791,63.66065464,556.4,63.26,62,1.5,0.659,13.34,16.227347,15.65149173,0.879304078
8380500,0.333054974,8,156,1.033116685,0.136098118,99.368957,71.90399714,81.56673804,198.1,68.57,50.8,19.2,0.221,5.84,17.995738,48.47415447,1.00779206
11113000,0.007580195,39,800,1.106167354,0.246943073,12.550943,71.81958365,82.72937548,650,68.34,45.4,7.7,0.69,9.22,16.054577,8.055507692,1.216620088
11027000,0.012747434,0,853,1.032468137,0.080747465,50.900245,71.80251822,64.14844268,58.2,51.93,53.2,0.2,0.625,10.81,15.624757,,0.978380779
7103700,0.006227128,118.1,706,0.985305792,0.395075256,10.334753,71.77400871,78.18015127,264.2,59.97,52.8,27.6,0.361,7.11,15.226314,5.675132475,0.527450528
11466800,0.025789928,118.6,144,1.004688928,0.101916501,12.714225,71.74441205,70.84548105,652.2,100.52,64.6,0.8,0.63,16.5,16.611166,,1.066667466
10258500,0.003634871,231.1,189,1.035532627,0.37377652,34.911598,71.66189112,48.93982808,241.5,37.78,41.9,5.1,0.464,8.36,22.326342,,
11148900,0.077195792,93.6,819,0.958642335,0.260170208,6.063932,71.49663677,83.632287,403.5,69.16,62.7,1.5,0.653,10.52,16.11163,12.52795539,0.763799659
7103970,0.034271859,9.4,344,0.764444653,0.845908114,5.2619,71.48989899,92.24747475,466,56.93,51.8,18.5,0.31,7.43,12.548144,,0.616935612
11475800,0.232408723,86.6,967,1.018907884,0.09215284,7.751945,71.40085371,73.26348467,642.1,206.67,64.8,7.2,0.589,31.48,16.808763,,0.75166344
11113000,0.005227721,0,8,1.141896925,0.303908186,12.550943,71.39552814,65.61295297,650,68.34,45.4,7.7,0.69,2.17,16.054577,8.055507692,1.626622216
11063510,0.017636774,123.6,537,1.01847274,0.272098334,19.701106,71.35416667,55.46875,144.5,66.42,46,4.5,0.635,13.15,18.45637,36.88442907,0.668526212
11042400,0.000910243,9.6,547,0.963417753,0.280102124,5.418644,71.31461391,91.32099553,342.2,45.9,47.5,4.5,0.519,5.23,17.322787,,
11274630,0.013720209,90,545,1.106303047,0.280600804,14.544513,71.28279883,77.31778426,187.4,43.32,61.7,2.1,0.604,8.15,18.975462,,0.568651794
11466800,0.095952426,153.2,535,0.942234935,0.167180834,12.714225,71.2585034,78.6686103,652.2,100.52,64.6,0.8,0.63,16.5,16.611166,,0.594232737
11077500,0.025047685,135.3,886,0.992291851,0.113679369,11.075228,71.20171674,91.58798283,240.8,51.01,60.8,0,0.654,9.51,17.754193,,1.107408824
11044800,0.05663364,129.2,168,1.016436892,0.080370016,5.29932,71.17886179,74.14634146,85.5,40.9,59,0,0.666,9.41,15.319151,,
11456000,0.053485844,6.8,542,1.034692634,0.110478459,8.882523,71.09839817,93.18077803,212.3,104.44,64,1.5,0.624,5.88,16.071526,,0.601416408
11138500,0.002004593,3.3,557,1.045407675,0.217905461,14.684484,70.99447514,84.59944751,728.9,69.82,57.6,7.1,0.686,17.01,16.60856,,0.694239571
11159200,0.029991899,241.1,944,1.096851217,0.272819195,12.563615,70.98039216,57.94117647,71,84.62,68.1,0.1,0.629,12.34,16.438445,,0.783301461
11043000,0.001236542,0,180,1.068753547,0.266278607,15.431556,70.96651446,65.75342466,572.5,37.11,54,0.1,0.614,1.99,16.167722,,
11057500,0.012393988,0,490,1.100986383,0.316031425,5.10267,70.91924399,70.96219931,329,50.34,46.1,3.2,0.566,10.07,19.193511,9.619696049,0.760136168
9484000,0.055432155,136,783,1.079327219,0.300158435,69.267296,70.88014981,91.72908864,103.7,75.97,43.3,3.1,0.167,10.6,17.656755,25.9246866,0.762986287
11461500,0.212346492,264,218,1.006276953,0.070849145,23.026463,70.86882453,94.80408859,238.7,114.45,62.5,2,0.595,17.85,16.250428,8.386175115,0.783055803
11451715,0.017933605,0,236,1.060506476,0.142728134,24.133838,70.81712062,76.60505837,247.9,70.02,59.6,1,0.615,10.33,18.827651,10.34183138,0.809356648
11077500,0.009454619,0,754,1.049270561,0.168257115,11.126418,70.7641196,70.59800664,240.8,51.01,60.8,0,0.654,6.47,17.754193,,0.773881984
13313000,0.052410558,0,1066,0.938075771,0.146578629,7.076427,70.64859387,82.79706106,561.9,111.97,63.9,72.3,0.331,2.96,16.262621,7.197579641,
11065000,0.01498532,199.1,537,0.99736197,0.498195461,8.140156,70.57026477,55.19348269,364.7,81.4,47.7,4.2,0.649,16.46,19.024359,17.52322457,0.672484666
11456000,0.030010761,0.3,527,1.003754319,0.088883475,8.882523,70.54919908,86.6819222,212.3,104.44,64,1.5,0.624,16.43,16.071526,,0.601416408
11065000,0.004790644,0,872,0.950834544,0.323714986,33.742927,70.49870466,67.16321244,364.7,81.4,47.7,4.2,0.649,17.4,19.024359,17.52322457,0.745010548
11042800,0.010869082,29.5,538,0.915855041,0.225966411,36.399541,70.49120235,61.95014663,148.5,33.74,54.3,0,0.599,1.81,14.66485,,
11153000,0.004292027,0.5,960,0.96418131,0.166162361,10.488957,70.44060234,82.76631344,375.4,52.87,62.6,1.3,0.643,3.13,15.589845,,0.728067193
11063510,0.011444306,97.1,504,0.985815316,0.36779831,19.701106,70.41015625,67.70833333,144.5,66.42,46,4.5,0.635,15.53,18.45637,36.88442907,0.668526212
11047300,0.142292526,94.5,589,1.119688712,0.265755016,11.921157,70.34482759,79.08045977,139.9,46.85,61.6,0,0.652,9.25,13.66011,10.94796283,0.541141138
11159200,0.098111799,302,611,1.085189604,0.248062769,12.563615,70.34313725,81.2254902,71,84.62,68.1,0.1,0.629,16.46,16.438445,,0.614253963
11451715,0.021817316,0.3,123,1.146063325,0.321714966,5.595129,70.28735632,79.02298851,247.9,70.02,59.6,1,0.615,15.2,18.827651,10.34183138,1.003780864
11109600,0.009548627,1.6,912,1.026911565,0.367495835,41.681744,70.28160575,66.44697424,963.8,55.61,42.7,11.8,0.673,10.69,16.693884,3.126727537,0.669482329
11461000,0.103951962,36.5,433,0.966911487,0.10349811,32.301184,70.26604069,85.3286385,259.6,118.6,63.1,3,0.607,18.28,15.086673,,0.580309863
11073495,0.072628155,1.3,878,1.154482119,0.414491378,26.085866,70.25656325,77.08830549,208.2,61.85,53.7,0.2,0.66,12.59,10.502607,,0.841883212
11077500,0.030457045,2.2,453,1.035617885,0.135166172,11.075228,70.17167382,88.49785408,240.8,51.01,60.8,0,0.654,11.6,17.754193,,0.627282338
11027000,0.006762952,5.9,95,1.049349391,0.139697906,50.900245,70.14579192,80.84824387,58.2,51.93,53.2,0.2,0.625,11.16,15.624757,,0.906814577
9430600,0.095429913,41.4,97,1.067664682,0.314343708,13.587343,70.14225182,46.79176755,190.5,67.41,44.7,14,0.222,10.8,15.895541,35.34944882,
11047300,0.049185041,2.1,153,1.051592118,0.119699702,11.921157,70,73.7164751,139.9,46.85,61.6,0,0.652,9.9,13.66011,10.94796283,0.495678495
9497800,0.509091848,112.9,85,1.004424611,0.184040583,33.497407,98.60465116,98.35841313,750.9,58.79,40.7,12.1,0.147,5.02,18.999934,,
11113500,0.973133695,1.8,121,1.016315399,0.075256344,66.999622,99.44328462,97.70354906,103.3,67.78,49.9,2.6,0.693,17.65,15.259699,53.69332043,
11480390,0.708504109,58.6,430,1.015131667,0.081518765,99.999876,99.27536232,97.6284585,242.6,166.38,62.2,28,0.561,9.86,13.178414,67.92250618,0.278517547
11151870,1.781620655,0,479,1.04924919,0.196616911,65.578591,98.98403483,97.04886309,284.5,100.15,65.8,4,0.657,4.16,16.869365,,0.460283466
11152000,0.842573749,0,479,1.089670035,0.261796344,38.563747,98.91358025,96.98765432,625.1,80.89,63.9,2.9,0.654,3.41,17.294107,10.20955047,0.456406466
11114495,1.50354796,65.4,424,1.032192127,0.122728992,99.929207,98.01488834,97.3325062,124.3,88.3,49.7,3.8,0.706,23.87,13.969926,77.48479485,0.531856898
11153000,0.106357795,75.7,496,1.034789406,0.117717174,27.540676,96.36363636,91.44385027,375.4,52.87,62.6,1.3,0.643,7.02,15.589845,,0.628460483
11169800,0.247234165,0,493,1.0303639,0.095371823,36.191218,93.94697349,95.54777389,282.9,60.85,63.3,1.8,0.626,8.1,15.108,,0.566077478
11063510,1.495206477,0,186,1.006377456,0.047585509,75.044644,83.38538413,80.19987508,144.5,66.42,46,4.5,0.635,15.53,18.45637,36.88442907,0.798144832
10257600,0.451118337,0,743,1.030344732,0.233713931,70.099582,70.83333333,91.38513514,92.9,55.02,38.1,7.4,0.582,1.08,18.430912,3.477933262,0.459862484
