GAGE_ID,PeakArea,AntecedentPrecip_mm,SeasonFlag,DaysSinceFire,D1,CoefVar,RainedPercent,WYT,MTBS_burnedarea_per,fire_centers,burnedStormoverlap,burnedStormDur,burned_storm_depth_per,burned_storm_int_per,BAS_COMPACTNESS,DRAIN_SQKM,PPTAVG_BASIN,RH_BASIN,WD_BASIN,PET,SNOW_PCT_PRECIP,PRECIP_SEAS_IND,STREAMS_KM_SQ_KM,STRAHLER_MAX,MAINSTEM_SINUOUSITY,BFI_AVE,TOPWET,PERMAVE,CLAYAVE,SILTAVE,SANDAVE,ELEV_MEAN_M_BASIN,RRMEAN,SLOPE_PCT,ASPECT_NORTHNESS,ASPECT_EASTNESS,AvgMonthly_temp_DegC,AvgMonthly_Precip_cm,riparian_area_per,MTBS_fire_riparian_percent_m_h,MTBS_fire_intersect_percent_m_h,SBS_total_area_burned_per_wat,SBS_mod_high_area_burned_per_wat,delta_NDVI,delta_NBR,delta_GRVI,ratio_LAI
11274500,0.038021722,12.1,2,164,1.075472511,0.199359413,1,0,91.144936,0.968114006,1,60.75,100,97.89262418,1.48,347.8,45.32,61.6,45.7,861,1.4,0.624,1.05,4,1.63,30.1,10.73,1.77,24.88,42.82,32.31,475.6,0.378,24.4,-0.349,0.937,8.1,9.04,18.273952,28.95967613,36.63890167,,,0.063265014,-0.027151092,-0.022654106,0.916207387
11169800,0.137129881,16.5,2,164,1.031436752,0.108529469,1,0,36.191218,1.399114615,1,61.75,99.94997499,96.3981991,1.22,282.9,60.85,63.3,56.7,817.9,1.8,0.626,0.99,4,1.41,31.7,10.98,2.22,23.01,45.71,31.28,604,0.421,25.6,-0.968,-0.251,8.01,11.87,15.108,13.56218898,17.84697773,,,0.10637946,0.009158843,0.004863323,0.994162143
11274630,0.026594239,7.9,2,164,1.064197808,0.166007752,1,0,85.565494,1.161792096,1,59.75,99.90069513,95.4816286,1.77,187.4,43.32,61.7,49.1,799,2.1,0.604,1.08,4,1.42,30.9,10.3,1.62,26.46,42.13,31.41,559.2,0.472,26.1,-0.722,0.692,7.89,8.15,18.975462,28.65968365,39.2167556,,,0.05714962,-0.038160777,-0.021551099,0.867573626
11152000,0.575305732,42.8,2,161,1.088880927,0.269374445,1,0,14.964649,1.788935464,1,60.85722222,99.89523311,94.2902043,2.07,625.1,80.89,63.9,60.5,663.8,2.9,0.654,1.03,5,2.35,38.3,10.02,3.14,20.17,34.81,45.02,759.1,0.387,34.7,-0.132,0.991,8.25,16.63,17.294107,11.17292732,12.15683891,14.97461206,10.20955047,0.144660345,0.08456829,0.037319641,1.059132848
11173200,0.120463819,16.9,2,164,1.053974444,0.145133874,1,0,87.006427,0.955234442,1,61.75,99.81203008,93.32706767,1.32,199.1,62.25,63.2,58.1,792.3,4.1,0.584,0.96,4,1.42,34.1,10.49,2.12,23.06,45.64,31.3,817,0.536,26.7,0.459,-0.888,7.38,11.17,16.584267,21.85655409,36.6775992,,,0.113026838,0.010115579,0.009059976,0.963839512
11173575,0.05789739,17.3,2,164,1.11163653,0.222795642,1,0,73.616074,0.93656286,1,61.75,99.76776591,92.66140269,1.33,385.4,62.15,64.2,58.9,791.9,3.5,0.584,1.05,4,1.31,31.9,10.49,2.02,24.69,45.37,29.94,718.4,0.514,25.8,-0.023,-1,7.79,11.17,17.382289,15.79414913,27.71761806,,,0.108876388,0.006549041,0.004356795,0.967816772
11176400,0.064478051,13.4,2,164,1.109192355,0.228716227,1,0,74.095967,1.41581736,1,61.8,99.7637051,96.31379962,1.46,338.6,57.45,62.2,56.1,798.4,4,0.599,1.02,5,1.51,31.3,10.82,2.16,22.41,45.93,31.66,753.8,0.52,23.4,-0.069,-0.998,7.2,10.61,17.721231,21.07161609,32.61317188,,,0.083414514,-0.023233466,-0.00740466,0.933377899
9036000,0.026741628,96.1,1,353,1.051976755,0.194378675,1,0,18.62212,0.827682325,1,35.9475,99.75071225,96.91951567,2.72,231.9,71.49,56.2,133.2,358.5,61.6,0.111,0.61,3,1.56,65.1,9.62,7.3,11.74,32.28,55.98,3320.3,0.447,35.3,0.824,-0.566,10.43,5.19,11.407103,8.713628192,12.03842173,18.35273825,10.90866753,0.130595171,0.014060985,-0.005463818,0.792356884
9037500,0.012637747,97.6,1,353,1.093217146,0.266421095,1,0,12.391606,1.111932254,1,35.9475,99.67730369,96.68339907,1.9,479.5,62.4,55.9,125.8,380.5,56.5,0.09,0.83,4,1.35,66,10.11,5.9,14.45,32.01,53.54,3090.1,0.408,27.6,0.977,-0.214,11.58,4.86,14.943934,6.206361456,8.270427529,12.3422732,7.380020855,0.130649423,0.013700912,-0.005242806,0.827772041
11172945,0.268863491,12.9,2,164,1.059080518,0.134140395,1,0,98.034239,1.017024877,1,61.66666667,99.61740794,92.53945481,1.9,87.1,62.38,62.8,59.5,791,4.1,0.574,1.07,3,1.31,29.5,10.31,2.21,25.08,45.14,29.79,814.2,0.599,26.7,-0.303,-0.953,7.63,11.43,17.898739,16.30612818,27.85556831,,,0.10577903,-0.002575113,-0.000752264,0.99279903
11451715,0.009115297,15,2,519,1.046122936,0.143065568,1,0,5.595129,0.165455251,1,109.75,99.59770115,96.55172414,0.9,247.9,70.02,59.6,55.5,854.4,1,0.615,0.96,4,1.19,43.2,10.66,0.49,37.34,42.78,19.88,560.5,0.34,18.2,-0.265,0.964,8.75,13.34,18.827651,0.869588895,1.310246067,23.98777733,10.34183138,-0.019746142,-0.057276743,-0.01927148,0.693622789
11465200,0.175972647,216.2,1,432,0.977053317,0.163279642,1,0,20.297152,0.795110735,1,53.9825,99.53401678,97.2972973,1.11,421.6,133.48,64.5,78.7,774,0.5,0.627,0.78,5,1.47,33.8,11.23,2.16,24.71,42.56,32.73,335.8,0.321,26.3,-0.842,0.539,16.52,7.38,14.901978,5.64176385,7.31506167,,,-0.060045378,-0.199551311,-0.167934174,0.488894805
11022480,0.051074801,22.2,2,119,1.052071389,0.163205596,1,0,79.360851,1.036983012,1,53,99.53343701,98.49663038,1.63,953.6,51.86,51.9,43.3,807.8,2.2,0.585,0.84,5,1.19,31,10.52,3.4,17.08,31.75,51.17,640.4,0.294,18.5,0.017,-1,10.9,10.13,15.3664,57.24252031,58.6542156,,,-0.01392217,-0.013271371,-0.001183574,1.548165407
14159200,0.267926464,0,1,76,0.925694451,0.18151317,1,0,8.83713,0.477889334,1,78.5,99.26524614,96.49767328,1.97,414.3,181.74,67.8,161.6,513.1,40.1,0.385,0.7,4,1.32,72.5,9.97,2.97,16.07,49,34.93,1280.8,0.498,28.7,0.753,-0.658,7.84,13.1,12.860977,0.126681987,1.514989138,9.027154236,1.429833454,0.363630115,0.407315707,0.15247411,0.872906912
11151870,0.142330589,26.8,1,431,1.097426919,0.323370739,1,0,32.792709,1.608096876,1,37.94138889,99.23547401,99.8470948,2.01,284.5,100.15,65.8,64.7,623,4,0.657,0.97,4,1.85,37.3,10.09,3.84,16.04,33.25,50.71,899.6,0.427,39,0.12,0.993,16.26,4.16,16.869365,25.1431099,26.57483304,32.87514938,22.3427768,-0.124061269,-0.333468373,-0.134236492,0.477198114
11152000,0.207925457,17.9,2,587,1.11603811,0.346458494,1,0,10.954941,1.60170771,1,80,99.22360248,96.22153209,2.07,625.1,80.89,63.9,60.5,663.8,2.9,0.654,1.03,5,2.35,38.3,10.02,3.14,20.17,34.81,45.02,759.1,0.387,34.7,-0.132,0.991,9.53,13.87,17.294107,2.102052119,3.129195329,14.97461206,10.20955047,0.169893383,-0.068276235,-0.083574071,0.764320105
11152050,0.107174484,18.2,2,587,1.140112464,0.410827591,1,0,8.868908,1.491041107,1,81,99.21956296,96.20187305,1.67,771.5,74.52,63.7,58.2,676.7,2.4,0.652,1.04,6,2.02,38.4,10.1,2.9,21.11,35.63,43.26,674.8,0.359,31.4,0.227,0.974,9.8,12.93,17.029979,1.729693567,2.523499676,12.12311082,8.239170447,0.169893383,-0.068276235,-0.083574071,0.764320105
12178100,0.914101073,28.7,1,79,1.008648726,0.075785023,1,0,5.210638,0.317886659,1,114.5,99.18661399,99.58168719,2.89,69.7,280.14,69.5,183.8,547.9,59.6,0.415,0.56,3,1.26,63.9,9.23,2.35,9.84,47.21,42.95,1300.6,0.457,58.3,0.676,-0.737,5.37,25.6,13.27064,0.330902641,4.119081779,,,0.02384693,0.012172949,0.002641247,0.810039498
11200800,0.106039698,0.3,2,103,1.101148495,0.270500585,1,0,37.21031,1.51904651,1,62.5,99.16789036,90.69995105,2.53,214.7,72.15,53.2,42.8,740.6,18.4,0.594,0.64,3,1.41,65.7,9.77,2.77,17.27,29.31,53.42,1214.9,0.417,30.8,-0.155,-0.988,5.44,9.36,15.133741,23.12020326,27.05533302,40.09669306,23.41741966,0.052795599,0.03645621,-0.004801635,0.964664916
11152000,0.041267994,28.3,1,431,1.174136396,0.525726817,1,0,14.964649,1.788935464,1,37.94138889,99.16186485,99.84284966,2.07,625.1,80.89,63.9,60.5,663.8,2.9,0.654,1.03,5,2.35,38.3,10.02,3.14,20.17,34.81,45.02,759.1,0.387,34.7,-0.132,0.991,16.53,3.41,17.294107,11.17292732,12.15683891,14.97461206,10.20955047,-0.124185954,-0.333706557,-0.13432245,0.476982831
10336780,0.028108389,40.7,1,69,0.999021929,0.146726307,1,0,27.162373,0.921255705,1,51,99.15254237,94.06779661,2.67,95.1,89.32,55.8,79,432.4,66.6,0.471,0.85,3,1.35,71.2,9.09,10.35,4.41,18.96,76.63,2409.4,0.36,26.1,0.817,-0.577,6.25,5.52,15.383253,18.86765885,15.51955836,26.64900105,13.61976866,-0.014363138,-0.066207325,-0.014210308,0.884929687
11149900,0.043360767,16.4,2,480,1.141914737,0.314757349,1,0,28.802865,1.62219344,1,50.90916667,99.12053802,97.77547853,1.56,556.4,63.26,62,54,737.5,1.5,0.659,1.13,4,1.35,33.5,10.91,2.31,24.37,37.78,37.85,533.4,0.186,19.5,-0.995,-0.102,8.45,9.76,16.227347,15.62239126,19.76732566,28.84609993,15.65149173,-0.099807988,-0.274406916,-0.111636336,0.504944363
9497980,0.032711187,0,1,625,0.990893523,0.181115034,1,0,7.772327,1.760716106,1,33.66666667,99.06961822,98.26756497,1.21,516.8,68.36,41,69.3,673.1,9.8,0.135,0.7,3,1.67,36.3,10.57,3.03,22.54,34.63,42.83,1688.6,0.518,19.9,-0.996,0.089,6.65,8.46,17.814094,2.221099145,1.845975232,7.793188854,1.943034056,-0.030388015,-0.067474133,-0.010172994,0.668398585
11046100,0.010232479,81.1,2,643,1.034316551,0.088978188,1,0,11.236637,1.112884835,1,43.92333333,98.98595944,97.58190328,2.11,67.8,40.34,64.9,35,816,0,0.655,0.95,3,1.15,23,11.12,2.52,22.77,32.67,44.56,187.1,0.264,14.1,-0.987,-0.159,14.97,2.46,16.06083,1.338266992,1.878318584,30.20707965,9.995575221,0.120686071,-0.046193164,-0.083915004,1.231418266
11152000,0.224233336,57.8,2,490,1.14771627,0.445009742,1,0,14.964649,1.788935464,1,65.97694444,98.95233106,93.19015191,2.07,625.1,80.89,63.9,60.5,663.8,2.9,0.654,1.03,5,2.35,38.3,10.02,3.14,20.17,34.81,45.02,759.1,0.387,34.7,-0.132,0.991,8.57,12.76,17.294107,11.17292732,12.15683891,14.97461206,10.20955047,-0.124185954,-0.333706557,-0.13432245,0.476982831
11274630,0.009715963,38.9,2,952,1.108305653,0.270984543,1,0,14.544513,0.969698236,1,67.83333333,98.83381924,87.87172012,1.77,187.4,43.32,61.7,49.1,799,2.1,0.604,1.08,4,1.42,30.9,10.3,1.62,26.46,42.13,31.41,559.2,0.472,26.1,-0.722,0.692,9.37,8.63,18.975462,2.596224212,4.075933831,,,-0.024478794,-0.036093612,-0.011228248,0.786918332
11466800,0.033822145,52.3,2,782,0.937858395,0.190444612,1,0,12.714225,1.001456134,1,37.95,98.78522838,100,2.06,652.2,100.52,64.6,68.1,730.4,0.8,0.63,0.68,4,1.71,30,13.03,1.22,29.33,42.59,28.08,155.1,0.185,9.2,-0.054,-0.999,11.7,13.6,16.611166,3.097905528,3.795124195,,,0.191805821,0.011269504,-0.060637712,0.703559541
9353800,0.014434891,102.9,1,456,1.047619652,0.173804388,1,0,14.01843,0.732598338,1,64,98.73786408,99.12621359,1.26,880.8,84.75,52.5,111.4,398.1,46.2,0.068,0.52,4,1.22,64.3,9.73,2.39,20.87,37.37,41.76,3029.5,0.446,33.4,-0.998,-0.061,8.93,7.18,9.979675,3.604967791,8.226089918,,,-0.130797709,-0.200089698,-0.018861108,
11451715,0.049574425,33.7,2,236,1.023976679,0.123500282,1,0,11.655139,0.944331954,1,115,98.7281399,82.45892952,0.9,247.9,70.02,59.6,55.5,854.4,1,0.615,0.96,4,1.19,43.2,10.66,0.49,37.34,42.78,19.88,560.5,0.34,18.2,-0.265,0.964,8.75,13.34,18.827651,2.304121352,5.157482856,23.98777733,10.34183138,-0.10161265,-0.17261918,-0.000991337,0.440970776
11152000,0.307131721,117.8,2,606,1.116518147,0.349672046,1,0,10.954941,1.60170771,1,69.85722222,98.70600414,96.37681159,2.07,625.1,80.89,63.9,60.5,663.8,2.9,0.654,1.03,5,2.35,38.3,10.02,3.14,20.17,34.81,45.02,759.1,0.387,34.7,-0.132,0.991,9.53,13.87,17.294107,2.102052119,3.129195329,14.97461206,10.20955047,0.169893383,-0.068276235,-0.083574071,0.764320105
9497980,0.007397002,61.8,1,39,1.184259856,0.391076561,1,0,7.772327,1.760716106,1,33,98.68463266,93.93647738,1.21,516.8,68.36,41,69.3,673.1,9.8,0.135,0.7,3,1.67,36.3,10.57,3.03,22.54,34.63,42.83,1688.6,0.518,19.9,-0.996,0.089,22.86,7.1,17.814094,2.221099145,1.845975232,7.793188854,1.943034056,0.000403016,0.002417728,-0.002078926,0.996608674
11025500,0.004511859,18.8,2,118,1.003228359,0.106500484,1,0,16.382785,0.674671611,1,52.5,98.68421053,99.10141207,1.59,288.7,61.83,49,43.1,760.7,1.6,0.57,0.88,4,1.39,32.2,10.45,3.04,16.47,31.29,52.24,891.8,0.428,20.2,-0.631,-0.776,9.46,12.2,16.426629,11.15906388,12.28919293,,,-0.016644247,-0.014605238,-0.003089109,1.649024461
11160500,0.179675253,26.2,2,163,0.950502077,0.151640939,1,0,19.295537,0.992160412,1,66,98.62763038,95.37968893,2.46,275.8,118.78,67,68.2,703.2,0.7,0.632,0.89,4,1.34,42.1,10.75,3,18.37,36.19,45.44,364.3,0.323,25.1,-0.998,-0.056,9.62,25.2,15.363053,2.493591322,7.196736766,,,0.173660563,0.128801359,0.075113488,0.612911995
11161000,0.149985167,26.2,2,163,0.969048607,0.148272594,1,0,18.338121,1.199590247,1,66,98.61175382,95.27996298,2.09,298.3,118.15,67.1,68.5,703.5,0.6,0.632,0.9,4,1.4,42,10.85,3,18.27,35.92,45.81,350.3,0.355,24.6,-0.996,0.09,9.63,25.13,15.746177,2.25540185,6.709420047,,,0.173723762,0.128900183,0.075231012,0.616925142
11461000,0.875901633,0,2,178,1.04770292,0.140464599,1,0,32.301184,1.065652935,1,67.85722222,98.55242567,98.27856025,1.95,259.6,118.6,63.1,81.2,730.9,3,0.607,0.95,4,1.1,36,11.3,1.16,28.24,42.59,29.17,448.3,0.314,20.6,-0.997,0.077,11.48,7.09,15.086673,6.630779176,11.66221109,,,0.326495311,0.194789621,0.002739299,1.016615306
7103700,0.006923795,1.4,1,80,1.042846904,0.159162519,1,0,10.334753,0.918584336,1,37,98.53311941,96.79119872,2.23,264.2,59.97,52.8,94.9,393.5,27.6,0.361,0.86,4,1.42,49.5,10.03,9,11.62,33.61,54.77,2775.2,0.373,26.9,0.329,0.944,10.42,4.09,15.226314,5.396997417,6.578652536,9.350870553,5.675132475,-0.008688041,-0.016994808,-0.006040432,0.942401158
9404450,0.024061961,7.4,1,798,1.001020164,0.075031373,1,0,14.12125,1.495243097,1,22.9,98.49662162,97.83783784,2.21,193,46.03,54.3,64.1,511.3,37.5,0.146,0.49,3,1.1,77.9,10.5,1.53,27.11,45.25,27.64,2214.5,0.528,23.3,-0.996,0.092,13.41,3.77,16.150084,4.678595116,7.601968912,13.95839378,7.030725389,-0.059390061,-0.144598633,-0.034442,0.449450623
11461500,0.657206461,0,2,178,1.021024428,0.08897667,1,0,19.923258,2.990428809,1,67.75,98.43363561,98.10387469,2.19,238.7,114.45,62.5,77.8,761.6,2,0.595,1.06,4,1.35,37.3,11.11,0.92,28.71,43.04,28.25,497.3,0.27,20.9,-0.276,-0.961,11.48,7.09,16.250428,4.814853355,10.7385421,23.12739841,8.386175115,0.369863037,0.233112312,0.021301804,1.03650946
11462500,0.276320518,0,2,178,1.058991241,0.20740875,1,0,14.014819,1.559220106,1,67.88916667,98.35255354,98.22899506,1.8,938.7,115.58,63.2,79.6,757,2,0.605,1.01,5,1.18,36.1,11.16,1.09,26.66,42.65,30.69,465.2,0.299,21.1,-0.76,-0.649,11.64,7,15.801847,3.010044322,5.965196548,5.881016299,2.132502397,0.342164246,0.20863686,0.009445792,1.023963702
9510200,0.081228592,9.7,2,992,1.098114156,0.276069207,1,0,13.021051,1.954168424,1,48,98.33333333,90.08547009,1.74,425.3,61.33,36.1,50,956.2,2.1,0.215,1.04,5,1.39,30.1,10.19,4.14,15.96,29.86,54.17,1161.3,0.383,21.4,-0.57,-0.822,7.49,7.96,17.785195,2.9162357,3.650787679,51.02477531,24.56769952,-0.009126451,-0.030659327,-0.015634529,0.775327805
11355500,0.039741317,208.7,1,101,1.219919883,0.492886211,1,0,14.210577,1.134187284,1,83,98.26611383,96.49453449,2.22,312.8,126.13,57.7,91.5,509,48.1,0.459,0.36,4,1.36,70.9,10.7,3.62,12.35,40.27,47.38,1795.8,0.258,14.4,0.31,0.951,8.75,8.26,10.440346,3.618371295,4.67637468,14.25460358,5.147314578,0.030874988,0.022651999,-0.019625809,0.993896946
11173200,0.206224957,25.2,1,434,0.924166292,0.191097623,1,0,87.006427,0.955234442,1,35.8,98.2612782,94.54887218,1.32,199.1,62.25,63.2,58.1,792.3,4.1,0.584,0.96,4,1.42,34.1,10.49,2.12,23.06,45.64,31.3,817,0.536,26.7,0.459,-0.888,16.36,3.64,16.584267,21.85655409,36.6775992,,,-0.053380448,-0.174917,-0.088926062,0.626923961
11159200,0.057830125,97.6,2,270,1.089645759,0.277049769,1,0,12.563615,1.632601188,1,67.96166667,98.1372549,97.89215686,1.76,71,84.62,68.1,68.6,691.1,0.1,0.629,0.85,3,1.21,34.5,10.12,2.59,21.18,36.59,42.23,305.2,0.333,21,-0.996,-0.089,10.55,16.18,16.438445,0.115679955,6.346901408,,,-0.127837624,-0.198151712,-0.021594393,0.520919075
14400000,0.552149776,205.8,1,1003,1.167554029,0.398065145,1,0,13.528444,1.129564075,1,66.75,98.11373093,97.3370319,2.39,702.6,309.76,70.5,152.8,633.4,7.5,0.474,0.61,4,2.78,43.6,10.25,1.24,28.5,48.99,22.5,671.2,0.431,36.5,-0.474,-0.88,12.1,15.91,12.840941,2.809980824,4.944491887,80.44816396,37.28364646,-0.088777837,-0.135389044,-0.013432234,
11063510,0.329219775,0,2,510,0.962304664,0.164496349,1,0,75.044644,1.007263416,1,47.83333333,98.06371018,99.12554653,2.04,144.5,66.42,46,40.7,690.4,4.5,0.635,0.96,4,1.54,50.7,9.96,6.14,10.54,26.94,62.52,1273.4,0.272,22.4,-0.728,0.686,6.53,14.09,18.45637,20.60685912,23.61986159,74.67695502,36.88442907,0.055274928,-0.09468491,-0.093971218,0.643300421
11451715,0.004386309,43,2,491,1.03117099,0.094937748,1,0,24.133838,1.666551161,1,67.83333333,98.05447471,98.83268482,0.9,247.9,70.02,59.6,55.5,854.4,1,0.615,0.96,4,1.19,43.2,10.66,0.49,37.34,42.78,19.88,560.5,0.34,18.2,-0.265,0.964,10.96,8.91,18.827651,2.888346264,4.86014522,23.98777733,10.34183138,0.068171654,-0.111624448,-0.088059976,0.633678478
11065000,0.049226388,0,2,510,1.016968357,0.228745616,1,0,33.742927,1.953161117,1,47.83333333,97.92746114,99.22279793,1.55,364.7,81.4,47.7,43.6,701.5,4.2,0.649,1.11,5,1.12,49.6,10,6.62,10.83,28.51,60.66,1250.1,0.343,27.3,-0.675,0.738,6.97,17.4,19.024359,9.084707504,11.94332328,33.44313134,17.52322457,0.056370652,-0.092943493,-0.094504975,0.654850569
10172700,0.003889005,3.5,1,404,1.003317003,0.058511245,1,0,26.265001,0.844357318,1,51,97.81941032,95.94594595,2.48,69.9,60.06,51.4,80.6,574.8,40,0.224,0.72,3,1.15,78.7,10.53,1.8,15.79,43.81,40.4,2155,0.397,15.3,0.375,0.927,13.91,3.59,20.586833,4.58246308,8.729613734,,,-0.072770488,-0.157586138,-0.003571615,
11383500,0.189897903,152.7,1,101,1.012425527,0.092846778,1,0,12.038946,1.450214767,1,82.66666667,97.81485896,95.62971792,1.18,539.8,148.35,51.6,86.3,606.3,32.5,0.527,0.62,4,1.49,64.2,10.29,2.55,21.19,39.81,39,1278.9,0.504,23,-0.103,-0.995,11.91,8.86,15.939202,4.274266031,5.848832901,11.6002223,5.542645424,0.008392772,-0.036689193,-0.045832572,0.612918108
12447383,0.184370585,206.9,1,76,0.903809076,0.88836046,1,0,9.119015,1.052835297,1,39,97.81420765,97.84153005,1.78,950.7,112.11,67,123.1,445.9,67.2,0.354,0.76,5,1.52,67.5,9.52,2.68,10.05,49.04,40.91,1685.7,0.514,48.2,-0.594,0.805,2.76,8.11,14.350624,6.085092159,4.891353739,18.27652256,8.984853266,-0.013807313,-0.012935791,-0.00449047,0.889900376
11059300,0.362191883,0,2,59,1.11333335,0.393036088,1,0,10.204954,0.671506587,1,68.66666667,97.75208735,99.55041747,1.38,946,67.84,42.5,47.8,641.9,27.6,0.57,1.05,5,1.86,28.1,10.09,7.16,11.69,29.16,59.16,1661,0.43,26,0.124,-0.992,4.66,8.01,19.036583,5.853874082,5.295634249,5.803953488,2.260084567,-0.005807219,-0.006058876,-0.000276588,1.513553525
13083000,0.003550232,0,1,390,1.037507335,0.14439637,1,0,74.133821,1.153044888,1,54,97.74943736,93.29832458,2.24,133.2,51.39,57.6,83.1,514.8,34.3,0.207,0.86,3,1.24,76.9,10.33,1.25,23,49.12,27.88,1942.5,0.506,22.9,-0.347,0.938,7.04,3.32,18.298273,32.06639603,33.54662162,74.73310811,41.60810811,-0.06129713,-0.282910587,-0.074566453,0.59848016
11152000,0.076103435,38.9,2,535,1.089119376,0.264234032,1,0,10.954941,1.60170771,1,56,97.67080745,87.99171843,2.07,625.1,80.89,63.9,60.5,663.8,2.9,0.654,1.03,5,2.35,38.3,10.02,3.14,20.17,34.81,45.02,759.1,0.387,34.7,-0.132,0.991,8.25,16.63,17.294107,2.102052119,3.129195329,14.97461206,10.20955047,0.169893383,-0.068276235,-0.083574071,0.764320105
11152050,0.037804698,40.9,2,535,1.108354032,0.313588258,1,0,8.868908,1.491041107,1,56,97.65868887,87.92924037,1.67,771.5,74.52,63.7,58.2,676.7,2.4,0.652,1.04,6,2.02,38.4,10.1,2.9,21.11,35.63,43.26,674.8,0.359,31.4,0.227,0.974,8.44,15.13,17.029979,1.729693567,2.523499676,12.12311082,8.239170447,0.169893383,-0.068276235,-0.083574071,0.764320105
11390000,0.387112278,169.9,1,101,0.974179654,0.105716375,1,0,19.9594,1.79821741,1,83.5,97.6523888,94.93410214,0.96,383.3,174.98,52.3,88.3,636,22.2,0.555,0.94,4,1.45,56.7,10.42,2.18,18.76,41.93,39.31,1133.9,0.495,20.6,-0.376,-0.926,13.33,9.81,16.983946,13.32626245,15.03232455,19.93289851,13.77177146,-0.059799535,-0.211512458,-0.054202315,0.471163756
11381500,0.42525556,227.9,1,101,1.114071705,0.280987807,1,0,12.398946,,1,82.66666667,97.64774495,95.80093313,0.66,337.6,143.89,52.7,90.1,627.7,28.2,0.512,0.61,3,1.34,65,10.3,2.86,20.11,41.06,38.84,1204.7,0.357,27,-0.749,-0.662,12.58,8.98,14.722083,6.335430665,8.147719194,12.55758294,7.867890995,0.00550743,-0.066129263,-0.038366877,0.754549488
14096850,0.006886445,14.3,1,71,1.239195333,0.550414923,1,0,12.847491,0.829376028,1,80.5,97.62504498,98.09283915,1.76,374.6,63.23,63.5,98.2,572.8,37.1,0.399,0.75,4,1.18,80.4,11.21,2.4,21.23,40.29,38.48,942.7,0.253,10.6,-0.847,0.531,8.18,5.54,16.908903,1.827171922,2.088788041,,,0.166933567,-0.016569656,-0.079200222,1.112342281
11143000,0.139940503,34.9,2,535,1.067549492,0.258377742,1,0,86.219962,1.022908078,1,41,97.61342155,87.28733459,2.74,120.6,116.26,67.4,72.8,639.5,3.4,0.654,0.98,4,1.47,40.3,10.29,4.14,14.13,31.45,54.42,779,0.492,43.6,-0.447,-0.894,8.33,25.11,18.127121,14.47744466,22.15223881,86.30373134,57.91119403,0.197374876,-0.012650608,-0.043289764,0.650878409
11149900,0.031400931,77.2,2,252,1.167640768,0.394482129,1,0,21.73561,1.616261858,1,71,97.56613757,84.23280423,1.56,556.4,63.26,62,54,737.5,1.5,0.659,1.13,4,1.35,33.5,10.91,2.31,24.37,37.78,37.85,533.4,0.186,19.5,-0.995,-0.102,9.33,13.34,16.227347,8.848335816,13.12359813,28.84609993,15.65149173,-0.152632416,-0.28278045,-0.012681255,0.248470686
11059300,0.105065579,0,2,936,1.08990914,0.247528,1,0,5.953975,1.553102126,1,50.66666667,97.5377728,99.16060436,1.38,946,67.84,42.5,47.8,641.9,27.6,0.57,1.05,5,1.86,28.1,10.09,7.16,11.69,29.16,59.16,1661,0.43,26,0.124,-0.992,4.14,13.57,19.036583,2.220004155,3.071511628,5.803953488,2.260084567,0.114738498,-0.156899848,-0.078362245,0.631307471
9430600,0.046971733,43.9,1,62,1.00699903,0.10787557,1,0,31.471915,0.982202585,1,34.92333333,97.41144414,91.77111717,1.85,190.5,67.41,44.7,72,593.8,14,0.222,0.58,3,1.32,53.1,9.96,2.05,31.86,33.61,34.53,2371.3,0.444,40.6,-0.973,-0.231,18.25,10.8,15.895541,5.696973135,9.305669291,91.38944882,35.34944882,-0.010031994,-0.009456821,-0.002010775,
9183500,0.020923195,11.9,1,70,1.134253729,0.255177964,1,0,9.554376,1.58693339,1,36,97.15025907,72.79792746,0.97,74.3,66.99,52.1,75.1,523.8,35.2,0.117,0.82,2,1.82,55.8,9.43,4.38,18.47,33.98,47.55,2553,0.424,25.3,-0.048,-0.999,17.24,5.5,20.493111,2.287409489,3.148183042,10.63889637,3.052489906,0.041071366,0.007595602,-0.026073874,0.94602491
11101250,0.342474813,17.8,2,479,1.163996415,0.262994923,1,0,19.467814,0.2812935,1,32,97.02774108,81.17569353,3.16,237.3,62.69,59.1,33.7,843.8,0.3,0.655,0.85,3,1.36,34,10.8,2.61,18.95,41.98,39.07,471.3,0.228,19.6,-0.987,-0.161,11.89,7.64,13.411358,15.93946448,13.65322377,19.49397387,12.38921197,-0.131122405,-0.32324592,-0.124205623,0.431183797
11138500,0.00508918,0,2,582,1.074171986,0.267763218,1,0,43.010103,1.393757,1,75.75,96.81637294,90.10801592,2,728.9,69.82,57.6,39.6,665.2,7.1,0.686,1.16,5,1.44,28.2,9.8,1.39,21.86,41.68,36.45,994.2,0.424,34.2,0.199,-0.98,8.21,17.01,16.60856,32.67864011,35.43658938,,,-0.070876973,-0.150943448,-0.017087662,0.50503316
11148900,0.176848541,66.1,2,141,1.129964886,0.359945673,1,0,6.063932,1.901817314,1,68.66666667,96.69282511,81.55829596,1.48,403.5,69.16,62.7,52.5,745.3,1.5,0.653,0.99,5,1.22,31.2,11.37,2.86,22.94,36.87,40.19,551.8,0.337,21.3,-0.586,0.81,9.43,14.72,16.11163,1.860832125,3.682081784,20.74907063,12.52795539,-0.033344383,-0.025799208,-0.003367973,0.907320201
11478500,0.499650386,0,1,973,1.048777826,0.120387139,1,0,12.895813,1.546514251,1,76,96.58554304,89.6476571,1.44,572.4,186.88,62.5,90.6,614.2,24.9,0.537,0.86,6,1.67,36.7,10.37,1.41,23.84,42.24,33.92,923,0.484,25.8,0.884,-0.467,8.41,13.56,14.61381,1.95071882,5.137264151,8.748707198,1.959399022,0.29071361,0.057064211,0.019076361,0.619517434
11101250,0.421232087,23,2,463,1.202590879,0.352111816,1,0,19.467814,0.2812935,1,45.66666667,96.5653897,96.5653897,3.16,237.3,62.69,59.1,33.7,843.8,0.3,0.655,0.85,3,1.36,34,10.8,2.61,18.95,41.98,39.07,471.3,0.228,19.6,-0.987,-0.161,11.89,7.64,13.411358,15.93946448,13.65322377,19.49397387,12.38921197,-0.131122405,-0.32324592,-0.124205623,0.431183797
8277470,0.009910887,44.9,1,132,1.130585829,0.750754299,1,0,20.31672,1.556455052,1,14.99,96.53630305,99.43879341,2.31,258,82.04,52.2,90.9,369.5,36.6,0.073,0.53,3,1.49,64,10.04,1.28,27.65,33.69,38.66,3038.8,0.43,25.8,0.472,0.881,13.29,11.16,17.790895,5.458742065,6.172325581,19.94930233,14.98604651,-0.016481747,-0.018029543,0.001491012,0.969439731
9497980,0.019615754,56.5,1,989,1.109826874,0.307190897,1,0,7.772327,1.760716106,1,62.92861111,96.53512993,81.71318576,1.21,516.8,68.36,41,69.3,673.1,9.8,0.135,0.7,3,1.67,36.3,10.57,3.03,22.54,34.63,42.83,1688.6,0.518,19.9,-0.996,0.089,4.47,7.07,17.814094,2.221099145,1.845975232,7.793188854,1.943034056,-0.010485517,-0.034210612,-0.004306335,0.753432004
11113000,0.048792059,0,2,885,1.080085941,0.198212826,1,0,34.168763,0.626898493,1,110.8,96.48541114,86.07427056,1.41,650,68.34,45.4,34.7,663.4,7.7,0.69,1.22,4,1.67,44.6,9.91,2,22.07,41.65,36.28,1251.5,0.512,32.7,-1,0.016,7.03,17.46,16.054577,19.70198669,21.99904615,14.98787692,8.055507692,-0.062476334,-0.128931649,-0.018536262,0.582739149
11467200,0.449307475,11.5,2,162,1.030056634,0.083548778,1,0,32.048365,1.410971875,1,63.66666667,96.43956044,95.34065934,2.33,162.6,162.49,65.6,81.3,700.8,0.6,0.627,0.81,4,1.32,36,10.95,2.58,24.92,42.04,33.04,308.2,0.403,28.9,-1,0.009,8.19,32.66,14.168797,16.10916175,18.79649446,,,0.133127818,0.029218459,0.018554425,0.634974757
11466200,0.283559315,32,2,91,1.015737532,0.063267528,1,0,7.676397,0.941665039,1,34.5,96.43036702,89.14027149,1.32,144.8,107.68,64.2,75.1,733.1,1.3,0.62,0.7,4,1.27,28.1,11.03,1.27,27,44.02,28.98,258.7,0.293,15.8,0.094,-0.996,8.23,21.97,17.015969,0.862305695,1.310220994,,,0.246827713,0.118719025,-0.027410759,1.093036938
13083000,0.049320587,41.9,1,322,1.013812047,0.102954509,1,0,74.133821,1.153044888,1,34,96.3615904,98.47461865,2.24,133.2,51.39,57.6,83.1,514.8,34.3,0.207,0.86,3,1.24,76.9,10.33,1.25,23,49.12,27.88,1942.5,0.506,22.9,-0.347,0.938,18.78,2.21,18.298273,32.06639603,33.54662162,74.73310811,41.60810811,0.075540832,-0.005487067,-0.003681137,0.992224687
11466170,0.189621562,27,2,91,1.014382952,0.059445527,1,0,22.469984,1.304360211,1,32.5,96.35854342,86.36788049,1.63,56,106,64.2,74.7,734.4,0.9,0.619,0.66,2,1.24,27,11.09,1.2,26.85,43.61,29.55,220.7,0.248,12.2,0.779,-0.627,8.29,21.98,16.615901,0.386782233,1.523571429,,,0.318419031,0.182841954,0.02381423,1.085053809
11113000,0.027053454,1.3,2,34,1.136710198,0.249830176,1,0,18.928716,1.316921813,1,34.95666667,96.35479951,97.32685298,1.41,650,68.34,45.4,34.7,663.4,7.7,0.69,1.22,4,1.67,44.6,9.91,2,22.07,41.65,36.28,1251.5,0.512,32.7,-1,0.016,6.44,14.64,16.054577,6.141831074,9.616984615,14.98787692,8.055507692,0.337507811,0.159238311,-0.003296282,1.120543091
11466320,0.336564008,33.5,2,91,1.021383931,0.072538971,1,0,11.48391,1.070572978,1,34.5,96.31024096,88.75502008,1.27,199.4,102.63,64.2,72,732.8,1,0.622,0.67,4,1.3,28.7,12.14,1.14,27.37,43.92,28.71,204.1,0.243,12.2,-0.118,-0.993,8.23,20.92,16.638396,1.207236838,1.65330993,,,0.237026455,0.110131914,-0.019069815,1.08980785
11200800,0.014639809,36.4,2,94,1.084412875,0.233056284,1,0,37.21031,1.51904651,1,42.5,96.27998042,96.4268233,2.53,214.7,72.15,53.2,42.8,740.6,18.4,0.594,0.64,3,1.41,65.7,9.77,2.77,17.27,29.31,53.42,1214.9,0.417,30.8,-0.155,-0.988,5.44,9.36,15.133741,23.12020326,27.05533302,40.09669306,23.41741966,0.052795599,0.03645621,-0.004801635,0.964664916
11466320,0.34934492,0,2,178,1.008531239,0.057603864,1,0,11.48391,1.070572978,1,44,96.18473896,91.11445783,1.27,199.4,102.63,64.2,72,732.8,1,0.622,0.67,4,1.3,28.7,12.14,1.14,27.37,43.92,28.71,204.1,0.243,12.2,-0.118,-0.993,12.72,5.65,16.638396,1.207236838,1.65330993,,,0.237026455,0.110131914,-0.019069815,1.08980785
11465200,0.036403502,15.3,2,162,0.944650871,0.214911866,1,0,20.297152,0.795110735,1,63.75,96.08574091,95.38676608,1.11,421.6,133.48,64.5,78.7,774,0.5,0.627,0.78,5,1.47,33.8,11.23,2.16,24.71,42.56,32.73,335.8,0.321,26.3,-0.842,0.539,8,25.73,14.901978,5.64176385,7.31506167,,,0.143982475,0.038007274,0.034042917,0.800429621
11059300,0.128712818,0,2,474,1.073087484,0.33451275,1,0,5.629999,1.029095619,1,39.5,96.08399546,87.6276958,1.38,946,67.84,42.5,47.8,641.9,27.6,0.57,1.05,5,1.86,28.1,10.09,7.16,11.69,29.16,59.16,1661,0.43,26,0.124,-0.992,4.66,8.01,19.036583,2.3244573,3.185200846,5.803953488,2.260084567,-0.136739485,-0.336634329,-0.108118365,0.502235725
8277470,0.012073063,42.8,1,86,1.080570592,0.479371691,1,0,20.31672,1.556455052,1,15.90916667,96.01017187,92.68677657,2.31,258,82.04,52.2,90.9,369.5,36.6,0.073,0.53,3,1.49,64,10.04,1.28,27.65,33.69,38.66,3038.8,0.43,25.8,0.472,0.881,14.21,9.44,17.790895,5.458742065,6.172325581,19.94930233,14.98604651,-0.016481747,-0.018029543,0.001491012,0.969439731
11138500,0.011615762,0,2,952,1.003887622,0.293694372,1,0,14.684484,0.673222561,1,51.5,95.99447514,93.92265193,2,728.9,69.82,57.6,39.6,665.2,7.1,0.686,1.16,5,1.44,28.2,9.8,1.39,21.86,41.68,36.45,994.2,0.424,34.2,0.199,-0.98,9.16,14.96,16.60856,2.711386657,3.72223899,,,0.009270238,-0.016003441,-0.022367386,0.863240937
11123500,0.010292007,64.9,2,106,1.015722163,0.08179172,1,0,11.243107,1.233641415,1,43.92333333,95.99427754,91.84549356,1.89,718.1,79.99,52.6,34.3,660.8,3.8,0.712,1.27,5,1.39,25.8,9.92,1.14,22.63,41.55,35.82,934.1,0.378,31.2,-0.578,-0.816,9.59,16.27,18.753658,7.582963909,7.580629439,16.02817156,5.57082579,0.336871276,0.128976975,-0.005361423,1.119131063
11152000,0.143146938,304.3,2,493,1.111323605,0.328410325,1,0,14.964649,1.788935464,1,76.66666667,95.99266632,87.32320587,2.07,625.1,80.89,63.9,60.5,663.8,2.9,0.654,1.03,5,2.35,38.3,10.02,3.14,20.17,34.81,45.02,759.1,0.387,34.7,-0.132,0.991,8.57,12.76,17.294107,11.17292732,12.15683891,14.97461206,10.20955047,-0.124185954,-0.333706557,-0.13432245,0.476982831
11466200,0.38133839,0,2,178,1.01353144,0.054025503,1,0,7.676397,0.941665039,1,44,95.97787833,91.55354449,1.32,144.8,107.68,64.2,75.1,733.1,1.3,0.62,0.7,4,1.27,28.1,11.03,1.27,27,44.02,28.98,258.7,0.293,15.8,0.094,-0.996,12.61,6.01,17.015969,0.862305695,1.310220994,,,0.246827713,0.118719025,-0.027410759,1.093036938
14377100,0.126440032,1.9,1,1037,,0.611699677,0.999353169,0,9.194173,1.448795502,0.993103448,154.8,95.97439545,86.08819346,1.76,985.4,191.3,67.1,117.4,611.4,14.9,0.517,0.73,5,1.23,48.6,11.28,1.86,26.48,40.95,32.57,880.2,0.289,27.4,0.76,-0.65,11.63,7.84,15.365487,6.337759213,7.258088086,28.04867059,7.48110412,-0.120517406,-0.169472201,-0.028610078,
11458000,0.041002635,20.7,2,789,1.058093642,0.188575013,1,0,7.469418,0.749639592,1,36.99305556,95.8863859,98.48188051,1.81,566.3,96.01,63.5,67.6,752.1,1.4,0.629,0.68,4,1.21,26.8,11,1.67,26.49,45.86,27.64,276.3,0.212,18.6,-0.834,0.552,8.25,14.98,16.230256,0.513073094,1.896309377,,,0.331291423,0.132798817,0.03311812,0.74525601
11465350,0.024330815,16.1,2,162,0.983410343,0.213006068,1,0,25.433253,0.92543356,1,63.75,95.87345254,95.27739569,1.03,559.8,130.36,64.5,76.9,775.7,0.4,0.629,0.79,5,1.37,34.8,11.21,2.23,24.58,42.8,32.63,293.6,0.297,23.8,-0.819,0.574,8.04,25.3,15.21547,6.739087022,9.911897106,,,0.14500476,0.052437907,0.041159918,0.736979084
11461000,0.128712818,74.4,2,157,1.052062347,0.155774232,1,0,32.301184,1.065652935,1,36.94138889,95.7942097,99.45226917,1.95,259.6,118.6,63.1,81.2,730.9,3,0.607,0.95,4,1.1,36,11.3,1.16,28.24,42.59,29.17,448.3,0.314,20.6,-0.997,0.077,9.33,18.36,15.086673,6.630779176,11.66221109,,,0.326495311,0.194789621,0.002739299,1.016615306
11059300,0.046995145,27.3,2,118,1.09921071,0.315367037,1,0,10.204954,0.671506587,1,97,95.69685292,84.77842004,1.38,946,67.84,42.5,47.8,641.9,27.6,0.57,1.05,5,1.86,28.1,10.09,7.16,11.69,29.16,59.16,1661,0.43,26,0.124,-0.992,4.77,15.02,19.036583,5.853874082,5.295634249,5.803953488,2.260084567,-0.005807219,-0.006058876,-0.000276588,1.513553525
11042900,0.027182152,13.1,2,118,1.025823496,0.080538441,1,0,18.942143,1.07582786,1,52,95.63350036,95.77666428,1.45,227.1,38.42,52.1,30.4,862.2,0.2,0.588,1,3,1.35,24,11.73,2.76,18.12,34.83,47.04,611.1,0.274,8.4,-0.245,-0.97,11.22,8.09,16.576693,9.151408475,10.39775429,,,-0.001712901,0.01090723,-0.003448728,1.664460784
11204100,0.016824124,38.1,2,94,1.092710889,0.229652581,1,0,45.981764,1.33889849,1,44,95.59039686,93.92454679,2.9,249.1,79.83,55.9,53.1,703.2,25.2,0.595,0.74,4,1.36,65.9,9.43,2.64,18.72,31.31,49.98,1348.7,0.417,34.4,0.119,-0.993,5.19,10.48,17.505672,14.70255814,23.47442794,48.9626656,16.38281815,0.039050928,0.017864718,-0.015427779,0.929846977
14400000,0.447362227,0,1,1036,1.100146105,0.287940273,1,0,74.637963,1.39924243,1,126,95.44881493,86.68683812,2.39,702.6,309.76,70.5,152.8,633.4,7.5,0.474,0.61,4,2.78,43.6,10.25,1.24,28.5,48.99,22.5,671.2,0.431,36.5,-0.474,-0.88,12.1,15.91,12.840941,29.09731652,38.27613151,80.44816396,37.28364646,-0.106614833,-0.152036581,-0.019288246,
14372500,0.195044477,148.2,1,1003,1.028899113,0.245969795,1,0,22.5273,0.595195179,1,53.92333333,95.43292103,94.86203616,2.54,140.1,203.86,66.7,119.8,579.4,15.3,0.518,0.7,3,1.11,49.2,9.76,2.94,19.65,33.17,47.19,1116,0.449,35.1,0.94,-0.34,10.76,8.31,14.23605,6.355348222,10.63104925,64.06366881,18.8745182,-0.119887994,-0.171814162,-0.019743375,
11458500,0.133299924,28.3,2,91,1.016182361,0.062299685,1,0,63.695385,1.042728974,1,34.5,95.41541111,83.29746018,2.59,150.4,107.96,63.9,77.4,739.6,1.4,0.626,0.64,3,1.77,23.2,10.42,1.81,24.93,43.89,31.18,301.1,0.336,17.6,-0.861,-0.509,8.12,22.19,19.519202,10.35774737,23.62679521,,,0.364218556,0.22495655,0.055653719,1.079780708
9508300,0.004567229,1.2,2,950,1.043711126,0.125430938,1,0,83.630661,1.091927993,1,47.66666667,95.38407329,81.36011276,1.24,93,61.67,39.9,60.5,779.9,8.4,0.144,0.7,3,1.58,36,10.05,2.68,22.26,37.89,39.84,1496.5,0.503,27.8,0.203,-0.979,3.78,7.12,16.736963,25.49898573,26.68935484,,,-0.02164359,-0.046966731,-0.014561269,0.708457685
11274538,0.002316502,0,2,506,1.045655323,0.176690677,1,0,20.054364,1.350921136,1,78.5,95.36741214,88.76464324,1.27,469.4,42.12,61.9,44.8,864.4,1.3,0.619,0.06,4,1.31,29.8,10.95,1.77,24.47,43.22,32.31,405.1,0.34,20.9,-0.28,0.96,8.08,8.42,18.511698,5.650655605,7.274584576,,,-0.049465492,-0.082955319,-0.016813739,0.668356741
11462500,0.055505432,103.7,2,157,1.060849091,0.219736018,1,0,14.014819,1.559220106,1,37.98916667,95.30477759,99.34102142,1.8,938.7,115.58,63.2,79.6,757,2,0.605,1.01,5,1.18,36.1,11.16,1.09,26.66,42.65,30.69,465.2,0.299,21.1,-0.76,-0.649,9.49,18.21,15.801847,3.010044322,5.965196548,5.881016299,2.132502397,0.342164246,0.20863686,0.009445792,1.023963702
9430600,0.072984559,0,1,97,1.035089189,0.140172101,1,0,31.471915,0.982202585,1,30,95.28610354,91.52588556,1.85,190.5,67.41,44.7,72,593.8,14,0.222,0.58,3,1.32,53.1,9.96,2.05,31.86,33.61,34.53,2371.3,0.444,40.6,-0.973,-0.231,15.89,7.73,15.895541,5.696973135,9.305669291,91.38944882,35.34944882,-0.010031994,-0.009456821,-0.002010775,
11173200,0.317159761,0,2,493,1.017501582,0.147106506,1,0,87.006427,0.955234442,1,47.92861111,95.2537594,97.36842105,1.32,199.1,62.25,63.2,58.1,792.3,4.1,0.584,0.96,4,1.42,34.1,10.49,2.12,23.06,45.64,31.3,817,0.536,26.7,0.459,-0.888,8.06,8.66,16.584267,21.85655409,36.6775992,,,-0.053380448,-0.174917,-0.088926062,0.626923961
11458500,0.3050083,0,2,178,1.001261735,0.06202953,1,0,63.695385,1.042728974,1,44,95.22169608,89.36719759,2.59,150.4,107.96,63.9,77.4,739.6,1.4,0.626,0.64,3,1.77,23.2,10.42,1.81,24.93,43.89,31.18,301.1,0.336,17.6,-0.861,-0.509,12.86,5.96,19.519202,10.35774737,23.62679521,,,0.364218556,0.22495655,0.055653719,1.079780708
9404450,0.005810083,25.6,1,1055,0.820273725,0.439439899,1,0,14.12125,1.495243097,1,39,95.2027027,96.01351351,2.21,193,46.03,54.3,64.1,511.3,37.5,0.146,0.49,3,1.1,77.9,10.5,1.53,27.11,45.25,27.64,2214.5,0.528,23.3,-0.996,0.092,9.81,2.78,16.150084,4.678595116,7.601968912,13.95839378,7.030725389,-0.02721098,-0.09098101,-0.026802469,0.58998073
11451715,0.117653588,9.1,2,252,0.9935351,0.180069176,1,0,11.655139,0.944331954,1,74.5,95.1245363,76.20561738,0.9,247.9,70.02,59.6,55.5,854.4,1,0.615,0.96,4,1.19,43.2,10.66,0.49,37.34,42.78,19.88,560.5,0.34,18.2,-0.265,0.964,10.43,10.33,18.827651,2.304121352,5.157482856,23.98777733,10.34183138,-0.10161265,-0.17261918,-0.000991337,0.440970776
9430600,0.112821345,60.8,1,32,0.976561635,0.120831581,1,0,31.471915,0.982202585,1,70,95.08174387,96.94822888,1.85,190.5,67.41,44.7,72,593.8,14,0.222,0.58,3,1.32,53.1,9.96,2.05,31.86,33.61,34.53,2371.3,0.444,40.6,-0.973,-0.231,19.49,9.71,15.895541,5.696973135,9.305669291,91.38944882,35.34944882,-0.010031994,-0.009456821,-0.002010775,
11113500,0.018832193,0,2,34,1.056716506,0.158585141,1,0,85.14101,0.938475197,1,34.9,95,90.74829932,2.67,103.3,67.78,49.9,39.1,708.5,2.6,0.693,1.18,4,1.59,40.1,9.58,1.4,23.56,44.22,32.23,996,0.437,34.4,-0.944,-0.329,8.24,15.01,15.259699,30.60330822,37.52207164,84.35972894,53.69332043,0.306833822,0.120707476,-0.02083701,1.116919209
11458000,0.061003921,0,2,178,0.984921674,0.084890757,1,0,7.469418,0.749639592,1,44,94.80901077,93.24191969,1.81,566.3,96.01,63.5,67.6,752.1,1.4,0.629,0.68,4,1.21,26.8,11,1.67,26.49,45.86,27.64,276.3,0.212,18.6,-0.834,0.552,13.24,5.27,16.230256,0.513073094,1.896309377,,,0.415178669,0.289137373,0.124341333,1.064135749
11014000,0.014314168,32.6,2,97,1.057937738,0.163681386,1,0,70.695026,1.1438699,1,34.5,94.80519481,81.38528139,2.91,181.8,44.33,55.8,42.1,846.3,0,0.609,1.26,5,1.39,33.8,10.3,3.01,18.77,38.69,42.55,490.9,0.343,19.4,-0.048,-0.999,11.13,8.78,16.12831,14.04208239,17.86534653,,,-0.006185545,-0.010566427,-0.001197285,0.878566322
11014000,0.003831649,2.3,2,421,1.005882972,0.085615857,1,0,70.695026,1.1438699,1,22.66666667,94.61966605,95.60915275,2.91,181.8,44.33,55.8,42.1,846.3,0,0.609,1.26,5,1.39,33.8,10.3,3.01,18.77,38.69,42.55,490.9,0.343,19.4,-0.048,-0.999,11.45,4.97,16.12831,14.04208239,17.86534653,,,-0.007933595,-0.009275332,-0.015713013,0.813778329
11458000,0.026701716,39.6,2,91,1.010445807,0.095798896,1,0,7.469418,0.749639592,1,34.5,94.51518119,81.9294809,1.81,566.3,96.01,63.5,67.6,752.1,1.4,0.629,0.68,4,1.21,26.8,11,1.67,26.49,45.86,27.64,276.3,0.212,18.6,-0.834,0.552,7.91,19.59,16.230256,0.513073094,1.896309377,,,0.415178669,0.289137373,0.124341333,1.064135749
11042800,0.008390169,0,2,846,1.007610903,0.049725814,1,0,36.399541,1.263146869,1,63,94.46480938,87.02346041,1.14,148.5,33.74,54.3,29.5,884.7,0,0.599,0.94,4,1.23,20.3,12.27,2.7,18.97,36.43,44.59,484.1,0.326,8,-0.21,-0.978,11.65,7.04,14.66485,1.917557957,7.655757576,,,0.044951327,0.102959798,-0.013182291,
11148900,0.263869251,3.4,2,155,1.121276584,0.345318761,1,0,6.063932,1.901817314,1,62.96,94.42264574,70.6838565,1.48,403.5,69.16,62.7,52.5,745.3,1.5,0.653,0.99,5,1.22,31.2,11.37,2.86,22.94,36.87,40.19,551.8,0.337,21.3,-0.586,0.81,10.3,11.45,16.11163,1.860832125,3.682081784,20.74907063,12.52795539,-0.033344383,-0.025799208,-0.003367973,0.907320201
11152050,0.108642627,66.7,2,814,1.142610902,0.401087218,1,0,5.778692,1.628838967,1,55.875,94.41760601,93.29039184,1.67,771.5,74.52,63.7,58.2,676.7,2.4,0.652,1.04,6,2.02,38.4,10.1,2.9,21.11,35.63,43.26,674.8,0.359,31.4,0.227,0.974,8.75,11.74,17.029979,2.814091554,3.832378483,12.12311082,8.239170447,-0.083696349,-0.130360625,-0.01582025,
9513780,0.141663865,132.2,1,767,0.836734777,0.504382831,1,0,90.81327,1.095059029,1,15.90916667,94.39868204,99.21746293,2.34,177.5,52.71,40,52.6,949,0.8,0.196,0.87,3,1.36,22.1,10.1,3.45,30.93,30.45,38.62,1208.9,0.467,22.5,-0.241,-0.97,26.92,4.37,18.230644,38.35176222,28.51808451,16.69070423,2.558647887,0.008643851,-0.010861066,-0.003648417,0.833262072
9223000,0.005405011,17.2,1,775,1.056610323,0.156906473,1,0,5.143309,0.28646492,1,43,94.33778067,87.53660918,2.36,333.2,72.15,51,99.3,376.5,64.9,0.231,0.8,4,1.67,73,10.81,2.89,20.19,50.73,29.08,2583.7,0.411,18,-0.667,-0.745,2.79,4.92,17.636514,0.353832741,1.350540216,,,,,,0.8556535
14179000,0.260826488,15.3,1,54,1.003200019,0.105808696,1,0,77.381654,1.177119032,1,61.99277778,94.20832416,97.79784189,1.73,272.5,205.35,67.6,161.7,519,44.6,0.425,0.85,4,1.29,71.1,10.13,5.02,13.2,43.79,43.02,1149.5,0.401,34.9,0.483,-0.876,7.84,14.62,13.481528,50.11100534,49.83555963,77.26253211,38.73291743,0.210483627,0.133794503,0.100213383,0.841001368
11149900,0.080919741,2.5,2,266,1.152265215,0.348179198,1,0,21.73561,1.616261858,1,64,94.17989418,70.79365079,1.56,556.4,63.26,62,54,737.5,1.5,0.659,1.13,4,1.35,33.5,10.91,2.31,24.37,37.78,37.85,533.4,0.186,19.5,-0.995,-0.102,10.24,10.95,16.227347,8.848335816,13.12359813,28.84609993,15.65149173,-0.152632416,-0.28278045,-0.012681255,0.248470686
11138500,0.001740422,0,2,510,1.019810025,0.204665113,1,0,43.010103,1.393757,1,40,94.03069926,83.57021035,2,728.9,69.82,57.6,39.6,665.2,7.1,0.686,1.16,5,1.44,28.2,9.8,1.39,21.86,41.68,36.45,994.2,0.424,34.2,0.199,-0.98,11,5.11,16.60856,32.67864011,35.43658938,,,-0.070876973,-0.150943448,-0.017087662,0.50503316
9497980,0.277798523,98.5,1,824,1.178786334,0.498182891,1,0,9.741345,0.397009519,1,49,94.02959394,95.07914659,1.21,516.8,68.36,41,69.3,673.1,9.8,0.135,0.7,3,1.67,36.3,10.57,3.03,22.54,34.63,42.83,1688.6,0.518,19.9,-0.996,0.089,21.95,9.19,17.814094,1.281628952,1.802612229,7.793188854,1.943034056,0.181422025,-0.043199143,-0.05462882,0.75918412
11149900,0.047584879,0,2,605,1.095038769,0.224105505,1,0,17.709379,0.835520463,1,46,93.94719897,95.04185448,1.56,556.4,63.26,62,54,737.5,1.5,0.659,1.13,4,1.35,33.5,10.91,2.31,24.37,37.78,37.85,533.4,0.186,19.5,-0.995,-0.102,10.24,10.95,16.227347,3.652168799,5.344680086,28.84609993,15.65149173,-0.018864887,-0.022315158,-0.021583866,
11113500,0.019736796,0,2,145,1.01380428,0.071628294,1,0,18.940755,1.81859973,1,40.66666667,93.78023497,84.24326192,2.67,103.3,67.78,49.9,39.1,708.5,2.6,0.693,1.18,4,1.59,40.1,9.58,1.4,23.56,44.22,32.23,996,0.437,34.4,-0.944,-0.329,8.24,15.01,15.259699,12.37726183,14.70493708,84.35972894,53.69332043,0.006263592,0.01337862,0.00190855,1.132471162
9404450,0.006074178,0,1,483,1.042830021,0.135796959,1,0,14.12125,1.495243097,1,19.8,93.76689189,90.27027027,2.21,193,46.03,54.3,64.1,511.3,37.5,0.146,0.49,3,1.1,77.9,10.5,1.53,27.11,45.25,27.64,2214.5,0.528,23.3,-0.996,0.092,7.99,4.61,16.150084,4.678595116,7.601968912,13.95839378,7.030725389,-0.059390061,-0.144598633,-0.034442,0.449450623
11173200,0.312893038,80.7,2,496,1.034555477,0.11887915,1,0,87.006427,0.955234442,1,78,93.67951128,81.25,1.32,199.1,62.25,63.2,58.1,792.3,4.1,0.584,0.96,4,1.42,34.1,10.49,2.12,23.06,45.64,31.3,817,0.536,26.7,0.459,-0.888,8.06,8.66,16.584267,21.85655409,36.6775992,,,-0.053380448,-0.174917,-0.088926062,0.626923961
12142000,1.056750888,195.9,1,58,1.053232165,0.147826964,1,0,5.299237,0.724100775,1,60.96166667,93.55345912,87.96046721,2.76,165.6,333.51,74.1,209.9,513.4,48.6,0.323,0.67,4,1.5,54.7,9.71,5.63,7.09,35.43,57.48,931.7,0.405,44.4,0.117,-0.993,7.32,27.49,13.000419,0.911088829,3.573913043,,,0.001506249,-0.015546699,-0.016700071,1.117515397
11461500,0.137610017,64.7,2,157,1.018554277,0.072841779,1,0,19.923258,2.990428809,1,37.9375,93.50783182,98.96949711,2.19,238.7,114.45,62.5,77.8,761.6,2,0.595,1.06,4,1.35,37.3,11.11,0.92,28.71,43.04,28.25,497.3,0.27,20.9,-0.276,-0.961,9.37,17.85,16.250428,4.814853355,10.7385421,23.12739841,8.386175115,0.369863037,0.233112312,0.021301804,1.03650946
14377100,0.205177688,31.6,1,587,,0.281925812,1,0,28.669395,1.651795461,1,92.66666667,93.47109913,88.46960168,1.76,985.4,191.3,67.1,117.4,611.4,14.9,0.517,0.73,5,1.23,48.6,11.28,1.86,26.48,40.95,32.57,880.2,0.289,27.4,0.76,-0.65,7.92,13.49,15.365487,11.14130753,16.47692308,28.04867059,7.48110412,-0.135833937,-0.337825093,-0.18017462,0.425232851
11113000,0.027924741,0,2,145,1.070843233,0.219684419,1,0,34.168763,0.626898493,1,47.5,93.43501326,81.16710875,1.41,650,68.34,45.4,34.7,663.4,7.7,0.69,1.22,4,1.67,44.6,9.91,2,22.07,41.65,36.28,1251.5,0.512,32.7,-1,0.016,6.44,14.64,16.054577,19.70198669,21.99904615,14.98787692,8.055507692,0.0061851,0.01004091,0.00293228,1.169524863
11278400,0.057051087,137.1,1,337,1.027508966,0.350225515,1,0,25.788143,0.4590475,1,11,93.42574257,99.92079208,1.88,610.5,130.21,62.7,76.4,514,47.9,0.559,0.69,5,1.44,58.1,10.13,8.79,8.15,22.58,69.27,2176.1,0.578,25.1,-0.675,-0.738,15.91,1.07,14.084845,9.684830674,12.71616708,24.33238329,12.88255528,0.010556646,-0.010139737,0.004717483,0.955176759
11059300,0.079323016,0,1,31,1.082428357,0.47659346,1,0,5.953975,1.553102126,1,47.66666667,93.39675434,79.29490767,1.38,946,67.84,42.5,47.8,641.9,27.6,0.57,1.05,5,1.86,28.1,10.09,7.16,11.69,29.16,59.16,1661,0.43,26,0.124,-0.992,19.83,1.22,19.036583,2.220004155,3.071511628,5.803953488,2.260084567,0.006505661,0.006768044,0.000316906,0.952395583
14377100,0.247707517,195.9,1,1000,,0.527811797,0.999353169,0,9.194173,1.448795502,0.993103448,37.75,93.35704125,94.76529161,1.76,985.4,191.3,67.1,117.4,611.4,14.9,0.517,0.73,5,1.23,48.6,11.28,1.86,26.48,40.95,32.57,880.2,0.289,27.4,0.76,-0.65,7.92,13.49,15.365487,6.337759213,7.258088086,28.04867059,7.48110412,-0.120517406,-0.169472201,-0.028610078,
11042900,0.012094811,0,2,846,1.002052842,0.058908951,1,0,15.117915,0.970781969,1,64,93.3181473,86.40850418,1.45,227.1,38.42,52.1,30.4,862.2,0.2,0.588,1,3,1.35,24,11.73,2.76,18.12,34.83,47.04,611.1,0.274,8.4,-0.245,-0.97,11.22,8.09,16.576693,2.290242769,3.785468956,,,,,,
11461000,0.089335422,58.6,2,789,1.069854434,0.212688368,1,0,32.301184,1.065652935,1,13.99333333,93.19248826,99.53051643,1.95,259.6,118.6,63.1,81.2,730.9,3,0.607,0.95,4,1.1,36,11.3,1.16,28.24,42.59,29.17,448.3,0.314,20.6,-0.997,0.077,7.07,18.28,15.086673,6.630779176,11.66221109,,,0.209937019,-0.022380016,-0.083442379,0.63869295
11451715,0.041235869,10.5,2,497,1.039612043,0.114015721,1,0,24.133838,1.666551161,1,45.66666667,93.16634241,96.93579767,0.9,247.9,70.02,59.6,55.5,854.4,1,0.615,0.96,4,1.19,43.2,10.66,0.49,37.34,42.78,19.88,560.5,0.34,18.2,-0.265,0.964,7.69,10.4,18.827651,2.888346264,4.86014522,23.98777733,10.34183138,0.068171654,-0.111624448,-0.088059976,0.633678478
11451715,0.002867092,0,2,540,1.127618833,0.273610703,1,0,5.595129,0.165455251,1,35.96555556,93.10344828,94.59770115,0.9,247.9,70.02,59.6,55.5,854.4,1,0.615,0.96,4,1.19,43.2,10.66,0.49,37.34,42.78,19.88,560.5,0.34,18.2,-0.265,0.964,8.75,13.34,18.827651,0.869588895,1.310246067,23.98777733,10.34183138,-0.019746142,-0.057276743,-0.01927148,0.693622789
11451715,0.080872564,0,1,981,1.049114271,0.113061378,1,0,11.690112,0.296371599,1,67.5,93.01136364,90.625,0.9,247.9,70.02,59.6,55.5,854.4,1,0.615,0.96,4,1.19,43.2,10.66,0.49,37.34,42.78,19.88,560.5,0.34,18.2,-0.265,0.964,13.19,3.31,18.827651,1.945488238,3.78987495,23.98777733,10.34183138,0.156024312,0.06469942,-0.124663435,0.832466486
9353800,0.002025386,10.3,1,54,0.985107177,0.347434291,1,0,14.01843,0.732598338,1,39.75,92.99757282,99.02912621,1.26,880.8,84.75,52.5,111.4,398.1,46.2,0.068,0.52,4,1.22,64.3,9.73,2.39,20.87,37.37,41.76,3029.5,0.446,33.4,-0.998,-0.061,12.37,8.92,9.979675,3.604967791,8.226089918,,,-0.01228406,-0.015386905,-0.003033844,
9342500,0.08687097,102.4,1,109,1.00732906,0.310873889,1,0,10.452957,1.515753581,1,33,92.99707273,94.55077685,2,726.9,99.32,50.6,102.4,399.5,54.9,0.122,0.66,4,1.3,63.2,9.73,5.26,19.93,41.58,38.49,2968.1,0.436,31.2,-0.871,-0.491,9.26,7.87,11.980939,3.405147869,4.768551383,,,,,,1.003178144
11224500,0.021746951,0.1,2,527,1.058013447,0.210205423,1,0,17.519332,1.2074693,1,46,92.98655757,84.16130918,2.43,247.4,47.01,49.5,44.4,791.8,2,0.63,1.19,5,1.82,29,10.38,1.74,35.56,40.29,24.15,804.2,0.402,26.1,-0.951,0.308,7.4,6.81,21.958024,10.79532778,13.10274859,,,-0.055450952,-0.185359228,-0.085632052,0.625048745
11043000,0.010386956,0,2,846,0.992382144,0.13468606,1,0,15.431556,1.785573251,1,64,92.96042618,85.76864536,1.41,572.5,37.11,54,29.9,879.2,0.1,0.614,1.02,5,1.08,23.8,12.19,2.65,18.48,35.38,46.14,520.6,0.207,8.3,-0.454,-0.891,11.66,7.87,16.167722,1.382765683,3.507877729,,,0.048427092,0.107412762,-0.011260974,
11355500,0.014484307,59,1,98,1.172997284,0.433229843,1,0,14.210577,1.134187284,1,62.83333333,92.9513758,98.75612514,2.22,312.8,126.13,57.7,91.5,509,48.1,0.459,0.36,4,1.36,70.9,10.7,3.62,12.35,40.27,47.38,1795.8,0.258,14.4,0.31,0.951,8.75,8.26,10.440346,3.618371295,4.67637468,14.25460358,5.147314578,0.030874988,0.022651999,-0.019625809,0.993896946
9342500,0.056875164,175.5,1,99,1.045935078,0.343954556,1,0,10.452957,1.515753581,1,29,92.92952038,98.60391804,2,726.9,99.32,50.6,102.4,399.5,54.9,0.122,0.66,4,1.3,63.2,9.73,5.26,19.93,41.58,38.49,2968.1,0.436,31.2,-0.871,-0.491,9.26,7.87,11.980939,3.405147869,4.768551383,,,,,,1.003178144
11138500,0.019307806,83.1,1,978,0.996165804,0.110061894,1,0,14.684484,0.673222561,1,34.75,92.88674033,88.05248619,2,728.9,69.82,57.6,39.6,665.2,7.1,0.686,1.16,5,1.44,28.2,9.8,1.39,21.86,41.68,36.45,994.2,0.424,34.2,0.199,-0.98,12.13,3.77,16.60856,2.711386657,3.72223899,,,0.009270238,-0.016003441,-0.022367386,0.863240937
8277470,0.009702352,115,1,125,0.896168517,0.499092702,1,0,20.31672,1.556455052,1,9.988055556,92.81830937,96.03647843,2.31,258,82.04,52.2,90.9,369.5,36.6,0.073,0.53,3,1.49,64,10.04,1.28,27.65,33.69,38.66,3038.8,0.43,25.8,0.472,0.881,13.29,11.16,17.790895,5.458742065,6.172325581,19.94930233,14.98604651,-0.016481747,-0.018029543,0.001491012,0.969439731
11159200,0.241291212,0,2,277,1.094359391,0.286927718,1,0,12.563615,1.632601188,1,49.66666667,92.79411765,92.05882353,1.76,71,84.62,68.1,68.6,691.1,0.1,0.629,0.85,3,1.21,34.5,10.12,2.59,21.18,36.59,42.23,305.2,0.333,21,-0.996,-0.089,10.55,16.18,16.438445,0.115679955,6.346901408,,,-0.127837624,-0.198151712,-0.021594393,0.520919075
9510200,0.004068088,33.3,2,1024,1.102172825,0.246136446,1,0,13.021051,1.954168424,1,22,92.77777778,89.35897436,1.74,425.3,61.33,36.1,50,956.2,2.1,0.215,1.04,5,1.39,30.1,10.19,4.14,15.96,29.86,54.17,1161.3,0.383,21.4,-0.57,-0.822,11.26,8.96,17.785195,2.9162357,3.650787679,51.02477531,24.56769952,-0.009126451,-0.030659327,-0.015634529,0.775327805
11456000,0.06335605,34.6,2,91,0.995159019,0.039610595,1,0,8.882523,2.160787162,1,34.5,92.74599542,83.06636156,1.79,212.3,104.44,64,69.8,743.7,1.5,0.624,0.68,4,1.39,28.5,10.89,2.14,24.23,44.57,31.21,305.3,0.209,20.9,-0.876,0.483,7.94,21.08,16.071526,1.060217481,3.36895902,,,0.346790641,0.226602182,0.063994836,1.076802118
11138500,0.011227275,51.5,2,593,1.03351149,0.235225757,1,0,43.010103,1.393757,1,45,92.72313815,83.45650938,2,728.9,69.82,57.6,39.6,665.2,7.1,0.686,1.16,5,1.44,28.2,9.8,1.39,21.86,41.68,36.45,994.2,0.424,34.2,0.199,-0.98,8.21,17.01,16.60856,32.67864011,35.43658938,,,-0.070876973,-0.150943448,-0.017087662,0.50503316
12178100,0.386360054,47.1,1,60,0.999114666,0.096324416,1,0,5.210638,0.317886659,1,30,92.71438531,97.09504997,2.89,69.7,280.14,69.5,183.8,547.9,59.6,0.415,0.56,3,1.26,63.9,9.23,2.35,9.84,47.21,42.95,1300.6,0.457,58.3,0.676,-0.737,5.37,25.6,13.27064,0.330902641,4.119081779,,,0.02384693,0.012172949,0.002641247,0.810039498
11043000,0.07122484,3.3,2,827,0.990573751,0.11134701,1,0,15.431556,1.785573251,1,32.66666667,92.69406393,89.8021309,1.41,572.5,37.11,54,29.9,879.2,0.1,0.614,1.02,5,1.08,23.8,12.19,2.65,18.48,35.38,46.14,520.6,0.207,8.3,-0.454,-0.891,11.03,9.09,16.167722,1.382765683,3.507877729,,,0.048427092,0.107412762,-0.011260974,
11149900,0.114509067,251,2,493,1.221484027,0.475546449,1,0,28.802865,1.62219344,1,38,92.60217279,86.13554061,1.56,556.4,63.26,62,54,737.5,1.5,0.659,1.13,4,1.35,33.5,10.91,2.31,24.37,37.78,37.85,533.4,0.186,19.5,-0.995,-0.102,8.45,9.76,16.227347,15.62239126,19.76732566,28.84609993,15.65149173,-0.099807988,-0.274406916,-0.111636336,0.504944363
11461500,0.048756653,17.6,2,914,0.988341116,0.088105236,1,0,23.026463,1.979605621,1,53,92.58943782,83.47529813,2.19,238.7,114.45,62.5,77.8,761.6,2,0.595,1.06,4,1.35,37.3,11.11,0.92,28.71,43.04,28.25,497.3,0.27,20.9,-0.276,-0.961,6.91,22.15,16.250428,5.04689448,7.209426058,23.12739841,8.386175115,0.122348297,-0.068933365,-0.069828884,0.661306993
11014000,0.014485502,28.7,2,77,1.053990791,0.15563196,1,0,70.695026,1.1438699,1,36,92.5170068,85.15769944,2.91,181.8,44.33,55.8,42.1,846.3,0,0.609,1.26,5,1.39,33.8,10.3,3.01,18.77,38.69,42.55,490.9,0.343,19.4,-0.048,-0.999,11.13,8.78,16.12831,14.04208239,17.86534653,,,-0.006185545,-0.010566427,-0.001197285,0.878566322
11059300,0.104167583,0,2,202,1.03142575,0.110075204,1,0,5.953975,1.553102126,1,50.66666667,92.50139899,82.37269166,1.38,946,67.84,42.5,47.8,641.9,27.6,0.57,1.05,5,1.86,28.1,10.09,7.16,11.69,29.16,59.16,1661,0.43,26,0.124,-0.992,4.14,13.57,19.036583,2.220004155,3.071511628,5.803953488,2.260084567,-0.110035885,-0.177122045,-0.007142168,0.41869822
11466170,0.405537314,0,2,178,1.004904169,0.040021367,1,0,22.469984,1.304360211,1,30,92.48366013,90.6162465,1.63,56,106,64.2,74.7,734.4,0.9,0.619,0.66,2,1.24,27,11.09,1.2,26.85,43.61,29.55,220.7,0.248,12.2,0.779,-0.627,12.82,5.8,16.615901,0.386782233,1.523571429,,,0.318419031,0.182841954,0.02381423,1.085053809
14400000,0.47960455,212.8,1,1000,1.049615693,0.224438493,1,0,74.637963,1.39924243,1,27.8,92.41048916,91.04891578,2.39,702.6,309.76,70.5,152.8,633.4,7.5,0.474,0.61,4,2.78,43.6,10.25,1.24,28.5,48.99,22.5,671.2,0.431,36.5,-0.474,-0.88,8.79,23.56,12.840941,29.09731652,38.27613151,80.44816396,37.28364646,-0.106614833,-0.152036581,-0.019288246,
11109600,0.009871811,0,2,145,1.05513838,0.342615248,1,0,41.681744,1.066478672,1,45,92.39065309,83.04373877,1.66,963.8,55.61,42.7,35,676,11.8,0.673,1.1,5,2.08,52.1,10.21,5.72,18.55,37.45,44,1385.2,0.448,26,-0.765,0.644,5.21,11.63,16.693884,12.52429966,19.22524383,6.542218303,3.126727537,0.002965087,0.009267583,0.002196116,1.121524237
8277470,0.013280369,88.8,1,109,1.116280368,0.702131699,1,0,20.31672,1.556455052,1,14.91666667,92.37986671,93.6338127,2.31,258,82.04,52.2,90.9,369.5,36.6,0.073,0.53,3,1.49,64,10.04,1.28,27.65,33.69,38.66,3038.8,0.43,25.8,0.472,0.881,14.21,9.44,17.790895,5.458742065,6.172325581,19.94930233,14.98604651,-0.016481747,-0.018029543,0.001491012,0.969439731
11113000,0.0180792,9.9,2,86,0.923328512,0.185283104,1,0,18.928716,1.316921813,1,37.5,92.28432564,94.65370595,1.41,650,68.34,45.4,34.7,663.4,7.7,0.69,1.22,4,1.67,44.6,9.91,2,22.07,41.65,36.28,1251.5,0.512,32.7,-1,0.016,8.13,13.21,16.054577,6.141831074,9.616984615,14.98787692,8.055507692,0.337507811,0.159238311,-0.003296282,1.120543091
14377100,0.124141122,69.8,1,604,,0.373007421,1,0,28.669395,1.651795461,1,86.66666667,92.18328841,82.38993711,1.76,985.4,191.3,67.1,117.4,611.4,14.9,0.517,0.73,5,1.23,48.6,11.28,1.86,26.48,40.95,32.57,880.2,0.289,27.4,0.76,-0.65,11.63,7.84,15.365487,11.14130753,16.47692308,28.04867059,7.48110412,-0.135833937,-0.337825093,-0.18017462,0.425232851
11148900,0.429489313,57.6,2,810,1.153614515,0.426983332,1,0,10.274829,1.729434032,1,56.875,92.17439911,89.2118502,1.48,403.5,69.16,62.7,52.5,745.3,1.5,0.653,0.99,5,1.22,31.2,11.37,2.86,22.94,36.87,40.19,551.8,0.337,21.3,-0.586,0.81,8.75,10.52,16.11163,2.112819809,3.949739777,20.74907063,12.52795539,,,,
7103700,0.055304614,117.7,1,15,0.994251488,0.244188772,1,0,10.334753,0.918584336,1,14.9,92.02383681,94.82007793,2.23,264.2,59.97,52.8,94.9,393.5,27.6,0.361,0.86,4,1.42,49.5,10.03,9,11.62,33.61,54.77,2775.2,0.373,26.9,0.329,0.944,15.24,9.63,15.226314,5.396997417,6.578652536,9.350870553,5.675132475,-0.008688041,-0.016994808,-0.006040432,0.942401158
11022480,0.011076105,0,1,722,1.123312242,0.29683321,1,0,79.360851,1.036983012,1,71,91.91290824,78.27890098,1.63,953.6,51.86,51.9,43.3,807.8,2.2,0.585,0.84,5,1.19,31,10.52,3.4,17.08,31.75,51.17,640.4,0.294,18.5,0.017,-1,17.82,2.22,15.3664,57.24252031,58.6542156,,,-0.028756539,-0.041552171,-0.018424305,1.211290407
9537200,0.009850535,63.1,1,31,1.004243555,0.117342484,1,0,6.935676,1.368447575,1,37,91.87432286,69.37522571,2.92,204.1,46.24,40.9,51.3,786.8,2.6,0.298,0.78,4,1.29,29.6,10.92,1.33,25.41,36.25,38.34,1624.2,0.276,13.1,-0.729,-0.684,22.56,8.69,20.348083,0.97103498,2.353846154,,,-0.003987181,-0.00912645,0.002079344,
14316495,0.338009635,70.2,1,70,1.042242309,0.140082228,1,0,16.094913,0.522377109,1,20,91.82509506,97.21166033,3.22,79,151.17,69.9,146.8,566.3,31.2,0.389,0.75,3,1.19,69.4,9.42,2.92,17.72,48.53,33.75,1207.1,0.522,37.4,-0.867,-0.499,9.63,10.59,16.174613,1.753998604,3.350506329,15.23164557,6.731772152,0.422639899,0.242234464,0.141655836,1.110010447
11451715,0.00546004,30,2,894,1.057973587,0.12519047,1,0,11.690112,0.296371599,1,33,91.78977273,76.53409091,0.9,247.9,70.02,59.6,55.5,854.4,1,0.615,0.96,4,1.19,43.2,10.66,0.49,37.34,42.78,19.88,560.5,0.34,18.2,-0.265,0.964,7.28,15.2,18.827651,1.945488238,3.78987495,23.98777733,10.34183138,0.156024312,0.06469942,-0.124663435,0.832466486
9510200,0.237027695,105.8,1,392,0.920543072,0.318516452,1,0,38.424484,0.967102488,1,33,91.75084175,98.4006734,1.74,425.3,61.33,36.1,50,956.2,2.1,0.215,1.04,5,1.39,30.1,10.19,4.14,15.96,29.86,54.17,1161.3,0.383,21.4,-0.57,-0.822,26.64,6.95,17.785195,16.38612732,18.54300494,51.02477531,24.56769952,0.006264217,0.000887973,-0.001961623,0.821059687
11372000,0.018145038,0,1,1067,0.921898311,0.31994945,1,0,9.214676,0.866847706,1,41,91.74187726,99.18772563,1.46,589.9,149.15,61.6,92.2,773.2,13.3,0.544,0.71,4,1.55,62,10.11,2.48,20.64,39.59,39.77,857.8,0.39,33.5,-0.806,0.592,23.2,0.7,14.264321,2.919026622,4.249025259,,,-0.065806964,-0.101175526,-0.018555392,0.643746649
11456000,0.13244749,0,1,178,0.998322258,0.052569428,1,0,8.882523,2.160787162,1,44,91.67048055,90.52631579,1.79,212.3,104.44,64,69.8,743.7,1.5,0.624,0.68,4,1.39,28.5,10.89,2.14,24.23,44.57,31.21,305.3,0.209,20.9,-0.876,0.483,13.01,5.88,16.071526,1.060217481,3.36895902,,,0.346790641,0.226602182,0.063994836,1.076802118
11016200,0.000961167,26.4,2,465,1.045470147,0.102492888,1,0,6.759844,0.629284484,1,18,91.6484318,98.83296864,1.09,338.8,59.38,48.9,45.4,776.4,4.1,0.579,0.76,4,1.44,36.1,10.29,4,14.98,28.89,56.13,907.1,0.417,17.9,-0.03,-1,9.56,6.81,15.671068,2.568444526,4.396664699,6.931168831,4.65487013,-0.113631237,-0.304305123,-0.082525828,0.529404353
11449500,0.772547028,93.4,1,921,1.060590855,0.141782208,1,0,20.124733,1.609944458,1,22.85722222,91.63732394,95.51056338,1.81,95.3,148.47,60,80.8,774.8,1.3,0.621,0.7,3,1.52,33.3,10.94,1.18,24.63,43.26,32.11,804.1,0.359,20,0.851,-0.526,9.33,21.02,16.804113,7.764004234,10.69045121,,,0.119680425,-0.08824409,-0.075660262,0.442834324
11462500,0.0284767,22.9,2,914,1.000731405,0.142090943,1,0,5.854759,1.781748803,1,64,91.39194139,82.78388278,1.8,938.7,115.58,63.2,79.6,757,2,0.605,1.01,5,1.18,36.1,11.16,1.09,26.66,42.65,30.69,465.2,0.299,21.1,-0.76,-0.649,7.16,22.52,15.801847,1.319662649,1.833269415,5.881016299,2.132502397,0.122348297,-0.068933365,-0.069828884,0.661306993
11451715,0.00127934,0.8,2,914,1.006485327,0.122558444,1,0,24.133838,1.666551161,1,53,91.39105058,75.58365759,0.9,247.9,70.02,59.6,55.5,854.4,1,0.615,0.96,4,1.19,43.2,10.66,0.49,37.34,42.78,19.88,560.5,0.34,18.2,-0.265,0.964,7.28,15.2,18.827651,2.888346264,4.86014522,23.98777733,10.34183138,0.071984724,-0.069755528,-0.079700067,0.669456506
8277470,0.009702352,40.2,1,145,0.993134001,0.387517964,1,0,20.31672,1.556455052,1,6.5,91.3188355,95.44019642,2.31,258,82.04,52.2,90.9,369.5,36.6,0.073,0.53,3,1.49,64,10.04,1.28,27.65,33.69,38.66,3038.8,0.43,25.8,0.472,0.881,13.29,11.16,17.790895,5.458742065,6.172325581,19.94930233,14.98604651,-0.016481747,-0.018029543,0.001491012,0.969439731
9510200,0.019774502,39.7,1,744,0.856595668,0.382523992,1,0,38.424484,0.967102488,1,12.5,91.30892256,95.62289562,1.74,425.3,61.33,36.1,50,956.2,2.1,0.215,1.04,5,1.39,30.1,10.19,4.14,15.96,29.86,54.17,1161.3,0.383,21.4,-0.57,-0.822,27.56,4.68,17.785195,16.38612732,18.54300494,51.02477531,24.56769952,-0.021939639,-0.064808537,-0.008416474,0.795664402
11203580,0.053905622,0,1,44,1.034098532,0.108535901,1,0,93.162825,1.114322512,1,30.75,91.2936547,95.17953763,3,51.9,99.58,58.8,59.6,566.1,44.5,0.588,0.8,3,1.45,66.6,8.94,3.15,17.84,31.45,50.72,1892.1,0.45,34.8,-0.299,-0.954,11.2,3.96,17.121843,44.37867327,59.53352601,95.38420039,49.0867052,0.044753948,0.023066781,-0.010478996,0.934421533
11149900,0.172526994,73.9,2,584,1.216565063,0.499585303,1,0,17.709379,0.835520463,1,34.96555556,91.24275596,87.95878944,1.56,556.4,63.26,62,54,737.5,1.5,0.659,1.13,4,1.35,33.5,10.91,2.31,24.37,37.78,37.85,533.4,0.186,19.5,-0.995,-0.102,9.33,13.34,16.227347,3.652168799,5.344680086,28.84609993,15.65149173,-0.018864887,-0.022315158,-0.021583866,
9404450,0.002787666,14.3,1,1046,1.042275454,0.143709146,1,0,14.12125,1.495243097,1,37.75,91.18243243,89.32432432,2.21,193,46.03,54.3,64.1,511.3,37.5,0.146,0.49,3,1.1,77.9,10.5,1.53,27.11,45.25,27.64,2214.5,0.528,23.3,-0.996,0.092,9.81,2.78,16.150084,4.678595116,7.601968912,13.95839378,7.030725389,-0.02721098,-0.09098101,-0.026802469,0.58998073
9430600,0.009364618,39.3,1,476,1.017310017,0.175730066,1,0,13.587343,1.818895817,1,39,91.14709443,60.41162228,1.85,190.5,67.41,44.7,72,593.8,14,0.222,0.58,3,1.32,53.1,9.96,2.05,31.86,33.61,34.53,2371.3,0.444,40.6,-0.973,-0.231,15.89,7.73,15.895541,1.566147544,2.401417323,91.38944882,35.34944882,-0.05239975,-0.071526385,-0.005584105,
11148900,0.152988023,17.7,2,837,1.141336995,0.39117648,1,0,10.274829,1.729434032,1,50.66666667,91.11235327,71.04527669,1.48,403.5,69.16,62.7,52.5,745.3,1.5,0.653,0.99,5,1.22,31.2,11.37,2.86,22.94,36.87,40.19,551.8,0.337,21.3,-0.586,0.81,8.75,10.52,16.11163,2.112819809,3.949739777,20.74907063,12.52795539,,,,
14375100,0.073983228,35.1,1,604,,0.041150051,1,0,23.712785,1.647382994,1,85.8,91.04544105,79.74457974,2.26,217.4,166.4,67,117.8,567.4,24.2,0.5,0.72,4,1.3,53.2,9.91,1.58,22.46,43.23,34.31,1210.3,0.423,35.8,0.532,-0.847,9.84,6.83,12.945906,7.620203677,10.26306348,21.76485741,3.298620055,-0.051795897,-0.224477358,-0.145356999,0.474359489
11077500,0.020461489,54.8,2,97,1.038309159,0.194114675,1,0,24.501378,1.161798467,1,44.96888889,90.91233072,73.34283678,1.28,240.8,51.01,60.8,37.1,825.6,0,0.654,1.13,5,1.61,20.2,10.37,1.7,25.4,46.19,28.41,553.2,0.308,25.4,-0.221,-0.975,12.07,11.6,17.754193,9.989975637,12.6130814,,,-0.037306902,-0.052824045,0.000655061,0.68515721
11152050,0.051752062,28.8,2,841,1.13545358,0.394119732,1,0,5.778692,1.628838967,1,50.875,90.90177134,78.52925389,1.67,771.5,74.52,63.7,58.2,676.7,2.4,0.652,1.04,6,2.02,38.4,10.1,2.9,21.11,35.63,43.26,674.8,0.359,31.4,0.227,0.974,8.75,11.74,17.029979,2.814091554,3.832378483,12.12311082,8.239170447,-0.083696349,-0.130360625,-0.01582025,
11458000,0.229014719,85.2,2,163,1.028256697,0.132844062,1,0,7.469418,0.749639592,1,18.88916667,90.79333986,94.36826641,1.81,566.3,96.01,63.5,67.6,752.1,1.4,0.629,0.68,4,1.21,26.8,11,1.67,26.49,45.86,27.64,276.3,0.212,18.6,-0.834,0.552,10.87,15.05,16.230256,0.513073094,1.896309377,,,0.415178669,0.289137373,0.124341333,1.064135749
11456000,0.023741846,13.6,2,121,1.022302596,0.078239651,1,0,60.472826,0.901596113,1,61,90.76988516,89.74904296,1.79,212.3,104.44,64,69.8,743.7,1.5,0.624,0.68,4,1.39,28.5,10.89,2.14,24.23,44.57,31.21,305.3,0.209,20.9,-0.876,0.483,7.94,21.08,16.071526,22.62324764,34.12581253,,,0.132349076,0.06449546,0.029446462,0.931223526
11059300,0.011943352,0,2,1008,1.159017681,0.473884596,1,0,5.953975,1.553102126,1,59.66666667,90.7106883,91.04644656,1.38,946,67.84,42.5,47.8,641.9,27.6,0.57,1.05,5,1.86,28.1,10.09,7.16,11.69,29.16,59.16,1661,0.43,26,0.124,-0.992,5.83,12.26,19.036583,2.220004155,3.071511628,5.803953488,2.260084567,0.114738498,-0.156899848,-0.078362245,0.631307471
11063510,0.011816638,29.1,2,582,0.978420849,0.206544628,1,0,75.044644,1.007263416,1,52,90.69331668,87.69519051,2.04,144.5,66.42,46,40.7,690.4,4.5,0.635,0.96,4,1.54,50.7,9.96,6.14,10.54,26.94,62.52,1273.4,0.272,22.4,-0.728,0.686,8.58,13.15,18.45637,20.60685912,23.61986159,74.67695502,36.88442907,0.055274928,-0.09468491,-0.093971218,0.643300421
9353800,0.003729281,152.4,1,446,0.99035568,0.155306339,1,0,14.01843,0.732598338,1,42,90.65533981,98.22815534,1.26,880.8,84.75,52.5,111.4,398.1,46.2,0.068,0.52,4,1.22,64.3,9.73,2.39,20.87,37.37,41.76,3029.5,0.446,33.4,-0.998,-0.061,12.37,8.92,9.979675,3.604967791,8.226089918,,,-0.130797709,-0.200089698,-0.018861108,
11461500,0.068686379,28.9,2,91,0.985256618,0.086276014,1,0,19.923258,2.990428809,1,24.88916667,90.6430338,89.36521022,2.19,238.7,114.45,62.5,77.8,761.6,2,0.595,1.06,4,1.35,37.3,11.11,0.92,28.71,43.04,28.25,497.3,0.27,20.9,-0.276,-0.961,6.91,22.15,16.250428,4.814853355,10.7385421,23.12739841,8.386175115,0.369863037,0.233112312,0.021301804,1.03650946
11113000,0.010150491,0,2,813,0.994126874,0.181172178,1,0,34.168763,0.626898493,1,46.875,90.58355438,81.76392573,1.41,650,68.34,45.4,34.7,663.4,7.7,0.69,1.22,4,1.67,44.6,9.91,2,22.07,41.65,36.28,1251.5,0.512,32.7,-1,0.016,10.02,5.32,16.054577,19.70198669,21.99904615,14.98787692,8.055507692,-0.062476334,-0.128931649,-0.018536262,0.582739149
11463900,0.063781093,12.2,2,461,1.027262972,0.113170603,1,0,78.702752,0.833942644,1,61.5,90.51537462,85.10177566,2.86,114.1,115.9,65.1,67.8,746.4,0.7,0.617,0.72,3,1.38,36.4,11.12,1.75,27.22,44.13,28.65,413,0.282,23.9,-0.601,-0.799,7.87,23.23,15.761656,11.07121403,21.33260298,,,0.026084146,-0.115278009,-0.088143993,0.607639683
11451715,0.044548446,138.4,2,542,1.125238619,0.2863721,1,0,5.595129,0.165455251,1,41.66666667,90.48850575,92.5862069,0.9,247.9,70.02,59.6,55.5,854.4,1,0.615,0.96,4,1.19,43.2,10.66,0.49,37.34,42.78,19.88,560.5,0.34,18.2,-0.265,0.964,8.75,13.34,18.827651,0.869588895,1.310246067,23.98777733,10.34183138,-0.019746142,-0.057276743,-0.01927148,0.693622789
11065000,0.012578352,40.3,2,582,1.00950537,0.268682785,1,0,33.742927,1.953161117,1,53,90.47927461,90.99740933,1.55,364.7,81.4,47.7,43.6,701.5,4.2,0.649,1.11,5,1.12,49.6,10,6.62,10.83,28.51,60.66,1250.1,0.343,27.3,-0.675,0.738,8.63,16.46,19.024359,9.084707504,11.94332328,33.44313134,17.52322457,0.056370652,-0.092943493,-0.094504975,0.654850569
11466200,0.169157798,12.4,2,121,1.026504585,0.085870066,1,0,34.361034,1.403707824,1,61.5,90.45716822,87.92720817,1.32,144.8,107.68,64.2,75.1,733.1,1.3,0.62,0.7,4,1.27,28.1,11.03,1.27,27,44.02,28.98,258.7,0.293,15.8,0.094,-0.996,8.23,21.97,17.015969,18.43726499,19.21139503,,,0.124942461,0.043239783,0.020775013,0.8871486
11204100,0.016710448,0,1,44,1.08286589,0.195336546,1,0,45.981764,1.33889849,1,30.85722222,90.42136208,94.61048506,2.9,249.1,79.83,55.9,53.1,703.2,25.2,0.595,0.74,4,1.36,65.9,9.43,2.64,18.72,31.31,49.98,1348.7,0.417,34.4,0.119,-0.993,13.98,3.14,17.505672,14.70255814,23.47442794,48.9626656,16.38281815,0.039050928,0.017864718,-0.015427779,0.929846977
11461000,0.053230386,24.6,2,91,0.989308655,0.084631054,1,0,32.301184,1.065652935,1,24.88916667,90.27777778,93.97496088,1.95,259.6,118.6,63.1,81.2,730.9,3,0.607,0.95,4,1.1,36,11.3,1.16,28.24,42.59,29.17,448.3,0.314,20.6,-0.997,0.077,6.98,23.46,15.086673,6.630779176,11.66221109,,,0.326495311,0.194789621,0.002739299,1.016615306
11466320,0.18603327,13.7,2,121,1.022395675,0.081322436,1,0,24.946189,1.516647465,1,61.5,90.19873532,87.71454381,1.27,199.4,102.63,64.2,72,732.8,1,0.622,0.67,4,1.3,28.7,12.14,1.14,27.37,43.92,28.71,204.1,0.243,12.2,-0.118,-0.993,8.23,20.92,16.638396,13.68925187,13.95090271,,,0.124914203,0.043202759,0.020754334,0.887168743
11458500,0.021651824,9.5,2,121,1.000803965,0.071089045,1,0,14.134659,1.872868589,1,61,90.13339466,90.93836247,2.59,150.4,107.96,63.9,77.4,739.6,1.4,0.626,0.64,3,1.77,23.2,10.42,1.81,24.93,43.89,31.18,301.1,0.336,17.6,-0.861,-0.509,8.12,22.19,19.519202,0.499796572,1.447539894,,,0.094974443,-0.006614392,-0.014308923,0.809819098
11063510,0.016049464,24.5,2,574,0.939039799,0.352191992,1,0,75.044644,1.007263416,1,76.66666667,90.13116802,94.87820112,2.04,144.5,66.42,46,40.7,690.4,4.5,0.635,0.96,4,1.54,50.7,9.96,6.14,10.54,26.94,62.52,1273.4,0.272,22.4,-0.728,0.686,8.58,13.15,18.45637,20.60685912,23.61986159,74.67695502,36.88442907,0.055274928,-0.09468491,-0.093971218,0.643300421
11138500,0.000532227,0,2,895,0.919121528,0.380245542,1,0,14.684484,0.673222561,1,20.5,90.12430939,89.08839779,2,728.9,69.82,57.6,39.6,665.2,7.1,0.686,1.16,5,1.44,28.2,9.8,1.39,21.86,41.68,36.45,994.2,0.424,34.2,0.199,-0.98,8.07,14.16,16.60856,2.711386657,3.72223899,,,0.009270238,-0.016003441,-0.022367386,0.863240937
11451715,0.014049895,131.8,1,573,1.088264708,0.288398161,1,0,5.595129,0.165455251,1,46,90.11494253,93.90804598,0.9,247.9,70.02,59.6,55.5,854.4,1,0.615,0.96,4,1.19,43.2,10.66,0.49,37.34,42.78,19.88,560.5,0.34,18.2,-0.265,0.964,10.43,10.33,18.827651,0.869588895,1.310246067,23.98777733,10.34183138,-0.019746142,-0.057276743,-0.01927148,0.693622789
12458000,0.13891912,95.1,1,797,1.171911443,0.430532139,1,0,5.169794,0.318690183,1,57,90.1144641,81.61637183,2.59,499.4,176.56,71.1,157.7,419.4,70.7,0.458,0.67,4,1.32,69,9.68,2.49,10.63,40.25,49.12,1547.5,0.478,47.9,0.438,0.899,4.21,14.22,13.609184,2.481762153,2.303704445,,,-0.074691315,-0.11871238,-0.013079824,
9342500,0.056096053,180.5,1,105,1.04356835,0.221301747,1,0,10.452957,1.515753581,1,27.96555556,90.08106282,91.71357802,2,726.9,99.32,50.6,102.4,399.5,54.9,0.122,0.66,4,1.3,63.2,9.73,5.26,19.93,41.58,38.49,2968.1,0.436,31.2,-0.871,-0.491,9.26,7.87,11.980939,3.405147869,4.768551383,,,,,,1.003178144
11463200,0.162799281,0,2,76,0.988997495,0.079888237,1,0,8.567301,1.526268959,1,82,90.06094702,70.32348805,2.22,220.9,130.76,61.7,78,793.4,1.1,0.617,0.65,4,1.29,31.1,10.07,1.12,28.01,43.94,28.05,641.5,0.429,28.1,-0.469,-0.883,7.71,25.81,12.856578,2.075956995,4.007424174,,,0.006765791,0.007596831,0.000332383,
11042900,0.006483816,3.1,2,868,0.982456433,0.155945192,1,0,15.117915,0.970781969,1,39.66666667,90.0531511,85.80106302,1.45,227.1,38.42,52.1,30.4,862.2,0.2,0.588,1,3,1.35,24,11.73,2.76,18.12,34.83,47.04,611.1,0.274,8.4,-0.245,-0.97,12.22,7.24,16.576693,2.290242769,3.785468956,,,,,,
11449500,0.088545775,0,1,936,0.987551274,0.070770241,1,0,20.124733,1.609944458,1,55.66666667,90.0528169,85.82746479,1.81,95.3,148.47,60,80.8,774.8,1.3,0.621,0.7,3,1.52,33.3,10.94,1.18,24.63,43.26,32.11,804.1,0.359,20,0.851,-0.526,11.4,8.74,16.804113,7.764004234,10.69045121,,,0.119680425,-0.08824409,-0.075660262,0.442834324
11138500,0.005166878,3.9,2,529,1.030720691,0.240188267,1,0,43.010103,1.393757,1,37,89.99431495,82.83115406,2,728.9,69.82,57.6,39.6,665.2,7.1,0.686,1.16,5,1.44,28.2,9.8,1.39,21.86,41.68,36.45,994.2,0.424,34.2,0.199,-0.98,8.18,9.48,16.60856,32.67864011,35.43658938,,,-0.070876973,-0.150943448,-0.017087662,0.50503316
11042800,0.02898422,3,2,868,0.968347588,0.119607623,1,0,36.399541,1.263146869,1,39.66666667,89.91935484,86.43695015,1.14,148.5,33.74,54.3,29.5,884.7,0,0.599,0.94,4,1.23,20.3,12.27,2.7,18.97,36.43,44.59,484.1,0.326,8,-0.21,-0.978,12.83,6.5,14.66485,1.917557957,7.655757576,,,0.044951327,0.102959798,-0.013182291,
11466800,0.020189085,15.3,2,121,1.003568996,0.090924988,1,0,13.403992,2.005967198,1,61.66666667,89.90228013,87.15681712,2.06,652.2,100.52,64.6,68.1,730.4,0.8,0.63,0.68,4,1.71,30,13.03,1.22,29.33,42.59,28.08,155.1,0.185,9.2,-0.054,-0.999,8.21,20.47,16.611166,7.269984253,7.898942042,,,0.135516235,0.058364036,0.029065182,0.902839224
11458000,0.002880185,15,2,121,0.990853415,0.121075532,1,0,23.054366,1.506954112,1,62,89.77888087,89.16967509,1.81,566.3,96.01,63.5,67.6,752.1,1.4,0.629,0.68,4,1.21,26.8,11,1.67,26.49,45.86,27.64,276.3,0.212,18.6,-0.834,0.552,7.91,19.59,16.230256,8.493122166,12.92929543,,,0.131902318,0.063859134,0.02908191,0.931090554
9430600,0.029283011,0,1,155,1.035997771,0.208945044,1,0,13.587343,1.818895817,1,30,89.67917676,81.3559322,1.85,190.5,67.41,44.7,72,593.8,14,0.222,0.58,3,1.32,53.1,9.96,2.05,31.86,33.61,34.53,2371.3,0.444,40.6,-0.973,-0.231,10.97,6.38,15.895541,1.566147544,2.401417323,91.38944882,35.34944882,-0.05239975,-0.071526385,-0.005584105,
11462500,0.039517454,39.2,2,91,0.973831719,0.125034787,1,0,14.014819,1.559220106,1,24.9,89.66227348,93.65733114,1.8,938.7,115.58,63.2,79.6,757,2,0.605,1.01,5,1.18,36.1,11.16,1.09,26.66,42.65,30.69,465.2,0.299,21.1,-0.76,-0.649,7.16,22.52,15.801847,3.010044322,5.965196548,5.881016299,2.132502397,0.342164246,0.20863686,0.009445792,1.023963702
11022480,0.004899618,0,2,875,1.154942363,0.374772957,1,0,79.360851,1.036983012,1,49.75,89.58009331,68.37739762,1.63,953.6,51.86,51.9,43.3,807.8,2.2,0.585,0.84,5,1.19,31,10.52,3.4,17.08,31.75,51.17,640.4,0.294,18.5,0.017,-1,11.62,11.2,15.3664,57.24252031,58.6542156,,,-0.028756539,-0.041552171,-0.018424305,1.211290407
11274630,0.012586932,42.4,2,968,1.156773318,0.397885298,1,0,14.544513,0.969698236,1,29.92333333,89.50437318,77.72594752,1.77,187.4,43.32,61.7,49.1,799,2.1,0.604,1.08,4,1.42,30.9,10.3,1.62,26.46,42.13,31.41,559.2,0.472,26.1,-0.722,0.692,10.16,8.15,18.975462,2.596224212,4.075933831,,,-0.024478794,-0.036093612,-0.011228248,0.786918332
14096850,0.00914665,3.7,1,290,1.155831799,0.360603579,1,0,7.505168,0.957519764,1,48,89.44069431,87.14239794,1.76,374.6,63.23,63.5,98.2,572.8,37.1,0.399,0.75,4,1.18,80.4,11.21,2.4,21.23,40.29,38.48,942.7,0.253,10.6,-0.847,0.531,5.94,4.02,16.908903,1.035776307,1.611639082,,,-0.122063966,-0.26034122,-0.061423005,0.655470696
8277470,0.010525516,197.8,1,113,1.064464736,0.234315417,1,0,20.31672,1.556455052,1,19.5,89.36338127,73.53560154,2.31,258,82.04,52.2,90.9,369.5,36.6,0.073,0.53,3,1.49,64,10.04,1.28,27.65,33.69,38.66,3038.8,0.43,25.8,0.472,0.881,14.21,9.44,17.790895,5.458742065,6.172325581,19.94930233,14.98604651,-0.016481747,-0.018029543,0.001491012,0.969439731
11149900,0.014962518,0,2,259,1.275143929,0.624806391,1,0,21.73561,1.616261858,1,41.66666667,89.33862434,70.42328042,1.56,556.4,63.26,62,54,737.5,1.5,0.659,1.13,4,1.35,33.5,10.91,2.31,24.37,37.78,37.85,533.4,0.186,19.5,-0.995,-0.102,9.33,13.34,16.227347,8.848335816,13.12359813,28.84609993,15.65149173,-0.152632416,-0.28278045,-0.012681255,0.248470686
11014000,0.001713339,4.1,2,866,1.03205587,0.139388489,1,0,34.921161,0.643563446,1,59,89.32102835,47.52801582,2.91,181.8,44.33,55.8,42.1,846.3,0,0.609,1.26,5,1.39,33.8,10.3,3.01,18.77,38.69,42.55,490.9,0.343,19.4,-0.048,-0.999,12.36,9.83,16.12831,24.61891647,27.06188119,,,-0.016505346,-0.015795545,-0.021393726,1.510719658
11148900,0.081406471,3.6,2,803,1.116673088,0.337460491,1,0,10.274829,1.729434032,1,52.5,89.2118502,95.24874231,1.48,403.5,69.16,62.7,52.5,745.3,1.5,0.653,0.99,5,1.22,31.2,11.37,2.86,22.94,36.87,40.19,551.8,0.337,21.3,-0.586,0.81,11.7,7.38,16.11163,2.112819809,3.949739777,20.74907063,12.52795539,,,,
11149900,0.019899131,274.2,2,484,1.208873108,0.49345718,1,0,28.802865,1.62219344,1,19,89.13605794,98.24107605,1.56,556.4,63.26,62,54,737.5,1.5,0.659,1.13,4,1.35,33.5,10.91,2.31,24.37,37.78,37.85,533.4,0.186,19.5,-0.995,-0.102,8.45,9.76,16.227347,15.62239126,19.76732566,28.84609993,15.65149173,-0.099807988,-0.274406916,-0.111636336,0.504944363
11016200,0.001504436,1.4,2,535,1.096211833,0.184477022,1,0,6.759844,0.629284484,1,57,89.13202042,68.49015317,1.09,338.8,59.38,48.9,45.4,776.4,4.1,0.579,0.76,4,1.44,36.1,10.29,4,14.98,28.89,56.13,907.1,0.417,17.9,-0.03,-1,9.64,11.29,15.671068,2.568444526,4.396664699,6.931168831,4.65487013,-0.113631237,-0.304305123,-0.082525828,0.529404353
11113000,0.186891011,35.1,2,105,1.092050162,0.181840746,1,0,18.928716,1.316921813,1,30,89.0036452,86.57351154,1.41,650,68.34,45.4,34.7,663.4,7.7,0.69,1.22,4,1.67,44.6,9.91,2,22.07,41.65,36.28,1251.5,0.512,32.7,-1,0.016,8.13,13.21,16.054577,6.141831074,9.616984615,14.98787692,8.055507692,0.337507811,0.159238311,-0.003296282,1.120543091
11451715,0.058598341,0.6,2,244,0.987239235,0.156863728,1,0,11.655139,0.944331954,1,55,88.89772125,54.53100159,0.9,247.9,70.02,59.6,55.5,854.4,1,0.615,0.96,4,1.19,43.2,10.66,0.49,37.34,42.78,19.88,560.5,0.34,18.2,-0.265,0.964,8.75,13.34,18.827651,2.304121352,5.157482856,23.98777733,10.34183138,-0.10161265,-0.17261918,-0.000991337,0.440970776
11461000,0.171253495,85,2,838,1.0709207,0.20973007,1,0,32.301184,1.065652935,1,23.98944444,88.81064163,99.37402191,1.95,259.6,118.6,63.1,81.2,730.9,3,0.607,0.95,4,1.1,36,11.3,1.16,28.24,42.59,29.17,448.3,0.314,20.6,-0.997,0.077,6.98,23.46,15.086673,6.630779176,11.66221109,,,0.209937019,-0.022380016,-0.083442379,0.63869295
11014000,0.014485502,1.7,2,105,1.051690773,0.153058109,1,0,70.695026,1.1438699,1,22.5,88.71366729,75.63388992,2.91,181.8,44.33,55.8,42.1,846.3,0,0.609,1.26,5,1.39,33.8,10.3,3.01,18.77,38.69,42.55,490.9,0.343,19.4,-0.048,-0.999,11.77,8.75,16.12831,14.04208239,17.86534653,,,-0.006185545,-0.010566427,-0.001197285,0.878566322
9183500,0.01402502,6.6,1,84,1.109110051,0.210916228,1,0,9.554376,1.58693339,1,33.5,88.68739206,63.2412205,0.97,74.3,66.99,52.1,75.1,523.8,35.2,0.117,0.82,2,1.82,55.8,9.43,4.38,18.47,33.98,47.55,2553,0.424,25.3,-0.048,-0.999,13.06,4.73,20.493111,2.287409489,3.148183042,10.63889637,3.052489906,0.041071366,0.007595602,-0.026073874,0.94602491
11143000,0.059639073,138.8,2,601,1.113843195,0.333821459,1,0,86.219962,1.022908078,1,24.9,88.65784499,89.03591682,2.74,120.6,116.26,67.4,72.8,639.5,3.4,0.654,0.98,4,1.47,40.3,10.29,4.14,14.13,31.45,54.42,779,0.492,43.6,-0.447,-0.894,9.44,19.35,18.127121,14.47744466,22.15223881,86.30373134,57.91119403,0.197374876,-0.012650608,-0.043289764,0.650878409
11042900,0.035162233,89.8,2,123,0.992249833,0.068243993,1,0,18.942143,1.07582786,1,14,88.65425913,85.61202577,1.45,227.1,38.42,52.1,30.4,862.2,0.2,0.588,1,3,1.35,24,11.73,2.76,18.12,34.83,47.04,611.1,0.274,8.4,-0.245,-0.97,11.22,8.09,16.576693,9.151408475,10.39775429,,,-0.001712901,0.01090723,-0.003448728,1.664460784
11148900,0.09614385,12.4,2,534,1.084443363,0.290399291,1,0,21.611762,1.082710122,1,30.99194444,88.65384615,78.78205128,1.48,403.5,69.16,62.7,52.5,745.3,1.5,0.653,0.99,5,1.22,31.2,11.37,2.86,22.94,36.87,40.19,551.8,0.337,21.3,-0.586,0.81,9.43,14.72,16.11163,3.551364882,3.720446097,20.74907063,12.52795539,,,,1.067785481
11065000,0.006529873,44.3,2,563,1.013988619,0.278593067,1,0,33.742927,1.953161117,1,47.92861111,88.47150259,75.38860104,1.55,364.7,81.4,47.7,43.6,701.5,4.2,0.649,1.11,5,1.12,49.6,10,6.62,10.83,28.51,60.66,1250.1,0.343,27.3,-0.675,0.738,8.63,16.46,19.024359,9.084707504,11.94332328,33.44313134,17.52322457,0.056370652,-0.092943493,-0.094504975,0.654850569
9497980,0.001988972,83.3,1,754,0.862838613,0.312522024,1,0,7.772327,1.760716106,1,12.96444444,88.45043311,97.01636189,1.21,516.8,68.36,41,69.3,673.1,9.8,0.135,0.7,3,1.67,36.3,10.57,3.03,22.54,34.63,42.83,1688.6,0.518,19.9,-0.996,0.089,22.86,7.1,17.814094,2.221099145,1.845975232,7.793188854,1.943034056,-0.030388015,-0.067474133,-0.010172994,0.668398585
11465200,0.076568251,159.9,2,485,0.968075659,0.197606767,1,0,20.297152,0.795110735,1,29.66666667,88.32712022,76.9804287,1.11,421.6,133.48,64.5,78.7,774,0.5,0.627,0.78,5,1.47,33.8,11.23,2.16,24.71,42.56,32.73,335.8,0.321,26.3,-0.842,0.539,8.25,22.93,14.901978,5.64176385,7.31506167,,,-0.060045378,-0.199551311,-0.167934174,0.488894805
11456000,0.529523198,69.2,2,163,0.961644244,0.103745011,1,0,8.882523,2.160787162,1,17.88916667,88.28375286,93.3180778,1.79,212.3,104.44,64,69.8,743.7,1.5,0.624,0.68,4,1.39,28.5,10.89,2.14,24.23,44.57,31.21,305.3,0.209,20.9,-0.876,0.483,10.83,16.43,16.071526,1.060217481,3.36895902,,,0.346790641,0.226602182,0.063994836,1.076802118
9505800,0.001579553,37.2,1,33,0.965350817,0.315339047,1,0,15.87416,1.149760654,1,21.95666667,88.24285255,95.75971731,1.25,614.9,66.14,52,71.5,573.7,25.2,0.165,0.78,5,2.3,34.8,11.32,1.52,34.37,31.91,33.72,2018.2,0.681,10.6,-0.078,-0.997,20.07,5.79,19.078317,3.315536087,3.12080013,13.55356969,0.878337941,0.006092469,0.002880111,0.006747654,1.076106946
11113000,0.005663364,0.4,2,832,1.025231224,0.148239023,1,0,34.168763,0.626898493,1,38,88.22944297,89.58885942,1.41,650,68.34,45.4,34.7,663.4,7.7,0.69,1.22,4,1.67,44.6,9.91,2,22.07,41.65,36.28,1251.5,0.512,32.7,-1,0.016,6.83,9.22,16.054577,19.70198669,21.99904615,14.98787692,8.055507692,-0.062476334,-0.128931649,-0.018536262,0.582739149
9497980,0.005753224,90.8,1,762,1.204251558,0.513040199,1,0,7.772327,1.760716106,1,8.833333333,88.20981713,97.75425088,1.21,516.8,68.36,41,69.3,673.1,9.8,0.135,0.7,3,1.67,36.3,10.57,3.03,22.54,34.63,42.83,1688.6,0.518,19.9,-0.996,0.089,22.86,7.1,17.814094,2.221099145,1.845975232,7.793188854,1.943034056,-0.030388015,-0.067474133,-0.010172994,0.668398585
11077500,0.038923868,0,2,75,1.018412419,0.123654437,1,0,24.501378,1.161798467,1,26,88.2038489,83.74910905,1.28,240.8,51.01,60.8,37.1,825.6,0,0.654,1.13,5,1.61,20.2,10.37,1.7,25.4,46.19,28.41,553.2,0.308,25.4,-0.221,-0.975,12.07,11.6,17.754193,9.989975637,12.6130814,,,-0.037306902,-0.052824045,0.000655061,0.68515721
9497980,0.006191565,62.3,1,782,0.97351462,0.265836358,1,0,9.741345,0.397009519,1,33.66666667,88.16242257,91.12181693,1.21,516.8,68.36,41,69.3,673.1,9.8,0.135,0.7,3,1.67,36.3,10.57,3.03,22.54,34.63,42.83,1688.6,0.518,19.9,-0.996,0.089,22.86,7.1,17.814094,1.281628952,1.802612229,7.793188854,1.943034056,0.181422025,-0.043199143,-0.05462882,0.75918412
11016200,0.007731127,0,2,569,1.055105893,0.133091741,1,0,6.759844,0.629284484,1,28.5,88.14733771,96.57184537,1.09,338.8,59.38,48.9,45.4,776.4,4.1,0.579,0.76,4,1.44,36.1,10.29,4,14.98,28.89,56.13,907.1,0.417,17.9,-0.03,-1,10.23,12.83,15.671068,2.568444526,4.396664699,6.931168831,4.65487013,-0.113631237,-0.304305123,-0.082525828,0.529404353
11143000,0.544734844,102.6,2,606,1.102193579,0.313686898,1,0,86.219962,1.022908078,1,29.94472222,88.09073724,77.07939509,2.74,120.6,116.26,67.4,72.8,639.5,3.4,0.654,0.98,4,1.47,40.3,10.29,4.14,14.13,31.45,54.42,779,0.492,43.6,-0.447,-0.894,9.44,19.35,18.127121,14.47744466,22.15223881,86.30373134,57.91119403,0.197374876,-0.012650608,-0.043289764,0.650878409
9508300,0.004871711,25,1,802,0.962826572,0.163546769,1,0,83.630661,1.091927993,1,8.995,88.05496829,98.69626498,1.24,93,61.67,39.9,60.5,779.9,8.4,0.144,0.7,3,1.58,36,10.05,2.68,22.26,37.89,39.84,1496.5,0.503,27.8,0.203,-0.979,20.18,5.24,16.736963,25.49898573,26.68935484,,,-0.038515917,-0.082337529,-0.01965683,0.677476888
11113500,0.010361818,0.2,2,813,1.050470651,0.172871012,1,0,18.940755,1.81859973,1,38.75,88.04422944,76.50310988,2.67,103.3,67.78,49.9,39.1,708.5,2.6,0.693,1.18,4,1.59,40.1,9.58,1.4,23.56,44.22,32.23,996,0.437,34.4,-0.944,-0.329,11.8,5.06,15.259699,12.37726183,14.70493708,84.35972894,53.69332043,-0.073985004,-0.153768993,-0.014740279,0.658887112
11014000,0.019625519,0,2,116,1.051377959,0.151385116,1,0,70.695026,1.1438699,1,16.5,88.03339518,91.58936302,2.91,181.8,44.33,55.8,42.1,846.3,0,0.609,1.26,5,1.39,33.8,10.3,3.01,18.77,38.69,42.55,490.9,0.343,19.4,-0.048,-0.999,11.77,8.75,16.12831,14.04208239,17.86534653,,,-0.006185545,-0.010566427,-0.001197285,0.878566322
11152050,0.027013842,41.8,2,833,1.152315405,0.428251856,1,0,5.778692,1.628838967,1,36,88.03005904,76.48953301,1.67,771.5,74.52,63.7,58.2,676.7,2.4,0.652,1.04,6,2.02,38.4,10.1,2.9,21.11,35.63,43.26,674.8,0.359,31.4,0.227,0.974,8.75,11.74,17.029979,2.814091554,3.832378483,12.12311082,8.239170447,-0.083696349,-0.130360625,-0.01582025,
11149900,0.008702689,15.5,2,534,1.159045499,0.369405042,1,0,12.824107,0.507351319,1,33,87.9759519,77.95591182,1.56,556.4,63.26,62,54,737.5,1.5,0.659,1.13,4,1.35,33.5,10.91,2.31,24.37,37.78,37.85,533.4,0.186,19.5,-0.995,-0.102,9.33,13.34,16.227347,0.822336042,1.076312006,28.84609993,15.65149173,,,,1.136415095
11059300,0.016223802,0.3,2,186,1.075655364,0.316792109,1,0,5.629999,1.029095619,1,60,87.93984109,60.3291714,1.38,946,67.84,42.5,47.8,641.9,27.6,0.57,1.05,5,1.86,28.1,10.09,7.16,11.69,29.16,59.16,1661,0.43,26,0.124,-0.992,5.83,12.26,19.036583,2.3244573,3.185200846,5.803953488,2.260084567,0.111814553,0.045486501,-0.002744023,1.025753451
11159200,0.021297439,42.1,2,268,1.040656511,0.144515403,1,0,12.563615,1.632601188,1,27.92333333,87.89215686,95.49019608,1.76,71,84.62,68.1,68.6,691.1,0.1,0.629,0.85,3,1.21,34.5,10.12,2.59,21.18,36.59,42.23,305.2,0.333,21,-0.996,-0.089,10.55,16.18,16.438445,0.115679955,6.346901408,,,-0.127837624,-0.198151712,-0.021594393,0.520919075
14316495,0.182087905,59.4,1,443,1.064170013,0.193777638,1,0,48.640279,0.675908406,1,28,87.68063584,91.59441233,3.22,79,151.17,69.9,146.8,566.3,31.2,0.389,0.75,3,1.19,69.4,9.42,2.92,17.72,48.53,33.75,1207.1,0.522,37.4,-0.867,-0.499,9.63,10.59,16.174613,15.54648562,21.78455696,15.23164557,6.731772152,-0.086624057,-0.139126648,-0.018189018,
11138500,0.005166878,0,2,960,1.081732382,0.325647207,1,0,14.684484,0.673222561,1,20,87.36187845,82.45856354,2,728.9,69.82,57.6,39.6,665.2,7.1,0.686,1.16,5,1.44,28.2,9.8,1.39,21.86,41.68,36.45,994.2,0.424,34.2,0.199,-0.98,9.16,14.96,16.60856,2.711386657,3.72223899,,,0.009270238,-0.016003441,-0.022367386,0.863240937
11113000,0.073623732,33.6,2,896,1.166351504,0.346180024,1,0,34.168763,0.626898493,1,20,87.33421751,88.39522546,1.41,650,68.34,45.4,34.7,663.4,7.7,0.69,1.22,4,1.67,44.6,9.91,2,22.07,41.65,36.28,1251.5,0.512,32.7,-1,0.016,7.03,17.46,16.054577,19.70198669,21.99904615,14.98787692,8.055507692,-0.062476334,-0.128931649,-0.018536262,0.582739149
11204100,0.010401401,194.1,2,106,1.135241671,0.316795248,1,0,45.981764,1.33889849,1,16.75,87.16315532,93.58157766,2.9,249.1,79.83,55.9,53.1,703.2,25.2,0.595,0.74,4,1.36,65.9,9.43,2.64,18.72,31.31,49.98,1348.7,0.417,34.4,0.119,-0.993,5.19,10.48,17.505672,14.70255814,23.47442794,48.9626656,16.38281815,0.039050928,0.017864718,-0.015427779,0.929846977
11143000,0.07090945,63.7,2,599,1.136900969,0.383310201,1,0,86.219962,1.022908078,1,15.98388889,87.14555766,85.20793951,2.74,120.6,116.26,67.4,72.8,639.5,3.4,0.654,0.98,4,1.47,40.3,10.29,4.14,14.13,31.45,54.42,779,0.492,43.6,-0.447,-0.894,9.44,19.35,18.127121,14.47744466,22.15223881,86.30373134,57.91119403,0.197374876,-0.012650608,-0.043289764,0.650878409
11063510,0.15010854,107.8,2,609,0.998753925,0.184265499,1,0,15.999744,0.650293498,1,16,87.088515,83.83321141,2.04,144.5,66.42,46,40.7,690.4,4.5,0.635,0.96,4,1.54,50.7,9.96,6.14,10.54,26.94,62.52,1273.4,0.272,22.4,-0.728,0.686,7.51,15.53,18.45637,3.489027728,3.731418685,74.67695502,36.88442907,-0.039817132,-0.06464172,-0.016595545,
11149900,0.001460627,0,2,585,1.123042262,0.273716203,1,0,28.802865,1.62219344,1,37,87.06673564,90.99844801,1.56,556.4,63.26,62,54,737.5,1.5,0.659,1.13,4,1.35,33.5,10.91,2.31,24.37,37.78,37.85,533.4,0.186,19.5,-0.995,-0.102,10.24,10.95,16.227347,15.62239126,19.76732566,28.84609993,15.65149173,-0.099807988,-0.274406916,-0.111636336,0.504944363
11014000,0.002242916,67.3,2,477,1.049835404,0.136531488,1,0,70.695026,1.1438699,1,26,86.82745826,78.41682127,2.91,181.8,44.33,55.8,42.1,846.3,0,0.609,1.26,5,1.39,33.8,10.3,3.01,18.77,38.69,42.55,490.9,0.343,19.4,-0.048,-0.999,11.77,8.75,16.12831,14.04208239,17.86534653,,,-0.007933595,-0.009275332,-0.015713013,0.813778329
11113500,0.007099764,0,2,832,1.023631013,0.09449177,1,0,18.940755,1.81859973,1,28,86.73116793,83.13752592,2.67,103.3,67.78,49.9,39.1,708.5,2.6,0.693,1.18,4,1.59,40.1,9.58,1.4,23.56,44.22,32.23,996,0.437,34.4,-0.944,-0.329,8.69,8.85,15.259699,12.37726183,14.70493708,84.35972894,53.69332043,-0.073985004,-0.153768993,-0.014740279,0.658887112
9497980,0.001879386,128.3,1,44,1.049084455,0.590349211,1,0,7.772327,1.760716106,1,17,86.57362849,98.6204684,1.21,516.8,68.36,41,69.3,673.1,9.8,0.135,0.7,3,1.67,36.3,10.57,3.03,22.54,34.63,42.83,1688.6,0.518,19.9,-0.996,0.089,22.86,7.1,17.814094,2.221099145,1.845975232,7.793188854,1.943034056,0.000403016,0.002417728,-0.002078926,0.996608674
11159200,0.124833305,55.1,2,286,1.079009679,0.230507778,1,0,12.563615,1.632601188,1,29.9,86.56862745,84.26470588,1.76,71,84.62,68.1,68.6,691.1,0.1,0.629,0.85,3,1.21,34.5,10.12,2.59,21.18,36.59,42.23,305.2,0.333,21,-0.996,-0.089,11.51,14.9,16.438445,0.115679955,6.346901408,,,-0.127837624,-0.198151712,-0.021594393,0.520919075
11113500,0.246984073,37.5,2,105,1.023429777,0.069316698,1,0,85.14101,0.938475197,1,26.9,86.56462585,91.63265306,2.67,103.3,67.78,49.9,39.1,708.5,2.6,0.693,1.18,4,1.59,40.1,9.58,1.4,23.56,44.22,32.23,996,0.437,34.4,-0.944,-0.329,9.53,12.82,15.259699,30.60330822,37.52207164,84.35972894,53.69332043,0.306833822,0.120707476,-0.02083701,1.116919209
11148900,0.051510646,26,2,829,1.112759277,0.335067839,1,0,10.274829,1.729434032,1,35,86.30519843,74.28731135,1.48,403.5,69.16,62.7,52.5,745.3,1.5,0.653,0.99,5,1.22,31.2,11.37,2.86,22.94,36.87,40.19,551.8,0.337,21.3,-0.586,0.81,8.75,10.52,16.11163,2.112819809,3.949739777,20.74907063,12.52795539,,,,
9404450,0.003125121,0,1,1026,1.003883188,0.097755452,1,0,14.12125,1.495243097,1,28.97972222,85.99662162,74.32432432,2.21,193,46.03,54.3,64.1,511.3,37.5,0.146,0.49,3,1.1,77.9,10.5,1.53,27.11,45.25,27.64,2214.5,0.528,23.3,-0.996,0.092,5.1,2.71,16.150084,4.678595116,7.601968912,13.95839378,7.030725389,-0.02721098,-0.09098101,-0.026802469,0.58998073
11113000,0.053148493,0,2,788,0.894840629,0.278772587,1,0,34.168763,0.626898493,1,37.5,85.94164456,89.32360743,1.41,650,68.34,45.4,34.7,663.4,7.7,0.69,1.22,4,1.67,44.6,9.91,2,22.07,41.65,36.28,1251.5,0.512,32.7,-1,0.016,14.72,2.17,16.054577,19.70198669,21.99904615,14.98787692,8.055507692,-0.062476334,-0.128931649,-0.018536262,0.582739149
9537200,0.002913539,59.2,1,30,1.040543774,0.117312563,1,0,6.935676,1.368447575,1,11,85.93355002,94.83568075,2.92,204.1,46.24,40.9,51.3,786.8,2.6,0.298,0.78,4,1.29,29.6,10.92,1.33,25.41,36.25,38.34,1624.2,0.276,13.1,-0.729,-0.684,22.56,8.69,20.348083,0.97103498,2.353846154,,,-0.003987181,-0.00912645,0.002079344,
8294195,0.013978278,124.7,1,347,1.122818071,0.367733886,1,0,6.622959,0.594145955,1,6.974444444,85.76799141,96.4688507,2.27,78.6,73.93,49.1,74.6,399.9,36.7,0.115,0.4,2,1.21,73.1,9.46,3.82,21.29,50.78,27.93,2909.1,0.463,34.2,0.36,-0.933,15.09,10.1,13.3997,0.743431314,2.016412214,6.818708651,2.85470229,0.121971007,0.009449456,-0.013566171,0.862949835
11478500,0.351734084,108.6,1,611,1.037043487,0.1123248,1,0,8.663335,1.683104665,1,47,85.61592854,87.42091552,1.44,572.4,186.88,62.5,90.6,614.2,24.9,0.537,0.86,6,1.67,36.7,10.37,1.41,23.84,42.24,33.92,923,0.484,25.8,0.884,-0.467,8.41,13.56,14.61381,1.09210127,3.724842767,8.748707198,1.959399022,-0.064568187,-0.236133428,-0.119171927,0.483325575
8294195,0.01005139,93.6,1,344,1.181088796,0.507370061,1,0,6.622959,0.594145955,1,4.988611111,85.52631579,97.23415682,2.27,78.6,73.93,49.1,74.6,399.9,36.7,0.115,0.4,2,1.21,73.1,9.46,3.82,21.29,50.78,27.93,2909.1,0.463,34.2,0.36,-0.933,15.09,10.1,13.3997,0.743431314,2.016412214,6.818708651,2.85470229,0.121971007,0.009449456,-0.013566171,0.862949835
11014000,0.01077846,5.4,2,124,1.04361837,0.147889022,1,0,70.695026,1.1438699,1,27.5,85.31230674,75.8812616,2.91,181.8,44.33,55.8,42.1,846.3,0,0.609,1.26,5,1.39,33.8,10.3,3.01,18.77,38.69,42.55,490.9,0.343,19.4,-0.048,-0.999,11.77,8.75,16.12831,14.04208239,17.86534653,,,-0.006185545,-0.010566427,-0.001197285,0.878566322
11466170,0.14765199,143.5,2,788,1.018602982,0.078545232,1,0,22.469984,1.304360211,1,10.5,85.15406162,98.64612512,1.63,56,106,64.2,74.7,734.4,0.9,0.619,0.66,2,1.24,27,11.09,1.2,26.85,43.61,29.55,220.7,0.248,12.2,0.779,-0.627,8.78,16.02,16.615901,0.386782233,1.523571429,,,0.295708739,0.138281411,-0.005750737,0.952681874
9497980,0.060271869,26.9,1,812,1.159472929,0.461223451,1,0,9.741345,0.397009519,1,18.66666667,85.08258775,83.7577426,1.21,516.8,68.36,41,69.3,673.1,9.8,0.135,0.7,3,1.67,36.3,10.57,3.03,22.54,34.63,42.83,1688.6,0.518,19.9,-0.996,0.089,21.95,9.19,17.814094,1.281628952,1.802612229,7.793188854,1.943034056,0.181422025,-0.043199143,-0.05462882,0.75918412
11458500,0.090184553,19.6,2,105,1.018674007,0.068127968,1,0,63.695385,1.042728974,1,25.85722222,84.7610848,91.64873009,2.59,150.4,107.96,63.9,77.4,739.6,1.4,0.626,0.64,3,1.77,23.2,10.42,1.81,24.93,43.89,31.18,301.1,0.336,17.6,-0.861,-0.509,8.12,22.19,19.519202,10.35774737,23.62679521,,,0.364218556,0.22495655,0.055653719,1.079780708
11138500,0.005943852,0,2,609,1.045386299,0.222019651,1,0,43.010103,1.393757,1,20.66666667,84.50824332,84.70722001,2,728.9,69.82,57.6,39.6,665.2,7.1,0.686,1.16,5,1.44,28.2,9.8,1.39,21.86,41.68,36.45,994.2,0.424,34.2,0.199,-0.98,9.16,14.96,16.60856,32.67864011,35.43658938,,,-0.070876973,-0.150943448,-0.017087662,0.50503316
11461000,0.157073269,31.8,2,829,1.036561562,0.116298417,1,0,32.301184,1.065652935,1,14,84.44835681,97.02660407,1.95,259.6,118.6,63.1,81.2,730.9,3,0.607,0.95,4,1.1,36,11.3,1.16,28.24,42.59,29.17,448.3,0.314,20.6,-0.997,0.077,6.98,23.46,15.086673,6.630779176,11.66221109,,,0.209937019,-0.022380016,-0.083442379,0.63869295
11042800,0.012966625,0.3,2,114,0.949677299,0.141971817,1,0,36.399541,1.263146869,1,13.9875,84.42082111,97.4340176,1.14,148.5,33.74,54.3,29.5,884.7,0,0.599,0.94,4,1.23,20.3,12.27,2.7,18.97,36.43,44.59,484.1,0.326,8,-0.21,-0.978,11.65,7.04,14.66485,1.917557957,7.655757576,,,0.013556964,0.049494272,-0.004663728,
11466320,0.167571953,250.9,2,788,1.025781408,0.118295415,1,0,11.48391,1.070572978,1,10.96166667,84.16164659,98.24297189,1.27,199.4,102.63,64.2,72,732.8,1,0.622,0.67,4,1.3,28.7,12.14,1.14,27.37,43.92,28.71,204.1,0.243,12.2,-0.118,-0.993,8.61,15.5,16.638396,1.207236838,1.65330993,,,0.144246682,-0.00117569,-0.075194689,0.767453289
11462500,0.035595875,77.1,2,498,1.05172885,0.256864577,1,0,5.854759,1.781748803,1,17.99611111,84.11172161,94.13919414,1.8,938.7,115.58,63.2,79.6,757,2,0.605,1.01,5,1.18,36.1,11.16,1.09,26.66,42.65,30.69,465.2,0.299,21.1,-0.76,-0.649,7.24,17.7,15.801847,1.319662649,1.833269415,5.881016299,2.132502397,0.101625656,-0.091883412,-0.114802606,0.619788094
11200800,0.006291161,1,2,223,1.085580413,0.235393729,1,0,37.21031,1.51904651,1,24,83.99412628,94.37102301,2.53,214.7,72.15,53.2,42.8,740.6,18.4,0.594,0.64,3,1.41,65.7,9.77,2.77,17.27,29.31,53.42,1214.9,0.417,30.8,-0.155,-0.988,10.42,5.49,15.133741,23.12020326,27.05533302,40.09669306,23.41741966,0.052795599,0.03645621,-0.004801635,0.964664916
11149900,0.001933931,79.4,2,545,1.12533227,0.281516668,1,0,17.709379,0.835520463,1,18.90916667,83.93432067,98.19703799,1.56,556.4,63.26,62,54,737.5,1.5,0.659,1.13,4,1.35,33.5,10.91,2.31,24.37,37.78,37.85,533.4,0.186,19.5,-0.995,-0.102,8.3,13.77,16.227347,3.652168799,5.344680086,28.84609993,15.65149173,-0.018864887,-0.022315158,-0.021583866,
11022480,0.017074425,9.5,2,885,1.078939246,0.250976775,1,0,79.360851,1.036983012,1,29,83.87765682,72.05806117,1.63,953.6,51.86,51.9,43.3,807.8,2.2,0.585,0.84,5,1.19,31,10.52,3.4,17.08,31.75,51.17,640.4,0.294,18.5,0.017,-1,11.62,11.2,15.3664,57.24252031,58.6542156,,,-0.028756539,-0.041552171,-0.018424305,1.211290407
11148900,0.111583008,120,2,842,1.114979565,0.327896918,1,0,10.274829,1.729434032,1,23,83.73392957,87.81442146,1.48,403.5,69.16,62.7,52.5,745.3,1.5,0.653,0.99,5,1.22,31.2,11.37,2.86,22.94,36.87,40.19,551.8,0.337,21.3,-0.586,0.81,8.56,15,16.11163,2.112819809,3.949739777,20.74907063,12.52795539,,,,
11101250,0.508342405,3.2,2,143,1.033896003,0.241658384,1,0,9.043463,1.218738623,1,32.83333333,83.67857143,97.85714286,3.16,237.3,62.69,59.1,33.7,843.8,0.3,0.655,0.85,3,1.36,34,10.8,2.61,18.95,41.98,39.07,471.3,0.228,19.6,-0.987,-0.161,12.98,12.65,13.411358,0,3.349683944,19.49397387,12.38921197,0.027350697,0.039471284,0.000478655,
11462500,0.015022666,32.9,2,955,0.99649477,0.169200611,1,0,5.854759,1.781748803,1,66.5,83.26465201,53.89194139,1.8,938.7,115.58,63.2,79.6,757,2,0.605,1.01,5,1.18,36.1,11.16,1.09,26.66,42.65,30.69,465.2,0.299,21.1,-0.76,-0.649,9.49,18.21,15.801847,1.319662649,1.833269415,5.881016299,2.132502397,0.122348297,-0.068933365,-0.069828884,0.661306993
9497980,0.002602649,68.2,1,823,1.012724851,0.130760302,1,0,9.741345,0.397009519,1,4.991944444,83.18995182,96.52443221,1.21,516.8,68.36,41,69.3,673.1,9.8,0.135,0.7,3,1.67,36.3,10.57,3.03,22.54,34.63,42.83,1688.6,0.518,19.9,-0.996,0.089,21.95,9.19,17.814094,1.281628952,1.802612229,7.793188854,1.943034056,0.181422025,-0.043199143,-0.05462882,0.75918412
11458500,0.052717484,8.1,2,800,0.996252644,0.055151849,1,0,63.695385,1.042728974,1,15.66666667,83.16831683,93.28454585,2.59,150.4,107.96,63.9,77.4,739.6,1.4,0.626,0.64,3,1.77,23.2,10.42,1.81,24.93,43.89,31.18,301.1,0.336,17.6,-0.861,-0.509,8.48,16.55,19.519202,10.35774737,23.62679521,,,0.261286144,0.060374644,-0.033995278,0.746733139
11022480,0.019449997,6.1,2,18,1.000525181,0.140251839,1,0,79.360851,1.036983012,1,32,83.15189217,84.70710213,1.63,953.6,51.86,51.9,43.3,807.8,2.2,0.585,0.84,5,1.19,31,10.52,3.4,17.08,31.75,51.17,640.4,0.294,18.5,0.017,-1,13.48,4.66,15.3664,57.24252031,58.6542156,,,-0.01392217,-0.013271371,-0.001183574,1.548165407
11466200,0.190473637,179.3,2,788,1.03236387,0.114966341,1,0,7.676397,0.941665039,1,10.8,83.10708899,97.88838612,1.32,144.8,107.68,64.2,75.1,733.1,1.3,0.62,0.7,4,1.27,28.1,11.03,1.27,27,44.02,28.98,258.7,0.293,15.8,0.094,-0.996,8.63,16.48,17.015969,0.862305695,1.310220994,,,0.158972829,0.006629419,-0.090833865,0.76725042
11200800,0.003138986,1.2,2,175,1.011855039,0.106856393,1,0,37.21031,1.51904651,1,38.66666667,83.06412139,71.65932452,2.53,214.7,72.15,53.2,42.8,740.6,18.4,0.594,0.64,3,1.41,65.7,9.77,2.77,17.27,29.31,53.42,1214.9,0.417,30.8,-0.155,-0.988,7.49,14.49,15.133741,23.12020326,27.05533302,40.09669306,23.41741966,0.052795599,0.03645621,-0.004801635,0.964664916
9508300,0.069117399,11.7,1,30,1.048409352,0.135082849,1,0,83.630661,1.091927993,1,8.944722222,82.98097252,93.09372798,1.24,93,61.67,39.9,60.5,779.9,8.4,0.144,0.7,3,1.58,36,10.05,2.68,22.26,37.89,39.84,1496.5,0.503,27.8,0.203,-0.979,24.25,5.9,16.736963,25.49898573,26.68935484,,,0.000944022,-0.000402396,-0.000206143,1.109703309
11149900,0.003028129,50.6,2,250,1.177008258,0.399315227,1,0,21.73561,1.616261858,1,31,82.93650794,89.84126984,1.56,556.4,63.26,62,54,737.5,1.5,0.659,1.13,4,1.35,33.5,10.91,2.31,24.37,37.78,37.85,533.4,0.186,19.5,-0.995,-0.102,9.33,13.34,16.227347,8.848335816,13.12359813,28.84609993,15.65149173,-0.152632416,-0.28278045,-0.012681255,0.248470686
13310700,0.035848277,15,1,307,1.055181332,0.163154732,1,0,12.778938,0.495121762,1,23,82.89405685,77.13178295,1.58,853.1,99.75,62.5,123.4,436.6,66.6,0.305,0.86,5,1.41,68.8,9.9,12.31,5.96,23.99,70.05,1943.6,0.492,32.1,0.998,0.07,10.16,6.17,16.387158,3.279950761,4.408639081,,,0.019658959,0.011659169,0.002167926,0.949876451
11458000,0.00995064,39.6,2,104,0.990978986,0.110602469,1,0,7.469418,0.749639592,1,27.5,82.54162586,89.52007835,1.81,566.3,96.01,63.5,67.6,752.1,1.4,0.629,0.68,4,1.21,26.8,11,1.67,26.49,45.86,27.64,276.3,0.212,18.6,-0.834,0.552,7.91,19.59,16.230256,0.513073094,1.896309377,,,0.415178669,0.289137373,0.124341333,1.064135749
11451715,0.001930433,32.2,2,184,1.00536443,0.197464248,1,0,11.655139,0.944331954,1,47,82.51192369,71.22416534,0.9,247.9,70.02,59.6,55.5,854.4,1,0.615,0.96,4,1.19,43.2,10.66,0.49,37.34,42.78,19.88,560.5,0.34,18.2,-0.265,0.964,7.69,10.4,18.827651,2.304121352,5.157482856,23.98777733,10.34183138,-0.10161265,-0.17261918,-0.000991337,0.440970776
9183500,0.010290096,81.6,1,53,0.994541999,0.122836096,1,0,9.554376,1.58693339,1,17.75,82.41220495,74.78411054,0.97,74.3,66.99,52.1,75.1,523.8,35.2,0.117,0.82,2,1.82,55.8,9.43,4.38,18.47,33.98,47.55,2553,0.424,25.3,-0.048,-0.999,17.24,5.5,20.493111,2.287409489,3.148183042,10.63889637,3.052489906,0.041071366,0.007595602,-0.026073874,0.94602491
11025500,0.007650544,204.4,2,123,1.02968435,0.148109748,1,0,16.382785,0.674671611,1,14,82.38125802,80.61617458,1.59,288.7,61.83,49,43.1,760.7,1.6,0.57,0.88,4,1.39,32.2,10.45,3.04,16.47,31.29,52.24,891.8,0.428,20.2,-0.631,-0.776,9.46,12.2,16.426629,11.15906388,12.28919293,,,-0.016644247,-0.014605238,-0.003089109,1.649024461
11458500,0.080017609,52.5,2,157,1.031025571,0.092835258,1,0,63.695385,1.042728974,1,16.5,82.35040895,70.59836418,2.59,150.4,107.96,63.9,77.4,739.6,1.4,0.626,0.64,3,1.77,23.2,10.42,1.81,24.93,43.89,31.18,301.1,0.336,17.6,-0.861,-0.509,10.87,16.65,19.519202,10.35774737,23.62679521,,,0.364218556,0.22495655,0.055653719,1.079780708
11478500,0.164736216,136.7,1,606,1.053631532,0.139327393,1,0,8.663335,1.683104665,1,22.5,81.93152214,81.20580573,1.44,572.4,186.88,62.5,90.6,614.2,24.9,0.537,0.86,6,1.67,36.7,10.37,1.41,23.84,42.24,33.92,923,0.484,25.8,0.884,-0.467,8.41,13.56,14.61381,1.09210127,3.724842767,8.748707198,1.959399022,-0.064568187,-0.236133428,-0.119171927,0.483325575
11173200,0.060871918,99.9,2,486,1.048769871,0.29184993,1,0,87.006427,0.955234442,1,20.5,81.76691729,75.89285714,1.32,199.1,62.25,63.2,58.1,792.3,4.1,0.584,0.96,4,1.42,34.1,10.49,2.12,23.06,45.64,31.3,817,0.536,26.7,0.459,-0.888,8.06,8.66,16.584267,21.85655409,36.6775992,,,-0.053380448,-0.174917,-0.088926062,0.626923961
11458000,0.013700881,17.9,2,811,1.037378078,0.123179634,1,0,7.469418,0.749639592,1,16.66666667,81.73359452,86.97355534,1.81,566.3,96.01,63.5,67.6,752.1,1.4,0.629,0.68,4,1.21,26.8,11,1.67,26.49,45.86,27.64,276.3,0.212,18.6,-0.834,0.552,8.25,14.98,16.230256,0.513073094,1.896309377,,,0.331291423,0.132798817,0.03311812,0.74525601
11458000,0.019851276,25.5,2,829,1.004578342,0.078267624,1,0,7.469418,0.749639592,1,21.5,81.53770813,96.08227228,1.81,566.3,96.01,63.5,67.6,752.1,1.4,0.629,0.68,4,1.21,26.8,11,1.67,26.49,45.86,27.64,276.3,0.212,18.6,-0.834,0.552,7.91,19.59,16.230256,0.513073094,1.896309377,,,0.331291423,0.132798817,0.03311812,0.74525601
8377900,0.020168095,46.4,1,39,0.789344838,0.617184283,1,0,9.194168,1.012725398,1,5.857222222,81.29848918,96.75377705,2.05,139,89.76,48.6,96.1,380.6,31.6,0.11,0.5,3,1.21,65.4,9.68,2.96,22.74,43.83,33.43,3141.5,0.593,24.8,0.023,-1,13.35,11.76,13.047006,0.36219532,3.062589928,66.46402878,35.36093525,-0.006350911,-0.01365667,-0.000568077,
11451715,0.014735255,265.6,2,545,1.086532337,0.240342638,1,0,5.595129,0.165455251,1,27,81.26436782,69.13793103,0.9,247.9,70.02,59.6,55.5,854.4,1,0.615,0.96,4,1.19,43.2,10.66,0.49,37.34,42.78,19.88,560.5,0.34,18.2,-0.265,0.964,10.43,10.33,18.827651,0.869588895,1.310246067,23.98777733,10.34183138,-0.019746142,-0.057276743,-0.01927148,0.693622789
9508300,0.028012338,3.8,2,970,1.049727287,0.17919788,1,0,83.630661,1.091927993,1,11.8,81.18393235,86.25792812,1.24,93,61.67,39.9,60.5,779.9,8.4,0.144,0.7,3,1.58,36,10.05,2.68,22.26,37.89,39.84,1496.5,0.503,27.8,0.203,-0.979,5.2,6.96,16.736963,25.49898573,26.68935484,,,-0.02164359,-0.046966731,-0.014561269,0.708457685
10257600,0.005821865,0,2,936,1.241242696,0.56917643,1,0,21.166607,1.618489668,1,6.973888889,81.17200217,82.63700488,1.68,92.9,55.02,38.1,39.9,737.5,7.4,0.582,0.91,3,1.32,44,9.6,5.01,12.16,30.05,57.78,1746.6,0.466,38.3,-0.947,0.322,4.22,11.71,18.430912,6.946619682,5.859203445,21.86157158,3.477933262,0.039774094,-0.154452634,-0.071829471,0.548745042
11059300,0.04909047,132.3,2,128,1.123948428,0.345647362,1,0,10.204954,0.671506587,1,42,81.14964676,85.35645472,1.38,946,67.84,42.5,47.8,641.9,27.6,0.57,1.05,5,1.86,28.1,10.09,7.16,11.69,29.16,59.16,1661,0.43,26,0.124,-0.992,5.83,12.26,19.036583,5.853874082,5.295634249,5.803953488,2.260084567,-0.005807219,-0.006058876,-0.000276588,1.513553525
10173450,0.00433453,139.4,1,392,0.944095069,0.269753621,1,0,6.679829,1.245462034,1,9.75,80.95302013,78.20134228,1.98,268.5,65.03,54.7,80.9,402.2,53.1,0.149,0.42,3,1.28,76.9,10.8,2.1,22.73,38.73,38.54,2753.9,0.435,10.7,-0.338,0.941,14.31,4.35,13.380851,1.866059457,3.819553073,6.772960894,2.88603352,0.184684557,-0.125935152,-0.040416214,0.501956072
11458500,0.700389429,60.6,2,162,1.017911202,0.065151134,1,0,63.695385,1.042728974,1,28.9,80.90830822,83.2544124,2.59,150.4,107.96,63.9,77.4,739.6,1.4,0.626,0.64,3,1.77,23.2,10.42,1.81,24.93,43.89,31.18,301.1,0.336,17.6,-0.861,-0.509,10.87,16.65,19.519202,10.35774737,23.62679521,,,0.364218556,0.22495655,0.055653719,1.079780708
11458000,0.005050325,21.1,2,800,0.954498162,0.178403524,1,0,7.469418,0.749639592,1,15.5,80.87659158,92.40940255,1.81,566.3,96.01,63.5,67.6,752.1,1.4,0.629,0.68,4,1.21,26.8,11,1.67,26.49,45.86,27.64,276.3,0.212,18.6,-0.834,0.552,8.25,14.98,16.230256,0.513073094,1.896309377,,,0.331291423,0.132798817,0.03311812,0.74525601
11047300,0.053233193,0.2,2,947,1.139493139,0.305807846,1,0,11.921157,1.8590446,1,42,80.68965517,48.50574713,1.1,139.9,46.85,61.6,36.6,812.1,0,0.652,1.08,3,1.27,23.9,11.46,2.26,24.89,42.68,32.43,423.2,0.234,19.1,-0.597,-0.802,13.12,9.25,13.66011,4.902997679,7.699857041,11.53209435,10.94796283,0.172491359,0.015147552,-0.104281407,0.751632537
11204100,0.004558428,85.4,2,110,1.124917094,0.304496737,1,0,45.981764,1.33889849,1,35.5,80.25477707,82.85154336,2.9,249.1,79.83,55.9,53.1,703.2,25.2,0.595,0.74,4,1.36,65.9,9.43,2.64,18.72,31.31,49.98,1348.7,0.417,34.4,0.119,-0.993,5.19,10.48,17.505672,14.70255814,23.47442794,48.9626656,16.38281815,0.039050928,0.017864718,-0.015427779,0.929846977
9508300,0.016746506,2.3,1,774,1.145838541,0.425302242,0.992248062,0,83.630661,1.091927993,1,12.91666667,79.84496124,81.99436223,1.24,93,61.67,39.9,60.5,779.9,8.4,0.144,0.7,3,1.58,36,10.05,2.68,22.26,37.89,39.84,1496.5,0.503,27.8,0.203,-0.979,23.2,8.16,16.736963,25.49898573,26.68935484,,,-0.038515917,-0.082337529,-0.01965683,0.677476888
11461000,0.030323867,13,2,48,1.056797089,0.178294897,1,0,32.301184,1.065652935,1,8.75,79.81220657,98.0829421,1.95,259.6,118.6,63.1,81.2,730.9,3,0.607,0.95,4,1.1,36,11.3,1.16,28.24,42.59,29.17,448.3,0.314,20.6,-0.997,0.077,9.63,16.13,15.086673,6.630779176,11.66221109,,,0.326495311,0.194789621,0.002739299,1.016615306
11451715,0.080872564,44.4,2,966,1.088803163,0.203563329,1,0,11.690112,0.296371599,1,19.83333333,79.80113636,87.21590909,0.9,247.9,70.02,59.6,55.5,854.4,1,0.615,0.96,4,1.19,43.2,10.66,0.49,37.34,42.78,19.88,560.5,0.34,18.2,-0.265,0.964,10.43,10.33,18.827651,1.945488238,3.78987495,23.98777733,10.34183138,0.156024312,0.06469942,-0.124663435,0.832466486
11014000,0.028347972,3.5,2,99,1.028698871,0.106987748,1,0,34.921161,0.643563446,1,38,79.63085036,87.07976269,2.91,181.8,44.33,55.8,42.1,846.3,0,0.609,1.26,5,1.39,33.8,10.3,3.01,18.77,38.69,42.55,490.9,0.343,19.4,-0.048,-0.999,11.77,8.75,16.12831,24.61891647,27.06188119,,,-0.019392184,-0.012092781,0.000455826,1.608646405
11466800,0.041159683,24.6,2,811,0.990994427,0.078131298,1,0,12.714225,1.001456134,1,15.66666667,79.34888241,90.33041788,2.06,652.2,100.52,64.6,68.1,730.4,0.8,0.63,0.68,4,1.71,30,13.03,1.22,29.33,42.59,28.08,155.1,0.185,9.2,-0.054,-0.999,8.57,15.04,16.611166,3.097905528,3.795124195,,,0.191805821,0.011269504,-0.060637712,0.703559541
11059300,0.034423195,216.9,2,476,1.11943132,0.373331645,1,0,5.629999,1.029095619,1,24.66666667,79.08626561,76.44721907,1.38,946,67.84,42.5,47.8,641.9,27.6,0.57,1.05,5,1.86,28.1,10.09,7.16,11.69,29.16,59.16,1661,0.43,26,0.124,-0.992,4.66,8.01,19.036583,2.3244573,3.185200846,5.803953488,2.260084567,-0.136739485,-0.336634329,-0.108118365,0.502235725
11113500,0.003124993,2.8,2,789,1.02024629,0.116038914,1,0,18.940755,1.81859973,1,11.75,78.92190739,80.2349689,2.67,103.3,67.78,49.9,39.1,708.5,2.6,0.693,1.18,4,1.59,40.1,9.58,1.4,23.56,44.22,32.23,996,0.437,34.4,-0.944,-0.329,11.8,5.06,15.259699,12.37726183,14.70493708,84.35972894,53.69332043,-0.073985004,-0.153768993,-0.014740279,0.658887112
11461000,0.170162708,126.9,2,107,1.036363756,0.110086998,1,0,32.301184,1.065652935,1,6.967777778,78.89280125,94.20970266,1.95,259.6,118.6,63.1,81.2,730.9,3,0.607,0.95,4,1.1,36,11.3,1.16,28.24,42.59,29.17,448.3,0.314,20.6,-0.997,0.077,6.98,23.46,15.086673,6.630779176,11.66221109,,,0.326495311,0.194789621,0.002739299,1.016615306
9342500,0.035683322,63.5,1,81,0.965776863,0.349480168,1,0,10.452957,1.515753581,1,13,78.84485476,89.86714704,2,726.9,99.32,50.6,102.4,399.5,54.9,0.122,0.66,4,1.3,63.2,9.73,5.26,19.93,41.58,38.49,2968.1,0.436,31.2,-0.871,-0.491,12.81,9.42,11.980939,3.405147869,4.768551383,,,,,,1.003178144
9508300,0.052675375,32.3,1,55,1.062664502,0.167931064,1,0,83.630661,1.091927993,1,6.875,78.71740662,81.71247357,1.24,93,61.67,39.9,60.5,779.9,8.4,0.144,0.7,3,1.58,36,10.05,2.68,22.26,37.89,39.84,1496.5,0.503,27.8,0.203,-0.979,23.2,8.16,16.736963,25.49898573,26.68935484,,,0.000944022,-0.000402396,-0.000206143,1.109703309
11478500,0.115760585,214,1,979,1.025166425,0.101944656,1,0,12.895813,1.546514251,1,36.8,78.62332001,77.11587359,1.44,572.4,186.88,62.5,90.6,614.2,24.9,0.537,0.86,6,1.67,36.7,10.37,1.41,23.84,42.24,33.92,923,0.484,25.8,0.884,-0.467,8.41,13.56,14.61381,1.95071882,5.137264151,8.748707198,1.959399022,0.29071361,0.057064211,0.019076361,0.619517434
11462500,0.010196106,82.3,2,42,1.084079297,0.272556725,1,0,14.014819,1.559220106,1,20,78.60378913,80.43657331,1.8,938.7,115.58,63.2,79.6,757,2,0.605,1.01,5,1.18,36.1,11.16,1.09,26.66,42.65,30.69,465.2,0.299,21.1,-0.76,-0.649,9.93,16.13,15.801847,3.010044322,5.965196548,5.881016299,2.132502397,0.342164246,0.20863686,0.009445792,1.023963702
9513780,0.002233439,0.9,2,608,1.008116998,0.094726954,1,0,90.81327,1.095059029,1,18,78.58319605,77.8830313,2.34,177.5,52.71,40,52.6,949,0.8,0.196,0.87,3,1.36,22.1,10.1,3.45,30.93,30.45,38.62,1208.9,0.467,22.5,-0.241,-0.97,8.2,6.91,18.230644,38.35176222,28.51808451,16.69070423,2.558647887,0.008643851,-0.010861066,-0.003648417,0.833262072
8277470,0.011195022,166.6,1,111,1.165198943,0.643451617,1,0,20.31672,1.556455052,1,12.66666667,78.48123465,82.12907752,2.31,258,82.04,52.2,90.9,369.5,36.6,0.073,0.53,3,1.49,64,10.04,1.28,27.65,33.69,38.66,3038.8,0.43,25.8,0.472,0.881,14.21,9.44,17.790895,5.458742065,6.172325581,19.94930233,14.98604651,-0.016481747,-0.018029543,0.001491012,0.969439731
9510200,0.011385319,18.4,1,387,1.307940215,0.853971404,0.897306397,0,38.424484,0.967102488,0.978165939,11,78.3459596,74.78956229,1.74,425.3,61.33,36.1,50,956.2,2.1,0.215,1.04,5,1.39,30.1,10.19,4.14,15.96,29.86,54.17,1161.3,0.383,21.4,-0.57,-0.822,26.64,6.95,17.785195,16.38612732,18.54300494,51.02477531,24.56769952,0.006264217,0.000887973,-0.001961623,0.821059687
11461000,0.091844231,71.4,2,143,1.061976603,0.199248171,1,0,32.301184,1.065652935,1,8.963055556,78.28638498,93.34898279,1.95,259.6,118.6,63.1,81.2,730.9,3,0.607,0.95,4,1.1,36,11.3,1.16,28.24,42.59,29.17,448.3,0.314,20.6,-0.997,0.077,9.33,18.36,15.086673,6.630779176,11.66221109,,,0.326495311,0.194789621,0.002739299,1.016615306
11101250,0.449871096,0,2,113,1.071089207,0.272606105,1,0,9.043463,1.218738623,1,18.5,78.25,94.42857143,3.16,237.3,62.69,59.1,33.7,843.8,0.3,0.655,0.85,3,1.36,34,10.8,2.61,18.95,41.98,39.07,471.3,0.228,19.6,-0.987,-0.161,12.07,15.17,13.411358,0,3.349683944,19.49397387,12.38921197,0.027350697,0.039471284,0.000478655,
11449500,0.12063619,6.9,1,912,1.030171809,0.078716983,1,0,20.124733,1.609944458,1,19.95833333,78.19102113,93.97007042,1.81,95.3,148.47,60,80.8,774.8,1.3,0.621,0.7,3,1.52,33.3,10.94,1.18,24.63,43.26,32.11,804.1,0.359,20,0.851,-0.526,9.33,21.02,16.804113,7.764004234,10.69045121,,,0.119680425,-0.08824409,-0.075660262,0.442834324
11138500,0.004351055,211,2,585,0.98661337,0.217302179,1,0,43.010103,1.393757,1,32,78.11256396,80.95508812,2,728.9,69.82,57.6,39.6,665.2,7.1,0.686,1.16,5,1.44,28.2,9.8,1.39,21.86,41.68,36.45,994.2,0.424,34.2,0.199,-0.98,8.21,17.01,16.60856,32.67864011,35.43658938,,,-0.070876973,-0.150943448,-0.017087662,0.50503316
11456000,0.023341703,4,2,127,1.04398343,0.096350511,1,0,60.472826,0.901596113,1,22.75,77.96682263,72.1395151,1.79,212.3,104.44,64,69.8,743.7,1.5,0.624,0.68,4,1.39,28.5,10.89,2.14,24.23,44.57,31.21,305.3,0.209,20.9,-0.876,0.483,9.41,19.91,16.071526,22.62324764,34.12581253,,,0.132349076,0.06449546,0.029446462,0.931223526
11149900,0.000916073,20.3,2,488,1.183527801,0.425458089,1,0,12.824107,0.507351319,1,31,77.95591182,93.18637275,1.56,556.4,63.26,62,54,737.5,1.5,0.659,1.13,4,1.35,33.5,10.91,2.31,24.37,37.78,37.85,533.4,0.186,19.5,-0.995,-0.102,8.45,9.76,16.227347,0.822336042,1.076312006,28.84609993,15.65149173,,,,1.136415095
11462500,0.078129928,72.3,2,545,1.100896583,0.356406878,1,0,5.854759,1.781748803,1,71,77.86172161,87.59157509,1.8,938.7,115.58,63.2,79.6,757,2,0.605,1.01,5,1.18,36.1,11.16,1.09,26.66,42.65,30.69,465.2,0.299,21.1,-0.76,-0.649,7.16,22.52,15.801847,1.319662649,1.833269415,5.881016299,2.132502397,0.101625656,-0.091883412,-0.114802606,0.619788094
11101250,0.441518052,0.5,2,99,1.091899903,0.2645059,1,0,9.043463,1.218738623,1,20,77.85714286,65.71428571,3.16,237.3,62.69,59.1,33.7,843.8,0.3,0.655,0.85,3,1.36,34,10.8,2.61,18.95,41.98,39.07,471.3,0.228,19.6,-0.987,-0.161,12.07,15.17,13.411358,0,3.349683944,19.49397387,12.38921197,0.027350697,0.039471284,0.000478655,
9505800,0.008979964,109.9,1,64,0.916697879,0.404893777,1,0,15.87416,1.149760654,1,38,77.83488596,91.58368134,1.25,614.9,66.14,52,71.5,573.7,25.2,0.165,0.78,5,2.3,34.8,11.32,1.52,34.37,31.91,33.72,2018.2,0.681,10.6,-0.078,-0.997,19.08,7.93,19.078317,3.315536087,3.12080013,13.55356969,0.878337941,0.006092469,0.002880111,0.006747654,1.076106946
11462500,0.014057354,14.2,2,48,1.063863309,0.263625924,1,0,14.014819,1.559220106,1,9.889166667,77.75947282,98.06425041,1.8,938.7,115.58,63.2,79.6,757,2,0.605,1.01,5,1.18,36.1,11.16,1.09,26.66,42.65,30.69,465.2,0.299,21.1,-0.76,-0.649,9.93,16.13,15.801847,3.010044322,5.965196548,5.881016299,2.132502397,0.342164246,0.20863686,0.009445792,1.023963702
9183500,0.080415195,9.1,1,40,0.984687321,0.081654404,1,0,9.554376,1.58693339,1,44,77.73459988,67.78929188,0.97,74.3,66.99,52.1,75.1,523.8,35.2,0.117,0.82,2,1.82,55.8,9.43,4.38,18.47,33.98,47.55,2553,0.424,25.3,-0.048,-0.999,18.32,4.14,20.493111,2.287409489,3.148183042,10.63889637,3.052489906,0.041071366,0.007595602,-0.026073874,0.94602491
11148900,0.084915371,75.1,2,807,1.064909795,0.233911437,1,0,10.274829,1.729434032,1,32.66666667,77.529346,79.37395193,1.48,403.5,69.16,62.7,52.5,745.3,1.5,0.653,0.99,5,1.22,31.2,11.37,2.86,22.94,36.87,40.19,551.8,0.337,21.3,-0.586,0.81,11.7,7.38,16.11163,2.112819809,3.949739777,20.74907063,12.52795539,,,,
11458000,0.012250787,77.6,2,157,1.019950196,0.119059932,1,0,7.469418,0.749639592,1,18.5,77.49755142,64.69147894,1.81,566.3,96.01,63.5,67.6,752.1,1.4,0.629,0.68,4,1.21,26.8,11,1.67,26.49,45.86,27.64,276.3,0.212,18.6,-0.834,0.552,10.87,15.05,16.230256,0.513073094,1.896309377,,,0.415178669,0.289137373,0.124341333,1.064135749
11065000,0.005023576,4.3,2,559,0.955997673,0.307013154,1,0,33.742927,1.953161117,1,47.5,77.33160622,77.4611399,1.55,364.7,81.4,47.7,43.6,701.5,4.2,0.649,1.11,5,1.12,49.6,10,6.62,10.83,28.51,60.66,1250.1,0.343,27.3,-0.675,0.738,7.67,19.01,19.024359,9.084707504,11.94332328,33.44313134,17.52322457,0.056370652,-0.092943493,-0.094504975,0.654850569
11463900,0.171737418,1.3,2,467,1.053653188,0.172681822,1,0,78.702752,0.833942644,1,21,77.32784755,68.60112603,2.86,114.1,115.9,65.1,67.8,746.4,0.7,0.617,0.72,3,1.38,36.4,11.12,1.75,27.22,44.13,28.65,413,0.282,23.9,-0.601,-0.799,9.17,21.26,15.761656,11.07121403,21.33260298,,,0.026084146,-0.115278009,-0.088143993,0.607639683
11461500,0.206415026,47.6,2,547,1.047253522,0.166851523,1,0,23.026463,1.979605621,1,21.99444444,77.19335605,88.20272572,2.19,238.7,114.45,62.5,77.8,761.6,2,0.595,1.06,4,1.35,37.3,11.11,0.92,28.71,43.04,28.25,497.3,0.27,20.9,-0.276,-0.961,6.91,22.15,16.250428,5.04689448,7.209426058,23.12739841,8.386175115,0.101625656,-0.091883412,-0.114802606,0.619788094
11456000,0.038547155,15.7,2,811,1.020066124,0.061792988,1,0,8.882523,2.160787162,1,15.8,77.18535469,77.89473684,1.79,212.3,104.44,64,69.8,743.7,1.5,0.624,0.68,4,1.39,28.5,10.89,2.14,24.23,44.57,31.21,305.3,0.209,20.9,-0.876,0.483,8.25,16.25,16.071526,1.060217481,3.36895902,,,0.222215086,0.015139631,-0.046995445,0.714871147
11456000,0.039214061,16,2,829,0.988992691,0.040599718,1,0,8.882523,2.160787162,1,18,77.18535469,82.33409611,1.79,212.3,104.44,64,69.8,743.7,1.5,0.624,0.68,4,1.39,28.5,10.89,2.14,24.23,44.57,31.21,305.3,0.209,20.9,-0.876,0.483,7.94,21.08,16.071526,1.060217481,3.36895902,,,0.222215086,0.015139631,-0.046995445,0.714871147
11059300,0.003502186,87.1,2,480,1.119660873,0.593074462,1,0,5.629999,1.029095619,1,33,77.07150965,59.53461975,1.38,946,67.84,42.5,47.8,641.9,27.6,0.57,1.05,5,1.86,28.1,10.09,7.16,11.69,29.16,59.16,1661,0.43,26,0.124,-0.992,4.66,8.01,19.036583,2.3244573,3.185200846,5.803953488,2.260084567,-0.136739485,-0.336634329,-0.108118365,0.502235725
11461500,0.224209424,96.8,2,107,1.009972529,0.049027466,1,0,19.923258,2.990428809,1,6.9,76.93734542,93.69332234,2.19,238.7,114.45,62.5,77.8,761.6,2,0.595,1.06,4,1.35,37.3,11.11,0.92,28.71,43.04,28.25,497.3,0.27,20.9,-0.276,-0.961,6.91,22.15,16.250428,4.814853355,10.7385421,23.12739841,8.386175115,0.369863037,0.233112312,0.021301804,1.03650946
11462500,0.069683449,81,2,107,1.038439918,0.146435907,1,0,14.014819,1.559220106,1,7.967777778,76.64744646,93.86326194,1.8,938.7,115.58,63.2,79.6,757,2,0.605,1.01,5,1.18,36.1,11.16,1.09,26.66,42.65,30.69,465.2,0.299,21.1,-0.76,-0.649,7.16,22.52,15.801847,3.010044322,5.965196548,5.881016299,2.132502397,0.342164246,0.20863686,0.009445792,1.023963702
11022480,0.029991598,278.1,2,124,1.033473504,0.159050313,1,0,79.360851,1.036983012,1,14,76.64593053,75.63504406,1.63,953.6,51.86,51.9,43.3,807.8,2.2,0.585,0.84,5,1.19,31,10.52,3.4,17.08,31.75,51.17,640.4,0.294,18.5,0.017,-1,10.9,10.13,15.3664,57.24252031,58.6542156,,,-0.01392217,-0.013271371,-0.001183574,1.548165407
11022480,0.019687554,0,1,940,1.036269118,0.217721744,1,0,79.360851,1.036983012,1,13,76.56817004,91.39450492,1.63,953.6,51.86,51.9,43.3,807.8,2.2,0.585,0.84,5,1.19,31,10.52,3.4,17.08,31.75,51.17,640.4,0.294,18.5,0.017,-1,16.45,1.42,15.3664,57.24252031,58.6542156,,,-0.028756539,-0.041552171,-0.018424305,1.211290407
11462500,0.031372635,90.2,2,143,1.042842604,0.21314841,1,0,14.014819,1.559220106,1,8.963055556,76.40032949,92.95716639,1.8,938.7,115.58,63.2,79.6,757,2,0.605,1.01,5,1.18,36.1,11.16,1.09,26.66,42.65,30.69,465.2,0.299,21.1,-0.76,-0.649,9.49,18.21,15.801847,3.010044322,5.965196548,5.881016299,2.132502397,0.342164246,0.20863686,0.009445792,1.023963702
11451715,0.011422678,10,2,538,1.008130319,0.086067196,1,0,24.133838,1.666551161,1,15.66666667,76.38618677,91.00194553,0.9,247.9,70.02,59.6,55.5,854.4,1,0.615,0.96,4,1.19,43.2,10.66,0.49,37.34,42.78,19.88,560.5,0.34,18.2,-0.265,0.964,7.28,15.2,18.827651,2.888346264,4.86014522,23.98777733,10.34183138,0.068171654,-0.111624448,-0.088059976,0.633678478
11458000,0.00435528,6,2,127,1.071840455,0.263224868,1,0,23.054366,1.506954112,1,24.75,76.1732852,71.02888087,1.81,566.3,96.01,63.5,67.6,752.1,1.4,0.629,0.68,4,1.21,26.8,11,1.67,26.49,45.86,27.64,276.3,0.212,18.6,-0.834,0.552,9.47,18.58,16.230256,8.493122166,12.92929543,,,0.131902318,0.063859134,0.02908191,0.931090554
11109600,0.005670415,0.6,2,167,1.036891185,0.21815403,1,0,41.681744,1.066478672,1,28,76.03355303,78.66986219,1.66,963.8,55.61,42.7,35,676,11.8,0.673,1.1,5,2.08,52.1,10.21,5.72,18.55,37.45,44,1385.2,0.448,26,-0.765,0.644,5.91,14.06,16.693884,12.52429966,19.22524383,6.542218303,3.126727537,0.002965087,0.009267583,0.002196116,1.121524237
9404450,0.003007745,0,1,674,1.027627464,0.111411374,1,0,14.12125,1.495243097,1,14.5,75.92905405,80.2027027,2.21,193,46.03,54.3,64.1,511.3,37.5,0.146,0.49,3,1.1,77.9,10.5,1.53,27.11,45.25,27.64,2214.5,0.528,23.3,-0.996,0.092,9.81,2.78,16.150084,4.678595116,7.601968912,13.95839378,7.030725389,-0.059390061,-0.144598633,-0.034442,0.449450623
11113000,0.014332667,13.9,2,842,1.054517241,0.21812807,1,0,34.168763,0.626898493,1,34,75.72944297,65.64986737,1.41,650,68.34,45.4,34.7,663.4,7.7,0.69,1.22,4,1.67,44.6,9.91,2,22.07,41.65,36.28,1251.5,0.512,32.7,-1,0.016,6.83,9.22,16.054577,19.70198669,21.99904615,14.98787692,8.055507692,-0.062476334,-0.128931649,-0.018536262,0.582739149
11200800,0.003772059,0,2,90,1.073926401,0.211865361,1,0,37.21031,1.51904651,1,23,75.67302986,74.74302496,2.53,214.7,72.15,53.2,42.8,740.6,18.4,0.594,0.64,3,1.41,65.7,9.77,2.77,17.27,29.31,53.42,1214.9,0.417,30.8,-0.155,-0.988,5.44,9.36,15.133741,23.12020326,27.05533302,40.09669306,23.41741966,0.052795599,0.03645621,-0.004801635,0.964664916
11456000,0.0276099,35.5,2,104,0.937245604,0.142973512,1,0,8.882523,2.160787162,1,27,75.17162471,90.4805492,1.79,212.3,104.44,64,69.8,743.7,1.5,0.624,0.68,4,1.39,28.5,10.89,2.14,24.23,44.57,31.21,305.3,0.209,20.9,-0.876,0.483,7.94,21.08,16.071526,1.060217481,3.36895902,,,0.346790641,0.226602182,0.063994836,1.076802118
10173450,0.005252058,80.9,1,390,0.858823233,0.397279342,1,0,6.679829,1.245462034,1,8.8,75.04697987,87.86577181,1.98,268.5,65.03,54.7,80.9,402.2,53.1,0.149,0.42,3,1.28,76.9,10.8,2.1,22.73,38.73,38.54,2753.9,0.435,10.7,-0.338,0.941,14.31,4.35,13.380851,1.866059457,3.819553073,6.772960894,2.88603352,0.184684557,-0.125935152,-0.040416214,0.501956072
11043000,0.00380855,15.6,2,860,0.970175864,0.180506734,1,0,15.431556,1.785573251,1,28.91666667,74.847793,62.48097412,1.41,572.5,37.11,54,29.9,879.2,0.1,0.614,1.02,5,1.08,23.8,12.19,2.65,18.48,35.38,46.14,520.6,0.207,8.3,-0.454,-0.891,12.65,6.95,16.167722,1.382765683,3.507877729,,,0.048427092,0.107412762,-0.011260974,
11456000,0.036546437,66.5,2,157,0.950640207,0.112685331,1,0,8.882523,2.160787162,1,18.5,74.53089245,71.48741419,1.79,212.3,104.44,64,69.8,743.7,1.5,0.624,0.68,4,1.39,28.5,10.89,2.14,24.23,44.57,31.21,305.3,0.209,20.9,-0.876,0.483,10.83,16.43,16.071526,1.060217481,3.36895902,,,0.346790641,0.226602182,0.063994836,1.076802118
11113500,0.005208321,0,2,97,1.034983455,0.123203242,1,0,18.940755,1.81859973,1,9,74.39530062,87.00760194,2.67,103.3,67.78,49.9,39.1,708.5,2.6,0.693,1.18,4,1.59,40.1,9.58,1.4,23.56,44.22,32.23,996,0.437,34.4,-0.944,-0.329,8.69,8.85,15.259699,12.37726183,14.70493708,84.35972894,53.69332043,0.006263592,0.01337862,0.00190855,1.132471162
11462500,0.020090553,26.2,2,101,1.067028325,0.2205211,1,0,14.014819,1.559220106,1,26.5,74.3616145,82.57825371,1.8,938.7,115.58,63.2,79.6,757,2,0.605,1.01,5,1.18,36.1,11.16,1.09,26.66,42.65,30.69,465.2,0.299,21.1,-0.76,-0.649,7.16,22.52,15.801847,3.010044322,5.965196548,5.881016299,2.132502397,0.342164246,0.20863686,0.009445792,1.023963702
9497980,0.005435427,109.4,1,72,1.176614867,0.626758344,0.989071038,0,7.772327,1.760716106,1,10,74.23804941,91.85113892,1.21,516.8,68.36,41,69.3,673.1,9.8,0.135,0.7,3,1.67,36.3,10.57,3.03,22.54,34.63,42.83,1688.6,0.518,19.9,-0.996,0.089,21.95,9.19,17.814094,2.221099145,1.845975232,7.793188854,1.943034056,0.000403016,0.002417728,-0.002078926,0.996608674
11463200,0.139725368,1.7,2,467,1.019211804,0.132447182,1,0,26.99712,1.422792662,1,16.8,74.20935412,65.74610245,2.22,220.9,130.76,61.7,78,793.4,1.1,0.617,0.65,4,1.29,31.1,10.07,1.12,28.01,43.94,28.05,641.5,0.429,28.1,-0.469,-0.883,8.58,26.04,12.856578,8.36721598,13.11946582,,,0.029055111,-0.155221553,-0.090263693,0.552259241
11461500,0.070821707,58.7,2,143,1.030509338,0.096968158,1,0,19.923258,2.990428809,1,8.666666667,74.19620775,92.91014015,2.19,238.7,114.45,62.5,77.8,761.6,2,0.595,1.06,4,1.35,37.3,11.11,0.92,28.71,43.04,28.25,497.3,0.27,20.9,-0.276,-0.961,9.37,17.85,16.250428,4.814853355,10.7385421,23.12739841,8.386175115,0.369863037,0.233112312,0.021301804,1.03650946
11461000,0.05126697,163.6,2,795,1.077369554,0.233350183,1,0,32.301184,1.065652935,1,11.9,74.15884194,73.86541471,1.95,259.6,118.6,63.1,81.2,730.9,3,0.607,0.95,4,1.1,36,11.3,1.16,28.24,42.59,29.17,448.3,0.314,20.6,-0.997,0.077,7.07,18.28,15.086673,6.630779176,11.66221109,,,0.209937019,-0.022380016,-0.083442379,0.63869295
13083000,0.005527307,5.2,1,644,1.029137519,0.143291736,1,0,29.119732,1.153044888,1,10.5,74.06119611,65.53546592,2.24,133.2,51.39,57.6,83.1,514.8,34.3,0.207,0.86,3,1.24,76.9,10.33,1.25,23,49.12,27.88,1942.5,0.506,22.9,-0.347,0.938,9,5.73,18.298273,1.580607797,3.306756757,74.73310811,41.60810811,0.007533843,-0.02129286,-0.003519713,
11461500,0.060026439,20,2,164,0.995882869,0.116296911,1,0,19.923258,2.990428809,1,4,73.90766694,98.76339654,2.19,238.7,114.45,62.5,77.8,761.6,2,0.595,1.06,4,1.35,37.3,11.11,0.92,28.71,43.04,28.25,497.3,0.27,20.9,-0.276,-0.961,9.37,17.85,16.250428,4.814853355,10.7385421,23.12739841,8.386175115,0.369863037,0.233112312,0.021301804,1.03650946
11173200,0.017920238,15.8,2,214,0.996142784,0.178855316,1,0,87.006427,0.955234442,1,19,73.84868421,65.22556391,1.32,199.1,62.25,63.2,58.1,792.3,4.1,0.584,0.96,4,1.42,34.1,10.49,2.12,23.06,45.64,31.3,817,0.536,26.7,0.459,-0.888,8.85,10.54,16.584267,21.85655409,36.6775992,,,0.113026838,0.010115579,0.009059976,0.963839512
11381500,0.039841497,0.3,1,333,1.208450624,0.481261729,1,0,12.398946,,1,13.94138889,73.79471229,87.83048212,0.66,337.6,143.89,52.7,90.1,627.7,28.2,0.512,0.61,3,1.34,65,10.3,2.86,20.11,41.06,38.84,1204.7,0.357,27,-0.749,-0.662,17.03,3.1,14.722083,6.335430665,8.147719194,12.55758294,7.867890995,0.00550743,-0.066129263,-0.038366877,0.754549488
11065000,0.022439158,110.5,2,577,0.891306381,0.426418849,1,0,33.742927,1.953161117,1,16.9375,73.63989637,71.69689119,1.55,364.7,81.4,47.7,43.6,701.5,4.2,0.649,1.11,5,1.12,49.6,10,6.62,10.83,28.51,60.66,1250.1,0.343,27.3,-0.675,0.738,8.63,16.46,19.024359,9.084707504,11.94332328,33.44313134,17.52322457,0.056370652,-0.092943493,-0.094504975,0.654850569
11113000,0.002875246,44.3,2,171,1.220855674,0.450355662,1,0,34.168763,0.626898493,1,33.66666667,73.60742706,82.89124668,1.41,650,68.34,45.4,34.7,663.4,7.7,0.69,1.22,4,1.67,44.6,9.91,2,22.07,41.65,36.28,1251.5,0.512,32.7,-1,0.016,7.03,17.46,16.054577,19.70198669,21.99904615,14.98787692,8.055507692,0.0061851,0.01004091,0.00293228,1.169524863
11113500,0.014555887,7.3,2,842,1.073945336,0.233177825,1,0,18.940755,1.81859973,1,34,73.53144437,60.9536973,2.67,103.3,67.78,49.9,39.1,708.5,2.6,0.693,1.18,4,1.59,40.1,9.58,1.4,23.56,44.22,32.23,996,0.437,34.4,-0.944,-0.329,8.69,8.85,15.259699,12.37726183,14.70493708,84.35972894,53.69332043,-0.073985004,-0.153768993,-0.014740279,0.658887112
9404450,0.005678036,1.9,1,1094,1.296255975,0.724584762,1,0,14.12125,1.495243097,1,6.916666667,73.42905405,88.88513514,2.21,193,46.03,54.3,64.1,511.3,37.5,0.146,0.49,3,1.1,77.9,10.5,1.53,27.11,45.25,27.64,2214.5,0.528,23.3,-0.996,0.092,18.37,3.18,16.150084,4.678595116,7.601968912,13.95839378,7.030725389,-0.02721098,-0.09098101,-0.026802469,0.58998073
11449500,0.094191311,71.2,1,915,1.05017373,0.116868122,1,0,20.124733,1.609944458,1,14.875,73.41549296,83.18661972,1.81,95.3,148.47,60,80.8,774.8,1.3,0.621,0.7,3,1.52,33.3,10.94,1.18,24.63,43.26,32.11,804.1,0.359,20,0.851,-0.526,9.33,21.02,16.804113,7.764004234,10.69045121,,,0.119680425,-0.08824409,-0.075660262,0.442834324
11113000,0.004356434,1.3,2,168,1.071400552,0.186816532,1,0,34.168763,0.626898493,1,14,73.34217507,82.09549072,1.41,650,68.34,45.4,34.7,663.4,7.7,0.69,1.22,4,1.67,44.6,9.91,2,22.07,41.65,36.28,1251.5,0.512,32.7,-1,0.016,7.03,17.46,16.054577,19.70198669,21.99904615,14.98787692,8.055507692,0.0061851,0.01004091,0.00293228,1.169524863
11458500,0.028806339,46.8,2,804,0.993447268,0.054120527,1,0,63.695385,1.042728974,1,7.981388889,73.28885062,79.16487301,2.59,150.4,107.96,63.9,77.4,739.6,1.4,0.626,0.64,3,1.77,23.2,10.42,1.81,24.93,43.89,31.18,301.1,0.336,17.6,-0.861,-0.509,8.48,16.55,19.519202,10.35774737,23.62679521,,,0.261286144,0.060374644,-0.033995278,0.746733139
11077500,0.006314839,5.2,2,123,0.986293285,0.111232178,1,0,24.501378,1.161798467,1,25.83333333,73.27156094,57.02066999,1.28,240.8,51.01,60.8,37.1,825.6,0,0.654,1.13,5,1.61,20.2,10.37,1.7,25.4,46.19,28.41,553.2,0.308,25.4,-0.221,-0.975,12.34,11.9,17.754193,9.989975637,12.6130814,,,-0.037306902,-0.052824045,0.000655061,0.68515721
11059300,0.086506987,32.1,2,141,1.025030604,0.330528736,1,0,5.629999,1.029095619,1,30,73.24063564,71.39614075,1.38,946,67.84,42.5,47.8,641.9,27.6,0.57,1.05,5,1.86,28.1,10.09,7.16,11.69,29.16,59.16,1661,0.43,26,0.124,-0.992,4.14,13.57,19.036583,2.3244573,3.185200846,5.803953488,2.260084567,0.111814553,0.045486501,-0.002744023,1.025753451
9430600,0.01322938,29.4,1,472,1.05642362,0.168443401,1,0,13.587343,1.818895817,1,13.5,73.18401937,67.07021792,1.85,190.5,67.41,44.7,72,593.8,14,0.222,0.58,3,1.32,53.1,9.96,2.05,31.86,33.61,34.53,2371.3,0.444,40.6,-0.973,-0.231,18.25,10.8,15.895541,1.566147544,2.401417323,91.38944882,35.34944882,-0.05239975,-0.071526385,-0.005584105,
11138500,0.003414801,65.8,2,590,0.993908987,0.253731219,1,0,43.010103,1.393757,1,12.875,73.16657192,84.4229676,2,728.9,69.82,57.6,39.6,665.2,7.1,0.686,1.16,5,1.44,28.2,9.8,1.39,21.86,41.68,36.45,994.2,0.424,34.2,0.199,-0.98,8.21,17.01,16.60856,32.67864011,35.43658938,,,-0.070876973,-0.150943448,-0.017087662,0.50503316
9505800,0.002652543,97.1,1,89,1.046277324,0.344902302,1,0,15.87416,1.149760654,1,20.5,72.98425956,84.06681658,1.25,614.9,66.14,52,71.5,573.7,25.2,0.165,0.78,5,2.3,34.8,11.32,1.52,34.37,31.91,33.72,2018.2,0.681,10.6,-0.078,-0.997,19.08,7.93,19.078317,3.315536087,3.12080013,13.55356969,0.878337941,0.006092469,0.002880111,0.006747654,1.076106946
11065000,0.014364167,0,2,571,1.001528036,0.073652629,1,0,33.742927,1.953161117,1,25,72.76554404,62.11139896,1.55,364.7,81.4,47.7,43.6,701.5,4.2,0.649,1.11,5,1.12,49.6,10,6.62,10.83,28.51,60.66,1250.1,0.343,27.3,-0.675,0.738,8.63,16.46,19.024359,9.084707504,11.94332328,33.44313134,17.52322457,0.056370652,-0.092943493,-0.094504975,0.654850569
11461500,0.055874412,96.2,2,920,1.021661642,0.098714172,1,0,23.026463,1.979605621,1,27.75,72.76405451,67.120954,2.19,238.7,114.45,62.5,77.8,761.6,2,0.595,1.06,4,1.35,37.3,11.11,0.92,28.71,43.04,28.25,497.3,0.27,20.9,-0.276,-0.961,8.11,20.37,16.250428,5.04689448,7.209426058,23.12739841,8.386175115,0.122348297,-0.068933365,-0.069828884,0.661306993
11458000,0.007350472,58.3,2,804,0.965219494,0.164109873,1,0,7.469418,0.749639592,1,8.963055556,72.01273262,85.70029383,1.81,566.3,96.01,63.5,67.6,752.1,1.4,0.629,0.68,4,1.21,26.8,11,1.67,26.49,45.86,27.64,276.3,0.212,18.6,-0.834,0.552,8.25,14.98,16.230256,0.513073094,1.896309377,,,0.331291423,0.132798817,0.03311812,0.74525601
11138500,0.002564014,14.4,2,539,1.156663857,0.434880248,1,0,43.010103,1.393757,1,32.5,71.94428653,66.06026151,2,728.9,69.82,57.6,39.6,665.2,7.1,0.686,1.16,5,1.44,28.2,9.8,1.39,21.86,41.68,36.45,994.2,0.424,34.2,0.199,-0.98,8.18,9.48,16.60856,32.67864011,35.43658938,,,-0.070876973,-0.150943448,-0.017087662,0.50503316
11059300,0.060165759,259.2,2,478,0.897395953,0.687299699,1,0,5.629999,1.029095619,1,42,71.93530079,63.16685585,1.38,946,67.84,42.5,47.8,641.9,27.6,0.57,1.05,5,1.86,28.1,10.09,7.16,11.69,29.16,59.16,1661,0.43,26,0.124,-0.992,4.66,8.01,19.036583,2.3244573,3.185200846,5.803953488,2.260084567,-0.136739485,-0.336634329,-0.108118365,0.502235725
9508300,0.011874795,64.1,1,806,1.037231497,0.146833046,1,0,83.630661,1.091927993,1,6.961666667,71.51162791,88.33685694,1.24,93,61.67,39.9,60.5,779.9,8.4,0.144,0.7,3,1.58,36,10.05,2.68,22.26,37.89,39.84,1496.5,0.503,27.8,0.203,-0.979,20.18,5.24,16.736963,25.49898573,26.68935484,,,-0.038515917,-0.082337529,-0.01965683,0.677476888
11461500,0.040096712,17.7,2,101,1.015398512,0.07564409,1,0,19.923258,2.990428809,1,8.9725,71.20774938,86.56224237,2.19,238.7,114.45,62.5,77.8,761.6,2,0.595,1.06,4,1.35,37.3,11.11,0.92,28.71,43.04,28.25,497.3,0.27,20.9,-0.276,-0.961,6.91,22.15,16.250428,4.814853355,10.7385421,23.12739841,8.386175115,0.369863037,0.233112312,0.021301804,1.03650946
11462500,0.028597364,136,2,920,1.034161756,0.161347161,1,0,5.854759,1.781748803,1,28.5,70.9478022,66.02564103,1.8,938.7,115.58,63.2,79.6,757,2,0.605,1.01,5,1.18,36.1,11.16,1.09,26.66,42.65,30.69,465.2,0.299,21.1,-0.76,-0.649,8.32,20.94,15.801847,1.319662649,1.833269415,5.881016299,2.132502397,0.122348297,-0.068933365,-0.069828884,0.661306993
11224500,0.0020259,82.8,2,530,1.058186165,0.168529862,1,0,17.519332,1.2074693,1,18.66666667,70.92343659,72.58912916,2.43,247.4,47.01,49.5,44.4,791.8,2,0.63,1.19,5,1.82,29,10.38,1.74,35.56,40.29,24.15,804.2,0.402,26.1,-0.951,0.308,7.4,6.81,21.958024,10.79532778,13.10274859,,,-0.055450952,-0.185359228,-0.085632052,0.625048745
9497800,0.069010228,155.9,1,29,0.883855141,0.483010034,1,0,33.497407,1.389714454,1,26.88916667,70.47879617,70.20519836,1.91,750.9,58.79,40.7,71.3,676.3,12.1,0.147,0.83,4,1.76,37.1,10.42,0.91,29.33,42.37,28.3,1747.1,0.582,19.4,-0.996,0.088,22.3,5.81,18.999934,23.5959096,23.57343188,,,0.002883956,-0.003379113,0.000836715,
11278400,0.057051087,41.2,1,332,1.29415745,0.729731304,1,0,25.788143,0.4590475,1,101.5,70.41584158,78.33663366,1.88,610.5,130.21,62.7,76.4,514,47.9,0.559,0.69,5,1.44,58.1,10.13,8.79,8.15,22.58,69.27,2176.1,0.578,25.1,-0.675,-0.738,15.91,1.07,14.084845,9.684830674,12.71616708,24.33238329,12.88255528,0.010556646,-0.010139737,0.004717483,0.955176759
11458000,0.003785243,21.3,2,172,1.032358285,0.130837153,1,0,23.054366,1.506954112,1,33.75,70.28429603,68.32129964,1.81,566.3,96.01,63.5,67.6,752.1,1.4,0.629,0.68,4,1.21,26.8,11,1.67,26.49,45.86,27.64,276.3,0.212,18.6,-0.834,0.552,10.87,15.05,16.230256,8.493122166,12.92929543,,,0.131902318,0.063859134,0.02908191,0.931090554
9537200,0.007214476,22.6,1,39,1.049362048,0.149028996,1,0,6.935676,1.368447575,1,19.88916667,70.22390755,61.6468039,2.92,204.1,46.24,40.9,51.3,786.8,2.6,0.298,0.78,4,1.29,29.6,10.92,1.33,25.41,36.25,38.34,1624.2,0.276,13.1,-0.729,-0.684,22.56,8.69,20.348083,0.97103498,2.353846154,,,-0.003987181,-0.00912645,0.002079344,
8294195,0.022804767,33.6,1,36,1.133316475,0.55262242,1,0,48.051439,1.066299587,1,5.973055556,70.1414898,88.53516438,2.27,78.6,73.93,49.1,74.6,399.9,36.7,0.115,0.4,2,1.21,73.1,9.46,3.82,21.29,50.78,27.93,2909.1,0.463,34.2,0.36,-0.933,15.09,10.1,13.3997,26.19099975,27.76145038,6.818708651,2.85470229,0.014919093,0.012656848,-0.001300579,1.085573434
11077500,0.007737736,25.7,2,95,1.030048712,0.205631206,1,0,24.501378,1.161798467,1,32.66666667,70.06414825,66.42908054,1.28,240.8,51.01,60.8,37.1,825.6,0,0.654,1.13,5,1.61,20.2,10.37,1.7,25.4,46.19,28.41,553.2,0.308,25.4,-0.221,-0.975,12.07,11.6,17.754193,9.989975637,12.6130814,,,-0.037306902,-0.052824045,0.000655061,0.68515721
11059300,1.06861572,212.8,2,440,1.104131955,0.370566919,1,1,10.204954,0.671506587,1,99.98611111,100,97.75208735,1.38,946,67.84,42.5,47.8,641.9,27.6,0.57,1.05,5,1.86,28.1,10.09,7.16,11.69,29.16,59.16,1661,0.43,26,0.124,-0.992,4.14,13.57,19.036583,5.853874082,5.295634249,5.803953488,2.260084567,-0.084515517,-0.142665696,-0.020310006,0.682674413
7103700,0.165056407,14.6,1,443,0.983553933,0.111019842,1,1,10.334753,0.918584336,1,98,100,99.4957598,2.23,264.2,59.97,52.8,94.9,393.5,27.6,0.361,0.86,4,1.42,49.5,10.03,9,11.62,33.61,54.77,2775.2,0.373,26.9,0.329,0.944,10.42,4.09,15.226314,5.396997417,6.578652536,9.350870553,5.675132475,,,,0.397808237
11046100,0.451064388,20.6,2,899,1.046977285,0.135526447,1,1,61.385841,1.075061642,1,105,100,97.39389427,2.11,67.8,40.34,64.9,35,816,0,0.655,0.95,3,1.15,23,11.12,2.52,22.77,32.67,44.56,187.1,0.264,14.1,-0.987,-0.159,13.32,4.97,16.06083,4.915239878,3.734070796,30.20707965,9.995575221,0.004454934,0.018434641,-0.007547774,0.970007047
7103970,0.077780106,33.7,1,91,0.931666648,0.20107415,1,1,5.2619,1.070175745,1,80.66666667,99.97474747,99.72222222,2.41,466,56.93,51.8,81.4,505.6,18.5,0.31,0.66,3,1.89,50.7,11.24,7.39,13.91,32.09,54,2352.6,0.431,10.8,-0.999,0.044,12.95,3.64,12.548144,0.854179079,1.403690987,,,,,,0.9040836
10321590,0.000653556,23.1,1,1021,0.987277087,0.115407234,1,1,10.934387,0.579158788,1,48.91666667,99.96096799,99.60967994,1.45,476.6,31.03,52.6,69.9,545.9,39,0.172,1.1,4,1.34,63.8,11.2,2.06,27.06,43.56,29.38,1821.7,0.301,12.2,-0.936,0.351,15.16,2.09,21.107389,4.108979966,3.921023919,,,0.02983174,0.041453002,0.00478053,
11046250,1.12597364,108.6,2,444,1.081824737,0.247833521,1,1,14.830853,1.562492382,1,98.96972222,99.92435703,94.55370651,2.14,109.9,44.67,63.3,35,819.1,0,0.651,0.91,3,1.21,21.3,10.53,2.35,22.35,34.44,43.22,322.5,0.333,18.1,-0.472,-0.882,12.91,9.78,15.647458,5.815160593,5.688262056,,,-0.07217237,-0.131841652,-0.01744988,1.040754556
7103970,0.137938157,232.1,1,695,0.896270484,0.273582346,1,1,5.2619,1.070175745,1,69.66666667,99.92424242,96.81818182,2.41,466,56.93,51.8,81.4,505.6,18.5,0.31,0.66,3,1.89,50.7,11.24,7.39,13.91,32.09,54,2352.6,0.431,10.8,-0.999,0.044,9.85,7.43,12.548144,0.854179079,1.403690987,,,-0.022841551,-0.078864281,-0.013511153,0.737907065
11073495,1.53688792,14.7,2,486,1.132897087,0.365243318,1,1,26.085866,1.717892731,1,135.9475,99.88066826,94.92840095,2.67,208.2,61.85,53.7,37.7,823.2,0.2,0.66,0.75,4,1.15,47.4,10.92,8.04,10,27.26,62.74,638.5,0.176,13.5,-0.99,-0.14,11.17,14.43,10.502607,21.64413972,15.30172911,,,-0.100140609,-0.156993692,-0.019652861,0.478553645
9510200,0.600558936,10.4,2,925,1.095215635,0.244938595,1,1,38.424484,0.967102488,1,43.9475,99.87373737,98.31649832,1.74,425.3,61.33,36.1,50,956.2,2.1,0.215,1.04,5,1.39,30.1,10.19,4.14,15.96,29.86,54.17,1161.3,0.383,21.4,-0.57,-0.822,7.49,7.96,17.785195,16.38612732,18.54300494,51.02477531,24.56769952,-0.018953429,-0.046296014,-0.012013773,0.868715379
11073300,0.911151263,58.7,2,440,1.094618239,0.284654929,1,1,30.521869,0.844669747,1,97.98888889,99.86366735,91.47920927,0.81,83.6,90.33,49.8,53.3,682.5,5.3,0.643,1.21,3,1.12,50,9.57,6.38,11.96,34.18,53.86,1477.5,0.443,40.8,-0.829,-0.56,6.43,18.88,20.142177,17.99244488,18.93767943,,,-0.094432774,-0.154988647,-0.020724766,0.607662358
11073360,0.826174791,60.1,2,440,1.193536499,0.386110771,1,1,20.134001,,1,97.98888889,99.86320109,91.4500684,0.95,132.3,74.76,53,45.8,744.3,3.4,0.65,0.9,3,1.12,44.1,10.29,6.95,11.8,32.18,56.02,1050.4,0.295,27.1,-0.86,-0.509,8.45,15.84,14.250404,16.06905269,12.00204082,,,-0.092496442,-0.15177602,-0.020368538,0.608914885
9508300,1.248375931,133.1,2,193,1.078387403,0.215836803,1,1,83.630661,1.091927993,1,54,99.85905567,92.35377026,1.24,93,61.67,39.9,60.5,779.9,8.4,0.144,0.7,3,1.58,36,10.05,2.68,22.26,37.89,39.84,1496.5,0.503,27.8,0.203,-0.979,3.78,7.12,16.736963,25.49898573,26.68935484,,,-0.07765983,-0.144763968,-0.009734719,0.3593483
11077500,0.077142167,200.8,2,822,1.048135503,0.233056909,1,1,24.501378,1.161798467,1,64,99.85744833,97.07769066,1.28,240.8,51.01,60.8,37.1,825.6,0,0.654,1.13,5,1.61,20.2,10.37,1.7,25.4,46.19,28.41,553.2,0.308,25.4,-0.221,-0.975,12.07,11.6,17.754193,9.989975637,12.6130814,,,-0.026350686,-0.059067076,-0.018292824,0.675049737
11063510,0.750542701,76.4,2,926,0.94743404,0.168637203,1,1,15.999744,0.650293498,1,97.98666667,99.85369422,94.65983906,2.04,144.5,66.42,46,40.7,690.4,4.5,0.635,0.96,4,1.54,50.7,9.96,6.14,10.54,26.94,62.52,1273.4,0.272,22.4,-0.728,0.686,6.53,14.09,18.45637,3.489027728,3.731418685,74.67695502,36.88442907,-0.035891857,-0.049581941,-0.016637586,
11113000,0.858217465,0,2,430,1.113607596,0.255340339,1,1,12.550943,0.240796008,1,128.5,99.845798,92.59830378,1.41,650,68.34,45.4,34.7,663.4,7.7,0.69,1.22,4,1.67,44.6,9.91,2,22.07,41.65,36.28,1251.5,0.512,32.7,-1,0.016,6.83,9.22,16.054577,8.618055904,10.59078462,14.98787692,8.055507692,-0.076190649,-0.121304535,-0.021148163,0.784575117
11169800,0.52449677,30.1,2,867,1.009496234,0.093165204,1,1,19.710195,1.254471196,1,113,99.8427673,94.33962264,1.22,282.9,60.85,63.3,56.7,817.9,1.8,0.626,0.99,4,1.41,31.7,10.98,2.22,23.01,45.71,31.28,604,0.421,25.6,-0.968,-0.251,8.01,11.87,15.108,8.512952968,12.39353128,,,-0.05197041,-0.089555726,-0.018581726,0.693486301
9510200,0.243019969,0.9,2,258,1.118345525,0.279403222,1,1,13.021051,1.954168424,1,68.88916667,99.82905983,96.88034188,1.74,425.3,61.33,36.1,50,956.2,2.1,0.215,1.04,5,1.39,30.1,10.19,4.14,15.96,29.86,54.17,1161.3,0.383,21.4,-0.57,-0.822,7.49,7.96,17.785195,2.9162357,3.650787679,51.02477531,24.56769952,,,,0.342386832
11224500,0.073023974,13.2,2,198,1.038859569,0.136099292,1,1,17.519332,1.2074693,1,57.75,99.82466394,91.9345412,2.43,247.4,47.01,49.5,44.4,791.8,2,0.63,1.19,5,1.82,29,10.38,1.74,35.56,40.29,24.15,804.2,0.402,26.1,-0.951,0.308,6.86,10.27,21.958024,10.79532778,13.10274859,,,-0.058507761,-0.238731138,-0.018463314,0.531629253
11458000,0.830053347,0.7,2,504,1.001287739,0.095253203,1,1,7.469418,0.749639592,1,59,99.80411361,96.22918707,1.81,566.3,96.01,63.5,67.6,752.1,1.4,0.629,0.68,4,1.21,26.8,11,1.67,26.49,45.86,27.64,276.3,0.212,18.6,-0.834,0.552,9.47,18.58,16.230256,0.513073094,1.896309377,,,0.278941751,0.094248912,-0.0000965,0.659041598
11466200,1.351306806,96.6,1,391,1.032213643,0.097878156,1,1,34.361034,1.403707824,1,54.66666667,99.77807368,97.60319574,1.32,144.8,107.68,64.2,75.1,733.1,1.3,0.62,0.7,4,1.27,28.1,11.03,1.27,27,44.02,28.98,258.7,0.293,15.8,0.094,-0.996,16.75,5.89,17.015969,18.43726499,19.21139503,,,-0.164582387,-0.334582733,-0.17495533,0.362637882
11466320,0.808037639,104.2,1,391,1.046906214,0.124972052,1,1,24.946189,1.516647465,1,54.66666667,99.77416441,97.56097561,1.27,199.4,102.63,64.2,72,732.8,1,0.622,0.67,4,1.3,28.7,12.14,1.14,27.37,43.92,28.71,204.1,0.243,12.2,-0.118,-0.993,16.63,5.55,16.638396,13.68925187,13.95090271,,,-0.164623234,-0.334630793,-0.174980231,0.362440977
11173510,0.072460285,17.2,2,164,1.112989224,0.208388408,1,1,77.737397,1.168928262,1,61.75,99.76798144,92.66821346,1.34,360.7,62.25,63.9,58.9,792.6,3.7,0.583,1.01,4,1.32,32.1,10.44,2.07,24.39,45.37,30.25,741.8,0.517,25.7,-0.113,-0.994,7.72,11.21,16.911694,17.24073271,29.29254228,,,0.108644013,0.005929364,0.004299882,0.968436809
11274500,0.358234639,18.4,2,867,1.029162268,0.111858439,1,1,27.069601,1.263529895,1,113,99.76390346,93.91395593,1.48,347.8,45.32,61.6,45.7,861,1.4,0.624,1.05,4,1.63,30.1,10.73,1.77,24.88,42.82,32.31,475.6,0.378,24.4,-0.349,0.937,8.1,9.04,18.273952,7.729944851,9.815899942,,,-0.038463304,-0.06331748,-0.014461163,0.693667672
11458500,1.839463634,0,2,504,1.018596289,0.062346939,1,1,63.695385,1.042728974,1,55.66666667,99.7417133,97.07275075,2.59,150.4,107.96,63.9,77.4,739.6,1.4,0.626,0.64,3,1.77,23.2,10.42,1.81,24.93,43.89,31.18,301.1,0.336,17.6,-0.861,-0.509,9.57,20.48,19.519202,10.35774737,23.62679521,,,0.19127005,-0.008569863,-0.068260773,0.620423687
11152000,0.365115291,45.4,2,924,1.095237131,0.276687073,1,1,10.954941,1.60170771,1,105.8,99.74120083,96.94616977,2.07,625.1,80.89,63.9,60.5,663.8,2.9,0.654,1.03,5,2.35,38.3,10.02,3.14,20.17,34.81,45.02,759.1,0.387,34.7,-0.132,0.991,8.78,16.68,17.294107,2.102052119,3.129195329,14.97461206,10.20955047,0.239470253,0.058363783,-0.063931071,0.893566341
11152050,0.253254773,47.2,2,924,1.133339629,0.370703841,1,1,8.868908,1.491041107,1,105.8,99.73985432,96.98231009,1.67,771.5,74.52,63.7,58.2,676.7,2.4,0.652,1.04,6,2.02,38.4,10.1,2.9,21.11,35.63,43.26,674.8,0.359,31.4,0.227,0.974,9.08,15.41,17.029979,1.729693567,2.523499676,12.12311082,8.239170447,0.239470253,0.058363783,-0.063931071,0.893566341
11451715,0.41350096,58.1,2,827,1.036602522,0.131846598,1,1,5.595129,0.165455251,1,62.85722222,99.71264368,98.27586207,0.9,247.9,70.02,59.6,55.5,854.4,1,0.615,0.96,4,1.19,43.2,10.66,0.49,37.34,42.78,19.88,560.5,0.34,18.2,-0.265,0.964,7.69,10.4,18.827651,0.869588895,1.310246067,23.98777733,10.34183138,-0.012961866,-0.028181083,-0.023621235,0.712904405
11466320,1.150282052,0,2,504,1.015165299,0.101216634,1,1,11.48391,1.070572978,1,59.5,99.69879518,97.84136546,1.27,199.4,102.63,64.2,72,732.8,1,0.622,0.67,4,1.3,28.7,12.14,1.14,27.37,43.92,28.71,204.1,0.243,12.2,-0.118,-0.993,9.84,19.44,16.638396,1.207236838,1.65330993,,,0.107350829,-0.005919632,-0.100306364,0.654534435
7103970,0.178651181,27.7,1,72,1.09914411,0.312914663,1,1,5.2619,1.070175745,1,15.875,99.6969697,99.8989899,2.41,466,56.93,51.8,81.4,505.6,18.5,0.31,0.66,3,1.89,50.7,11.24,7.39,13.91,32.09,54,2352.6,0.431,10.8,-0.999,0.044,17.1,8.74,12.548144,0.854179079,1.403690987,,,,,,0.9040836
7103700,0.010171333,137.7,1,766,0.919443546,0.228247422,1,1,10.334753,0.918584336,1,55,99.67911987,99.31239972,2.23,264.2,59.97,52.8,94.9,393.5,27.6,0.361,0.86,4,1.42,49.5,10.03,9,11.62,33.61,54.77,2775.2,0.373,26.9,0.329,0.944,15.24,9.63,15.226314,5.396997417,6.578652536,9.350870553,5.675132475,-0.073427221,-0.138797398,-0.02782991,0.527450528
11143000,0.460207023,31.6,2,924,1.057168001,0.253723709,1,1,86.219962,1.022908078,1,92.98638889,99.66918715,98.81852552,2.74,120.6,116.26,67.4,72.8,639.5,3.4,0.654,0.98,4,1.47,40.3,10.29,4.14,14.13,31.45,54.42,779,0.492,43.6,-0.447,-0.894,8.68,23.37,18.127121,14.47744466,22.15223881,86.30373134,57.91119403,0.261123308,0.099905718,-0.020401351,0.780523961
9353800,0.005272432,1,1,832,1.051431104,0.171746522,1,1,14.01843,0.732598338,1,79.5,99.66019417,98.59223301,1.26,880.8,84.75,52.5,111.4,398.1,46.2,0.068,0.52,4,1.22,64.3,9.73,2.39,20.87,37.37,41.76,3029.5,0.446,33.4,-0.998,-0.061,8.93,7.18,9.979675,3.604967791,8.226089918,,,-0.086886425,-0.16967405,-0.019807659,
11466200,1.00125772,0,2,504,1.019774161,0.10863077,1,1,7.676397,0.941665039,1,55.9,99.64806435,98.08949221,1.32,144.8,107.68,64.2,75.1,733.1,1.3,0.62,0.7,4,1.27,28.1,11.03,1.27,27,44.02,28.98,258.7,0.293,15.8,0.094,-0.996,9.74,20.11,17.015969,0.862305695,1.310220994,,,0.11286134,0.003010738,-0.118101618,0.654883262
9508300,1.424975453,25.7,2,231,1.05349702,0.141937582,1,1,83.630661,1.091927993,1,60.83333333,99.64763918,87.24453841,1.24,93,61.67,39.9,60.5,779.9,8.4,0.144,0.7,3,1.58,36,10.05,2.68,22.26,37.89,39.84,1496.5,0.503,27.8,0.203,-0.979,5.2,6.96,16.736963,25.49898573,26.68935484,,,-0.07765983,-0.144763968,-0.009734719,0.3593483
11014000,0.113703402,27,2,805,1.050218515,0.137217727,1,1,7.06468,1.142409136,1,105,99.63208241,94.55481972,2.91,181.8,44.33,55.8,42.1,846.3,0,0.609,1.26,5,1.39,33.8,10.3,3.01,18.77,38.69,42.55,490.9,0.343,19.4,-0.048,-0.999,12.36,9.83,16.12831,6.01277364,6.221287129,,,-0.031159249,-0.061151788,-0.024314305,
11149900,0.285000344,36.5,2,588,1.091357208,0.218615508,1,1,21.73561,1.616261858,1,167.5,99.62962963,93.5978836,1.56,556.4,63.26,62,54,737.5,1.5,0.659,1.13,4,1.35,33.5,10.91,2.31,24.37,37.78,37.85,533.4,0.186,19.5,-0.995,-0.102,8.3,13.77,16.227347,8.848335816,13.12359813,28.84609993,15.65149173,-0.084847199,-0.178495399,-0.026298828,0.494408205
11143000,0.457859028,73.2,2,575,0.998904766,0.072532913,1,1,99.985297,0.997222043,1,146.8,99.62476548,89.91557223,2.74,120.6,116.26,67.4,72.8,639.5,3.4,0.654,0.98,4,1.47,40.3,10.29,4.14,14.13,31.45,54.42,779,0.492,43.6,-0.447,-0.894,8.33,25.11,18.127121,33.21126627,44.52462687,86.30373134,57.91119403,-0.101820656,-0.155859565,-0.024091851,0.453496031
11025500,0.033348524,0,1,357,1.04917754,0.148274005,1,1,16.382785,0.674671611,1,127,99.61489089,94.86521181,1.59,288.7,61.83,49,43.1,760.7,1.6,0.57,0.88,4,1.39,32.2,10.45,3.04,16.47,31.29,52.24,891.8,0.428,20.2,-0.631,-0.776,17.06,2.39,16.426629,11.15906388,12.28919293,,,-0.072404985,-0.159021569,-0.025886188,0.818166877
11148900,2.940457879,171.6,2,482,1.103143605,0.304122074,1,1,19.551763,1.597078602,1,82,99.61046188,97.9966611,1.48,403.5,69.16,62.7,52.5,745.3,1.5,0.653,0.99,5,1.22,31.2,11.37,2.86,22.94,36.87,40.19,551.8,0.337,21.3,-0.586,0.81,9.43,14.72,16.11163,4.013803818,9.585947955,20.74907063,12.52795539,-0.082928249,-0.141070909,-0.02402486,
7103700,0.084778973,58.7,1,1060,0.840009407,0.407640996,1,1,10.334753,0.918584336,1,31.875,99.61035984,96.53907862,2.23,264.2,59.97,52.8,94.9,393.5,27.6,0.361,0.86,4,1.42,49.5,10.03,9,11.62,33.61,54.77,2775.2,0.373,26.9,0.329,0.944,7.25,7.11,15.226314,5.396997417,6.578652536,9.350870553,5.675132475,-0.033790108,-0.087202289,-0.017240366,0.648685697
11467200,2.333612465,209.5,1,432,1.012994661,0.062669111,1,1,32.048365,1.410971875,1,53.94138889,99.6043956,97.14285714,2.33,162.6,162.49,65.6,81.3,700.8,0.6,0.627,0.81,4,1.32,36,10.95,2.58,24.92,42.04,33.04,308.2,0.403,28.9,-1,0.009,16.55,9.16,14.168797,16.10916175,18.79649446,,,-0.114354514,-0.326916642,-0.207129922,0.39255994
11129800,0.164655834,28,2,484,1.06558845,0.131408931,1,1,19.694249,2.110868413,1,81.5,99.58246347,84.62073765,0.98,85.3,58.44,66.4,39.6,749.9,0.1,0.68,0.97,3,1.28,24.6,11.29,2.31,24.04,39.55,36.41,443.7,0.254,20,-0.839,-0.544,10.42,11.75,15.248683,0.276776534,1.44021102,,,0.026378043,0.019077106,0.000568816,
11451715,0.424923639,63.4,2,574,1.025828173,0.146348265,1,1,11.655139,0.944331954,1,129,99.57604663,95.1245363,0.9,247.9,70.02,59.6,55.5,854.4,1,0.615,0.96,4,1.19,43.2,10.66,0.49,37.34,42.78,19.88,560.5,0.34,18.2,-0.265,0.964,7.28,15.2,18.827651,2.304121352,5.157482856,23.98777733,10.34183138,-0.053507114,-0.11941711,-0.015162012,0.608025122
11043000,0.171137462,5.2,1,357,0.982979068,0.148548371,1,1,7.514724,1.797661564,1,105,99.55686854,95.42097489,1.41,572.5,37.11,54,29.9,879.2,0.1,0.614,1.02,5,1.08,23.8,12.19,2.65,18.48,35.38,46.14,520.6,0.207,8.3,-0.454,-0.891,19.05,1.62,16.167722,3.722381881,4.124593886,,,-0.033410288,-0.08991149,-0.016134402,1.053456228
7103700,0.064307691,26.9,1,425,1.08791476,0.386289997,1,1,10.334753,0.918584336,1,14.75,99.55305982,99.63327985,2.23,264.2,59.97,52.8,94.9,393.5,27.6,0.361,0.86,4,1.42,49.5,10.03,9,11.62,33.61,54.77,2775.2,0.373,26.9,0.329,0.944,14.17,10.32,15.226314,5.396997417,6.578652536,9.350870553,5.675132475,,,,0.397808237
11148900,1.319346256,0,1,380,1.090325102,0.31118218,1,1,6.063932,1.901817314,1,46,99.55156951,97.02914798,1.48,403.5,69.16,62.7,52.5,745.3,1.5,0.653,0.99,5,1.22,31.2,11.37,2.86,22.94,36.87,40.19,551.8,0.337,21.3,-0.586,0.81,16.23,3.24,16.11163,1.860832125,3.682081784,20.74907063,12.52795539,-0.090459047,-0.151929141,-0.023852705,0.554964854
11274500,0.022389665,11.4,2,483,1.064407727,0.17354623,1,1,91.144936,0.968114006,1,55,99.54841947,94.38033116,1.48,347.8,45.32,61.6,45.7,861,1.4,0.624,1.05,4,1.63,30.1,10.73,1.77,24.88,42.82,32.31,475.6,0.378,24.4,-0.349,0.937,8.71,5.88,18.273952,28.95967613,36.63890167,,,-0.049693472,-0.162895641,-0.067747282,0.614993088
11466170,1.021428147,0,2,504,0.992085794,0.086173525,1,1,22.469984,1.304360211,1,53.83333333,99.53314659,98.27264239,1.63,56,106,64.2,74.7,734.4,0.9,0.619,0.66,2,1.24,27,11.09,1.2,26.85,43.61,29.55,220.7,0.248,12.2,0.779,-0.627,9.94,19.59,16.615901,0.386782233,1.523571429,,,0.264541567,0.141533693,-0.032432584,0.840366825
9510200,0.021771926,0,2,215,1.125519219,0.292264606,1,1,13.021051,1.954168424,1,54.5,99.52991453,95.76923077,1.74,425.3,61.33,36.1,50,956.2,2.1,0.215,1.04,5,1.39,30.1,10.19,4.14,15.96,29.86,54.17,1161.3,0.383,21.4,-0.57,-0.822,7.77,5.8,17.785195,2.9162357,3.650787679,51.02477531,24.56769952,,,,0.342386832
11152000,0.588895631,35.8,2,843,1.126078506,0.384268213,1,1,14.964649,1.788935464,1,61.90916667,99.52854898,99.89523311,2.07,625.1,80.89,63.9,60.5,663.8,2.9,0.654,1.03,5,2.35,38.3,10.02,3.14,20.17,34.81,45.02,759.1,0.387,34.7,-0.132,0.991,8.57,12.76,17.294107,11.17292732,12.15683891,14.97461206,10.20955047,-0.010895146,-0.130627653,-0.118101051,0.66357975
11152050,0.289591327,36.5,2,843,1.149917792,0.447856266,1,1,12.095121,1.606303196,1,61.90916667,99.5215311,99.89367358,1.67,771.5,74.52,63.7,58.2,676.7,2.4,0.652,1.04,6,2.02,38.4,10.1,2.9,21.11,35.63,43.26,674.8,0.359,31.4,0.227,0.974,8.75,11.74,17.029979,9.186214151,9.799792612,12.12311082,8.239170447,-0.010895146,-0.130627653,-0.118101051,0.66357975
11044800,2.189171691,95.4,2,171,1.013335381,0.08587029,1,1,5.29932,0.732504198,1,70.99222222,99.51219512,97.88617886,1.68,85.5,40.9,59,33,853.1,0,0.666,0.86,3,1.19,26.7,10.3,3.33,15.97,31.55,52.47,405.4,0.415,18.9,-0.922,0.386,12.79,9.41,15.319151,2.005988961,2.867368421,,,-0.01646926,-0.029844553,-0.003557036,
11465350,0.16996162,217.4,1,432,0.993079687,0.158947008,1,1,25.433253,0.92543356,1,53.9825,99.4956442,97.15726731,1.03,559.8,130.36,64.5,76.9,775.7,0.4,0.629,0.79,5,1.37,34.8,11.21,2.23,24.58,42.8,32.63,293.6,0.297,23.8,-0.819,0.574,16.57,7.17,15.21547,6.739087022,9.911897106,,,-0.067242615,-0.217365126,-0.171113523,0.45860699
11025500,0.168704296,116.2,2,822,1.025355237,0.146938319,1,1,57.038453,0.63853309,1,57,99.48275862,96.09195402,1.59,288.7,61.83,49,43.1,760.7,1.6,0.57,0.88,4,1.39,32.2,10.45,3.04,16.47,31.29,52.24,891.8,0.428,20.2,-0.631,-0.776,8.73,11.95,16.426629,35.29497486,34.52483547,,,0.004601165,-0.01412555,-0.015278874,0.884453394
11149900,0.236143142,27,2,843,1.172378081,0.403201296,1,1,28.802865,1.62219344,1,68.88916667,99.48266943,99.79306777,1.56,556.4,63.26,62,54,737.5,1.5,0.659,1.13,4,1.35,33.5,10.91,2.31,24.37,37.78,37.85,533.4,0.186,19.5,-0.995,-0.102,8.45,9.76,16.227347,15.62239126,19.76732566,28.84609993,15.65149173,-0.010138407,-0.106039938,-0.106604941,0.675502193
9513780,0.729058406,0,2,77,1.050935258,0.146575385,1,1,17.300814,0.890020873,1,64.88916667,99.47889526,98.48879625,2.34,177.5,52.71,40,52.6,949,0.8,0.196,0.87,3,1.36,22.1,10.1,3.45,30.93,30.45,38.62,1208.9,0.467,22.5,-0.241,-0.97,11.19,4.44,18.230644,1.899924102,1.168225352,16.69070423,2.558647887,0.086675247,0.036335539,-0.064603922,1.158136717
7104905,0.196163789,95.6,1,1060,0.952119008,0.201319419,1,1,5.351106,0.612912952,1,32.9,99.46834219,91.20347994,2.32,613.5,54.77,51.4,80.5,521.8,16.6,0.322,0.71,3,1.84,50.4,11.26,7.38,13.5,29.69,56.81,2279.5,0.411,10.1,-1,0.006,10.3,7.23,13.421778,3.217745165,3.097555012,4.981222494,2.570904645,-0.035672741,-0.09085869,-0.017775988,0.640264154
9510200,0.170446882,0,2,658,1.102066589,0.257972441,1,1,13.021051,1.954168424,1,34,99.44444444,99.95726496,1.74,425.3,61.33,36.1,50,956.2,2.1,0.215,1.04,5,1.39,30.1,10.19,4.14,15.96,29.86,54.17,1161.3,0.383,21.4,-0.57,-0.822,11.26,8.96,17.785195,2.9162357,3.650787679,51.02477531,24.56769952,-0.010580844,-0.053186635,-0.012575144,0.712944338
11101250,0.852010511,0.2,2,844,1.085266581,0.346503652,1,1,9.043463,1.218738623,1,88.85722222,99.42857143,96.92857143,3.16,237.3,62.69,59.1,33.7,843.8,0.3,0.655,0.85,3,1.36,34,10.8,2.61,18.95,41.98,39.07,471.3,0.228,19.6,-0.987,-0.161,12.07,15.17,13.411358,0,3.349683944,19.49397387,12.38921197,-0.011973347,-0.025141766,-0.011421131,
11046250,0.50243675,91.5,2,488,1.056712134,0.158238196,1,1,14.830853,1.562492382,1,74.5,99.39485628,95.15885023,2.14,109.9,44.67,63.3,35,819.1,0,0.651,0.91,3,1.21,21.3,10.53,2.35,22.35,34.44,43.22,322.5,0.333,18.1,-0.472,-0.882,13.06,10.26,15.647458,5.815160593,5.688262056,,,-0.07217237,-0.131841652,-0.01744988,1.040754556
11143000,0.197466381,0,2,968,1.015685431,0.142870506,1,1,99.985297,0.997222043,1,132,99.3902439,96.2945591,2.74,120.6,116.26,67.4,72.8,639.5,3.4,0.654,0.98,4,1.47,40.3,10.29,4.14,14.13,31.45,54.42,779,0.492,43.6,-0.447,-0.894,8.68,23.37,18.127121,33.21126627,44.52462687,86.30373134,57.91119403,-0.041323742,-0.061614597,-0.016607488,0.638570704
9484000,1.130488278,73.8,1,804,1.119668157,0.399693303,1,1,69.267296,1.388299086,1,30.66666667,99.37578027,97.65917603,2.39,103.7,75.97,43.3,71.1,767.1,3.1,0.167,0.8,3,1.52,9.5,9.14,1.65,18.36,43.38,38.26,1878.8,0.534,35.6,-0.977,-0.213,21.03,13.39,17.656755,12.27435075,20.33982642,59.10578592,25.9246866,0.032199617,-0.082769652,-0.028765416,0.762986287
11027000,0.347878458,89.7,2,822,1.050703111,0.127628981,1,1,50.900245,0.591991427,1,56,99.370444,96.28893307,1.62,58.2,51.93,53.2,38.8,797.9,0.2,0.625,1,3,1.16,28.6,11.16,2.59,16.4,30.84,52.76,653.6,0.433,13,-0.467,-0.884,9.92,11.16,15.624757,10.30581508,11.12010309,,,0.010100541,-0.003177161,-0.009773989,0.978380779
9508300,2.122239083,7,2,187,1.068066923,0.198999131,1,1,83.630661,1.091927993,1,34.75,99.36575053,96.7230444,1.24,93,61.67,39.9,60.5,779.9,8.4,0.144,0.7,3,1.58,36,10.05,2.68,22.26,37.89,39.84,1496.5,0.503,27.8,0.203,-0.979,4.27,5.36,16.736963,25.49898573,26.68935484,,,-0.07765983,-0.144763968,-0.009734719,0.3593483
11149900,0.352687926,0,1,491,1.128126488,0.301775081,1,1,21.73561,1.616261858,1,45,99.36507937,97.56613757,1.56,556.4,63.26,62,54,737.5,1.5,0.659,1.13,4,1.35,33.5,10.91,2.31,24.37,37.78,37.85,533.4,0.186,19.5,-0.995,-0.102,16.41,2.61,16.227347,8.848335816,13.12359813,28.84609993,15.65149173,-0.084847199,-0.178495399,-0.026298828,0.494408205
11463900,1.094453776,114.9,1,731,1.038686841,0.127068998,1,1,78.702752,0.833942644,1,53.96666667,99.35036812,97.22823733,2.86,114.1,115.9,65.1,67.8,746.4,0.7,0.617,0.72,3,1.38,36.4,11.12,1.75,27.22,44.13,28.65,413,0.282,23.9,-0.601,-0.799,16.72,5.97,15.761656,11.07121403,21.33260298,,,0.037737626,-0.049186816,-0.115248336,0.675231242
11169800,0.370350773,43.1,2,846,1.040329659,0.113036497,1,1,36.191218,1.399114615,1,51,99.34967484,99.69984992,1.22,282.9,60.85,63.3,56.7,817.9,1.8,0.626,0.99,4,1.41,31.7,10.98,2.22,23.01,45.71,31.28,604,0.421,25.6,-0.968,-0.251,8.67,8.1,15.108,13.56218898,17.84697773,,,-0.027252546,-0.102754136,-0.097116277,0.690304803
12097500,0.184610182,19.3,1,67,0.980670238,0.090101551,1,1,32.826882,1.454692123,1,108,99.34640523,96.23619563,2.07,190.2,164.67,72.5,178.5,439.2,51.5,0.402,0.69,3,1.42,62.8,9.76,2.57,10.43,45.1,44.47,1214.1,0.456,35.7,0.768,-0.641,6.01,11.33,12.777585,9.869632382,18.2318612,33.08943218,15.41735016,0.502799238,0.413357775,0.23720905,1.151443763
7103970,0.05365612,153.3,1,730,1.038455483,0.242707673,1,1,5.2619,1.070175745,1,25.98666667,99.34343434,97.82828283,2.41,466,56.93,51.8,81.4,505.6,18.5,0.31,0.66,3,1.89,50.7,11.24,7.39,13.91,32.09,54,2352.6,0.431,10.8,-0.999,0.044,14.97,5.68,12.548144,0.854179079,1.403690987,,,-0.022841551,-0.078864281,-0.013511153,0.737907065
11143000,1.195129464,0,1,478,1.015888311,0.072363467,1,1,99.985297,0.997222043,1,43,99.34333959,97.56097561,2.74,120.6,116.26,67.4,72.8,639.5,3.4,0.654,0.98,4,1.47,40.3,10.29,4.14,14.13,31.45,54.42,779,0.492,43.6,-0.447,-0.894,16.01,5.19,18.127121,33.21126627,44.52462687,86.30373134,57.91119403,-0.101820656,-0.155859565,-0.024091851,0.453496031
11148900,0.063932151,12.1,1,431,1.144611133,0.457269372,1,1,20.792454,1.663208229,1,36.83333333,99.3413831,99.94511526,1.48,403.5,69.16,62.7,52.5,745.3,1.5,0.653,0.99,5,1.22,31.2,11.37,2.86,22.94,36.87,40.19,551.8,0.337,21.3,-0.586,0.81,16.23,3.24,16.11163,10.4699498,15.43271375,20.74907063,12.52795539,-0.107023555,-0.283922824,-0.128400629,0.498664892
10313400,0.052267746,38.7,1,1039,1.091090589,0.302150428,0.996515679,1,5.15123,0.339008335,1,26.5,99.33380084,99.15848527,1.46,184.2,59.75,52.5,86.4,442,59.1,0.251,0.74,4,1.26,66.9,10.37,1.2,26.77,42.68,30.55,2263.6,0.322,27.7,-0.966,-0.258,11.34,3.55,16.866536,2.537673867,1.995439739,,,0.000764306,0.004371526,-0.004954015,1.006267636
11042900,0.076932972,31.4,1,93,1.007925622,0.063755969,1,1,6.890085,1.723145088,1,62.75,99.33333333,94.93333333,1.45,227.1,38.42,52.1,30.4,862.2,0.2,0.588,1,3,1.35,24,11.73,2.76,18.12,34.83,47.04,611.1,0.274,8.4,-0.245,-0.97,18.79,1.8,16.576693,1.886222907,1.07675033,,,,,,
11172945,0.170030962,26.5,1,434,0.971854288,0.083739103,1,1,98.034239,1.017024877,1,35.875,99.33046389,96.31755141,1.9,87.1,62.38,62.8,59.5,791,4.1,0.574,1.07,3,1.31,29.5,10.31,2.21,25.08,45.14,29.79,814.2,0.599,26.7,-0.303,-0.953,16.7,3.83,17.898739,16.30612818,27.85556831,,,-0.006291511,-0.101135562,-0.073177418,0.72189765
11046100,0.112766097,108.9,2,567,1.06434308,0.181495185,1,1,61.385841,1.075061642,1,55.75,99.32985853,95.01116902,2.11,67.8,40.34,64.9,35,816,0,0.655,0.95,3,1.15,23,11.12,2.52,22.77,32.67,44.56,187.1,0.264,14.1,-0.987,-0.159,12.99,9.03,16.06083,4.915239878,3.734070796,30.20707965,9.995575221,-0.009020446,-0.030167361,-0.006053146,0.750923007
11128250,0.331130292,100.9,2,529,1.03049411,0.081702808,1,1,37.41514,,1,82,99.31693989,98.01912568,1.19,73.8,63.62,64.2,39.5,751,0.3,0.688,1.15,4,1.4,24.8,11.06,2.09,25.37,39.2,35.43,511,0.283,19,-0.632,-0.775,11.66,13.59,18.11282,2.221412774,5.613414634,,,0.015336952,-0.005065252,-0.003970342,
11204100,0.163694182,2.4,2,203,1.088110202,0.204321479,1,1,14.215553,0.967391659,1,67.83333333,99.29843497,97.13977334,2.9,249.1,79.83,55.9,53.1,703.2,25.2,0.595,0.74,4,1.36,65.9,9.43,2.64,18.72,31.31,49.98,1348.7,0.417,34.4,0.119,-0.993,6.92,15.82,17.505672,1.184458719,2.632436772,48.9626656,16.38281815,0.352794745,0.197325331,0.02549359,0.986911753
11148900,0.526334943,73.5,2,220,1.104392177,0.321182408,1,1,21.611762,1.082710122,1,74,99.29487179,83.3974359,1.48,403.5,69.16,62.7,52.5,745.3,1.5,0.653,0.99,5,1.22,31.2,11.37,2.86,22.94,36.87,40.19,551.8,0.337,21.3,-0.586,0.81,12.18,3.6,16.11163,3.551364882,3.720446097,20.74907063,12.52795539,0.011650047,0.018126958,0.004527401,1.04596501
11065000,0.210415635,42.9,2,881,0.980112291,0.261250798,1,1,33.742927,1.953161117,1,95.85722222,99.28756477,98.25129534,1.55,364.7,81.4,47.7,43.6,701.5,4.2,0.649,1.11,5,1.12,49.6,10,6.62,10.83,28.51,60.66,1250.1,0.343,27.3,-0.675,0.738,6.97,17.4,19.024359,9.084707504,11.94332328,33.44313134,17.52322457,0.084418299,-0.035580624,-0.099919284,0.745010548
11148900,0.701779923,0,2,490,1.100776276,0.310957879,1,1,20.792454,1.663208229,1,64.875,99.28649835,93.41383095,1.48,403.5,69.16,62.7,52.5,745.3,1.5,0.653,0.99,5,1.22,31.2,11.37,2.86,22.94,36.87,40.19,551.8,0.337,21.3,-0.586,0.81,8.75,10.52,16.11163,10.4699498,15.43271375,20.74907063,12.52795539,-0.107023555,-0.283922824,-0.128400629,0.498664892
11025500,0.784671144,47,2,252,1.016822919,0.095963583,1,1,7.499671,0.63456728,1,39,99.26764314,99.20106525,1.59,288.7,61.83,49,43.1,760.7,1.6,0.57,0.88,4,1.39,32.2,10.45,3.04,16.47,31.29,52.24,891.8,0.428,20.2,-0.631,-0.776,10.28,13.15,16.426629,5.200985221,3.255836508,,,-0.074054021,-0.169407355,0.0000527,
11169800,0.309292943,0,1,771,0.925757052,0.175510016,1,1,19.710195,1.254471196,1,30.98055556,99.26624738,97.48427673,1.22,282.9,60.85,63.3,56.7,817.9,1.8,0.626,0.99,4,1.41,31.7,10.98,2.22,23.01,45.71,31.28,604,0.421,25.6,-0.968,-0.251,16.87,3.29,15.108,8.512952968,12.39353128,,,-0.05197041,-0.089555726,-0.018581726,0.693486301
11274500,0.038265973,0,1,771,1.028546478,0.133052537,1,1,27.069601,1.263529895,1,31.97083333,99.26547744,96.85204617,1.48,347.8,45.32,61.6,45.7,861,1.4,0.624,1.05,4,1.63,30.1,10.73,1.77,24.88,42.82,32.31,475.6,0.378,24.4,-0.349,0.937,17.56,2.29,18.273952,7.729944851,9.815899942,,,-0.038463304,-0.06331748,-0.014461163,0.693667672
11063510,0.101901359,36.1,2,881,0.941928882,0.221741188,1,1,75.044644,1.007263416,1,95.8,99.25046846,98.25109307,2.04,144.5,66.42,46,40.7,690.4,4.5,0.635,0.96,4,1.54,50.7,9.96,6.14,10.54,26.94,62.52,1273.4,0.272,22.4,-0.728,0.686,6.53,14.09,18.45637,20.60685912,23.61986159,74.67695502,36.88442907,0.082420918,-0.038169893,-0.099867697,0.741913803
9430600,0.133928896,16.2,1,859,1.011819955,0.239263416,1,1,91.945834,1.032051864,1,77.66666667,99.2449031,93.63201611,1.85,190.5,67.41,44.7,72,593.8,14,0.222,0.58,3,1.32,53.1,9.96,2.05,31.86,33.61,34.53,2371.3,0.444,40.6,-0.973,-0.231,15.89,7.73,15.895541,15.38212465,16.98897638,91.38944882,35.34944882,-0.033410195,-0.0663011,-0.011012309,0.650067681
11463200,0.924238441,126,1,731,1.012478624,0.101033693,1,1,26.99712,1.422792662,1,57.88916667,99.24276169,97.32739421,2.22,220.9,130.76,61.7,78,793.4,1.1,0.617,0.65,4,1.29,31.1,10.07,1.12,28.01,43.94,28.05,641.5,0.429,28.1,-0.469,-0.883,16.58,6.23,12.856578,8.36721598,13.11946582,,,0.068603409,-0.054718704,-0.102410332,0.639128666
11014000,0.23675229,2.6,2,634,1.044810797,0.126832999,1,1,5.043274,0.752773408,1,48.66666667,99.23488906,97.16908952,2.91,181.8,44.33,55.8,42.1,846.3,0,0.609,1.26,5,1.39,33.8,10.3,3.01,18.77,38.69,42.55,490.9,0.343,19.4,-0.048,-0.999,11.77,8.75,16.12831,1.534653813,2.248514851,,,0.108115657,-0.065945541,-0.170737304,1.025194801
9510200,0.00274313,0.9,2,558,1.049572,0.162318333,1,1,13.021051,1.954168424,1,72,99.23076923,97.60683761,1.74,425.3,61.33,36.1,50,956.2,2.1,0.215,1.04,5,1.39,30.1,10.19,4.14,15.96,29.86,54.17,1161.3,0.383,21.4,-0.57,-0.822,11.67,5.66,17.785195,2.9162357,3.650787679,51.02477531,24.56769952,-0.010580844,-0.053186635,-0.012575144,0.712944338
10260950,0.05789504,24.6,2,890,1.020411552,0.14625654,1,1,10.926878,0.653202168,1,95.5,99.22540666,98.76065066,2.1,175.1,66.31,43.9,49,724,6.7,0.611,0.97,4,1.24,39.2,10.29,5.47,13.39,28.27,58.34,1271.7,0.362,20.2,0.925,0.379,6.25,13.76,18.304836,7.69524916,7.127527127,10.63038264,5.662649914,0.078235695,-0.10005319,-0.114749105,0.605979138
11162500,0.361998034,8.7,2,483,1.038576034,0.110446669,1,1,22.750724,1.087061052,1,61.9,99.22018349,88.89908257,1.88,118.9,92.36,68.6,71.5,669.9,1,0.604,1.01,3,2.02,35.8,10.37,2.8,19.69,37.08,43.23,346.3,0.407,26.7,0.507,-0.862,10.08,13.2,15.086714,0.682512861,7.404373423,,,0.005048371,-0.134611667,-0.134314605,0.885783407
9430600,0.477149564,53.4,1,455,1.090185695,0.237858224,1,1,51.133435,1.205781063,1,92.5,99.21375267,89.76545842,1.85,190.5,67.41,44.7,72,593.8,14,0.222,0.58,3,1.32,53.1,9.96,2.05,31.86,33.61,34.53,2371.3,0.444,40.6,-0.973,-0.231,18.25,10.8,15.895541,11.52470622,12.07322835,91.38944882,35.34944882,-0.06560322,-0.150798354,-0.047865587,0.617887885
11138500,0.253293546,204.8,2,529,1.073002381,0.275394576,1,1,5.562678,0.956816384,1,92,99.20977011,98.85057471,2,728.9,69.82,57.6,39.6,665.2,7.1,0.686,1.16,5,1.44,28.2,9.8,1.39,21.86,41.68,36.45,994.2,0.424,34.2,0.199,-0.98,9.16,14.96,16.60856,2.132233872,2.931760187,,,-0.033507168,-0.096675648,-0.012337169,
11077500,0.215198424,25.8,2,53,1.072801652,0.254227934,1,1,9.037622,0.870950945,1,40,99.20913884,98.94551845,1.28,240.8,51.01,60.8,37.1,825.6,0,0.654,1.13,5,1.61,20.2,10.37,1.7,25.4,46.19,28.41,553.2,0.308,25.4,-0.221,-0.975,12.94,6.47,17.754193,1.787458233,3.162707641,,,-0.011651957,-0.022716912,-0.005185183,
11055800,0.479984116,0,2,856,1.061290286,0.181424186,1,1,84.009376,1.028498129,1,22.75,99.2,98.27692308,2.27,50.5,78.15,44,42.4,729.1,7.1,0.609,1.21,3,1.35,32.7,9.72,5.91,13.16,30.59,56.25,1197,0.48,34.4,-0.802,-0.597,7.24,17.52,21.01686,69.21590056,59.36613861,,,-0.06861585,-0.100423765,-0.020662158,0.809620196
11274630,0.022665544,1.5,2,543,1.022652325,0.105295309,1,1,14.544513,0.969698236,1,31,99.18367347,98.19241983,1.77,187.4,43.32,61.7,49.1,799,2.1,0.604,1.08,4,1.42,30.9,10.3,1.62,26.46,42.13,31.41,559.2,0.472,26.1,-0.722,0.692,7.89,8.15,18.975462,2.596224212,4.075933831,,,-0.045234715,-0.097401651,-0.006249959,0.568651794
11451715,0.686502976,28.5,2,200,1.03990308,0.104756824,1,1,24.133838,1.666551161,1,87.5,99.17315175,99.8540856,0.9,247.9,70.02,59.6,55.5,854.4,1,0.615,0.96,4,1.19,43.2,10.66,0.49,37.34,42.78,19.88,560.5,0.34,18.2,-0.265,0.964,8.75,13.34,18.827651,2.888346264,4.86014522,23.98777733,10.34183138,0.14819574,-0.007832966,-0.033504715,0.809356648
11169800,0.12211566,57.2,2,531,1.042513735,0.112554716,1,1,19.710195,1.254471196,1,68.96777778,99.16142558,92.61006289,1.22,282.9,60.85,63.3,56.7,817.9,1.8,0.626,0.99,4,1.41,31.7,10.98,2.22,23.01,45.71,31.28,604,0.421,25.6,-0.968,-0.251,9.29,13.42,15.108,8.512952968,12.39353128,,,-0.080944275,-0.139187398,-0.020343577,0.568156639
7104905,0.177701315,27.8,1,425,1.128232305,0.389731376,1,1,5.351106,0.612912952,1,15.875,99.15418076,98.42919285,2.32,613.5,54.77,51.4,80.5,521.8,16.6,0.322,0.71,3,1.84,50.4,11.26,7.38,13.5,29.69,56.81,2279.5,0.411,10.1,-1,0.006,17.56,8.62,13.421778,3.217745165,3.097555012,4.981222494,2.570904645,,,,0.544737842
11152050,0.009653044,28.7,1,431,1.191740276,0.590892148,1,1,12.095121,1.606303196,1,37.94138889,99.14938862,99.84051037,1.67,771.5,74.52,63.7,58.2,676.7,2.4,0.652,1.04,6,2.02,38.4,10.1,2.9,21.11,35.63,43.26,674.8,0.359,31.4,0.227,0.974,16.51,3.19,17.029979,9.186214151,9.799792612,12.12311082,8.239170447,-0.124185954,-0.333706557,-0.13432245,0.476982831
13161500,0.007207709,103.2,1,690,0.997506926,0.253657753,0.999346405,1,31.768989,0.560078772,1,89,99.14808319,95.31445753,1.32,986.1,44.45,54.8,77.6,465.9,54.4,0.192,0.86,5,1.74,66.8,11.01,2.56,25.21,39.54,35.25,2045,0.359,20.2,-0.041,0.999,12.48,3.05,19.045598,16.85526168,20.90015211,,,-0.01590447,-0.045636148,-0.003244067,0.904966847
8380500,0.051459138,117.3,1,80,1.012335698,0.075075282,1,1,99.368957,1.001978058,1,27.93333333,99.14346895,91.32762313,2.1,198.1,68.57,50.8,80.7,464.5,19.2,0.221,0.66,4,1.18,58,10.64,1.87,31.03,41.4,27.57,2652.5,0.381,25,-0.636,0.772,14.27,5.71,17.995738,30.00276242,42.76158506,96.58440182,48.47415447,0.009804609,0.004280286,0.019648497,1.00779206
11055800,0.026354268,60.1,1,360,1.053491708,0.17082567,1,1,84.009376,1.028498129,1,39,99.13846154,98.15384615,2.27,50.5,78.15,44,42.4,729.1,7.1,0.609,1.21,3,1.35,32.7,9.72,5.91,13.16,30.59,56.25,1197,0.48,34.4,-0.802,-0.597,15.1,3.42,21.01686,69.21590056,59.36613861,,,-0.120560791,-0.203675686,-0.024018882,0.531261529
9484000,0.85196218,2.1,2,604,1.089115384,0.258629089,1,1,85.517068,1.046778775,1,71,99.12826899,74.84433375,2.39,103.7,75.97,43.3,71.1,767.1,3.1,0.167,0.8,3,1.52,9.5,9.14,1.65,18.36,43.38,38.26,1878.8,0.534,35.6,-0.977,-0.213,5.78,6.97,17.656755,21.59321881,31.624108,59.10578592,25.9246866,-0.075001263,-0.13012394,-0.017316944,0.572519765
11159200,0.191836484,76.5,2,607,1.087103869,0.25761191,1,1,12.563615,1.632601188,1,67,99.11764706,97.99019608,1.76,71,84.62,68.1,68.6,691.1,0.1,0.629,0.85,3,1.21,34.5,10.12,2.59,21.18,36.59,42.23,305.2,0.333,21,-0.996,-0.089,9.86,16.46,16.438445,0.115679955,6.346901408,,,-0.065019601,-0.122480704,-0.014327841,0.614253963
11128250,0.316166119,305.1,2,470,1.063077817,0.148683492,1,1,37.41514,,1,59.5,99.11202186,99.93169399,1.19,73.8,63.62,64.2,39.5,751,0.3,0.688,1.15,4,1.4,24.8,11.06,2.09,25.37,39.2,35.43,511,0.283,19,-0.632,-0.775,10.49,13.31,18.11282,2.221412774,5.613414634,,,0.015336952,-0.005065252,-0.003970342,
11059300,0.181095941,0,2,430,1.085720851,0.32472037,1,1,10.204954,0.671506587,1,88.66666667,99.10083494,94.47655748,1.38,946,67.84,42.5,47.8,641.9,27.6,0.57,1.05,5,1.86,28.1,10.09,7.16,11.69,29.16,59.16,1661,0.43,26,0.124,-0.992,4.66,8.01,19.036583,5.853874082,5.295634249,5.803953488,2.260084567,-0.084515517,-0.142665696,-0.020310006,0.682674413
11129800,0.161004193,89.7,2,529,1.032345366,0.078437864,1,1,19.694249,2.110868413,1,82,99.09533751,97.2164231,0.98,85.3,58.44,66.4,39.6,749.9,0.1,0.68,0.97,3,1.28,24.6,11.29,2.31,24.04,39.55,36.41,443.7,0.254,20,-0.839,-0.544,11.75,12.6,15.248683,0.276776534,1.44021102,,,0.026378043,0.019077106,0.000568816,
8380500,0.093198216,182,1,117,1.046059332,0.553897805,1,1,99.368957,1.001978058,1,10.99333333,99.07209136,99.82155603,2.1,198.1,68.57,50.8,80.7,464.5,19.2,0.221,0.66,4,1.18,58,10.64,1.87,31.03,41.4,27.57,2652.5,0.381,25,-0.636,0.772,15.49,10.72,17.995738,30.00276242,42.76158506,96.58440182,48.47415447,0.009804609,0.004280286,0.019648497,1.00779206
7103700,0.005723384,0.8,1,319,1.015367987,0.18479336,1,1,10.334753,0.918584336,1,40,99.07173963,95.59935824,2.23,264.2,59.97,52.8,94.9,393.5,27.6,0.361,0.86,4,1.42,49.5,10.03,9,11.62,33.61,54.77,2775.2,0.373,26.9,0.329,0.944,7.25,7.11,15.226314,5.396997417,6.578652536,9.350870553,5.675132475,,,,0.397808237
11118500,0.932816797,76.7,2,423,1.102161954,0.240085617,1,1,82.190611,1.092289043,1,71.5,99.0700558,97.64414135,2.11,485.7,69.88,51.4,33.4,711.7,1.4,0.702,1.2,6,1.39,38.3,10.32,1.3,23.76,41.87,34.37,702.1,0.36,29.1,-0.979,-0.203,9.82,18.25,16.615606,33.83108468,42.24663372,80.03368334,50.47848466,0.124952005,-0.160521487,-0.114735616,0.588751203
9430600,0.024675024,105.2,1,399,1.044764209,0.138434076,1,1,51.133435,1.205781063,1,111,99.06716418,90.27185501,1.85,190.5,67.41,44.7,72,593.8,14,0.222,0.58,3,1.32,53.1,9.96,2.05,31.86,33.61,34.53,2371.3,0.444,40.6,-0.973,-0.231,18.21,2.4,15.895541,11.52470622,12.07322835,91.38944882,35.34944882,-0.06560322,-0.150798354,-0.047865587,0.617887885
11149900,0.161330552,26.1,2,220,1.155196453,0.349319747,1,1,12.824107,0.507351319,1,76.83333333,99.06479626,82.56513026,1.56,556.4,63.26,62,54,737.5,1.5,0.659,1.13,4,1.35,33.5,10.91,2.31,24.37,37.78,37.85,533.4,0.186,19.5,-0.995,-0.102,12.47,3.3,16.227347,0.822336042,1.076312006,28.84609993,15.65149173,0.019497291,0.027794087,0.004308875,1.178214387
11143000,1.547328716,200.1,2,471,1.059711384,0.199308847,1,1,13.697515,0.363115177,1,87,99.04509284,96.76392573,2.74,120.6,116.26,67.4,72.8,639.5,3.4,0.654,0.98,4,1.47,40.3,10.29,4.14,14.13,31.45,54.42,779,0.492,43.6,-0.447,-0.894,8.68,23.37,18.127121,0.979707657,4.544776119,86.30373134,57.91119403,-0.06088307,-0.108076154,-0.019716675,
11129800,0.162332063,292.5,2,470,1.063141705,0.131256637,1,1,19.694249,2.110868413,1,59.5,99.02574809,99.79123173,0.98,85.3,58.44,66.4,39.6,749.9,0.1,0.68,0.97,3,1.28,24.6,11.29,2.31,24.04,39.55,36.41,443.7,0.254,20,-0.839,-0.544,10.42,11.75,15.248683,0.276776534,1.44021102,,,0.026378043,0.019077106,0.000568816,
11014000,0.278806973,70.4,2,439,1.030655898,0.106641051,1,1,34.921161,0.643563446,1,100,99.01120633,81.60843771,2.91,181.8,44.33,55.8,42.1,846.3,0,0.609,1.26,5,1.39,33.8,10.3,3.01,18.77,38.69,42.55,490.9,0.343,19.4,-0.048,-0.999,11.13,8.78,16.12831,24.61891647,27.06188119,,,-0.057379198,-0.140391987,-0.024227996,0.841697022
11176400,0.047668598,34.1,2,846,1.09112524,0.211898997,1,1,74.095967,1.41581736,1,50.75,99.00756144,99.57466919,1.46,338.6,57.45,62.2,56.1,798.4,4,0.599,1.02,5,1.51,31.3,10.82,2.16,22.41,45.93,31.66,753.8,0.52,23.4,-0.069,-0.998,7.92,7.81,17.721231,21.07161609,32.61317188,,,-0.03497482,-0.126304897,-0.086885329,0.674537193
11015000,0.130526598,0,1,358,0.970326214,0.072164508,1,1,81.490142,1.480326105,1,105,99.00314795,82.89611752,1.44,117.8,76.11,45.5,48.7,677.6,11.1,0.564,0.71,3,1.32,40,10.19,5.47,12.93,24.7,62.37,1330.9,0.351,17.6,-0.501,-0.865,14.89,3.5,15.126983,64.84675838,71.42852292,,,-0.09802169,-0.192878786,-0.023272728,0.608571175
7103700,0.037941538,149.3,1,751,1.034807147,0.641013769,1,1,10.334753,0.918584336,1,6.9,98.9915196,99.97707999,2.23,264.2,59.97,52.8,94.9,393.5,27.6,0.361,0.86,4,1.42,49.5,10.03,9,11.62,33.61,54.77,2775.2,0.373,26.9,0.329,0.944,15.24,9.63,15.226314,5.396997417,6.578652536,9.350870553,5.675132475,-0.073427221,-0.138797398,-0.02782991,0.527450528
11073300,0.51823845,0.2,2,430,1.037865037,0.159867348,1,1,30.521869,0.844669747,1,45,98.97750511,94.13769598,0.81,83.6,90.33,49.8,53.3,682.5,5.3,0.643,1.21,3,1.12,50,9.57,6.38,11.96,34.18,53.86,1477.5,0.443,40.8,-0.829,-0.56,6.64,12,20.142177,17.99244488,18.93767943,,,-0.094432774,-0.154988647,-0.020724766,0.607662358
11073360,0.639964411,0.2,2,430,1.062203814,0.162643181,1,1,20.134001,,1,45.5,98.97400821,94.11764706,0.95,132.3,74.76,53,45.8,744.3,3.4,0.65,0.9,3,1.12,44.1,10.29,6.95,11.8,32.18,56.02,1050.4,0.295,27.1,-0.86,-0.509,8.73,9.83,14.250404,16.06905269,12.00204082,,,-0.092496442,-0.15177602,-0.020368538,0.608914885
11458500,1.270867915,43.8,2,491,1.015181918,0.059851817,1,1,63.695385,1.042728974,1,46.66666667,98.96685321,99.87085665,2.59,150.4,107.96,63.9,77.4,739.6,1.4,0.626,0.64,3,1.77,23.2,10.42,1.81,24.93,43.89,31.18,301.1,0.336,17.6,-0.861,-0.509,9.57,20.48,19.519202,10.35774737,23.62679521,,,0.19127005,-0.008569863,-0.068260773,0.620423687
10173450,0.007624976,57.8,1,37,1.075695941,0.277960153,1,1,6.679829,1.245462034,1,24.96166667,98.96644295,99.62416107,1.98,268.5,65.03,54.7,80.9,402.2,53.1,0.149,0.42,3,1.28,76.9,10.8,2.1,22.73,38.73,38.54,2753.9,0.435,10.7,-0.338,0.941,14.31,4.35,13.380851,1.866059457,3.819553073,6.772960894,2.88603352,-0.005617561,-0.008663143,-0.000435514,1.025728165
11022480,0.061170983,0,1,358,1.104111003,0.237159017,1,1,79.360851,1.036983012,1,127,98.96319336,81.70036288,1.63,953.6,51.86,51.9,43.3,807.8,2.2,0.585,0.84,5,1.19,31,10.52,3.4,17.08,31.75,51.17,640.4,0.294,18.5,0.017,-1,17.82,2.22,15.3664,57.24252031,58.6542156,,,-0.06719382,-0.136575236,-0.023271114,0.762980732
11143000,0.073727044,13.9,2,859,1.065530733,0.257957191,1,1,86.219962,1.022908078,1,50.9,98.96030246,98.96030246,2.74,120.6,116.26,67.4,72.8,639.5,3.4,0.654,0.98,4,1.47,40.3,10.29,4.14,14.13,31.45,54.42,779,0.492,43.6,-0.447,-0.894,11.4,13.95,18.127121,14.47744466,22.15223881,86.30373134,57.91119403,0.261123308,0.099905718,-0.020401351,0.780523961
11014000,0.089093625,0,2,429,1.024799197,0.140164671,1,1,34.921161,0.643563446,1,37.75,98.94528675,98.15425181,2.91,181.8,44.33,55.8,42.1,846.3,0,0.609,1.26,5,1.39,33.8,10.3,3.01,18.77,38.69,42.55,490.9,0.343,19.4,-0.048,-0.999,11.45,4.97,16.12831,24.61891647,27.06188119,,,-0.057379198,-0.140391987,-0.024227996,0.841697022
11173200,0.54045161,38.5,2,846,1.045537001,0.125181044,1,1,87.006427,0.955234442,1,50.8,98.94266917,99.57706767,1.32,199.1,62.25,63.2,58.1,792.3,4.1,0.584,0.96,4,1.42,34.1,10.49,2.12,23.06,45.64,31.3,817,0.536,26.7,0.459,-0.888,8.06,8.66,16.584267,21.85655409,36.6775992,,,-0.033136418,-0.134616752,-0.090553759,0.63793308
9484000,0.341331002,113.5,1,437,1.184818848,0.686367421,1,1,69.267296,1.388299086,1,42,98.93882647,98.37702871,2.39,103.7,75.97,43.3,71.1,767.1,3.1,0.167,0.8,3,1.52,9.5,9.14,1.65,18.36,43.38,38.26,1878.8,0.534,35.6,-0.977,-0.213,21.03,13.39,17.656755,12.27435075,20.33982642,59.10578592,25.9246866,-0.029754246,-0.128262786,-0.044356359,0.620399768
14400000,2.15620533,291.2,1,633,1.075252221,0.182527824,1,1,81.178779,1.006824326,1,53.66666667,98.92311545,95.91785625,2.39,702.6,309.76,70.5,152.8,633.4,7.5,0.474,0.61,4,2.78,43.6,10.25,1.24,28.5,48.99,22.5,671.2,0.431,36.5,-0.474,-0.88,8.79,23.56,12.840941,44.37615084,57.18138343,80.44816396,37.28364646,0.078783784,-0.17569168,-0.053358076,0.376428052
7103700,0.034511794,43.8,1,1045,0.95539957,0.225832449,1,1,10.334753,0.918584336,1,37,98.92275957,94.54503782,2.23,264.2,59.97,52.8,94.9,393.5,27.6,0.361,0.86,4,1.42,49.5,10.03,9,11.62,33.61,54.77,2775.2,0.373,26.9,0.329,0.944,7.25,7.11,15.226314,5.396997417,6.578652536,9.350870553,5.675132475,-0.033790108,-0.087202289,-0.017240366,0.648685697
8378500,0.023289789,126.4,1,80,1.014138693,0.104831176,1,1,24.394413,1.433035617,1,42.75,98.92207104,85.79254285,2.61,445,86.08,49.1,89.7,374.7,32.7,0.115,0.56,4,1.18,68.2,9.97,2.19,24.5,39.65,35.85,3073,0.466,26.5,-0.839,-0.545,11.47,6.05,14.557434,8.108731976,14.05597753,25.41377528,13.96395506,-0.035957506,-0.042651227,-0.010011272,0.93442821
11159200,0.244481839,10.4,2,940,1.087664545,0.245580667,1,1,12.563615,1.632601188,1,69.8,98.92156863,83.28431373,1.76,71,84.62,68.1,68.6,691.1,0.1,0.629,0.85,3,1.21,34.5,10.12,2.59,21.18,36.59,42.23,305.2,0.333,21,-0.996,-0.089,10.19,12.34,16.438445,0.115679955,6.346901408,,,-0.027017337,-0.065208871,-0.013067387,0.783301461
11152000,0.037915819,18.7,2,859,1.090892973,0.260846339,1,1,10.954941,1.60170771,1,70.8,98.91304348,96.6873706,2.07,625.1,80.89,63.9,60.5,663.8,2.9,0.654,1.03,5,2.35,38.3,10.02,3.14,20.17,34.81,45.02,759.1,0.387,34.7,-0.132,0.991,11.39,9.04,17.294107,2.102052119,3.129195329,14.97461206,10.20955047,0.239470253,0.058363783,-0.063931071,0.893566341
11152050,0.745082883,0,1,478,1.119474688,0.334869154,1,1,31.232187,1.394009406,1,45,98.90818859,97.02233251,1.67,771.5,74.52,63.7,58.2,676.7,2.4,0.652,1.04,6,2.02,38.4,10.1,2.9,21.11,35.63,43.26,674.8,0.359,31.4,0.227,0.974,16.51,3.19,17.029979,12.27500159,18.24777706,12.12311082,8.239170447,-0.106418682,-0.184356043,-0.025092694,0.456406466
9484000,0.154827742,0,2,910,1.114222045,0.368167411,1,1,69.267296,1.388299086,1,43.95472222,98.90761548,97.12858926,2.39,103.7,75.97,43.3,71.1,767.1,3.1,0.167,0.8,3,1.52,9.5,9.14,1.65,18.36,43.38,38.26,1878.8,0.534,35.6,-0.977,-0.213,5.25,6.72,17.656755,12.27435075,20.33982642,59.10578592,25.9246866,0.061976943,-0.000808491,-0.011439573,0.861433391
11160500,0.149900497,80.4,1,434,0.970848328,0.099783575,1,1,19.295537,0.992160412,1,40.5,98.9021043,94.87648673,2.46,275.8,118.78,67,68.2,703.2,0.7,0.632,0.89,4,1.34,42.1,10.75,3,18.37,36.19,45.44,364.3,0.323,25.1,-0.998,-0.056,16.75,6.22,15.363053,2.493591322,7.196736766,,,-0.022487058,-0.187511714,-0.163053542,0.533704057
10308794,0.007231994,12.4,1,111,0.991853847,0.127351685,1,1,32.861018,0.459593518,1,51,98.9010989,91.79748823,3.11,55.6,62.5,58.2,79.2,450.6,57.4,0.43,0.6,3,1.25,68.3,9.53,3.71,26.97,37.15,35.87,2326.8,0.507,21.5,0.942,0.336,6.49,4.05,16.384837,8.487101439,16.49784173,33.20719424,18.27769784,-0.176714517,-0.370711221,-0.043968304,0.60050444
11161000,0.129101157,80.4,1,434,0.987972945,0.103257771,1,1,18.338121,1.199590247,1,40.5,98.88940305,94.81721425,2.09,298.3,118.15,67.1,68.5,703.5,0.6,0.632,0.9,4,1.4,42,10.85,3,18.27,35.92,45.81,350.3,0.355,24.6,-0.996,0.09,16.73,6.17,15.746177,2.25540185,6.709420047,,,-0.020278057,-0.183563427,-0.161039514,0.536703619
11274630,0.043366741,39.5,2,988,1.076176867,0.193627729,1,1,13.905464,1.291954055,1,72.5,98.88765295,94.99443826,1.77,187.4,43.32,61.7,49.1,799,2.1,0.604,1.08,4,1.42,30.9,10.3,1.62,26.46,42.13,31.41,559.2,0.472,26.1,-0.722,0.692,12.87,2.5,18.975462,4.696483564,5.048932764,,,-0.015101335,-0.017095875,-0.011952802,0.942822946
11028500,0.131422561,88.7,2,822,1.07759777,0.157210324,1,1,59.833561,1.393602004,1,56,98.87710543,98.00374298,1.75,146.3,47.31,53.2,40,817.6,0.1,0.607,0.82,3,1.39,26.8,11.3,2.46,16.66,32,51.34,561.3,0.27,8.7,-0.125,-0.992,10.7,9.2,15.589059,13.30200551,18.34757348,,,0.008513387,-0.004570397,-0.010924288,0.927810373
11042900,0.021945224,0,2,590,0.981352059,0.080934135,1,1,6.890085,1.723145088,1,21,98.86666667,98.13333333,1.45,227.1,38.42,52.1,30.4,862.2,0.2,0.588,1,3,1.35,24,11.73,2.76,18.12,34.83,47.04,611.1,0.274,8.4,-0.245,-0.97,11.22,8.09,16.576693,1.886222907,1.07675033,,,,,,
11152000,0.154018857,0,2,968,1.107542799,0.34160587,1,1,38.563747,1.45200031,1,133,98.86419753,94.4691358,2.07,625.1,80.89,63.9,60.5,663.8,2.9,0.654,1.03,5,2.35,38.3,10.02,3.14,20.17,34.81,45.02,759.1,0.387,34.7,-0.132,0.991,8.78,16.68,17.294107,14.91749383,22.51871701,14.97461206,10.20955047,-0.040209457,-0.070277138,-0.018460304,0.651840956
11152050,0.101668945,0,2,968,1.120815014,0.380906245,1,1,31.232187,1.394009406,1,133,98.85856079,94.44168734,1.67,771.5,74.52,63.7,58.2,676.7,2.4,0.652,1.04,6,2.02,38.4,10.1,2.9,21.11,35.63,43.26,674.8,0.359,31.4,0.227,0.974,9.08,15.41,17.029979,12.27500159,18.24777706,12.12311082,8.239170447,-0.040209457,-0.070277138,-0.018460304,0.651840956
10258500,0.159465321,62.9,2,187,1.117391177,0.295905527,1,1,34.911598,1.024974947,1,37,98.85386819,98.73925501,2,241.5,37.78,41.9,27.9,813.4,5.1,0.464,0.98,4,2.22,43.9,9.87,5.3,11.18,26.56,62.26,1195.3,0.44,22.7,0.863,0.506,7.76,8.36,22.326342,14.07063824,14.53863354,,,-0.067585553,-0.149738128,-0.003304783,
11172945,0.305600582,26.6,2,846,1.037312662,0.081900925,1,1,98.034239,1.017024877,1,50.66666667,98.85222382,99.52175992,1.9,87.1,62.38,62.8,59.5,791,4.1,0.574,1.07,3,1.31,29.5,10.31,2.21,25.08,45.14,29.79,814.2,0.599,26.7,-0.303,-0.953,8.19,8.49,17.898739,16.30612818,27.85556831,,,-0.014768005,-0.121371461,-0.072547675,0.663379039
14090350,0.262352784,7.5,1,477,1.062694123,0.251690467,1,1,7.771881,0.395126958,1,62,98.84928431,95.73393208,1.95,72.1,182.78,64.8,142.3,455.8,53.1,0.404,0.78,3,1.26,78.8,10.37,6.68,15.1,29.79,55.1,1566.6,0.321,26.1,-0.809,0.588,6.18,15.45,16.829358,2.87103158,3.739805825,44.26407767,17.35811373,-0.082263341,-0.136519084,-0.020180943,
11059300,0.094289622,0,2,856,1.085722307,0.337862106,1,1,10.204954,0.671506587,1,24.8,98.84393064,98.07321773,1.38,946,67.84,42.5,47.8,641.9,27.6,0.57,1.05,5,1.86,28.1,10.09,7.16,11.69,29.16,59.16,1661,0.43,26,0.124,-0.992,4.77,15.02,19.036583,5.853874082,5.295634249,5.803953488,2.260084567,-0.04443445,-0.057957017,-0.017113832,0.984463275
10260500,1.459629892,65.8,1,360,1.061355098,0.296112964,1,1,11.670864,0.93362125,1,39,98.84353741,97.68707483,1.66,349.2,58.83,40,50.2,614.2,29.5,0.571,1.07,4,1.96,33.1,10.18,7.95,11.93,24.18,63.89,1783.4,0.526,18.9,0.47,-0.882,12.18,2.42,21.118823,4.82989193,5.76185567,,,-0.096872121,-0.159618578,-0.019322471,0.648942303
11023340,0.252164382,11.5,2,119,1.029888406,0.080493603,1,1,37.099197,1.443643241,1,52,98.83900929,99.69040248,2.81,109.6,39.02,60.2,39.8,841.8,0,0.626,1.08,3,1.17,24.2,11.67,2.82,23.07,37.6,39.33,263,0.251,12.8,-0.28,-0.96,12.68,7.97,14.786058,26.23438145,28.43786496,,,-0.015959233,-0.015997482,-0.002117241,1.554540454
11274630,0.040495772,9.6,2,575,1.071459235,0.198558032,1,1,13.905464,1.291954055,1,66,98.8320356,95.93993326,1.77,187.4,43.32,61.7,49.1,799,2.1,0.604,1.08,4,1.42,30.9,10.3,1.62,26.46,42.13,31.41,559.2,0.472,26.1,-0.722,0.692,9.37,8.63,18.975462,4.696483564,5.048932764,,,-0.041494034,-0.069598546,-0.019274809,0.736767118
11160500,1.642745172,134.9,2,865,0.972613303,0.110134619,1,1,19.295537,0.992160412,1,64.96444444,98.81061299,95.65416285,2.46,275.8,118.78,67,68.2,703.2,0.7,0.632,0.89,4,1.34,42.1,10.75,3,18.37,36.19,45.44,364.3,0.323,25.1,-0.998,-0.056,9.9,16.89,15.363053,2.493591322,7.196736766,,,0.041837854,-0.112640495,-0.094277614,0.600181272
11451715,0.356387568,52.6,2,107,1.097555115,0.225160798,1,1,5.595129,0.165455251,1,92,98.79310345,97.06896552,0.9,247.9,70.02,59.6,55.5,854.4,1,0.615,0.96,4,1.19,43.2,10.66,0.49,37.34,42.78,19.88,560.5,0.34,18.2,-0.265,0.964,7.69,10.4,18.827651,0.869588895,1.310246067,23.98777733,10.34183138,,,,1.003780864
11143000,1.042509788,101.2,2,155,1.026814703,0.144787994,1,1,29.9711,1.327452654,1,80,98.78345499,94.54987835,2.74,120.6,116.26,67.4,72.8,639.5,3.4,0.654,0.98,4,1.47,40.3,10.29,4.14,14.13,31.45,54.42,779,0.492,43.6,-0.447,-0.894,8.68,23.37,18.127121,15.90995837,20.11791045,86.30373134,57.91119403,0.010770338,0.00564021,0.002104102,
11073360,1.010244822,86.3,1,360,1.146101205,0.315291092,1,1,20.134001,,1,40,98.76880985,96.03283174,0.95,132.3,74.76,53,45.8,744.3,3.4,0.65,0.9,3,1.12,44.1,10.29,6.95,11.8,32.18,56.02,1050.4,0.295,27.1,-0.86,-0.509,16.03,2.66,14.250404,16.06905269,12.00204082,,,-0.092496442,-0.15177602,-0.020368538,0.608914885
14096850,0.035755088,30.1,1,656,1.011743139,0.20828322,1,1,12.034205,0.895706213,1,41.5,98.75730994,99.08625731,1.76,374.6,63.23,63.5,98.2,572.8,37.1,0.399,0.75,4,1.18,80.4,11.21,2.4,21.23,40.29,38.48,942.7,0.253,10.6,-0.847,0.531,9.59,3.77,16.908903,2.433861199,2.671409503,,,-0.003372342,-0.020635102,-0.007849397,
11161000,1.61376446,134.9,2,865,0.989554079,0.113186457,1,1,18.338121,1.199590247,1,64.96444444,98.75057844,95.60388709,2.09,298.3,118.15,67.1,68.5,703.5,0.6,0.632,0.9,4,1.4,42,10.85,3,18.27,35.92,45.81,350.3,0.355,24.6,-0.996,0.09,9.89,16.79,15.746177,2.25540185,6.709420047,,,0.042935389,-0.110037503,-0.093250322,0.602883283
11274630,0.058023793,69.3,2,528,1.0720114,0.210448703,1,1,13.905464,1.291954055,1,68,98.74860957,92.26918799,1.77,187.4,43.32,61.7,49.1,799,2.1,0.604,1.08,4,1.42,30.9,10.3,1.62,26.46,42.13,31.41,559.2,0.472,26.1,-0.722,0.692,8.59,5.71,18.975462,4.696483564,5.048932764,,,-0.041494034,-0.069598546,-0.019274809,0.736767118
11173510,0.071910749,38.6,2,846,1.094451494,0.174165421,1,1,77.737397,1.168928262,1,52.8,98.74709977,99.58236659,1.34,360.7,62.25,63.9,58.9,792.6,3.7,0.583,1.01,4,1.32,32.1,10.44,2.07,24.39,45.37,30.25,741.8,0.517,25.7,-0.113,-0.994,8.33,8.8,16.911694,17.24073271,29.29254228,,,-0.023534009,-0.127473949,-0.082824696,0.654213136
11173575,0.057603495,38.6,2,846,1.095689518,0.190456094,1,1,73.616074,0.93656286,1,52.8,98.7459359,99.58197863,1.33,385.4,62.15,64.2,58.9,791.9,3.5,0.584,1.05,4,1.31,31.9,10.49,2.02,24.69,45.37,29.94,718.4,0.514,25.8,-0.023,-1,8.39,8.83,17.382289,15.79414913,27.71761806,,,-0.023044884,-0.126801241,-0.082745987,0.65548461
11466170,0.682637623,29.5,2,491,1.021783338,0.074921111,1,1,22.469984,1.304360211,1,37.75,98.7394958,99.85994398,1.63,56,106,64.2,74.7,734.4,0.9,0.619,0.66,2,1.24,27,11.09,1.2,26.85,43.61,29.55,220.7,0.248,12.2,0.779,-0.627,9.94,19.59,16.615901,0.386782233,1.523571429,,,0.264541567,0.141533693,-0.032432584,0.840366825
11143000,0.652742615,232.4,2,136,0.98354756,0.090778046,1,1,29.9711,1.327452654,1,72,98.73479319,84.13625304,2.74,120.6,116.26,67.4,72.8,639.5,3.4,0.654,0.98,4,1.47,40.3,10.29,4.14,14.13,31.45,54.42,779,0.492,43.6,-0.447,-0.894,8.33,25.11,18.127121,15.90995837,20.11791045,86.30373134,57.91119403,0.010770338,0.00564021,0.002104102,
11149900,0.278384265,1.5,2,861,1.090867869,0.20748115,1,1,12.824107,0.507351319,1,37,98.73079492,96.59318637,1.56,556.4,63.26,62,54,737.5,1.5,0.659,1.13,4,1.35,33.5,10.91,2.31,24.37,37.78,37.85,533.4,0.186,19.5,-0.995,-0.102,8.3,13.77,16.227347,0.822336042,1.076312006,28.84609993,15.65149173,-0.013391784,-0.028371436,0.001328225,0.879304078
11148900,1.00354529,37.3,2,63,1.101659498,0.31529904,1,1,19.551763,1.597078602,1,48.97916667,98.72008904,95.15859766,1.48,403.5,69.16,62.7,52.5,745.3,1.5,0.653,0.99,5,1.22,31.2,11.37,2.86,22.94,36.87,40.19,551.8,0.337,21.3,-0.586,0.81,8.75,10.52,16.11163,4.013803818,9.585947955,20.74907063,12.52795539,0.001441638,0.006985285,-0.000448274,
11073300,0.333298454,0.4,2,142,1.078808368,0.251024485,1,1,14.041929,0.918572705,1,72.85722222,98.71794872,95.51282051,0.81,83.6,90.33,49.8,53.3,682.5,5.3,0.643,1.21,3,1.12,50,9.57,6.38,11.96,34.18,53.86,1477.5,0.443,40.8,-0.829,-0.56,6.54,20.46,20.142177,2.357298929,3.695813397,,,-0.061335337,-0.073084818,-0.009951513,
11073360,0.340315523,0.4,2,142,1.165553444,0.337895938,1,1,8.872533,,1,72.85722222,98.71336669,95.49678342,0.95,132.3,74.76,53,45.8,744.3,3.4,0.65,0.9,3,1.12,44.1,10.29,6.95,11.8,32.18,56.02,1050.4,0.295,27.1,-0.86,-0.509,8.84,17.06,14.250404,2.105303694,2.33537415,,,-0.061345468,-0.073095211,-0.009948306,
11123500,0.17863138,106.4,2,423,1.018600182,0.092138939,1,1,11.243107,1.233641415,1,71.88916667,98.71244635,97.56795422,1.89,718.1,79.99,52.6,34.3,660.8,3.8,0.712,1.27,5,1.39,25.8,9.92,1.14,22.63,41.55,35.82,934.1,0.378,31.2,-0.578,-0.816,8.67,20.64,18.753658,7.582963909,7.580629439,16.02817156,5.57082579,0.091631876,-0.223591681,-0.115236239,0.553130696
11274630,0.011695421,8.6,2,483,1.024576139,0.126813012,1,1,85.565494,1.161792096,1,49,98.70903674,88.23237339,1.77,187.4,43.32,61.7,49.1,799,2.1,0.604,1.08,4,1.42,30.9,10.3,1.62,26.46,42.13,31.41,559.2,0.472,26.1,-0.722,0.692,8.59,5.71,18.975462,28.65968365,39.2167556,,,-0.055945418,-0.19305785,-0.071589767,0.595692952
11138500,0.139078358,53.9,2,484,1.064324598,0.291438343,1,1,5.562678,0.956816384,1,84,98.70689655,83.04597701,2,728.9,69.82,57.6,39.6,665.2,7.1,0.686,1.16,5,1.44,28.2,9.8,1.39,21.86,41.68,36.45,994.2,0.424,34.2,0.199,-0.98,8.07,14.16,16.60856,2.132233872,2.931760187,,,-0.033507168,-0.096675648,-0.012337169,
9508300,0.195477402,1.1,2,150,1.016329295,0.080371918,1,1,83.630661,1.091927993,1,54.5,98.69626498,91.57857646,1.24,93,61.67,39.9,60.5,779.9,8.4,0.144,0.7,3,1.58,36,10.05,2.68,22.26,37.89,39.84,1496.5,0.503,27.8,0.203,-0.979,7.84,4.83,16.736963,25.49898573,26.68935484,,,-0.07765983,-0.144763968,-0.009734719,0.3593483
11143000,0.300543362,79.3,2,239,1.034491571,0.160820521,1,1,99.985297,0.997222043,1,74,98.68667917,86.16322702,2.74,120.6,116.26,67.4,72.8,639.5,3.4,0.654,0.98,4,1.47,40.3,10.29,4.14,14.13,31.45,54.42,779,0.492,43.6,-0.447,-0.894,8.68,23.37,18.127121,33.21126627,44.52462687,86.30373134,57.91119403,-0.174384752,-0.24477222,-0.020714274,0.306190458
11458000,0.570036636,65.1,2,491,1.01164873,0.079723493,1,1,7.469418,0.749639592,1,47.66666667,98.6777669,99.80411361,1.81,566.3,96.01,63.5,67.6,752.1,1.4,0.629,0.68,4,1.21,26.8,11,1.67,26.49,45.86,27.64,276.3,0.212,18.6,-0.834,0.552,9.47,18.58,16.230256,0.513073094,1.896309377,,,0.278941751,0.094248912,-0.0000965,0.659041598
11022480,0.083441971,131.1,2,440,1.093131131,0.247014056,1,1,79.360851,1.036983012,1,104,98.65215137,94.6086055,1.63,953.6,51.86,51.9,43.3,807.8,2.2,0.585,0.84,5,1.19,31,10.52,3.4,17.08,31.75,51.17,640.4,0.294,18.5,0.017,-1,10.15,9.92,15.3664,57.24252031,58.6542156,,,-0.06719382,-0.136575236,-0.023271114,0.762980732
11169800,0.372352669,1,2,122,0.980975359,0.109409281,1,1,19.710195,1.254471196,1,31.75,98.63731656,98.84696017,1.22,282.9,60.85,63.3,56.7,817.9,1.8,0.626,0.99,4,1.41,31.7,10.98,2.22,23.01,45.71,31.28,604,0.421,25.6,-0.968,-0.251,8.01,11.87,15.108,8.512952968,12.39353128,,,-0.020831647,-0.039457795,-0.000658374,0.883383447
11014000,0.176006636,91.2,2,1055,0.988506988,0.050355912,1,1,5.043274,0.752773408,1,35.5,98.62280031,91.73680184,2.91,181.8,44.33,55.8,42.1,846.3,0,0.609,1.26,5,1.39,33.8,10.3,3.01,18.77,38.69,42.55,490.9,0.343,19.4,-0.048,-0.999,14.64,2.96,16.12831,1.534653813,2.248514851,,,0.157289317,-0.032558501,-0.135096931,1.360760596
11451715,0.287851497,0,2,885,1.055944306,0.157732756,1,1,5.595129,0.165455251,1,32.5,98.62068966,99.36781609,0.9,247.9,70.02,59.6,55.5,854.4,1,0.615,0.96,4,1.19,43.2,10.66,0.49,37.34,42.78,19.88,560.5,0.34,18.2,-0.265,0.964,8.75,13.34,18.827651,0.869588895,1.310246067,23.98777733,10.34183138,-0.012961866,-0.028181083,-0.023621235,0.712904405
9183500,0.009375421,0,1,501,1.146568544,0.271331115,1,1,9.554376,1.58693339,1,29.94472222,98.61830743,83.82268279,0.97,74.3,66.99,52.1,75.1,523.8,35.2,0.117,0.82,2,1.82,55.8,9.43,4.38,18.47,33.98,47.55,2553,0.424,25.3,-0.048,-0.999,7.27,6.93,20.493111,2.287409489,3.148183042,10.63889637,3.052489906,-0.037361461,-0.144543798,-0.048937443,0.683639915
11023340,0.788013693,34.7,2,484,1.010259383,0.068786974,1,1,37.099197,1.443643241,1,80,98.60681115,91.33126935,2.81,109.6,39.02,60.2,39.8,841.8,0,0.626,1.08,3,1.17,24.2,11.67,2.82,23.07,37.6,39.33,263,0.251,12.8,-0.28,-0.96,12.68,7.97,14.786058,26.23438145,28.43786496,,,-0.043319158,-0.108905474,-0.02265705,0.915032406
10260950,0.263600322,45.2,2,920,1.016883058,0.148143357,1,1,10.926878,0.653202168,1,70.75,98.60573199,96.20449264,2.1,175.1,66.31,43.9,49,724,6.7,0.611,0.97,4,1.24,39.2,10.29,5.47,13.39,28.27,58.34,1271.7,0.362,20.2,0.925,0.379,7.19,15.35,18.304836,7.69524916,7.127527127,10.63038264,5.662649914,0.078235695,-0.10005319,-0.114749105,0.605979138
11022480,0.06651602,93.5,2,822,1.108855429,0.250419674,1,1,18.106704,1.206871256,1,60.5,98.59327217,96.08562691,1.63,953.6,51.86,51.9,43.3,807.8,2.2,0.585,0.84,5,1.19,31,10.52,3.4,17.08,31.75,51.17,640.4,0.294,18.5,0.017,-1,10.15,9.92,15.3664,5.172206094,4.374381292,,,0.017516316,0.024627778,-0.009151997,1.066980112
11466320,0.673128016,44.7,2,491,1.027343008,0.110123015,1,1,11.48391,1.070572978,1,47.85722222,98.54417671,99.89959839,1.27,199.4,102.63,64.2,72,732.8,1,0.622,0.67,4,1.3,28.7,12.14,1.14,27.37,43.92,28.71,204.1,0.243,12.2,-0.118,-0.993,9.84,19.44,16.638396,1.207236838,1.65330993,,,0.107350829,-0.005919632,-0.100306364,0.654534435
11014000,0.194697607,125.3,2,760,1.017365734,0.078495098,1,1,7.06468,1.142409136,1,57,98.52832965,98.16041207,2.91,181.8,44.33,55.8,42.1,846.3,0,0.609,1.26,5,1.39,33.8,10.3,3.01,18.77,38.69,42.55,490.9,0.343,19.4,-0.048,-0.999,11.77,8.75,16.12831,6.01277364,6.221287129,,,-0.031159249,-0.061151788,-0.024314305,
11043000,0.182019035,0,2,429,0.942381141,0.268152829,1,1,7.514724,1.797661564,1,50,98.52289513,92.31905465,1.41,572.5,37.11,54,29.9,879.2,0.1,0.614,1.02,5,1.08,23.8,12.19,2.65,18.48,35.38,46.14,520.6,0.207,8.3,-0.454,-0.891,11.37,3.76,16.167722,3.722381881,4.124593886,,,-0.033410288,-0.08991149,-0.016134402,1.053456228
11466200,0.594496772,40.1,2,491,1.027264049,0.101598658,1,1,7.676397,0.941665039,1,47.8,98.49170437,99.94972348,1.32,144.8,107.68,64.2,75.1,733.1,1.3,0.62,0.7,4,1.27,28.1,11.03,1.27,27,44.02,28.98,258.7,0.293,15.8,0.094,-0.996,9.74,20.11,17.015969,0.862305695,1.310220994,,,0.11286134,0.003010738,-0.118101618,0.654883262
11138500,0.262228748,592.5,2,470,1.073298574,0.319413374,1,1,5.562678,0.956816384,1,97.83333333,98.49137931,99.6408046,2,728.9,69.82,57.6,39.6,665.2,7.1,0.686,1.16,5,1.44,28.2,9.8,1.39,21.86,41.68,36.45,994.2,0.424,34.2,0.199,-0.98,8.07,14.16,16.60856,2.132233872,2.931760187,,,-0.033507168,-0.096675648,-0.012337169,
9430600,0.015904985,117.6,1,775,0.975699349,0.083535,1,1,31.471915,0.982202585,1,44,98.47411444,95.88555858,1.85,190.5,67.41,44.7,72,593.8,14,0.222,0.58,3,1.32,53.1,9.96,2.05,31.86,33.61,34.53,2371.3,0.444,40.6,-0.973,-0.231,19.49,9.71,15.895541,5.696973135,9.305669291,91.38944882,35.34944882,-0.06664314,-0.115874287,-0.01842746,
13161500,0.014099542,34.1,1,699,1.030797611,0.270685043,0.999346405,1,31.768989,0.560078772,1,29,98.47156101,95.79052869,1.32,986.1,44.45,54.8,77.6,465.9,54.4,0.192,0.86,5,1.74,66.8,11.01,2.56,25.21,39.54,35.25,2045,0.359,20.2,-0.041,0.999,12.48,3.05,19.045598,16.85526168,20.90015211,,,-0.01590447,-0.045636148,-0.003244067,0.904966847
9484000,0.428711738,126.5,1,451,1.124037442,0.388728275,1,1,69.267296,1.388299086,1,22.75,98.47066167,98.25218477,2.39,103.7,75.97,43.3,71.1,767.1,3.1,0.167,0.8,3,1.52,9.5,9.14,1.65,18.36,43.38,38.26,1878.8,0.534,35.6,-0.977,-0.213,21.03,13.39,17.656755,12.27435075,20.33982642,59.10578592,25.9246866,-0.029754246,-0.128262786,-0.044356359,0.620399768
11047300,0.299563213,70.4,2,162,1.118413702,0.256593432,1,1,11.921157,1.8590446,1,49.75,98.46743295,96.16858238,1.1,139.9,46.85,61.6,36.6,812.1,0,0.652,1.08,3,1.27,23.9,11.46,2.26,24.89,42.68,32.43,423.2,0.234,19.1,-0.597,-0.802,12.34,9.9,13.66011,4.902997679,7.699857041,11.53209435,10.94796283,0.041259974,-0.235467907,-0.063706538,0.495678495
10173450,0.011495469,103.2,1,50,1.130803377,0.40961309,1,1,6.679829,1.245462034,1,35.66666667,98.45637584,99.89261745,1.98,268.5,65.03,54.7,80.9,402.2,53.1,0.149,0.42,3,1.28,76.9,10.8,2.1,22.73,38.73,38.54,2753.9,0.435,10.7,-0.338,0.941,13.46,5.66,13.380851,1.866059457,3.819553073,6.772960894,2.88603352,-0.005617561,-0.008663143,-0.000435514,1.025728165
11451715,0.580272066,0.2,2,212,1.049200697,0.139724234,1,1,24.133838,1.666551161,1,74,98.44357977,93.28793774,0.9,247.9,70.02,59.6,55.5,854.4,1,0.615,0.96,4,1.19,43.2,10.66,0.49,37.34,42.78,19.88,560.5,0.34,18.2,-0.265,0.964,8.75,13.34,18.827651,2.888346264,4.86014522,23.98777733,10.34183138,0.14819574,-0.007832966,-0.033504715,0.809356648
14316495,0.390700427,38.8,1,653,1.054976173,0.190786812,1,1,80.803082,0.9437644,1,82,98.43677088,92.95380308,3.22,79,151.17,69.9,146.8,566.3,31.2,0.389,0.75,3,1.19,69.4,9.42,2.92,17.72,48.53,33.75,1207.1,0.522,37.4,-0.867,-0.499,13.12,5.58,16.174613,27.87378505,28.66556962,15.23164557,6.731772152,-0.096220797,-0.132680539,-0.016411018,0.50848164
8378500,0.047215911,272.4,1,117,1.062709363,0.57645894,1,1,24.394413,1.433035617,1,9.75,98.43611946,99.91164517,2.61,445,86.08,49.1,89.7,374.7,32.7,0.115,0.56,4,1.18,68.2,9.97,2.19,24.5,39.65,35.85,3073,0.466,26.5,-0.839,-0.545,12.72,12.04,14.557434,8.108731976,14.05597753,25.41377528,13.96395506,-0.035957506,-0.042651227,-0.010011272,0.93442821
9497980,0.088216099,0.2,1,267,0.959130257,0.221820285,1,1,7.772327,1.760716106,1,40.66666667,98.42797562,94.83477703,1.21,516.8,68.36,41,69.3,673.1,9.8,0.135,0.7,3,1.67,36.3,10.57,3.03,22.54,34.63,42.83,1688.6,0.518,19.9,-0.996,0.089,6.65,8.46,17.814094,2.221099145,1.845975232,7.793188854,1.943034056,,,,0.49186069
11014000,0.010280034,16.2,2,368,1.056402428,0.169187629,1,1,7.06468,1.142409136,1,61.96305556,98.41795438,97.35099338,2.91,181.8,44.33,55.8,42.1,846.3,0,0.609,1.26,5,1.39,33.8,10.3,3.01,18.77,38.69,42.55,490.9,0.343,19.4,-0.048,-0.999,11.13,8.78,16.12831,6.01277364,6.221287129,,,-0.048289863,-0.11733836,-0.017205663,
8405105,0.032272846,14.1,1,815,0.956305714,0.198552887,1,1,25.346613,0.9934997,1,36,98.35472195,84.76472524,2,843.2,45.1,50.1,51,797.4,2.1,0.465,1.03,6,2,15.9,11.31,1.46,24.88,44.89,30.23,1512.1,0.403,10.5,0.526,0.85,24.38,5.94,22.253605,18.45302136,15.1032851,,,,,,0.619136331
11152000,0.38006418,93.1,2,155,1.139129829,0.422923089,1,1,7.156277,1.825105706,1,79,98.34490123,95.03470368,2.07,625.1,80.89,63.9,60.5,663.8,2.9,0.654,1.03,5,2.35,38.3,10.02,3.14,20.17,34.81,45.02,759.1,0.387,34.7,-0.132,0.991,8.78,16.68,17.294107,3.419893111,4.751959686,14.97461206,10.20955047,0.01157158,0.010173132,0.002783593,
11152000,0.534536034,177,2,935,1.072958421,0.24231126,1,1,10.954941,1.60170771,1,51,98.3436853,96.48033126,2.07,625.1,80.89,63.9,60.5,663.8,2.9,0.654,1.03,5,2.35,38.3,10.02,3.14,20.17,34.81,45.02,759.1,0.387,34.7,-0.132,0.991,8.78,16.68,17.294107,2.102052119,3.129195329,14.97461206,10.20955047,0.239470253,0.058363783,-0.063931071,0.893566341
11152050,0.22572708,93.1,2,155,1.165045573,0.495113846,1,1,5.778692,1.628838967,1,79,98.33601718,95.00805153,1.67,771.5,74.52,63.7,58.2,676.7,2.4,0.652,1.04,6,2.02,38.4,10.1,2.9,21.11,35.63,43.26,674.8,0.359,31.4,0.227,0.974,9.08,15.41,17.029979,2.814091554,3.832378483,12.12311082,8.239170447,0.01157158,0.010173132,0.002783593,
11152050,0.433102365,181.8,2,935,1.109155525,0.320734679,1,1,8.868908,1.491041107,1,51,98.33506764,96.46201873,1.67,771.5,74.52,63.7,58.2,676.7,2.4,0.652,1.04,6,2.02,38.4,10.1,2.9,21.11,35.63,43.26,674.8,0.359,31.4,0.227,0.974,9.08,15.41,17.029979,1.729693567,2.523499676,12.12311082,8.239170447,0.239470253,0.058363783,-0.063931071,0.893566341
11148900,0.237903394,56.6,2,485,1.068807515,0.236355076,1,1,10.274829,1.729434032,1,59,98.32308552,93.79541643,1.48,403.5,69.16,62.7,52.5,745.3,1.5,0.653,0.99,5,1.22,31.2,11.37,2.86,22.94,36.87,40.19,551.8,0.337,21.3,-0.586,0.81,8.56,15,16.11163,2.112819809,3.949739777,20.74907063,12.52795539,-0.089672211,-0.151613332,-0.019478339,
11274500,0.068797334,1.3,2,122,1.017730868,0.106301962,1,1,27.069601,1.263529895,1,32.5,98.32109129,97.06190976,1.48,347.8,45.32,61.6,45.7,861,1.4,0.624,1.05,4,1.63,30.1,10.73,1.77,24.88,42.82,32.31,475.6,0.378,24.4,-0.349,0.937,8.1,9.04,18.273952,7.729944851,9.815899942,,,-0.019154762,-0.045495344,0.000196474,0.856351492
11014000,0.007865783,13.5,2,922,0.989882219,0.061579924,1,1,5.043274,0.752773408,1,40.83333333,98.31675593,99.31140015,2.91,181.8,44.33,55.8,42.1,846.3,0,0.609,1.26,5,1.39,33.8,10.3,3.01,18.77,38.69,42.55,490.9,0.343,19.4,-0.048,-0.999,14.22,4.05,16.12831,1.534653813,2.248514851,,,0.157289317,-0.032558501,-0.135096931,1.360760596
11383500,0.058752942,10.3,1,853,1.022623899,0.179231064,1,1,15.279904,1.201487848,1,71,98.31009717,98.60583016,1.18,539.8,148.35,51.6,86.3,606.3,32.5,0.527,0.62,4,1.49,64.2,10.29,2.55,21.19,39.81,39,1278.9,0.504,23,-0.103,-0.995,11.91,8.86,15.939202,2.669585637,6.439551686,11.6002223,5.542645424,-0.093088912,-0.147086845,-0.016403308,0.537688566
11143000,0.784230336,40.1,2,52,1.00536012,0.10423595,1,1,13.697515,0.363115177,1,48.91666667,98.30238727,94.37665782,2.74,120.6,116.26,67.4,72.8,639.5,3.4,0.654,0.98,4,1.47,40.3,10.29,4.14,14.13,31.45,54.42,779,0.492,43.6,-0.447,-0.894,8.75,17.47,18.127121,0.979707657,4.544776119,86.30373134,57.91119403,0.014848658,0.011437441,0.000869751,
11451715,0.506024656,10.9,2,171,1.067015694,0.143818359,1,1,24.133838,1.666551161,1,74.75,98.29766537,98.6381323,0.9,247.9,70.02,59.6,55.5,854.4,1,0.615,0.96,4,1.19,43.2,10.66,0.49,37.34,42.78,19.88,560.5,0.34,18.2,-0.265,0.964,7.28,15.2,18.827651,2.888346264,4.86014522,23.98777733,10.34183138,0.14819574,-0.007832966,-0.033504715,0.809356648
11138500,0.020939451,0,2,201,1.027220993,0.265729874,1,1,43.010103,1.393757,1,58.5,98.2944855,96.47527004,2,728.9,69.82,57.6,39.6,665.2,7.1,0.686,1.16,5,1.44,28.2,9.8,1.39,21.86,41.68,36.45,994.2,0.424,34.2,0.199,-0.98,8.07,14.16,16.60856,32.67864011,35.43658938,,,-0.079948795,-0.1583225,-0.003626793,0.635399474
7103970,0.125177358,86.9,1,707,0.957488233,0.210848468,1,1,5.2619,1.070175745,1,31.66666667,98.28282828,94.64646465,2.41,466,56.93,51.8,81.4,505.6,18.5,0.31,0.66,3,1.89,50.7,11.24,7.39,13.91,32.09,54,2352.6,0.431,10.8,-0.999,0.044,9.85,7.43,12.548144,0.854179079,1.403690987,,,-0.022841551,-0.078864281,-0.013511153,0.737907065
9512280,0.00570238,49.1,1,762,1.01389215,0.104299002,1,1,77.294582,1.157801676,1,25.5,98.28030954,99.74204643,2.43,188.7,50.78,38.1,53.2,973.2,0.5,0.208,0.98,4,1.51,22.7,10.42,5.25,18.83,28.78,52.39,1150.1,0.484,21.1,-0.665,-0.747,27.52,3.99,17.665115,26.94965959,28.43465819,,,-0.005889694,-0.027469315,-0.008661002,0.780488717
8380500,0.150089151,166.5,1,119,1.325335629,0.793384757,0.930313589,1,99.368957,1.001978058,0.929824561,5.923333333,98.2690935,99.73233405,2.1,198.1,68.57,50.8,80.7,464.5,19.2,0.221,0.66,4,1.18,58,10.64,1.87,31.03,41.4,27.57,2652.5,0.381,25,-0.636,0.772,15.49,10.72,17.995738,30.00276242,42.76158506,96.58440182,48.47415447,0.009804609,0.004280286,0.019648497,1.00779206
11453500,2.316304287,105.6,2,482,0.989090492,0.046064373,1,1,68.402353,0.917637249,1,65,98.25218477,97.46150645,1.47,293.4,112.6,63,63.1,752.4,2,0.624,0.62,3,1.5,36.4,10.72,0.99,28.71,44.41,26.88,554.7,0.243,19.3,-0.169,0.986,7.16,23.78,17.47691,38.71637619,46.98312883,,,-0.106642653,-0.150364536,-0.029878285,0.389033416
11451715,0.31298139,188.1,2,1003,1.037602783,0.180092475,1,1,11.655139,0.944331954,1,108,98.25119237,97.88023317,0.9,247.9,70.02,59.6,55.5,854.4,1,0.615,0.96,4,1.19,43.2,10.66,0.49,37.34,42.78,19.88,560.5,0.34,18.2,-0.265,0.964,10.43,10.33,18.827651,2.304121352,5.157482856,23.98777733,10.34183138,-0.020201164,-0.037042487,-0.012948582,0.829864732
11466800,0.203627546,64.7,2,491,0.995107774,0.091131257,1,1,12.714225,1.001456134,1,47.85722222,98.25072886,99.75704568,2.06,652.2,100.52,64.6,68.1,730.4,0.8,0.63,0.68,4,1.71,30,13.03,1.22,29.33,42.59,28.08,155.1,0.185,9.2,-0.054,-0.999,9.93,19.46,16.611166,3.097905528,3.795124195,,,0.138750571,-0.02055757,-0.092766442,0.594232737
11173575,0.03401839,29,1,434,0.93419956,0.168524799,1,1,73.616074,0.93656286,1,35.875,98.2350209,94.42638179,1.33,385.4,62.15,64.2,58.9,791.9,3.5,0.584,1.05,4,1.31,31.9,10.49,2.02,24.69,45.37,29.94,718.4,0.514,25.8,-0.023,-1,16.68,3.67,17.382289,15.79414913,27.71761806,,,-0.032382521,-0.140382283,-0.082930973,0.668678281
11176400,0.015387758,27,1,434,0.895470511,0.216700093,1,1,74.095967,1.41581736,1,35.88916667,98.20415879,94.65973535,1.46,338.6,57.45,62.2,56.1,798.4,4,0.599,1.02,5,1.51,31.3,10.82,2.16,22.41,45.93,31.66,753.8,0.52,23.4,-0.069,-0.998,16.76,3.05,17.721231,21.07161609,32.61317188,,,-0.067347092,-0.20950784,-0.078053436,0.604649115
11042900,0.075561395,0,2,164,0.972744399,0.098767209,1,1,6.890085,1.723145088,1,37.9525,98.2,91.53333333,1.45,227.1,38.42,52.1,30.4,862.2,0.2,0.588,1,3,1.35,24,11.73,2.76,18.12,34.83,47.04,611.1,0.274,8.4,-0.245,-0.97,11.07,3.91,16.576693,1.886222907,1.07675033,,,,,,
9353800,0.002057535,28.1,1,817,1.02717869,0.139062782,1,1,14.01843,0.732598338,1,33.88916667,98.17961165,97.42718447,1.26,880.8,84.75,52.5,111.4,398.1,46.2,0.068,0.52,4,1.22,64.3,9.73,2.39,20.87,37.37,41.76,3029.5,0.446,33.4,-0.998,-0.061,8.93,7.18,9.979675,3.604967791,8.226089918,,,-0.086886425,-0.16967405,-0.019807659,
10234500,0.046236432,20.5,1,1081,1.064036099,0.280050369,1,1,5.250666,1.203551382,1,15.97305556,98.17687075,98.01360544,2.34,236.4,75.93,50.3,90.9,430.1,56.6,0.152,0.87,4,1.39,70,9.81,2.33,19.31,43.36,37.33,2819.1,0.512,24.2,0.053,-0.999,15.24,4.51,18.085888,0.599881048,1.215989848,8.83286802,1.319162437,0.220365727,-0.052977803,-0.048208249,0.80010705
11124500,1.508258815,413.5,2,206,1.066206194,0.191872056,1,1,71.062545,1.035623791,1,53.85722222,98.15774324,95.79735176,2.37,191.5,83.1,54.6,38.1,636.9,4.5,0.711,1.17,4,1.85,23.3,9.72,1.35,23.93,41.12,34.95,1023.6,0.444,33.5,-0.78,-0.626,7.6,19.21,17.185694,68.62677395,63.6551436,,,-0.118361646,-0.255882945,-0.008246482,0.648680925
11143000,0.295847372,93.6,2,130,1.018880306,0.070892981,1,1,29.9711,1.327452654,1,76,98.15085158,93.91727494,2.74,120.6,116.26,67.4,72.8,639.5,3.4,0.654,0.98,4,1.47,40.3,10.29,4.14,14.13,31.45,54.42,779,0.492,43.6,-0.447,-0.894,8.33,25.11,18.127121,15.90995837,20.11791045,86.30373134,57.91119403,0.010770338,0.00564021,0.002104102,
11042400,0.002565229,16.8,2,881,1.002363664,0.193695653,1,1,5.418644,1.623115625,1,22.5,98.14932993,97.57498405,2.17,342.2,45.9,47.5,35.2,738.3,4.5,0.519,0.92,4,1.33,34.5,10.18,6.63,11.08,22.22,66.7,1119.3,0.457,17,0.473,-0.881,11.49,3.72,17.322787,2.08734395,4.6735827,,,-0.023759569,-0.085498497,-0.017434759,
11173510,0.048359193,28.5,1,434,0.918283935,0.174042508,1,1,77.737397,1.168928262,1,35.875,98.14385151,94.43155452,1.34,360.7,62.25,63.9,58.9,792.6,3.7,0.583,1.01,4,1.32,32.1,10.44,2.07,24.39,45.37,30.25,741.8,0.517,25.7,-0.113,-0.994,16.63,3.69,16.911694,17.24073271,29.29254228,,,-0.03302541,-0.141543883,-0.082939116,0.666629687
9497980,0.03906713,65.5,1,441,1.229112178,0.50626006,1,1,7.772327,1.760716106,1,17,98.13923645,98.9412897,1.21,516.8,68.36,41,69.3,673.1,9.8,0.135,0.7,3,1.67,36.3,10.57,3.03,22.54,34.63,42.83,1688.6,0.518,19.9,-0.996,0.089,21.95,9.19,17.814094,2.221099145,1.845975232,7.793188854,1.943034056,,,,0.49186069
11274538,0.034385572,1.3,2,122,1.046524496,0.165871047,1,1,20.054364,1.350921136,1,32.5,98.13631523,97.01810437,1.27,469.4,42.12,61.9,44.8,864.4,1.3,0.619,0.06,4,1.31,29.8,10.95,1.77,24.47,43.22,32.31,405.1,0.34,20.9,-0.28,0.96,8.08,8.42,18.511698,5.650655605,7.274584576,,,-0.019154762,-0.045495344,0.000196474,0.856351492
9508300,0.797742668,0,2,216,1.039556197,0.126197395,1,1,83.630661,1.091927993,1,25.5,98.13248767,94.08033827,1.24,93,61.67,39.9,60.5,779.9,8.4,0.144,0.7,3,1.58,36,10.05,2.68,22.26,37.89,39.84,1496.5,0.503,27.8,0.203,-0.979,3.78,7.12,16.736963,25.49898573,26.68935484,,,-0.07765983,-0.144763968,-0.009734719,0.3593483
11028500,0.048194724,4.3,2,421,1.015363917,0.096309951,1,1,59.833561,1.393602004,1,74.66666667,98.12850905,93.51216469,1.75,146.3,47.31,53.2,40,817.6,0.1,0.607,0.82,3,1.39,26.8,11.3,2.46,16.66,32,51.34,561.3,0.27,8.7,-0.125,-0.992,11.06,4.92,15.589059,13.30200551,18.34757348,,,-0.001277412,-0.010668693,-0.007411574,0.873161756
9484000,0.42598109,55.3,1,430,1.173917685,0.693873893,1,1,69.267296,1.388299086,1,13.5,98.12734082,100,2.39,103.7,75.97,43.3,71.1,767.1,3.1,0.167,0.8,3,1.52,9.5,9.14,1.65,18.36,43.38,38.26,1878.8,0.534,35.6,-0.977,-0.213,21.03,13.39,17.656755,12.27435075,20.33982642,59.10578592,25.9246866,-0.029754246,-0.128262786,-0.044356359,0.620399768
11138500,0.083913199,462.1,2,206,1.089242545,0.31843895,1,1,43.010103,1.393757,1,56.8,98.12393405,96.64582149,2,728.9,69.82,57.6,39.6,665.2,7.1,0.686,1.16,5,1.44,28.2,9.8,1.39,21.86,41.68,36.45,994.2,0.424,34.2,0.199,-0.98,8.07,14.16,16.60856,32.67864011,35.43658938,,,-0.079948795,-0.1583225,-0.003626793,0.635399474
11025500,0.268749867,1.6,2,232,1.074008786,0.184882292,1,1,7.499671,0.63456728,1,61.5,98.10252996,97.80292943,1.59,288.7,61.83,49,43.1,760.7,1.6,0.57,0.88,4,1.39,32.2,10.45,3.04,16.47,31.29,52.24,891.8,0.428,20.2,-0.631,-0.776,9.46,12.2,16.426629,5.200985221,3.255836508,,,-0.074054021,-0.169407355,0.0000527,
14182500,0.697059793,105.8,1,627,1.03966815,0.102358518,1,1,94.322738,0.972852816,1,117.9233333,98.09608147,86.05268984,1.73,286.8,224.25,70.2,175.5,549.7,22.8,0.386,0.68,3,1.26,56.8,10.1,2.57,20.62,47.93,31.45,818.3,0.42,35.9,-0.784,-0.621,9.26,14.36,13.492479,74.72694879,73.6289749,93.98661088,73.25648536,-0.244625316,-0.502415227,-0.227598821,0.304124638
11022480,0.05374732,0,2,430,1.117674394,0.299146942,1,1,79.360851,1.036983012,1,52.90916667,98.08190772,97.97822706,1.63,953.6,51.86,51.9,43.3,807.8,2.2,0.585,0.84,5,1.19,31,10.52,3.4,17.08,31.75,51.17,640.4,0.294,18.5,0.017,-1,10.6,5.73,15.3664,57.24252031,58.6542156,,,-0.06719382,-0.136575236,-0.023271114,0.762980732
11152000,0.175762696,84.6,2,239,1.109043331,0.324963278,1,1,38.563747,1.45200031,1,75,98.07407407,85.77777778,2.07,625.1,80.89,63.9,60.5,663.8,2.9,0.654,1.03,5,2.35,38.3,10.02,3.14,20.17,34.81,45.02,759.1,0.387,34.7,-0.132,0.991,8.78,16.68,17.294107,14.91749383,22.51871701,14.97461206,10.20955047,-0.172413345,-0.259903939,-0.017081463,0.414664174
11023340,0.32037278,0,1,358,1.062003945,0.188003148,1,1,37.099197,1.443643241,1,125,98.06501548,86.45510836,2.81,109.6,39.02,60.2,39.8,841.8,0,0.626,1.08,3,1.17,24.2,11.67,2.82,23.07,37.6,39.33,263,0.251,12.8,-0.28,-0.96,18.71,1.45,14.786058,26.23438145,28.43786496,,,-0.043319158,-0.108905474,-0.02265705,0.915032406
11152050,0.100934873,86.2,2,239,1.132789954,0.390029869,1,1,31.232187,1.394009406,1,75,98.06451613,85.70719603,1.67,771.5,74.52,63.7,58.2,676.7,2.4,0.652,1.04,6,2.02,38.4,10.1,2.9,21.11,35.63,43.26,674.8,0.359,31.4,0.227,0.974,9.08,15.41,17.029979,12.27500159,18.24777706,12.12311082,8.239170447,-0.172413345,-0.259903939,-0.017081463,0.414664174
9497800,0.01557444,8.5,1,990,1.04624441,0.192140903,1,1,33.497407,1.389714454,1,61,98.05745554,92.80437756,1.91,750.9,58.79,40.7,71.3,676.3,12.1,0.147,0.83,4,1.76,37.1,10.42,0.91,29.33,42.37,28.3,1747.1,0.582,19.4,-0.996,0.088,5.95,6.66,18.999934,23.5959096,23.57343188,,,-0.060114565,-0.112177631,-0.024849316,
9497980,0.001687612,29.3,1,865,0.88512345,0.325763078,1,1,9.741345,0.397009519,1,38.90916667,98.03854095,94.28768066,1.21,516.8,68.36,41,69.3,673.1,9.8,0.135,0.7,3,1.67,36.3,10.57,3.03,22.54,34.63,42.83,1688.6,0.518,19.9,-0.996,0.089,13.27,5.46,17.814094,1.281628952,1.802612229,7.793188854,1.943034056,0.211745047,0.009936155,-0.042705119,0.6887004
11152000,0.234652259,0,2,897,1.104869195,0.307920031,1,1,10.954941,1.60170771,1,44.5,98.03312629,99.37888199,2.07,625.1,80.89,63.9,60.5,663.8,2.9,0.654,1.03,5,2.35,38.3,10.02,3.14,20.17,34.81,45.02,759.1,0.387,34.7,-0.132,0.991,8.25,16.63,17.294107,2.102052119,3.129195329,14.97461206,10.20955047,0.239470253,0.058363783,-0.063931071,0.893566341
9404450,0.072919479,36.7,1,419,1.018828696,0.061840158,1,1,14.12125,1.495243097,1,67.92861111,98.02364865,98.27702703,2.21,193,46.03,54.3,64.1,511.3,37.5,0.146,0.49,3,1.1,77.9,10.5,1.53,27.11,45.25,27.64,2214.5,0.528,23.3,-0.996,0.092,17.5,4.15,16.150084,4.678595116,7.601968912,13.95839378,7.030725389,,,,0.42238348
10258500,0.207539425,27.2,2,247,0.999992351,0.604418718,1,1,34.911598,1.024974947,1,32.75,98.02292264,96.61891117,2,241.5,37.78,41.9,27.9,813.4,5.1,0.464,0.98,4,2.22,43.9,9.87,5.3,11.18,26.56,62.26,1195.3,0.44,22.7,0.863,0.506,9.65,6.02,22.326342,14.07063824,14.53863354,,,-0.067585553,-0.149738128,-0.003304783,
11152050,0.149750648,0,2,897,1.134514438,0.382756501,1,1,8.868908,1.491041107,1,44.5,98.02289282,99.37565036,1.67,771.5,74.52,63.7,58.2,676.7,2.4,0.652,1.04,6,2.02,38.4,10.1,2.9,21.11,35.63,43.26,674.8,0.359,31.4,0.227,0.974,8.44,15.13,17.029979,1.729693567,2.523499676,12.12311082,8.239170447,0.239470253,0.058363783,-0.063931071,0.893566341
11152000,0.159907814,106.6,2,836,1.109351707,0.36764656,1,1,14.964649,1.788935464,1,41.90916667,98.00942902,95.075956,2.07,625.1,80.89,63.9,60.5,663.8,2.9,0.654,1.03,5,2.35,38.3,10.02,3.14,20.17,34.81,45.02,759.1,0.387,34.7,-0.132,0.991,8.57,12.76,17.294107,11.17292732,12.15683891,14.97461206,10.20955047,-0.010895146,-0.130627653,-0.118101051,0.66357975
11101250,0.581133219,13.7,2,453,1.136599257,0.259935572,1,1,9.043463,1.218738623,1,77.66666667,98,73.92857143,3.16,237.3,62.69,59.1,33.7,843.8,0.3,0.655,0.85,3,1.36,34,10.8,2.61,18.95,41.98,39.07,471.3,0.228,19.6,-0.987,-0.161,11.31,13.13,13.411358,0,3.349683944,19.49397387,12.38921197,-0.042418249,-0.066936498,-0.019972415,
11159200,0.518476984,40.7,2,1031,1.05469156,0.162005248,1,1,12.563615,1.632601188,1,79,97.99019608,89.06862745,1.76,71,84.62,68.1,68.6,691.1,0.1,0.629,0.85,3,1.21,34.5,10.12,2.59,21.18,36.59,42.23,305.2,0.333,21,-0.996,-0.089,11.51,14.9,16.438445,0.115679955,6.346901408,,,-0.027017337,-0.065208871,-0.013067387,0.783301461
10234500,0.02120168,26,1,360,1.082625015,0.320500751,1,1,5.250666,1.203551382,1,13.83333333,97.97278912,99.89115646,2.34,236.4,75.93,50.3,90.9,430.1,56.6,0.152,0.87,4,1.39,70,9.81,2.33,19.31,43.36,37.33,2819.1,0.512,24.2,0.053,-0.999,14.22,6.48,18.085888,0.599881048,1.215989848,8.83286802,1.319162437,-0.003973069,-0.01073788,0.000597517,0.997725065
9510200,0.086555057,0,2,300,1.071053361,0.249057707,1,1,13.021051,1.954168424,1,32,97.97008547,97.90598291,1.74,425.3,61.33,36.1,50,956.2,2.1,0.215,1.04,5,1.39,30.1,10.19,4.14,15.96,29.86,54.17,1161.3,0.383,21.4,-0.57,-0.822,11.26,8.96,17.785195,2.9162357,3.650787679,51.02477531,24.56769952,,,,0.342386832
11274630,0.006346352,0,2,952,1.107402883,0.271534898,1,1,13.905464,1.291954055,1,40.9,97.96996663,90.98998888,1.77,187.4,43.32,61.7,49.1,799,2.1,0.604,1.08,4,1.42,30.9,10.3,1.62,26.46,42.13,31.41,559.2,0.472,26.1,-0.722,0.692,9.37,8.63,18.975462,4.696483564,5.048932764,,,-0.015101335,-0.017095875,-0.011952802,0.942822946
11451715,0.177051516,107.8,2,819,1.114781634,0.255164133,1,1,5.595129,0.165455251,1,40.66666667,97.95977011,98.96551724,0.9,247.9,70.02,59.6,55.5,854.4,1,0.615,0.96,4,1.19,43.2,10.66,0.49,37.34,42.78,19.88,560.5,0.34,18.2,-0.265,0.964,7.69,10.4,18.827651,0.869588895,1.310246067,23.98777733,10.34183138,-0.012961866,-0.028181083,-0.023621235,0.712904405
11028500,0.055549742,36.8,2,97,1.101302041,0.198129249,1,1,59.833561,1.393602004,1,55.66666667,97.94135995,92.01497193,1.75,146.3,47.31,53.2,40,817.6,0.1,0.607,0.82,3,1.39,26.8,11.3,2.46,16.66,32,51.34,561.3,0.27,8.7,-0.125,-0.992,10.7,9.2,15.589059,13.30200551,18.34757348,,,-0.007998975,-0.01189086,0.000644096,0.929987858
11152000,0.154924851,215.6,2,136,1.113774784,0.340161298,1,1,7.156277,1.825105706,1,73,97.91777896,83.98291511,2.07,625.1,80.89,63.9,60.5,663.8,2.9,0.654,1.03,5,2.35,38.3,10.02,3.14,20.17,34.81,45.02,759.1,0.387,34.7,-0.132,0.991,8.25,16.63,17.294107,3.419893111,4.751959686,14.97461206,10.20955047,0.01157158,0.010173132,0.002783593,
11149900,0.03190986,63.4,2,485,1.104030532,0.245193621,1,1,8.664033,1.715767974,1,68,97.91332263,93.90048154,1.56,556.4,63.26,62,54,737.5,1.5,0.659,1.13,4,1.35,33.5,10.91,2.31,24.37,37.78,37.85,533.4,0.186,19.5,-0.995,-0.102,8.3,13.77,16.227347,1.544994989,3.774209202,28.84609993,15.65149173,-0.095944476,-0.147464849,-0.019542126,
10260950,0.174655428,23,2,909,0.998262383,0.128281803,1,1,10.926878,0.653202168,1,47.75,97.90859799,98.14097599,2.1,175.1,66.31,43.9,49,724,6.7,0.611,0.97,4,1.24,39.2,10.29,5.47,13.39,28.27,58.34,1271.7,0.362,20.2,0.925,0.379,7.19,15.35,18.304836,7.69524916,7.127527127,10.63038264,5.662649914,0.078235695,-0.10005319,-0.114749105,0.605979138
11152050,0.122957027,217.1,2,136,1.141196924,0.412034605,1,1,5.778692,1.628838967,1,73,97.90660225,83.89694042,1.67,771.5,74.52,63.7,58.2,676.7,2.4,0.652,1.04,6,2.02,38.4,10.1,2.9,21.11,35.63,43.26,674.8,0.359,31.4,0.227,0.974,8.44,15.13,17.029979,2.814091554,3.832378483,12.12311082,8.239170447,0.01157158,0.010173132,0.002783593,
11123500,0.575721446,481.1,2,206,1.042723527,0.171046864,1,1,47.106742,1.207876628,1,55,97.90454016,94.17927823,1.89,718.1,79.99,52.6,34.3,660.8,3.8,0.712,1.27,5,1.39,25.8,9.92,1.14,22.63,41.55,35.82,934.1,0.378,31.2,-0.578,-0.816,8.31,17.22,18.753658,43.16949878,44.25628743,16.02817156,5.57082579,-0.080627628,-0.178775475,-0.002100091,0.737099819
11063510,0.005878925,37.4,1,846,0.869501434,0.377994273,1,1,15.999744,0.650293498,1,38,97.8785662,91.80687637,2.04,144.5,66.42,46,40.7,690.4,4.5,0.635,0.96,4,1.54,50.7,9.96,6.14,10.54,26.94,62.52,1273.4,0.272,22.4,-0.728,0.686,14.92,2.33,18.45637,3.489027728,3.731418685,74.67695502,36.88442907,-0.035891857,-0.049581941,-0.016637586,
11526500,0.058598982,60.6,1,411,1.165409761,0.392104928,1,1,55.076898,1.272480838,1,63.9,97.87234043,96.27659574,2.54,391.9,130.47,63.6,98.9,614.4,31.7,0.536,0.73,4,1.32,59.9,9.89,2.37,15.48,39.11,45.41,1335.3,0.402,45.9,-0.912,-0.41,11.58,8.02,14.164304,11.45047532,20.11324317,13.59645318,3.990865017,-0.090299604,-0.132910637,-0.01497722,0.575001288
11149900,0.127232296,1.8,2,880,1.082325363,0.20754642,1,1,12.824107,0.507351319,1,102.6666667,97.86239145,81.49632599,1.56,556.4,63.26,62,54,737.5,1.5,0.659,1.13,4,1.35,33.5,10.91,2.31,24.37,37.78,37.85,533.4,0.186,19.5,-0.995,-0.102,8.3,13.77,16.227347,0.822336042,1.076312006,28.84609993,15.65149173,-0.013391784,-0.028371436,0.001328225,0.879304078
11463900,0.048394215,36.7,2,38,1.004883775,0.05330727,1,1,78.702752,0.833942644,1,37.97305556,97.85621481,99.30705933,2.86,114.1,115.9,65.1,67.8,746.4,0.7,0.617,0.72,3,1.38,36.4,11.12,1.75,27.22,44.13,28.65,413,0.282,23.9,-0.601,-0.799,11.17,16.56,15.761656,11.07121403,21.33260298,,,0.194109035,0.095483627,0.004804013,1.084489945
9497980,0.098626695,5.4,1,1025,1.014621671,0.139047419,1,1,9.741345,0.397009519,1,48.875,97.83207158,90.19270475,1.21,516.8,68.36,41,69.3,673.1,9.8,0.135,0.7,3,1.67,36.3,10.57,3.03,22.54,34.63,42.83,1688.6,0.518,19.9,-0.996,0.089,6.65,8.46,17.814094,1.281628952,1.802612229,7.793188854,1.943034056,0.211745047,0.009936155,-0.042705119,0.6887004
11143000,0.277063412,0.8,2,29,0.979197945,0.091396988,1,1,13.697515,0.363115177,1,31.8,97.82493369,97.93103448,2.74,120.6,116.26,67.4,72.8,639.5,3.4,0.654,0.98,4,1.47,40.3,10.29,4.14,14.13,31.45,54.42,779,0.492,43.6,-0.447,-0.894,11.4,13.95,18.127121,0.979707657,4.544776119,86.30373134,57.91119403,0.014848658,0.011437441,0.000869751,
11149900,0.245812797,90,2,151,1.158243075,0.377747333,1,1,8.664033,1.715767974,1,78,97.80631354,92.72338149,1.56,556.4,63.26,62,54,737.5,1.5,0.659,1.13,4,1.35,33.5,10.91,2.31,24.37,37.78,37.85,533.4,0.186,19.5,-0.995,-0.102,9.33,13.34,16.227347,1.544994989,3.774209202,28.84609993,15.65149173,0.015682926,0.015878051,0.003511839,
11063510,0.954345418,0,2,916,0.95667431,0.189106629,1,1,15.999744,0.650293498,1,47,97.80541331,90.1975128,2.04,144.5,66.42,46,40.7,690.4,4.5,0.635,0.96,4,1.54,50.7,9.96,6.14,10.54,26.94,62.52,1273.4,0.272,22.4,-0.728,0.686,6.77,8.28,18.45637,3.489027728,3.731418685,74.67695502,36.88442907,-0.035891857,-0.049581941,-0.016637586,
11046100,0.047612352,0.4,2,201,1.050956283,0.179530044,1,1,29.358783,0.610628697,1,53,97.78656126,79.68379447,2.11,67.8,40.34,64.9,35,816,0,0.655,0.95,3,1.15,23,11.12,2.52,22.77,32.67,44.56,187.1,0.264,14.1,-0.987,-0.159,13.32,4.97,16.06083,18.68617244,18.06504425,30.20707965,9.995575221,-0.046766599,-0.132200582,-0.00342,0.493910212
8377900,0.038299008,114.1,1,80,1.000676775,0.040805256,1,1,65.272425,1.140346217,1,28.96305556,97.77567846,86.49948471,2.05,139,89.76,48.6,96.1,380.6,31.6,0.11,0.5,3,1.21,65.4,9.68,2.96,22.74,43.83,33.43,3141.5,0.593,24.8,0.023,-1,11.19,6.08,13.047006,25.24947925,36.74589928,66.46402878,35.36093525,-0.03378568,-0.041146736,-0.00861868,0.946858376
11057500,0.041485432,0,2,128,1.060475807,0.191176021,1,1,5.10267,0.753186471,1,35.5,97.76632302,99.82817869,1.6,329,50.34,46.1,42.4,822.1,3.2,0.566,1.05,4,1.49,23.2,10.74,3.94,14.73,32.5,52.77,880.7,0.238,13.8,-0.199,-0.98,9.16,10.07,19.193511,2.02402941,2.564042553,11.73519757,9.619696049,0.174898641,0.107719733,-0.133137495,1.434377001
11063510,0.299825152,76.7,2,911,0.969458913,0.18713394,1,1,75.044644,1.007263416,1,43.66666667,97.75140537,96.62710806,2.04,144.5,66.42,46,40.7,690.4,4.5,0.635,0.96,4,1.54,50.7,9.96,6.14,10.54,26.94,62.52,1273.4,0.272,22.4,-0.728,0.686,7.51,15.53,18.45637,20.60685912,23.61986159,74.67695502,36.88442907,0.082420918,-0.038169893,-0.099867697,0.741913803
11372000,0.138247909,21.8,1,602,0.967694806,0.178300815,1,1,9.214676,0.866847706,1,131.6666667,97.74368231,93.90794224,1.46,589.9,149.15,61.6,92.2,773.2,13.3,0.544,0.71,4,1.55,62,10.11,2.48,20.64,39.59,39.77,857.8,0.39,33.5,-0.806,0.592,9.94,9.97,14.264321,2.919026622,4.249025259,,,-0.094042702,-0.135672963,-0.02141936,0.525126425
14180300,0.467695224,73.4,1,626,1.007772405,0.038399411,1,1,8.351728,1.069416516,1,110.75,97.73391813,84.89278752,2.72,66.6,217.85,69,177.2,547.1,33.6,0.423,0.62,3,1.28,64.1,9.46,2.82,16.13,50.93,32.94,1027.9,0.395,26.5,0.8,-0.6,8.96,12.8,13.559303,0.338613903,3.914864865,7.992792793,1.667267267,-0.005926427,-0.192881297,-0.113116426,0.687926088
11143000,0.434379078,126.4,2,935,1.095039411,0.312808071,1,1,86.219962,1.022908078,1,50,97.731569,96.83364839,2.74,120.6,116.26,67.4,72.8,639.5,3.4,0.654,0.98,4,1.47,40.3,10.29,4.14,14.13,31.45,54.42,779,0.492,43.6,-0.447,-0.894,8.68,23.37,18.127121,14.47744466,22.15223881,86.30373134,57.91119403,0.261123308,0.099905718,-0.020401351,0.780523961
11372000,0.08880508,1.1,1,659,0.960657117,0.170299713,1,1,6.341896,0.624858698,1,89,97.69865393,93.57359965,1.46,589.9,149.15,61.6,92.2,773.2,13.3,0.544,0.71,4,1.55,62,10.11,2.48,20.64,39.59,39.77,857.8,0.39,33.5,-0.806,0.592,9.94,9.97,14.264321,1.867578044,3.624563485,,,-0.121718287,-0.174870667,-0.022687286,0.503725216
10308200,0.070357258,45.5,1,483,1.041532213,0.108836447,1,1,10.319266,0.492347313,1,41.75,97.69408148,94.8501153,1.86,716.4,98.02,59.8,85.2,431.7,67.2,0.457,0.84,5,1.42,68.4,9.81,7.37,12.65,29.7,57.65,2410.5,0.42,29.6,0.895,0.445,6.01,5.87,17.280325,3.293936015,4.147236181,15.78961474,8.075935232,-0.057478481,-0.096990859,-0.01741291,0.619771212
8377900,0.615228749,219.8,1,116,1.061451372,0.486416304,1,1,65.272425,1.140346217,1,10.66666667,97.67262109,99.82823772,2.05,139,89.76,48.6,96.1,380.6,31.6,0.11,0.5,3,1.21,65.4,9.68,2.96,22.74,43.83,33.43,3141.5,0.593,24.8,0.023,-1,13.35,11.76,13.047006,25.24947925,36.74589928,66.46402878,35.36093525,-0.03378568,-0.041146736,-0.00861868,0.946858376
11065000,0.253896356,94.5,2,911,0.986238614,0.212242365,1,1,33.742927,1.953161117,1,43.8,97.66839378,96.37305699,1.55,364.7,81.4,47.7,43.6,701.5,4.2,0.649,1.11,5,1.12,49.6,10,6.62,10.83,28.51,60.66,1250.1,0.343,27.3,-0.675,0.738,7.67,19.01,19.024359,9.084707504,11.94332328,33.44313134,17.52322457,0.084418299,-0.035580624,-0.099919284,0.745010548
11015000,0.028845657,1.1,1,892,1.013859636,0.117145202,1,1,81.490142,1.480326105,1,30,97.66526758,96.48478489,1.44,117.8,76.11,45.5,48.7,677.6,11.1,0.564,0.71,3,1.32,40,10.19,5.47,12.93,24.7,62.37,1330.9,0.351,17.6,-0.501,-0.865,10.57,4.98,15.126983,64.84675838,71.42852292,,,-0.047403302,-0.083739091,-0.016223618,1.021402429
11148900,0.348082842,105.2,2,836,1.082297681,0.253290353,1,1,20.792454,1.663208229,1,25.96,97.63995609,90.55982437,1.48,403.5,69.16,62.7,52.5,745.3,1.5,0.653,0.99,5,1.22,31.2,11.37,2.86,22.94,36.87,40.19,551.8,0.337,21.3,-0.586,0.81,8.75,10.52,16.11163,10.4699498,15.43271375,20.74907063,12.52795539,-0.002503385,-0.124694363,-0.104185078,0.652189475
10309000,0.055997169,47.6,1,483,,0.179640336,1,1,8.083485,0.930221123,1,41.75,97.61811792,94.76766888,1.41,925.4,89.65,58.8,81.3,450,63.3,0.454,0.83,5,1.51,68.6,9.84,6.3,15.83,30.77,53.4,2325.5,0.415,27.7,0.995,0.101,6.49,5.45,17.09045,2.578302267,3.229263021,23.82247677,11.97263886,-0.057131073,-0.096480389,-0.01730306,0.62317111
11151870,0.377225826,105.8,2,836,1.065401091,0.235595897,1,1,32.792709,1.608096876,1,41.90916667,97.60448522,94.39347604,2.01,284.5,100.15,65.8,64.7,623,4,0.657,0.97,4,1.85,37.3,10.09,3.84,16.04,33.25,50.71,899.6,0.427,39,0.12,0.993,8.24,15.57,16.869365,25.1431099,26.57483304,32.87514938,22.3427768,-0.010805522,-0.13047511,-0.118019925,0.663781512
11113000,0.008930689,0,2,159,1.075341476,0.222649677,1,1,12.968352,1.380960091,1,63.8,97.59780371,95.05833905,1.41,650,68.34,45.4,34.7,663.4,7.7,0.69,1.22,4,1.67,44.6,9.91,2,22.07,41.65,36.28,1251.5,0.512,32.7,-1,0.016,10.02,5.32,16.054577,9.342552197,9.277615385,14.98787692,8.055507692,-0.140479958,-0.290401385,-0.017833839,
11152000,0.082445388,86.3,2,130,1.110111642,0.324713367,1,1,7.156277,1.825105706,1,84,97.59743727,93.00587293,2.07,625.1,80.89,63.9,60.5,663.8,2.9,0.654,1.03,5,2.35,38.3,10.02,3.14,20.17,34.81,45.02,759.1,0.387,34.7,-0.132,0.991,8.25,16.63,17.294107,3.419893111,4.751959686,14.97461206,10.20955047,0.01157158,0.010173132,0.002783593,
11023340,0.950783734,0,2,430,1.027460311,0.094693826,1,1,37.099197,1.443643241,1,51.93333333,97.5619195,93.26625387,2.81,109.6,39.02,60.2,39.8,841.8,0,0.626,1.08,3,1.17,24.2,11.67,2.82,23.07,37.6,39.33,263,0.251,12.8,-0.28,-0.96,12.35,4.51,14.786058,26.23438145,28.43786496,,,-0.043319158,-0.108905474,-0.02265705,0.915032406
11022480,0.023547859,56.2,2,97,1.182454817,0.410722318,1,1,18.106704,1.206871256,1,40,97.55351682,92.90519878,1.63,953.6,51.86,51.9,43.3,807.8,2.2,0.585,0.84,5,1.19,31,10.52,3.4,17.08,31.75,51.17,640.4,0.294,18.5,0.017,-1,10.15,9.92,15.3664,5.172206094,4.374381292,,,-0.002651266,0.004306109,-0.002820247,0.966853157
11138500,0.012004249,51.9,2,559,1.023689262,0.197793738,1,1,14.684484,0.673222561,1,37,97.54834254,99.24033149,2,728.9,69.82,57.6,39.6,665.2,7.1,0.686,1.16,5,1.44,28.2,9.8,1.39,21.86,41.68,36.45,994.2,0.424,34.2,0.199,-0.98,8.21,17.01,16.60856,2.711386657,3.72223899,,,-0.017412532,-0.069081844,-0.02870181,0.694239571
11042400,0.148121296,0,2,234,0.966033661,0.264236398,1,1,5.418644,1.623115625,1,63.8,97.51116784,95.53286535,2.17,342.2,45.9,47.5,35.2,738.3,4.5,0.519,0.92,4,1.33,34.5,10.18,6.63,11.08,22.22,66.7,1119.3,0.457,17,0.473,-0.881,8.41,8.93,17.322787,2.08734395,4.6735827,,,-0.082501895,-0.21372596,-0.002731465,
11152050,0.077811611,106.6,2,836,1.127164902,0.406386717,1,1,12.095121,1.606303196,1,41.90916667,97.50132908,94.20520999,1.67,771.5,74.52,63.7,58.2,676.7,2.4,0.652,1.04,6,2.02,38.4,10.1,2.9,21.11,35.63,43.26,674.8,0.359,31.4,0.227,0.974,8.75,11.74,17.029979,9.186214151,9.799792612,12.12311082,8.239170447,-0.010895146,-0.130627653,-0.118101051,0.66357975
12178100,0.73534353,51.7,1,799,1.006486266,0.058904866,1,1,5.210638,0.317886659,1,62.5,97.49012317,98.86125959,2.89,69.7,280.14,69.5,183.8,547.9,59.6,0.415,0.56,3,1.26,63.9,9.23,2.35,9.84,47.21,42.95,1300.6,0.457,58.3,0.676,-0.737,5.37,25.6,13.27064,0.330902641,4.119081779,,,0.124252482,-0.203480564,-0.046794129,0.434996438
11113500,0.095942759,98.1,2,828,1.054040533,0.15419345,1,1,85.14101,0.938475197,1,102.9,97.4829932,95.17006803,2.67,103.3,67.78,49.9,39.1,708.5,2.6,0.693,1.18,4,1.59,40.1,9.58,1.4,23.56,44.22,32.23,996,0.437,34.4,-0.944,-0.329,9.53,12.82,15.259699,30.60330822,37.52207164,84.35972894,53.69332043,0.244986512,0.024449276,-0.077576051,0.956848087
11047300,0.307659516,0.8,2,478,1.078758854,0.17473213,1,1,11.921157,1.8590446,1,65,97.47126437,93.33333333,1.1,139.9,46.85,61.6,36.6,812.1,0,0.652,1.08,3,1.27,23.9,11.46,2.26,24.89,42.68,32.43,423.2,0.234,19.1,-0.597,-0.802,15.5,3.68,13.66011,4.902997679,7.699857041,11.53209435,10.94796283,0.064649032,-0.160446952,-0.110397484,0.541141138
11124500,0.249897784,3.3,2,877,1.053523318,0.162357182,1,1,10.349061,0.625957006,1,73.5,97.45529574,84.73177442,2.37,191.5,83.1,54.6,38.1,636.9,4.5,0.711,1.17,4,1.85,23.3,9.72,1.35,23.93,41.12,34.95,1023.6,0.444,33.5,-0.78,-0.626,7.9,21.39,17.185694,6.08393386,7.478694517,,,-0.008175472,-0.044646861,-0.00994041,
11042400,0.010260917,14.9,2,627,1.017145267,0.136936156,1,1,5.418644,1.623115625,1,54,97.44735163,96.74537332,2.17,342.2,45.9,47.5,35.2,738.3,4.5,0.519,0.92,4,1.33,34.5,10.18,6.63,11.08,22.22,66.7,1119.3,0.457,17,0.473,-0.881,9.43,8.76,17.322787,2.08734395,4.6735827,,,-0.013044584,-0.070847167,-0.014318167,
11025500,0.041195235,6.2,2,931,1.042259228,0.143908644,1,1,7.499671,0.63456728,1,61.85722222,97.436751,89.34753662,1.59,288.7,61.83,49,43.1,760.7,1.6,0.57,0.88,4,1.39,32.2,10.45,3.04,16.47,31.29,52.24,891.8,0.428,20.2,-0.631,-0.776,8.73,11.95,16.426629,5.200985221,3.255836508,,,0.005724847,-0.008200152,-0.023048129,
11043000,0.424875953,207.2,2,440,0.96949169,0.220502829,1,1,15.431556,1.785573251,1,59.875,97.41248097,92.84627093,1.41,572.5,37.11,54,29.9,879.2,0.1,0.614,1.02,5,1.08,23.8,12.19,2.65,18.48,35.38,46.14,520.6,0.207,8.3,-0.454,-0.891,11.03,9.09,16.167722,1.382765683,3.507877729,,,0.003075695,0.016354704,-0.015242001,
10257600,0.009022367,0,2,509,1.089797549,0.245154991,1,1,70.099582,0.942865524,1,23.85722222,97.40990991,89.13288288,1.68,92.9,55.02,38.1,39.9,737.5,7.4,0.582,0.91,3,1.32,44,9.6,5.01,12.16,30.05,57.78,1746.6,0.466,38.3,-0.947,0.322,7.66,3.52,18.430912,34.09728829,40.43799785,21.86157158,3.477933262,-0.065405744,-0.143502026,-0.004785318,0.459862484
11200800,0.031257971,44.4,2,423,1.124716317,0.32361268,1,1,37.21031,1.51904651,1,53.75,97.40577582,95.25208027,2.53,214.7,72.15,53.2,42.8,740.6,18.4,0.594,0.64,3,1.41,65.7,9.77,2.77,17.27,29.31,53.42,1214.9,0.417,30.8,-0.155,-0.988,8.59,7.54,15.133741,23.12020326,27.05533302,40.09669306,23.41741966,-0.253323206,-0.479090627,-0.159625748,0.40057673
11372000,0.051842966,0,1,479,0.967363263,0.209619699,1,1,6.341896,0.624858698,1,64,97.39470256,94.83282675,1.46,589.9,149.15,61.6,92.2,773.2,13.3,0.544,0.71,4,1.55,62,10.11,2.48,20.64,39.59,39.77,857.8,0.39,33.5,-0.806,0.592,14.22,7.61,14.264321,1.867578044,3.624563485,,,-0.121718287,-0.174870667,-0.022687286,0.503725216
9484000,0.41232785,254.5,1,416,1.1126631,0.59664547,1,1,69.267296,1.388299086,1,10.88916667,97.39388265,99.90636704,2.39,103.7,75.97,43.3,71.1,767.1,3.1,0.167,0.8,3,1.52,9.5,9.14,1.65,18.36,43.38,38.26,1878.8,0.534,35.6,-0.977,-0.213,22.08,10.6,17.656755,12.27435075,20.33982642,59.10578592,25.9246866,-0.029754246,-0.128262786,-0.044356359,0.620399768
11148900,0.145970224,66.6,2,126,1.129392726,0.356603003,1,1,10.274829,1.729434032,1,81.5,97.37283399,92.90106205,1.48,403.5,69.16,62.7,52.5,745.3,1.5,0.653,0.99,5,1.22,31.2,11.37,2.86,22.94,36.87,40.19,551.8,0.337,21.3,-0.586,0.81,8.56,15,16.11163,2.112819809,3.949739777,20.74907063,12.52795539,0.006038307,0.003284054,0.005339703,
11143000,0.511862914,17.8,2,841,1.045141867,0.163095739,1,1,13.697515,0.363115177,1,78,97.34748011,95.75596817,2.74,120.6,116.26,67.4,72.8,639.5,3.4,0.654,0.98,4,1.47,40.3,10.29,4.14,14.13,31.45,54.42,779,0.492,43.6,-0.447,-0.894,8.68,23.37,18.127121,0.979707657,4.544776119,86.30373134,57.91119403,-0.02982169,-0.041495503,-0.00798715,
11128250,0.038753371,106.5,2,466,1.073597045,0.160133533,1,1,37.41514,,1,39,97.33606557,95.49180328,1.19,73.8,63.62,64.2,39.5,751,0.3,0.688,1.15,4,1.4,24.8,11.06,2.09,25.37,39.2,35.43,511,0.283,19,-0.632,-0.775,10.49,13.31,18.11282,2.221412774,5.613414634,,,0.015336952,-0.005065252,-0.003970342,
11046100,0.020047306,0.2,2,565,1.061146726,0.175177649,1,1,61.385841,1.075061642,1,24,97.3194341,98.95755771,2.11,67.8,40.34,64.9,35,816,0,0.655,0.95,3,1.15,23,11.12,2.52,22.77,32.67,44.56,187.1,0.264,14.1,-0.987,-0.159,12.99,9.03,16.06083,4.915239878,3.734070796,30.20707965,9.995575221,-0.009020446,-0.030167361,-0.006053146,0.750923007
11042900,0.125935659,43.7,2,435,1.007671975,0.072476321,1,1,15.117915,0.970781969,1,38,97.26651481,96.27942293,1.45,227.1,38.42,52.1,30.4,862.2,0.2,0.588,1,3,1.35,24,11.73,2.76,18.12,34.83,47.04,611.1,0.274,8.4,-0.245,-0.97,10.65,8.7,16.576693,2.290242769,3.785468956,,,,,,
11152000,0.593425597,74.9,2,212,1.029893314,0.150784536,1,1,10.954941,1.60170771,1,91,97.25672878,99.01656315,2.07,625.1,80.89,63.9,60.5,663.8,2.9,0.654,1.03,5,2.35,38.3,10.02,3.14,20.17,34.81,45.02,759.1,0.387,34.7,-0.132,0.991,8.78,16.68,17.294107,2.102052119,3.129195329,14.97461206,10.20955047,0.008995308,0.013725339,0.004678276,1.119487192
11152050,0.447783802,77,2,212,1.054039742,0.193374031,1,1,8.868908,1.491041107,1,91,97.24245578,99.01144641,1.67,771.5,74.52,63.7,58.2,676.7,2.4,0.652,1.04,6,2.02,38.4,10.1,2.9,21.11,35.63,43.26,674.8,0.359,31.4,0.227,0.974,9.08,15.41,17.029979,1.729693567,2.523499676,12.12311082,8.239170447,0.008995308,0.013725339,0.004678276,1.119487192
8378500,0.025198788,229.9,1,113,1.023147443,0.223562056,1,1,24.394413,1.433035617,1,22,97.23449373,98.79837427,2.61,445,86.08,49.1,89.7,374.7,32.7,0.115,0.56,4,1.18,68.2,9.97,2.19,24.5,39.65,35.85,3073,0.466,26.5,-0.839,-0.545,13.62,11.27,14.557434,8.108731976,14.05597753,25.41377528,13.96395506,-0.035957506,-0.042651227,-0.010011272,0.93442821
8377900,0.112248689,162.2,1,113,1.109614572,0.375308598,1,1,65.272425,1.140346217,1,22,97.22603916,98.79766403,2.05,139,89.76,48.6,96.1,380.6,31.6,0.11,0.5,3,1.21,65.4,9.68,2.96,22.74,43.83,33.43,3141.5,0.593,24.8,0.023,-1,13.35,11.76,13.047006,25.24947925,36.74589928,66.46402878,35.36093525,-0.03378568,-0.041146736,-0.00861868,0.946858376
11461000,0.09598922,69.2,2,584,1.089502397,0.265115683,1,1,32.301184,1.065652935,1,25.83333333,97.22222222,99.92175274,1.95,259.6,118.6,63.1,81.2,730.9,3,0.607,0.95,4,1.1,36,11.3,1.16,28.24,42.59,29.17,448.3,0.314,20.6,-0.997,0.077,14.78,3.73,15.086673,6.630779176,11.66221109,,,0.168591806,-0.024895358,-0.112839417,0.580309863
13237920,0.034635342,0,1,425,1.08679202,0.244663669,1,1,16.523208,1.145887299,1,44.98861111,97.21847151,98.19065622,1.39,874.8,83.69,62.5,104.6,503.1,59.5,0.33,0.83,4,1.38,70,10,12.3,6,20.88,73.13,1658.2,0.445,29.1,-0.913,-0.407,6.73,5.1,18.310394,5.734983672,6.829526749,,,-0.070814074,-0.108628737,-0.011182635,0.641718065
11152000,0.088787341,121.2,2,956,1.167430301,0.504115054,1,1,10.954941,1.60170771,1,84.875,97.20496894,99.22360248,2.07,625.1,80.89,63.9,60.5,663.8,2.9,0.654,1.03,5,2.35,38.3,10.02,3.14,20.17,34.81,45.02,759.1,0.387,34.7,-0.132,0.991,9.53,13.87,17.294107,2.102052119,3.129195329,14.97461206,10.20955047,0.239470253,0.058363783,-0.063931071,0.893566341
14328000,0.052697064,0,1,82,0.962363374,0.163993479,1,1,7.912191,1.566298837,1,84.5,97.20164609,96.15912209,1.83,811.4,147.44,69,133.7,447.7,46.1,0.425,0.73,4,1.72,75.7,10.51,5.3,12.53,41.24,46.24,1475.5,0.408,15.7,0.192,-0.981,7.99,9.87,18.117595,2.887681573,4.609033769,,,0.345103977,0.114070472,-0.008618435,0.760863878
14400000,0.673058486,186.1,1,645,1.093681077,0.248910709,1,1,74.637963,1.39924243,1,90,97.20121029,83.25769037,2.39,702.6,309.76,70.5,152.8,633.4,7.5,0.474,0.61,4,2.78,43.6,10.25,1.24,28.5,48.99,22.5,671.2,0.431,36.5,-0.474,-0.88,8.79,23.56,12.840941,29.09731652,38.27613151,80.44816396,37.28364646,-0.132597721,-0.179685023,-0.022756979,
11042900,0.067331936,7.8,2,475,0.957456771,0.163861135,1,1,15.117915,0.970781969,1,42.88916667,97.19058466,98.17767654,1.45,227.1,38.42,52.1,30.4,862.2,0.2,0.588,1,3,1.35,24,11.73,2.76,18.12,34.83,47.04,611.1,0.274,8.4,-0.245,-0.97,11.22,8.09,16.576693,2.290242769,3.785468956,,,,,,
11057500,0.02831682,96.8,2,948,1.041830855,0.160372935,1,1,5.10267,0.753186471,1,86.66666667,97.16494845,84.87972509,1.6,329,50.34,46.1,42.4,822.1,3.2,0.566,1.05,4,1.49,23.2,10.74,3.94,14.73,32.5,52.77,880.7,0.238,13.8,-0.199,-0.98,13.43,2.94,19.193511,2.02402941,2.564042553,11.73519757,9.619696049,0.124387617,0.004133387,-0.131043916,1.193373124
11044800,0.095714163,29.1,2,126,1.012968032,0.07073952,1,1,5.29932,0.732504198,1,62.85722222,97.15447154,91.95121951,1.68,85.5,40.9,59,33,853.1,0,0.666,0.86,3,1.19,26.7,10.3,3.33,15.97,31.55,52.47,405.4,0.415,18.9,-0.922,0.386,12.71,10.4,15.319151,2.005988961,2.867368421,,,-0.01646926,-0.029844553,-0.003557036,
11152050,0.057257601,122.1,2,956,1.217190504,0.634713344,1,1,8.868908,1.491041107,1,84.875,97.1383975,99.21956296,1.67,771.5,74.52,63.7,58.2,676.7,2.4,0.652,1.04,6,2.02,38.4,10.1,2.9,21.11,35.63,43.26,674.8,0.359,31.4,0.227,0.974,9.8,12.93,17.029979,1.729693567,2.523499676,12.12311082,8.239170447,0.239470253,0.058363783,-0.063931071,0.893566341
11173200,1.301350588,75.8,2,865,0.961635075,0.159332672,1,1,87.006427,0.955234442,1,48,97.13345865,91.21240602,1.32,199.1,62.25,63.2,58.1,792.3,4.1,0.584,0.96,4,1.42,34.1,10.49,2.12,23.06,45.64,31.3,817,0.536,26.7,0.459,-0.888,8.06,8.66,16.584267,21.85655409,36.6775992,,,-0.033136418,-0.134616752,-0.090553759,0.63793308
11152000,0.539066,112.2,2,862,1.177025607,0.518367323,1,1,14.964649,1.788935464,1,64,97.11891042,99.31901519,2.07,625.1,80.89,63.9,60.5,663.8,2.9,0.654,1.03,5,2.35,38.3,10.02,3.14,20.17,34.81,45.02,759.1,0.387,34.7,-0.132,0.991,8.57,12.76,17.294107,11.17292732,12.15683891,14.97461206,10.20955047,-0.010895146,-0.130627653,-0.118101051,0.66357975
14179000,0.315901404,0.2,1,662,1.010224131,0.100854501,1,1,77.381654,1.177119032,1,115,97.11517287,87.91015195,1.73,272.5,205.35,67.6,161.7,519,44.6,0.425,0.85,4,1.29,71.1,10.13,5.02,13.2,43.79,43.02,1149.5,0.401,34.9,0.483,-0.876,11.81,7.41,13.481528,50.11100534,49.83555963,77.26253211,38.73291743,-0.1573705,-0.40774215,-0.175289699,0.368718803
11042900,0.154614076,0.3,2,501,0.992837127,0.137451336,1,1,15.117915,0.970781969,1,30.75,97.11465452,98.93697798,1.45,227.1,38.42,52.1,30.4,862.2,0.2,0.588,1,3,1.35,24,11.73,2.76,18.12,34.83,47.04,611.1,0.274,8.4,-0.245,-0.97,12.22,7.24,16.576693,2.290242769,3.785468956,,,,,,
11200800,0.058163566,0,2,473,1.090630153,0.245509711,1,1,37.21031,1.51904651,1,23.66666667,97.11209006,90.7978463,2.53,214.7,72.15,53.2,42.8,740.6,18.4,0.594,0.64,3,1.41,65.7,9.77,2.77,17.27,29.31,53.42,1214.9,0.417,30.8,-0.155,-0.988,5.44,9.36,15.133741,23.12020326,27.05533302,40.09669306,23.41741966,-0.253323206,-0.479090627,-0.159625748,0.40057673
11453500,0.701647174,92.4,2,920,1.028953674,0.11825042,1,1,68.402353,0.917637249,1,54.9525,97.10778194,94.46525177,1.47,293.4,112.6,63,63.1,752.4,2,0.624,0.62,3,1.5,36.4,10.72,0.99,28.71,44.41,26.88,554.7,0.243,19.3,-0.169,0.986,9.9,16.96,17.47691,38.71637619,46.98312883,,,0.098622258,-0.053867392,-0.128054236,0.478776431
11451715,0.453480335,153.5,2,530,0.938603817,0.144853635,1,1,11.690112,0.296371599,1,40,97.10227273,95.51136364,0.9,247.9,70.02,59.6,55.5,854.4,1,0.615,0.96,4,1.19,43.2,10.66,0.49,37.34,42.78,19.88,560.5,0.34,18.2,-0.265,0.964,7.28,15.2,18.827651,1.945488238,3.78987495,23.98777733,10.34183138,-0.028831435,-0.039762042,-0.011139522,0.691053957
8377900,0.050522096,61,1,94,0.984956784,0.285968606,1,1,65.272425,1.140346217,1,11.95,97.09721745,97.8014428,2.05,139,89.76,48.6,96.1,380.6,31.6,0.11,0.5,3,1.21,65.4,9.68,2.96,22.74,43.83,33.43,3141.5,0.593,24.8,0.023,-1,13.35,11.76,13.047006,25.24947925,36.74589928,66.46402878,35.36093525,-0.03378568,-0.041146736,-0.00861868,0.946858376
11077500,0.032456156,6.6,2,704,1.107469382,0.367042887,1,1,11.126418,1.048190759,1,46.5,97.09302326,91.77740864,1.28,240.8,51.01,60.8,37.1,825.6,0,0.654,1.13,5,1.61,20.2,10.37,1.7,25.4,46.19,28.41,553.2,0.308,25.4,-0.221,-0.975,15.6,3.86,17.754193,2.324327314,4.497757475,,,-0.025541878,-0.032130577,-0.095557387,0.773881984
11123500,0.003403066,0,1,831,1.038174913,0.192937771,1,1,47.106742,1.207876628,1,65,97.08963912,85.62281723,1.89,718.1,79.99,52.6,34.3,660.8,3.8,0.712,1.27,5,1.39,25.8,9.92,1.14,22.63,41.55,35.82,934.1,0.378,31.2,-0.578,-0.816,15.62,2.42,18.753658,43.16949878,44.25628743,16.02817156,5.57082579,-0.041739968,-0.117735286,-0.025034786,0.578338332
10258500,0.002345078,8.4,2,926,1.002928153,0.28949612,1,1,34.911598,1.024974947,1,51.93333333,97.0773639,92.83667622,2,241.5,37.78,41.9,27.9,813.4,5.1,0.464,0.98,4,2.22,43.9,9.87,5.3,11.18,26.56,62.26,1195.3,0.44,22.7,0.863,0.506,7.76,8.36,22.326342,14.07063824,14.53863354,,,-0.03430361,-0.072449092,-0.013696117,
11173510,0.391740869,79,2,865,0.983511147,0.139481372,1,1,77.737397,1.168928262,1,48.5,97.07656613,93.31786543,1.34,360.7,62.25,63.9,58.9,792.6,3.7,0.583,1.01,4,1.32,32.1,10.44,2.07,24.39,45.37,30.25,741.8,0.517,25.7,-0.113,-0.994,8.33,8.8,16.911694,17.24073271,29.29254228,,,-0.023534009,-0.127473949,-0.082824696,0.654213136
11162500,0.08692716,41.9,2,846,1.037640635,0.107461498,1,1,22.750724,1.087061052,1,49,97.06422018,98.94495413,1.88,118.9,92.36,68.6,71.5,669.9,1,0.604,1.01,3,2.02,35.8,10.37,2.8,19.69,37.08,43.23,346.3,0.407,26.7,0.507,-0.862,10.08,13.2,15.086714,0.682512861,7.404373423,,,0.06537559,-0.072736527,-0.070542539,0.994619154
11138500,0.115380649,5.5,2,877,1.039548487,0.207181406,1,1,5.562678,0.956816384,1,82.985,97.0545977,88.07471264,2,728.9,69.82,57.6,39.6,665.2,7.1,0.686,1.16,5,1.44,28.2,9.8,1.39,21.86,41.68,36.45,994.2,0.424,34.2,0.199,-0.98,8.21,17.01,16.60856,2.132233872,2.931760187,,,0.003977115,-0.021846194,-0.005142232,
11027000,0.033814759,23.8,2,98,1.084400077,0.204500385,1,1,50.900245,0.591991427,1,44.9475,97.05102717,91.18621604,1.62,58.2,51.93,53.2,38.8,797.9,0.2,0.625,1,3,1.16,28.6,11.16,2.59,16.4,30.84,52.76,653.6,0.433,13,-0.467,-0.884,9.92,11.16,15.624757,10.30581508,11.12010309,,,-0.00933244,-0.026663326,0.000626046,0.906814577
11453500,1.380131304,0,2,515,0.998260198,0.03835117,1,1,68.402353,0.917637249,1,47.66666667,97.04535997,93.92426134,1.47,293.4,112.6,63,63.1,752.4,2,0.624,0.62,3,1.5,36.4,10.72,0.99,28.71,44.41,26.88,554.7,0.243,19.3,-0.169,0.986,8.43,19.97,17.47691,38.71637619,46.98312883,,,-0.106642653,-0.150364536,-0.029878285,0.389033416
11173510,0.03603388,13.9,2,483,1.150620659,0.277754321,1,1,77.737397,1.168928262,1,58,97.03016241,84.45475638,1.34,360.7,62.25,63.9,58.9,792.6,3.7,0.583,1.01,4,1.32,32.1,10.44,2.07,24.39,45.37,30.25,741.8,0.517,25.7,-0.113,-0.994,8.33,8.8,16.911694,17.24073271,29.29254228,,,-0.03302541,-0.141543883,-0.082939116,0.666629687
11173575,0.026230163,13.9,2,483,1.141465232,0.285970614,1,1,73.616074,0.93656286,1,58,97.02740362,84.44031584,1.33,385.4,62.15,64.2,58.9,791.9,3.5,0.584,1.05,4,1.31,31.9,10.49,2.02,24.69,45.37,29.94,718.4,0.514,25.8,-0.023,-1,8.39,8.83,17.382289,15.79414913,27.71761806,,,-0.032382521,-0.140382283,-0.082930973,0.668678281
11143000,0.335763287,56.6,2,489,1.031917228,0.09236577,1,1,29.9711,1.327452654,1,57,97.00729927,93.57664234,2.74,120.6,116.26,67.4,72.8,639.5,3.4,0.654,0.98,4,1.47,40.3,10.29,4.14,14.13,31.45,54.42,779,0.492,43.6,-0.447,-0.894,8.33,25.11,18.127121,15.90995837,20.11791045,86.30373134,57.91119403,-0.136880481,-0.207611445,-0.024214942,
11028500,0.001887143,0.9,2,778,1.110470033,0.216802068,1,1,59.833561,1.393602004,1,18,97.00561447,98.87710543,1.75,146.3,47.31,53.2,40,817.6,0.1,0.607,0.82,3,1.39,26.8,11.3,2.46,16.66,32,51.34,561.3,0.27,8.7,-0.125,-0.992,11.06,4.92,15.589059,13.30200551,18.34757348,,,0.008513387,-0.004570397,-0.010924288,0.927810373
11101250,1.646743003,42.5,2,499,1.114396986,0.235407119,1,1,9.043463,1.218738623,1,37,97,98.71428571,3.16,237.3,62.69,59.1,33.7,843.8,0.3,0.655,0.85,3,1.36,34,10.8,2.61,18.95,41.98,39.07,471.3,0.228,19.6,-0.987,-0.161,12.98,12.65,13.411358,0,3.349683944,19.49397387,12.38921197,-0.042418249,-0.066936498,-0.019972415,
11123500,0.209783431,240,2,407,1.005544882,0.128740901,1,1,11.243107,1.233641415,1,26.5,96.99570815,98.42632332,1.89,718.1,79.99,52.6,34.3,660.8,3.8,0.712,1.27,5,1.39,25.8,9.92,1.14,22.63,41.55,35.82,934.1,0.378,31.2,-0.578,-0.816,8.31,17.22,18.753658,7.582963909,7.580629439,16.02817156,5.57082579,0.091631876,-0.223591681,-0.115236239,0.553130696
11113000,0.771088788,130.7,2,125,1.095270479,0.221334084,1,1,12.550943,0.240796008,1,44,96.99306091,99.15188897,1.41,650,68.34,45.4,34.7,663.4,7.7,0.69,1.22,4,1.67,44.6,9.91,2,22.07,41.65,36.28,1251.5,0.512,32.7,-1,0.016,7.03,17.46,16.054577,8.618055904,10.59078462,14.98787692,8.055507692,-0.003564655,-0.007694585,0.00085488,1.626622216
8380500,0.052745616,132.2,1,112,1.275180102,0.824819529,1,1,99.368957,1.001978058,1,8.964444444,96.98429693,99.08993576,2.1,198.1,68.57,50.8,80.7,464.5,19.2,0.221,0.66,4,1.18,58,10.64,1.87,31.03,41.4,27.57,2652.5,0.381,25,-0.636,0.772,16.47,10.22,17.995738,30.00276242,42.76158506,96.58440182,48.47415447,0.009804609,0.004280286,0.019648497,1.00779206
11014000,0.008566695,47.8,2,755,1.007282981,0.072568397,1,1,7.06468,1.142409136,1,37.5,96.98307579,92.93598234,2.91,181.8,44.33,55.8,42.1,846.3,0,0.609,1.26,5,1.39,33.8,10.3,3.01,18.77,38.69,42.55,490.9,0.343,19.4,-0.048,-0.999,11.77,8.75,16.12831,6.01277364,6.221287129,,,-0.031159249,-0.061151788,-0.024314305,
8294195,0.007205298,76.5,1,782,0.990841237,0.195692294,1,1,17.374893,0.678045527,1,10.92333333,96.97148244,98.13810983,2.27,78.6,73.93,49.1,74.6,399.9,36.7,0.115,0.4,2,1.21,73.1,9.46,3.82,21.29,50.78,27.93,2909.1,0.463,34.2,0.36,-0.933,14.07,10.23,13.3997,7.408677581,8.567175573,6.818708651,2.85470229,-0.073493588,-0.117281151,-0.017968705,0.709969796
11149900,0.080410811,2.1,2,922,1.032714541,0.140604619,1,1,21.73561,1.616261858,1,93.85722222,96.93121693,82.01058201,1.56,556.4,63.26,62,54,737.5,1.5,0.659,1.13,4,1.35,33.5,10.91,2.31,24.37,37.78,37.85,533.4,0.186,19.5,-0.995,-0.102,8.45,9.76,16.227347,8.848335816,13.12359813,28.84609993,15.65149173,-0.018115559,-0.040637275,-0.022927574,0.784858977
11152050,0.357860005,112.2,2,862,1.199335836,0.596078821,1,1,12.095121,1.606303196,1,64,96.91653376,99.30887826,1.67,771.5,74.52,63.7,58.2,676.7,2.4,0.652,1.04,6,2.02,38.4,10.1,2.9,21.11,35.63,43.26,674.8,0.359,31.4,0.227,0.974,8.75,11.74,17.029979,9.186214151,9.799792612,12.12311082,8.239170447,-0.010895146,-0.130627653,-0.118101051,0.66357975
11372000,0.045890625,0,1,296,0.985590691,0.152236273,1,1,91.657499,0.929124384,1,43.94472222,96.88811189,99.26573427,1.46,589.9,149.15,61.6,92.2,773.2,13.3,0.544,0.71,4,1.55,62,10.11,2.48,20.64,39.59,39.77,857.8,0.39,33.5,-0.806,0.592,14.62,6.38,14.264321,51.50065731,67.58848957,,,0.208107421,0.058257862,0.006654826,0.705512305
11274630,0.011937187,23.4,2,610,1.088457143,0.230123136,1,1,13.905464,1.291954055,1,54.75,96.88542825,89.93325918,1.77,187.4,43.32,61.7,49.1,799,2.1,0.604,1.08,4,1.42,30.9,10.3,1.62,26.46,42.13,31.41,559.2,0.472,26.1,-0.722,0.692,10.16,8.15,18.975462,4.696483564,5.048932764,,,-0.041494034,-0.069598546,-0.019274809,0.736767118
11176400,1.078815643,78.4,2,865,0.955879135,0.1047974,1,1,74.095967,1.41581736,1,48,96.88090737,93.95085066,1.46,338.6,57.45,62.2,56.1,798.4,4,0.599,1.02,5,1.51,31.3,10.82,2.16,22.41,45.93,31.66,753.8,0.52,23.4,-0.069,-0.998,7.92,7.81,17.721231,21.07161609,32.61317188,,,-0.03497482,-0.126304897,-0.086885329,0.674537193
11143000,0.246539477,136.1,2,957,1.119456734,0.344704361,1,1,86.219962,1.022908078,1,70.5,96.88090737,99.66918715,2.74,120.6,116.26,67.4,72.8,639.5,3.4,0.654,0.98,4,1.47,40.3,10.29,4.14,14.13,31.45,54.42,779,0.492,43.6,-0.447,-0.894,9.44,19.35,18.127121,14.47744466,22.15223881,86.30373134,57.91119403,0.261123308,0.099905718,-0.020401351,0.780523961
11148900,0.708797723,82.7,2,151,1.102983444,0.316868331,1,1,10.274829,1.729434032,1,77,96.86975964,89.82671884,1.48,403.5,69.16,62.7,52.5,745.3,1.5,0.653,0.99,5,1.22,31.2,11.37,2.86,22.94,36.87,40.19,551.8,0.337,21.3,-0.586,0.81,9.43,14.72,16.11163,2.112819809,3.949739777,20.74907063,12.52795539,0.006038307,0.003284054,0.005339703,
9361000,0.012585253,27.7,1,784,1.033612738,0.166060317,1,1,43.599514,0.591947759,1,37.5,96.84970466,93.2618683,2.08,436.5,85.38,49.5,108.6,401.4,45.1,0.12,0.54,4,1.3,62.2,10.02,1.23,23.43,44.06,32.51,2924.2,0.497,33.4,-0.916,0.4,13.57,6.29,10.527019,14.8159509,13.19154639,42.72953036,13.19221077,0.197596159,-0.079090577,-0.03381068,0.661908379
11057500,0.042087918,0,2,474,1.084691194,0.273732651,1,1,11.248274,1.350759162,1,39,96.84633028,88.70412844,1.6,329,50.34,46.1,42.4,822.1,3.2,0.566,1.05,4,1.49,23.2,10.74,3.94,14.73,32.5,52.77,880.7,0.238,13.8,-0.199,-0.98,9.81,5.41,19.193511,6.522506043,7.626474164,11.73519757,9.619696049,-0.17479477,-0.361559937,-0.105857091,0.402129986
11113000,1.942969489,46,2,893,1.181912699,0.373126769,1,1,12.550943,0.240796008,1,75.5,96.83885891,85.58211257,1.41,650,68.34,45.4,34.7,663.4,7.7,0.69,1.22,4,1.67,44.6,9.91,2,22.07,41.65,36.28,1251.5,0.512,32.7,-1,0.016,10.45,3.09,16.054577,8.618055904,10.59078462,14.98787692,8.055507692,-0.025422236,-0.026393799,-0.019054104,1.216620088
11463200,0.711445679,9.5,2,44,1.018490815,0.096941616,1,1,26.99712,1.422792662,1,32.8,96.83741648,99.77728285,2.22,220.9,130.76,61.7,78,793.4,1.1,0.617,0.65,4,1.29,31.1,10.07,1.12,28.01,43.94,28.05,641.5,0.429,28.1,-0.469,-0.883,7.95,18.09,12.856578,8.36721598,13.11946582,,,0.231294047,0.156152215,0.036997093,1.070844877
11042900,0.225686676,40.8,2,441,1.011730872,0.07355324,1,1,15.117915,0.970781969,1,32.5,96.81093394,93.24221716,1.45,227.1,38.42,52.1,30.4,862.2,0.2,0.588,1,3,1.35,24,11.73,2.76,18.12,34.83,47.04,611.1,0.274,8.4,-0.245,-0.97,10.65,8.7,16.576693,2.290242769,3.785468956,,,,,,
11073300,0.701146139,0,1,367,1.054157281,0.217117128,1,1,30.521869,0.844669747,1,36,96.79618269,93.38786639,0.81,83.6,90.33,49.8,53.3,682.5,5.3,0.643,1.21,3,1.12,50,9.57,6.38,11.96,34.18,53.86,1477.5,0.443,40.8,-0.829,-0.56,14.25,3.33,20.142177,17.99244488,18.93767943,,,-0.094432774,-0.154988647,-0.020724766,0.607662358
11073360,0.753402918,0,1,367,1.142984781,0.314622039,1,1,20.134001,,1,36,96.78522572,93.36525308,0.95,132.3,74.76,53,45.8,744.3,3.4,0.65,0.9,3,1.12,44.1,10.29,6.95,11.8,32.18,56.02,1050.4,0.295,27.1,-0.86,-0.509,16.03,2.66,14.250404,16.06905269,12.00204082,,,-0.092496442,-0.15177602,-0.020368538,0.608914885
11118500,0.775403963,214.6,2,407,1.119349368,0.294267937,1,1,82.190611,1.092289043,1,26.88916667,96.77619343,98.32610043,2.11,485.7,69.88,51.4,33.4,711.7,1.4,0.702,1.2,6,1.39,38.3,10.32,1.3,23.76,41.87,34.37,702.1,0.36,29.1,-0.979,-0.203,9.39,15.31,16.615606,33.83108468,42.24663372,80.03368334,50.47848466,0.124952005,-0.160521487,-0.114735616,0.588751203
11022480,0.035336636,0,1,1093,1.074174004,0.182486949,1,1,18.106704,1.206871256,1,75,96.75840979,92.29357798,1.63,953.6,51.86,51.9,43.3,807.8,2.2,0.585,0.84,5,1.19,31,10.52,3.4,17.08,31.75,51.17,640.4,0.294,18.5,0.017,-1,17.82,2.22,15.3664,5.172206094,4.374381292,,,0.039978733,0.071939763,-0.007222953,1.333102535
13310700,0.058419415,0,1,94,1.111296609,0.290228896,1,1,41.922359,1.133538529,1,47.98861111,96.75,98.77272727,1.58,853.1,99.75,62.5,123.4,436.6,66.6,0.305,0.86,5,1.41,68.8,9.9,12.31,5.96,23.99,70.05,1943.6,0.492,32.1,0.998,0.07,3.9,6.33,16.387158,22.38671005,21.4991443,,,-0.043559185,-0.056567658,-0.002514274,0.716790316
10260500,0.268409719,0,1,367,1.045124179,0.308516528,1,1,11.670864,0.93362125,1,52,96.73469388,96.80272109,1.66,349.2,58.83,40,50.2,614.2,29.5,0.571,1.07,4,1.96,33.1,10.18,7.95,11.93,24.18,63.89,1783.4,0.526,18.9,0.47,-0.882,12.18,2.42,21.118823,4.82989193,5.76185567,,,-0.096872121,-0.159618578,-0.019322471,0.648942303
11461000,1.101694457,176.7,2,505,1.039561244,0.123304539,1,1,32.301184,1.065652935,1,16.91666667,96.73317684,96.28325509,1.95,259.6,118.6,63.1,81.2,730.9,3,0.607,0.95,4,1.1,36,11.3,1.16,28.24,42.59,29.17,448.3,0.314,20.6,-0.997,0.077,8.13,21.77,15.086673,6.630779176,11.66221109,,,0.168591806,-0.024895358,-0.112839417,0.580309863
11043000,0.32347948,79.6,2,435,0.963875619,0.258903252,1,1,15.431556,1.785573251,1,38,96.72754947,95.89041096,1.41,572.5,37.11,54,29.9,879.2,0.1,0.614,1.02,5,1.08,23.8,12.19,2.65,18.48,35.38,46.14,520.6,0.207,8.3,-0.454,-0.891,11.03,9.09,16.167722,1.382765683,3.507877729,,,0.003075695,0.016354704,-0.015242001,
9342500,0.02173722,27.3,1,821,1.035615265,0.276341849,1,1,10.452957,1.515753581,1,40.66666667,96.72371088,99.36951137,2,726.9,99.32,50.6,102.4,399.5,54.9,0.122,0.66,4,1.3,63.2,9.73,5.26,19.93,41.58,38.49,2968.1,0.436,31.2,-0.871,-0.491,9.26,7.87,11.980939,3.405147869,4.768551383,,,-0.025874019,-0.126403499,-0.011865462,0.768926331
11124500,0.007023754,0,2,582,1.069495862,0.201730389,1,1,71.062545,1.035623791,1,75.90916667,96.71848014,91.94012666,2.37,191.5,83.1,54.6,38.1,636.9,4.5,0.711,1.17,4,1.85,23.3,9.72,1.35,23.93,41.12,34.95,1023.6,0.444,33.5,-0.78,-0.626,7.9,21.39,17.185694,68.62677395,63.6551436,,,-0.09435575,-0.192078714,-0.024127768,0.395823123
11274538,0.033601339,44.8,2,173,1.143551401,0.382655623,1,1,20.054364,1.350921136,1,36.66666667,96.69861555,93.23748669,1.27,469.4,42.12,61.9,44.8,864.4,1.3,0.619,0.06,4,1.31,29.8,10.95,1.77,24.47,43.22,32.31,405.1,0.34,20.9,-0.28,0.96,9.82,8.8,18.511698,5.650655605,7.274584576,,,-0.019154762,-0.045495344,0.000196474,0.856351492
11022480,0.046323657,8.6,2,421,0.948849984,0.218526405,1,1,18.106704,1.206871256,1,97,96.69724771,88.13455657,1.63,953.6,51.86,51.9,43.3,807.8,2.2,0.585,0.84,5,1.19,31,10.52,3.4,17.08,31.75,51.17,640.4,0.294,18.5,0.017,-1,10.6,5.73,15.3664,5.172206094,4.374381292,,,0.00258652,0.008179256,-0.005844803,0.958418601
11101250,0.557267379,97.6,2,493,1.023933978,0.217430222,1,1,9.043463,1.218738623,1,43.5,96.67857143,89.85714286,3.16,237.3,62.69,59.1,33.7,843.8,0.3,0.655,0.85,3,1.36,34,10.8,2.61,18.95,41.98,39.07,471.3,0.228,19.6,-0.987,-0.161,12.98,12.65,13.411358,0,3.349683944,19.49397387,12.38921197,-0.042418249,-0.066936498,-0.019972415,
11044800,0.16625782,17.5,2,899,1.014010661,0.08822605,1,1,5.29932,0.732504198,1,45.83333333,96.66666667,85.04065041,1.68,85.5,40.9,59,33,853.1,0,0.666,0.86,3,1.19,26.7,10.3,3.33,15.97,31.55,52.47,405.4,0.415,18.9,-0.922,0.386,12.79,9.41,15.319151,2.005988961,2.867368421,,,-0.034260791,-0.085538764,-0.020799185,
11451715,0.011285606,6,1,853,1.107236531,0.317466197,1,1,11.655139,0.944331954,1,43,96.66136725,98.7281399,0.9,247.9,70.02,59.6,55.5,854.4,1,0.615,0.96,4,1.19,43.2,10.66,0.49,37.34,42.78,19.88,560.5,0.34,18.2,-0.265,0.964,17.68,3.6,18.827651,2.304121352,5.157482856,23.98777733,10.34183138,-0.020201164,-0.037042487,-0.012948582,0.829864732
11113000,0.527128494,260.3,2,407,1.081354855,0.197738205,1,1,18.928716,1.316921813,1,27.9375,96.65856622,98.29890644,1.41,650,68.34,45.4,34.7,663.4,7.7,0.69,1.22,4,1.67,44.6,9.91,2,22.07,41.65,36.28,1251.5,0.512,32.7,-1,0.016,6.44,14.64,16.054577,6.141831074,9.616984615,14.98787692,8.055507692,0.164198315,-0.115015669,-0.082551455,0.693251489
11043000,0.245330003,9.1,2,475,0.965777064,0.152051935,1,1,15.431556,1.785573251,1,42.90916667,96.65144597,97.94520548,1.41,572.5,37.11,54,29.9,879.2,0.1,0.614,1.02,5,1.08,23.8,12.19,2.65,18.48,35.38,46.14,520.6,0.207,8.3,-0.454,-0.891,11.66,7.87,16.167722,1.382765683,3.507877729,,,0.003075695,0.016354704,-0.015242001,
9513780,0.12953948,47.8,2,191,0.98261074,0.078207788,1,1,17.300814,0.890020873,1,41.8,96.63887441,91.45388223,2.34,177.5,52.71,40,52.6,949,0.8,0.196,0.87,3,1.36,22.1,10.1,3.45,30.93,30.45,38.62,1208.9,0.467,22.5,-0.241,-0.97,10.41,6.71,18.230644,1.899924102,1.168225352,16.69070423,2.558647887,0.086675247,0.036335539,-0.064603922,1.158136717
11148900,0.863189306,63.5,2,873,1.014200109,0.172616489,1,1,6.063932,1.901817314,1,49.5,96.6367713,74.4955157,1.48,403.5,69.16,62.7,52.5,745.3,1.5,0.653,0.99,5,1.22,31.2,11.37,2.86,22.94,36.87,40.19,551.8,0.337,21.3,-0.586,0.81,9.43,14.72,16.11163,1.860832125,3.682081784,20.74907063,12.52795539,-0.028729434,-0.048945195,-0.013939367,0.763799659
11077500,0.054446377,0.8,2,779,1.0649513,0.22456185,1,1,11.075228,0.62641764,1,49.5,96.60944206,94.50643777,1.28,240.8,51.01,60.8,37.1,825.6,0,0.654,1.13,5,1.61,20.2,10.37,1.7,25.4,46.19,28.41,553.2,0.308,25.4,-0.221,-0.975,15.6,3.86,17.754193,2.800140695,1.788413621,,,0.182826607,0.004510949,-0.111629493,1.107408824
11161000,0.187006823,72.3,2,846,0.988194244,0.115631302,1,1,18.338121,1.199590247,1,49.75,96.59879685,98.4729292,2.09,298.3,118.15,67.1,68.5,703.5,0.6,0.632,0.9,4,1.4,42,10.85,3,18.27,35.92,45.81,350.3,0.355,24.6,-0.996,0.09,9.89,16.79,15.746177,2.25540185,6.709420047,,,0.042935389,-0.110037503,-0.093250322,0.602883283
11118500,0.150416709,129.4,2,828,1.079890622,0.189506755,1,1,82.190611,1.092289043,1,103.9666667,96.59020459,90.51456913,2.11,485.7,69.88,51.4,33.4,711.7,1.4,0.702,1.2,6,1.39,38.3,10.32,1.3,23.76,41.87,34.37,702.1,0.36,29.1,-0.979,-0.203,10.63,13.74,16.615606,33.83108468,42.24663372,80.03368334,50.47848466,0.252358865,0.015863939,-0.088528978,0.913104719
11128250,0.120480778,19.9,2,525,1.05690073,0.135441902,1,1,37.41514,,1,38.5,96.58469945,89.3442623,1.19,73.8,63.62,64.2,39.5,751,0.3,0.688,1.15,4,1.4,24.8,11.06,2.09,25.37,39.2,35.43,511,0.283,19,-0.632,-0.775,11.66,13.59,18.11282,2.221412774,5.613414634,,,0.015336952,-0.005065252,-0.003970342,
11152000,0.096941281,67.2,2,489,1.052436702,0.204942646,1,1,7.156277,1.825105706,1,59,96.58302189,93.16604378,2.07,625.1,80.89,63.9,60.5,663.8,2.9,0.654,1.03,5,2.35,38.3,10.02,3.14,20.17,34.81,45.02,759.1,0.387,34.7,-0.132,0.991,8.25,16.63,17.294107,3.419893111,4.751959686,14.97461206,10.20955047,-0.144762853,-0.216354713,-0.026505137,
8294195,0.008466225,99.3,1,673,1.001204465,0.055453063,1,1,6.622959,0.594145955,1,21.5,96.57626208,94.97851772,2.27,78.6,73.93,49.1,74.6,399.9,36.7,0.115,0.4,2,1.21,73.1,9.46,3.82,21.29,50.78,27.93,2909.1,0.463,34.2,0.36,-0.933,13.07,4.42,13.3997,0.743431314,2.016412214,6.818708651,2.85470229,-0.028225705,-0.226721244,-0.093833455,0.691626384
11152050,0.035015225,68.4,2,489,1.076787138,0.257275519,1,1,5.778692,1.628838967,1,59,96.56468062,93.12936125,1.67,771.5,74.52,63.7,58.2,676.7,2.4,0.652,1.04,6,2.02,38.4,10.1,2.9,21.11,35.63,43.26,674.8,0.359,31.4,0.227,0.974,8.44,15.13,17.029979,2.814091554,3.832378483,12.12311082,8.239170447,-0.144762853,-0.216354713,-0.026505137,
8380500,0.098487072,93.6,1,94,1.08968262,0.364532558,1,1,99.368957,1.001978058,1,10.90916667,96.55603141,95.94932191,2.1,198.1,68.57,50.8,80.7,464.5,19.2,0.221,0.66,4,1.18,58,10.64,1.87,31.03,41.4,27.57,2652.5,0.381,25,-0.636,0.772,16.47,10.22,17.995738,30.00276242,42.76158506,96.58440182,48.47415447,0.009804609,0.004280286,0.019648497,1.00779206
11022480,0.032070224,185.1,2,436,1.033853672,0.163252117,1,1,79.360851,1.036983012,1,46.94138889,96.55261794,89.21721099,1.63,953.6,51.86,51.9,43.3,807.8,2.2,0.585,0.84,5,1.19,31,10.52,3.4,17.08,31.75,51.17,640.4,0.294,18.5,0.017,-1,10.15,9.92,15.3664,57.24252031,58.6542156,,,-0.06719382,-0.136575236,-0.023271114,0.762980732
11453500,1.997812447,219.1,2,485,0.992770341,0.056875221,1,1,68.402353,0.917637249,1,42,96.54598419,94.13233458,1.47,293.4,112.6,63,63.1,752.4,2,0.624,0.62,3,1.5,36.4,10.72,0.99,28.71,44.41,26.88,554.7,0.243,19.3,-0.169,0.986,7.16,23.78,17.47691,38.71637619,46.98312883,,,-0.106642653,-0.150364536,-0.029878285,0.389033416
11073495,1.011897887,0,1,371,1.18622292,0.484330532,1,1,26.085866,1.717892731,1,36,96.53937947,94.2124105,2.67,208.2,61.85,53.7,37.7,823.2,0.2,0.66,0.75,4,1.15,47.4,10.92,8.04,10,27.26,62.74,638.5,0.176,13.5,-0.99,-0.14,18,2.08,10.502607,21.64413972,15.30172911,,,-0.100140609,-0.156993692,-0.019652861,0.478553645
11113500,0.953945143,133.4,2,407,1.058567975,0.168396794,1,1,85.14101,0.938475197,1,27.91666667,96.53061224,98.23129252,2.67,103.3,67.78,49.9,39.1,708.5,2.6,0.693,1.18,4,1.59,40.1,9.58,1.4,23.56,44.22,32.23,996,0.437,34.4,-0.944,-0.329,8.24,15.01,15.259699,30.60330822,37.52207164,84.35972894,53.69332043,0.13520071,-0.143701071,-0.106993406,0.625855641
11143000,0.396811158,4.6,2,253,0.999477743,0.028333646,1,1,99.985297,0.997222043,1,72.96888889,96.52908068,76.92307692,2.74,120.6,116.26,67.4,72.8,639.5,3.4,0.654,0.98,4,1.47,40.3,10.29,4.14,14.13,31.45,54.42,779,0.492,43.6,-0.447,-0.894,9.44,19.35,18.127121,33.21126627,44.52462687,86.30373134,57.91119403,-0.174384752,-0.24477222,-0.020714274,0.306190458
11055800,0.422229018,43.4,2,799,1.077728881,0.21311175,1,1,84.009376,1.028498129,1,35,96.52307692,98.33846154,2.27,50.5,78.15,44,42.4,729.1,7.1,0.609,1.21,3,1.35,32.7,9.72,5.91,13.16,30.59,56.25,1197,0.48,34.4,-0.802,-0.597,6.33,15.75,21.01686,69.21590056,59.36613861,,,-0.06861585,-0.100423765,-0.020662158,0.809620196
7103700,0.00674159,119.3,1,386,0.966949398,0.186378282,1,1,10.334753,0.918584336,1,27.96166667,96.5046986,94.63671785,2.23,264.2,59.97,52.8,94.9,393.5,27.6,0.361,0.86,4,1.42,49.5,10.03,9,11.62,33.61,54.77,2775.2,0.373,26.9,0.329,0.944,15.24,9.63,15.226314,5.396997417,6.578652536,9.350870553,5.675132475,,,,0.397808237
10258500,0.003400363,3.1,2,579,1.043866132,0.310348545,1,1,34.911598,1.024974947,1,29.83333333,96.50429799,91.40401146,2,241.5,37.78,41.9,27.9,813.4,5.1,0.464,0.98,4,2.22,43.9,9.87,5.3,11.18,26.56,62.26,1195.3,0.44,22.7,0.863,0.506,7.76,8.36,22.326342,14.07063824,14.53863354,,,-0.03407223,-0.088554207,-0.01303173,
11451715,0.001416412,0,1,478,1.01132613,0.192087742,1,1,11.655139,0.944331954,1,46,96.50238474,97.45627981,0.9,247.9,70.02,59.6,55.5,854.4,1,0.615,0.96,4,1.19,43.2,10.66,0.49,37.34,42.78,19.88,560.5,0.34,18.2,-0.265,0.964,17.68,3.6,18.827651,2.304121352,5.157482856,23.98777733,10.34183138,-0.053507114,-0.11941711,-0.015162012,0.608025122
11143000,0.300543362,0,2,63,1.001682518,0.118081069,1,1,13.697515,0.363115177,1,60,96.49867374,96.49867374,2.74,120.6,116.26,67.4,72.8,639.5,3.4,0.654,0.98,4,1.47,40.3,10.29,4.14,14.13,31.45,54.42,779,0.492,43.6,-0.447,-0.894,8.75,17.47,18.127121,0.979707657,4.544776119,86.30373134,57.91119403,0.014848658,0.011437441,0.000869751,
11466170,0.824221722,27.8,2,454,1.034672374,0.100951567,1,1,22.469984,1.304360211,1,14.9525,96.49859944,97.99253035,1.63,56,106,64.2,74.7,734.4,0.9,0.619,0.66,2,1.24,27,11.09,1.2,26.85,43.61,29.55,220.7,0.248,12.2,0.779,-0.627,8.29,21.98,16.615901,0.386782233,1.523571429,,,0.264541567,0.141533693,-0.032432584,0.840366825
9510200,0.043943337,0.3,2,559,1.096526875,0.227911044,1,1,51.64207,0.937840864,1,32.8,96.49262654,86.64806696,1.74,425.3,61.33,36.1,50,956.2,2.1,0.215,1.04,5,1.39,30.1,10.19,4.14,15.96,29.86,54.17,1161.3,0.383,21.4,-0.57,-0.822,7.77,5.8,17.785195,13.07368334,14.52337174,51.02477531,24.56769952,0.021089831,-0.083028358,-0.053698101,0.855361738
11172945,0.102733813,11,2,483,1.082450761,0.18105897,1,1,98.034239,1.017024877,1,42.8,96.48493544,81.68340507,1.9,87.1,62.38,62.8,59.5,791,4.1,0.574,1.07,3,1.31,29.5,10.31,2.21,25.08,45.14,29.79,814.2,0.599,26.7,-0.303,-0.953,8.19,8.49,17.898739,16.30612818,27.85556831,,,-0.006291511,-0.101135562,-0.073177418,0.72189765
11456000,0.861642283,54.4,2,491,0.98946148,0.058389025,1,1,8.882523,2.160787162,1,39.66666667,96.47597254,99.81693364,1.79,212.3,104.44,64,69.8,743.7,1.5,0.624,0.68,4,1.39,28.5,10.89,2.14,24.23,44.57,31.21,305.3,0.209,20.9,-0.876,0.483,9.41,19.91,16.071526,1.060217481,3.36895902,,,0.151115828,-0.041238275,-0.085423292,0.601416408
11059300,0.136794785,134.4,2,484,1.061916475,0.260484733,1,1,10.204954,0.671506587,1,84.5,96.46756583,91.32947977,1.38,946,67.84,42.5,47.8,641.9,27.6,0.57,1.05,5,1.86,28.1,10.09,7.16,11.69,29.16,59.16,1661,0.43,26,0.124,-0.992,4.77,15.02,19.036583,5.853874082,5.295634249,5.803953488,2.260084567,-0.084515517,-0.142665696,-0.020310006,0.682674413
9484000,0.241389284,57.5,2,565,1.077374174,0.229199494,1,1,85.517068,1.046778775,1,71.9,96.46637609,79.32752179,2.39,103.7,75.97,43.3,71.1,767.1,3.1,0.167,0.8,3,1.52,9.5,9.14,1.65,18.36,43.38,38.26,1878.8,0.534,35.6,-0.977,-0.213,4.8,7.13,17.656755,21.59321881,31.624108,59.10578592,25.9246866,-0.075001263,-0.13012394,-0.017316944,0.572519765
11118500,0.351555331,1.2,2,34,1.131754029,0.32019089,1,1,82.190611,1.092289043,1,34.90916667,96.46621203,96.83818971,2.11,485.7,69.88,51.4,33.4,711.7,1.4,0.702,1.2,6,1.39,38.3,10.32,1.3,23.76,41.87,34.37,702.1,0.36,29.1,-0.979,-0.203,9.39,15.31,16.615606,33.83108468,42.24663372,80.03368334,50.47848466,0.331314345,0.123299966,-0.014966023,1.109881426
11466170,0.672524473,30.7,2,464,1.037171026,0.109246206,1,1,22.469984,1.304360211,1,20.98222222,96.4519141,99.15966387,1.63,56,106,64.2,74.7,734.4,0.9,0.619,0.66,2,1.24,27,11.09,1.2,26.85,43.61,29.55,220.7,0.248,12.2,0.779,-0.627,8.29,21.98,16.615901,0.386782233,1.523571429,,,0.264541567,0.141533693,-0.032432584,0.840366825
11478500,0.154347446,0,1,434,0.979375248,0.052790109,1,1,12.895813,1.546514251,1,123.9,96.440247,90.77370142,1.44,572.4,186.88,62.5,90.6,614.2,24.9,0.537,0.86,6,1.67,36.7,10.37,1.41,23.84,42.24,33.92,923,0.484,25.8,0.884,-0.467,13.6,11.98,14.61381,1.95071882,5.137264151,8.748707198,1.959399022,-0.086162704,-0.125107951,-0.015183729,0.585520602
11065000,0.047518217,1.5,2,841,1.040743893,0.267860443,1,1,33.742927,1.953161117,1,42.96166667,96.43782383,94.88341969,1.55,364.7,81.4,47.7,43.6,701.5,4.2,0.649,1.11,5,1.12,49.6,10,6.62,10.83,28.51,60.66,1250.1,0.343,27.3,-0.675,0.738,7.23,10.24,19.024359,9.084707504,11.94332328,33.44313134,17.52322457,0.084418299,-0.035580624,-0.099919284,0.745010548
11101250,0.576360051,17.7,2,792,1.220395321,0.378417884,1,1,19.467814,0.2812935,1,47.66666667,96.4332893,92.8665786,3.16,237.3,62.69,59.1,33.7,843.8,0.3,0.655,0.85,3,1.36,34,10.8,2.61,18.95,41.98,39.07,471.3,0.228,19.6,-0.987,-0.161,14.86,4.6,13.411358,15.93946448,13.65322377,19.49397387,12.38921197,-0.040271181,-0.19425095,-0.101413102,0.55475962
7103970,0.035426408,167.2,1,758,1.00312092,0.327199691,1,1,5.2619,1.070175745,1,10,96.42676768,98.73737374,2.41,466,56.93,51.8,81.4,505.6,18.5,0.31,0.66,3,1.89,50.7,11.24,7.39,13.91,32.09,54,2352.6,0.431,10.8,-0.999,0.044,18.24,7.78,12.548144,0.854179079,1.403690987,,,-0.022841551,-0.078864281,-0.013511153,0.737907065
11124500,0.025285515,212.7,2,466,1.056462517,0.173954186,1,1,10.349061,0.625957006,1,39,96.42365887,94.77303989,2.37,191.5,83.1,54.6,38.1,636.9,4.5,0.711,1.17,4,1.85,23.3,9.72,1.35,23.93,41.12,34.95,1023.6,0.444,33.5,-0.78,-0.626,7.6,19.21,17.185694,6.08393386,7.478694517,,,-0.039576332,-0.11144761,-0.016184922,
14096850,0.11490007,31.8,1,605,1.225054289,0.477852884,1,1,12.847491,0.829376028,1,87.92861111,96.4015833,78.26556315,1.76,374.6,63.23,63.5,98.2,572.8,37.1,0.399,0.75,4,1.18,80.4,11.21,2.4,21.23,40.29,38.48,942.7,0.253,10.6,-0.847,0.531,5.94,4.02,16.908903,1.827171922,2.088788041,,,0.087349021,-0.036028167,-0.127932333,0.745379826
11057500,0.022291965,5.9,2,793,1.072205196,0.275531946,1,1,11.248274,1.350759162,1,45.5,96.38761468,89.96559633,1.6,329,50.34,46.1,42.4,822.1,3.2,0.566,1.05,4,1.49,23.2,10.74,3.94,14.73,32.5,52.77,880.7,0.238,13.8,-0.199,-0.98,12.8,3.44,19.193511,6.522506043,7.626474164,11.73519757,9.619696049,-0.110660722,-0.244874442,-0.100588062,0.506879596
11025500,0.022951631,0.1,2,778,1.023728093,0.133890421,1,1,57.038453,0.63853309,1,18,96.37931034,98.27586207,1.59,288.7,61.83,49,43.1,760.7,1.6,0.57,0.88,4,1.39,32.2,10.45,3.04,16.47,31.29,52.24,891.8,0.428,20.2,-0.631,-0.776,9.34,6.58,16.426629,35.29497486,34.52483547,,,0.004601165,-0.01412555,-0.015278874,0.884453394
7104905,0.199394722,299.6,1,752,1.163315213,0.747803961,1,1,5.351106,0.612912952,1,16,96.37506042,99.32334461,2.32,613.5,54.77,51.4,80.5,521.8,16.6,0.322,0.71,3,1.84,50.4,11.26,7.38,13.5,29.69,56.81,2279.5,0.411,10.1,-1,0.006,18.71,7.64,13.421778,3.217745165,3.097555012,4.981222494,2.570904645,-0.064060833,-0.128927104,-0.023282184,0.56043363
9510200,0.022304572,62,1,405,1.110411064,0.293083857,1,1,51.64207,0.937840864,1,20.96666667,96.37305699,94.61937027,1.74,425.3,61.33,36.1,50,956.2,2.1,0.215,1.04,5,1.39,30.1,10.19,4.14,15.96,29.86,54.17,1161.3,0.383,21.4,-0.57,-0.822,27.56,4.68,17.785195,13.07368334,14.52337174,51.02477531,24.56769952,-0.052821781,-0.210129636,-0.058818677,0.567500373
11022480,0.05374732,0.2,2,496,0.990516128,0.144417443,1,1,79.360851,1.036983012,1,47.90916667,96.37117678,93.62363919,1.63,953.6,51.86,51.9,43.3,807.8,2.2,0.585,0.84,5,1.19,31,10.52,3.4,17.08,31.75,51.17,640.4,0.294,18.5,0.017,-1,11.62,11.2,15.3664,57.24252031,58.6542156,,,-0.06719382,-0.136575236,-0.023271114,0.762980732
11148900,0.700376364,40.7,2,537,1.00956435,0.186780824,1,1,10.274829,1.729434032,1,88,96.3666853,75.12576859,1.48,403.5,69.16,62.7,52.5,745.3,1.5,0.653,0.99,5,1.22,31.2,11.37,2.86,22.94,36.87,40.19,551.8,0.337,21.3,-0.586,0.81,10.3,11.45,16.11163,2.112819809,3.949739777,20.74907063,12.52795539,-0.089672211,-0.151613332,-0.019478339,
11114495,1.355471267,181.4,2,407,1.039853634,0.136578794,1,1,99.929207,1.004411539,1,26.88916667,96.33995037,98.2630273,2.46,124.3,88.3,49.7,35.9,606.1,3.8,0.706,1.05,4,1.37,38.6,9.71,1.12,21.93,42.54,35.53,1162,0.521,38.3,-0.875,0.484,6.78,18.37,13.969926,72.44200871,74.63990346,91.62960579,77.48479485,0.109225139,-0.198628136,-0.101844596,0.531856898
11451715,0.003278309,74.4,2,143,1.095007447,0.256817475,1,1,11.690112,0.296371599,1,78,96.33522727,99.48863636,0.9,247.9,70.02,59.6,55.5,854.4,1,0.615,0.96,4,1.19,43.2,10.66,0.49,37.34,42.78,19.88,560.5,0.34,18.2,-0.265,0.964,7.69,10.4,18.827651,1.945488238,3.78987495,23.98777733,10.34183138,-0.03605718,-0.06584007,0.002251203,0.654581878
8294195,0.008286092,29.6,1,372,1.026206263,0.248164076,1,1,17.374893,0.678045527,1,8.5,96.33514023,97.92599576,2.27,78.6,73.93,49.1,74.6,399.9,36.7,0.115,0.4,2,1.21,73.1,9.46,3.82,21.29,50.78,27.93,2909.1,0.463,34.2,0.36,-0.933,13.07,4.42,13.3997,7.408677581,8.567175573,6.818708651,2.85470229,-0.039297524,-0.049703246,-0.002356364,0.726785306
8294195,0.01549139,81,1,423,0.933488681,0.425511502,1,1,17.374893,0.678045527,1,11,96.33514023,99.67004478,2.27,78.6,73.93,49.1,74.6,399.9,36.7,0.115,0.4,2,1.21,73.1,9.46,3.82,21.29,50.78,27.93,2909.1,0.463,34.2,0.36,-0.933,14.07,10.23,13.3997,7.408677581,8.567175573,6.818708651,2.85470229,-0.039297524,-0.049703246,-0.002356364,0.726785306
9484000,0.215175064,19.1,1,421,1.066476854,0.264094823,1,1,85.517068,1.046778775,1,75,96.29514321,96.57534247,2.39,103.7,75.97,43.3,71.1,767.1,3.1,0.167,0.8,3,1.52,9.5,9.14,1.65,18.36,43.38,38.26,1878.8,0.534,35.6,-0.977,-0.213,21.03,13.39,17.656755,21.59321881,31.624108,59.10578592,25.9246866,-0.074892772,-0.116415733,-0.009778556,0.427145513
11274500,0.284959372,65.3,2,865,1.102060746,0.259114557,1,1,91.144936,0.968114006,1,58,96.28700452,93.02558956,1.48,347.8,45.32,61.6,45.7,861,1.4,0.624,1.05,4,1.63,30.1,10.73,1.77,24.88,42.82,32.31,475.6,0.378,24.4,-0.349,0.937,8.71,5.88,18.273952,28.95967613,36.63890167,,,-0.021923601,-0.068777694,-0.074957301,0.708413297
11169800,0.04854598,24.7,2,829,1.012771845,0.108571063,1,1,19.710195,1.254471196,1,76.66666667,96.278826,85.8490566,1.22,282.9,60.85,63.3,56.7,817.9,1.8,0.626,0.99,4,1.41,31.7,10.98,2.22,23.01,45.71,31.28,604,0.421,25.6,-0.968,-0.251,8.67,8.1,15.108,8.512952968,12.39353128,,,-0.05197041,-0.089555726,-0.018581726,0.693486301
11027000,0.008271236,6.1,2,866,0.993339492,0.056410779,1,1,70.526293,1.115871643,1,52.5,96.26769627,75.41827542,1.62,58.2,51.93,53.2,38.8,797.9,0.2,0.625,1,3,1.16,28.6,11.16,2.59,16.4,30.84,52.76,653.6,0.433,13,-0.467,-0.884,11.4,11.03,15.624757,49.6480909,49.63608247,,,-0.025618471,-0.03325335,-0.013415509,1.239786878
7104905,0.096004866,134.7,1,412,0.765635195,0.781147632,1,1,5.351106,0.612912952,1,10.5,96.26631223,99.68583857,2.32,613.5,54.77,51.4,80.5,521.8,16.6,0.322,0.71,3,1.84,50.4,11.26,7.38,13.5,29.69,56.81,2279.5,0.411,10.1,-1,0.006,17.56,8.62,13.421778,3.217745165,3.097555012,4.981222494,2.570904645,,,,0.544737842
9430600,0.008413291,66.3,1,396,1.01932854,0.077463354,1,1,51.133435,1.205781063,1,49.66666667,96.24200426,94.29637527,1.85,190.5,67.41,44.7,72,593.8,14,0.222,0.58,3,1.32,53.1,9.96,2.05,31.86,33.61,34.53,2371.3,0.444,40.6,-0.973,-0.231,18.21,2.4,15.895541,11.52470622,12.07322835,91.38944882,35.34944882,-0.06560322,-0.150798354,-0.047865587,0.617887885
11458500,0.79641056,42.7,2,454,1.002404052,0.04101822,1,1,63.695385,1.042728974,1,15.95666667,96.23331898,96.98665519,2.59,150.4,107.96,63.9,77.4,739.6,1.4,0.626,0.64,3,1.77,23.2,10.42,1.81,24.93,43.89,31.18,301.1,0.336,17.6,-0.861,-0.509,8.12,22.19,19.519202,10.35774737,23.62679521,,,0.19127005,-0.008569863,-0.068260773,0.620423687
11027000,0.209213618,60.8,2,77,1.084424616,0.201342324,1,1,50.900245,0.591991427,1,41,96.22266402,87.27634195,1.62,58.2,51.93,53.2,38.8,797.9,0.2,0.625,1,3,1.16,28.6,11.16,2.59,16.4,30.84,52.76,653.6,0.433,13,-0.467,-0.884,9.92,11.16,15.624757,10.30581508,11.12010309,,,-0.00933244,-0.026663326,0.000626046,0.906814577
11124500,0.007777884,0.5,1,832,1.061630043,0.178753466,1,1,71.062545,1.035623791,1,43,96.20034542,85.89522165,2.37,191.5,83.1,54.6,38.1,636.9,4.5,0.711,1.17,4,1.85,23.3,9.72,1.35,23.93,41.12,34.95,1023.6,0.444,33.5,-0.78,-0.626,15.28,2.54,17.185694,68.62677395,63.6551436,,,-0.043692357,-0.109650374,-0.026983016,0.583171137
11152050,0.055789457,6.2,2,909,1.08576348,0.278161143,1,1,31.232187,1.394009406,1,93.8,96.17866005,79.70223325,1.67,771.5,74.52,63.7,58.2,676.7,2.4,0.652,1.04,6,2.02,38.4,10.1,2.9,21.11,35.63,43.26,674.8,0.359,31.4,0.227,0.974,8.75,11.74,17.029979,12.27500159,18.24777706,12.12311082,8.239170447,-0.040209457,-0.070277138,-0.018460304,0.651840956
11022480,0.027467553,51.8,2,77,1.155747764,0.366891238,1,1,18.106704,1.206871256,1,41,96.14678899,89.29663609,1.63,953.6,51.86,51.9,43.3,807.8,2.2,0.585,0.84,5,1.19,31,10.52,3.4,17.08,31.75,51.17,640.4,0.294,18.5,0.017,-1,10.15,9.92,15.3664,5.172206094,4.374381292,,,-0.002651266,0.004306109,-0.002820247,0.966853157
11143000,0.885194121,405.8,2,475,1.062474736,0.206786619,1,1,13.697515,0.363115177,1,47.5,96.12732095,95.0132626,2.74,120.6,116.26,67.4,72.8,639.5,3.4,0.654,0.98,4,1.47,40.3,10.29,4.14,14.13,31.45,54.42,779,0.492,43.6,-0.447,-0.894,8.68,23.37,18.127121,0.979707657,4.544776119,86.30373134,57.91119403,-0.06088307,-0.108076154,-0.019716675,
11458500,1.154136343,45.9,2,464,1.012303605,0.058283227,1,1,63.695385,1.042728974,1,21.98527778,96.12569953,98.92380542,2.59,150.4,107.96,63.9,77.4,739.6,1.4,0.626,0.64,3,1.77,23.2,10.42,1.81,24.93,43.89,31.18,301.1,0.336,17.6,-0.861,-0.509,8.12,22.19,19.519202,10.35774737,23.62679521,,,0.19127005,-0.008569863,-0.068260773,0.620423687
13313000,0.037544102,0,1,94,1.087279577,0.208290214,1,1,67.907053,1.093125598,1,47.98722222,96.10347086,98.23182711,2.37,561.9,111.97,63.9,127.1,412.2,72.3,0.331,0.76,4,1.26,70.8,10.51,12.33,5.96,24.01,70.04,2180.4,0.559,25,0.842,-0.539,2.78,6.82,16.262621,22.36864148,29.52989856,13.92731803,7.197579641,-0.047968396,-0.058560431,0.000389738,0.750534669
11143000,1.159909539,61.7,2,212,1.008785082,0.122843218,1,1,86.219962,1.022908078,1,57.5,96.07750473,99.38563327,2.74,120.6,116.26,67.4,72.8,639.5,3.4,0.654,0.98,4,1.47,40.3,10.29,4.14,14.13,31.45,54.42,779,0.492,43.6,-0.447,-0.894,8.68,23.37,18.127121,14.47744466,22.15223881,86.30373134,57.91119403,-0.031238989,-0.040315131,0.002169895,1.009060924
11113000,0.207801894,3.3,2,886,1.056813971,0.179026867,1,1,12.550943,0.240796008,1,40,96.06784888,97.14726291,1.41,650,68.34,45.4,34.7,663.4,7.7,0.69,1.22,4,1.67,44.6,9.91,2,22.07,41.65,36.28,1251.5,0.512,32.7,-1,0.016,8.13,13.21,16.054577,8.618055904,10.59078462,14.98787692,8.055507692,-0.025422236,-0.026393799,-0.019054104,1.216620088
10321590,0.000540669,9.9,1,801,1.025765283,0.11147703,1,1,10.934387,0.579158788,1,36.66666667,96.05776737,87.97814208,1.45,476.6,31.03,52.6,69.9,545.9,39,0.172,1.1,4,1.34,63.8,11.2,2.06,27.06,43.56,29.38,1821.7,0.301,12.2,-0.936,0.351,8.07,2.33,21.107389,4.108979966,3.921023919,,,0.02983174,0.041453002,0.00478053,
11057500,0.039247629,18.6,2,817,1.040334597,0.147484092,1,1,5.10267,0.753186471,1,24,96.04810997,95.79037801,1.6,329,50.34,46.1,42.4,822.1,3.2,0.566,1.05,4,1.49,23.2,10.74,3.94,14.73,32.5,52.77,880.7,0.238,13.8,-0.199,-0.98,12.8,3.44,19.193511,2.02402941,2.564042553,11.73519757,9.619696049,0.124387617,0.004133387,-0.131043916,1.193373124
7103700,0.155410253,91.7,1,412,0.928266417,0.363545779,1,1,10.334753,0.918584336,1,9.75,96.04629842,99.58743983,2.23,264.2,59.97,52.8,94.9,393.5,27.6,0.361,0.86,4,1.42,49.5,10.03,9,11.62,33.61,54.77,2775.2,0.373,26.9,0.329,0.944,14.17,10.32,15.226314,5.396997417,6.578652536,9.350870553,5.675132475,,,,0.397808237
11160500,0.265919375,0,2,493,0.965550083,0.107854276,1,1,19.295537,0.992160412,1,64.9775,96.04300091,87.28270814,2.46,275.8,118.78,67,68.2,703.2,0.7,0.632,0.89,4,1.34,42.1,10.75,3,18.37,36.19,45.44,364.3,0.323,25.1,-0.998,-0.056,9.9,16.89,15.363053,2.493591322,7.196736766,,,-0.022487058,-0.187511714,-0.163053542,0.533704057
11129800,0.027885262,17,2,525,1.066834283,0.129849569,1,1,19.694249,2.110868413,1,38.5,96.03340292,86.91718859,0.98,85.3,58.44,66.4,39.6,749.9,0.1,0.68,0.97,3,1.28,24.6,11.29,2.31,24.04,39.55,36.41,443.7,0.254,20,-0.839,-0.544,11.75,12.6,15.248683,0.276776534,1.44021102,,,0.026378043,0.019077106,0.000568816,
11077500,0.066323449,10.1,2,375,1.078396286,0.269684932,1,1,11.126418,1.048190759,1,31,96.01328904,95.0166113,1.28,240.8,51.01,60.8,37.1,825.6,0,0.654,1.13,5,1.61,20.2,10.37,1.7,25.4,46.19,28.41,553.2,0.308,25.4,-0.221,-0.975,12.94,6.47,17.754193,2.324327314,4.497757475,,,-0.055828124,-0.094919846,-0.082280639,0.664035711
11025500,0.004217607,4.8,2,879,1.000300665,0.13425954,1,1,7.499671,0.63456728,1,27,96.00532623,95.20639148,1.59,288.7,61.83,49,43.1,760.7,1.6,0.57,0.88,4,1.39,32.2,10.45,3.04,16.47,31.29,52.24,891.8,0.428,20.2,-0.631,-0.776,12.27,5.34,16.426629,5.200985221,3.255836508,,,0.005724847,-0.008200152,-0.023048129,
11461500,0.918190976,0.2,2,212,1.023237634,0.103509732,1,1,23.026463,1.979605621,1,48,95.99659284,93.56899489,2.19,238.7,114.45,62.5,77.8,761.6,2,0.595,1.06,4,1.35,37.3,11.11,0.92,28.71,43.04,28.25,497.3,0.27,20.9,-0.276,-0.961,8.11,20.37,16.250428,5.04689448,7.209426058,23.12739841,8.386175115,0.247462344,0.074943405,0.002092771,0.783055803
11274630,0.022514441,30.1,2,537,1.046602166,0.145797788,1,1,13.905464,1.291954055,1,66.75,95.99555061,82.42491657,1.77,187.4,43.32,61.7,49.1,799,2.1,0.604,1.08,4,1.42,30.9,10.3,1.62,26.46,42.13,31.41,559.2,0.472,26.1,-0.722,0.692,7.89,8.15,18.975462,4.696483564,5.048932764,,,-0.041494034,-0.069598546,-0.019274809,0.736767118
11113000,0.005097028,0,1,724,0.844889688,0.378973637,1,1,12.550943,0.240796008,1,84,95.99074788,96.37625289,1.41,650,68.34,45.4,34.7,663.4,7.7,0.69,1.22,4,1.67,44.6,9.91,2,22.07,41.65,36.28,1251.5,0.512,32.7,-1,0.016,14.72,2.17,16.054577,8.618055904,10.59078462,14.98787692,8.055507692,-0.025422236,-0.026393799,-0.019054104,1.216620088
7103970,0.140368785,52.9,1,396,0.820614825,0.868478207,1,1,5.2619,1.070175745,1,11.99083333,95.97222222,94.34343434,2.41,466,56.93,51.8,81.4,505.6,18.5,0.31,0.66,3,1.89,50.7,11.24,7.39,13.91,32.09,54,2352.6,0.431,10.8,-0.999,0.044,18.24,7.78,12.548144,0.854179079,1.403690987,,,-0.045625292,-0.111324372,-0.010237437,0.616935612
10260950,0.013454937,0,2,519,1.018789992,0.105762097,1,1,10.926878,0.653202168,1,36,95.97211464,95.35243997,2.1,175.1,66.31,43.9,49,724,6.7,0.611,0.97,4,1.24,39.2,10.29,5.47,13.39,28.27,58.34,1271.7,0.362,20.2,0.925,0.379,6.25,13.76,18.304836,7.69524916,7.127527127,10.63038264,5.662649914,0.042976842,-0.190861365,-0.11174412,0.534681546
11451715,0.288993765,130.1,2,571,1.009537866,0.087658714,1,1,11.690112,0.296371599,1,67.66666667,95.96590909,88.35227273,0.9,247.9,70.02,59.6,55.5,854.4,1,0.615,0.96,4,1.19,43.2,10.66,0.49,37.34,42.78,19.88,560.5,0.34,18.2,-0.265,0.964,8.75,13.34,18.827651,1.945488238,3.78987495,23.98777733,10.34183138,-0.028831435,-0.039762042,-0.011139522,0.691053957
11372000,0.051842966,0,1,853,1.01576486,0.127243234,1,1,6.341896,0.624858698,1,61.9,95.96178897,97.04732957,1.46,589.9,149.15,61.6,92.2,773.2,13.3,0.544,0.71,4,1.55,62,10.11,2.48,20.64,39.59,39.77,857.8,0.39,33.5,-0.806,0.592,14.22,7.61,14.264321,1.867578044,3.624563485,,,-0.101866292,-0.146039188,-0.019165427,0.556108781
11046250,0.047151757,4,2,479,1.059671418,0.163622561,1,1,14.830853,1.562492382,1,48,95.95310136,90.46898638,2.14,109.9,44.67,63.3,35,819.1,0,0.651,0.91,3,1.21,21.3,10.53,2.35,22.35,34.44,43.22,322.5,0.333,18.1,-0.472,-0.882,13.06,10.26,15.647458,5.815160593,5.688262056,,,-0.07217237,-0.131841652,-0.01744988,1.040754556
11065000,0.13354793,0,2,860,0.964192397,0.309209242,1,1,24.135281,0.744402096,1,21.66666667,95.95166163,94.32024169,1.55,364.7,81.4,47.7,43.6,701.5,4.2,0.649,1.11,5,1.12,49.6,10,6.62,10.83,28.51,60.66,1250.1,0.343,27.3,-0.675,0.738,7.67,19.01,19.024359,10.41161438,14.07153825,33.44313134,17.52322457,-0.06041197,-0.08610189,-0.015125256,0.79787982
9508300,0.316661212,0,2,303,1.054583529,0.151788986,1,1,83.630661,1.091927993,1,19.66666667,95.9478506,96.05355884,1.24,93,61.67,39.9,60.5,779.9,8.4,0.144,0.7,3,1.58,36,10.05,2.68,22.26,37.89,39.84,1496.5,0.503,27.8,0.203,-0.979,11.42,3,16.736963,25.49898573,26.68935484,,,-0.07765983,-0.144763968,-0.009734719,0.3593483
11204100,0.089349741,0,2,473,1.092174883,0.218553918,1,1,45.981764,1.33889849,1,23.92861111,95.933366,90.44585987,2.9,249.1,79.83,55.9,53.1,703.2,25.2,0.595,0.74,4,1.36,65.9,9.43,2.64,18.72,31.31,49.98,1348.7,0.417,34.4,0.119,-0.993,5.19,10.48,17.505672,14.70255814,23.47442794,48.9626656,16.38281815,-0.176420369,-0.332865736,-0.145271664,0.486976376
11161000,0.243963215,0,2,493,0.982270255,0.108808144,1,1,18.338121,1.199590247,1,64.9775,95.9278112,87.04303563,2.09,298.3,118.15,67.1,68.5,703.5,0.6,0.632,0.9,4,1.4,42,10.85,3,18.27,35.92,45.81,350.3,0.355,24.6,-0.996,0.09,9.89,16.79,15.746177,2.25540185,6.709420047,,,-0.020278057,-0.183563427,-0.161039514,0.536703619
11015000,0.026922613,0,1,496,0.987874154,0.10058567,1,1,81.490142,1.480326105,1,24,95.90766002,95.17313746,1.44,117.8,76.11,45.5,48.7,677.6,11.1,0.564,0.71,3,1.32,40,10.19,5.47,12.93,24.7,62.37,1330.9,0.351,17.6,-0.501,-0.865,7.93,16.06,15.126983,64.84675838,71.42852292,,,-0.09802169,-0.192878786,-0.023272728,0.608571175
11461500,0.882602179,143.4,2,214,1.013028341,0.057388634,1,1,23.026463,1.979605621,1,43.9,95.89011925,94.67632027,2.19,238.7,114.45,62.5,77.8,761.6,2,0.595,1.06,4,1.35,37.3,11.11,0.92,28.71,43.04,28.25,497.3,0.27,20.9,-0.276,-0.961,8.11,20.37,16.250428,5.04689448,7.209426058,23.12739841,8.386175115,0.247462344,0.074943405,0.002092771,0.783055803
11149900,0.158276977,190.6,2,132,1.162324846,0.361505792,1,1,8.664033,1.715767974,1,73,95.88014981,80.57784912,1.56,556.4,63.26,62,54,737.5,1.5,0.659,1.13,4,1.35,33.5,10.91,2.31,24.37,37.78,37.85,533.4,0.186,19.5,-0.995,-0.102,8.3,13.77,16.227347,1.544994989,3.774209202,28.84609993,15.65149173,0.015682926,0.015878051,0.003511839,
9510200,0.419459124,0,2,874,1.033210892,0.13782873,1,1,38.424484,0.967102488,1,39.875,95.87542088,83.29124579,1.74,425.3,61.33,36.1,50,956.2,2.1,0.215,1.04,5,1.39,30.1,10.19,4.14,15.96,29.86,54.17,1161.3,0.383,21.4,-0.57,-0.822,7.77,5.8,17.785195,16.38612732,18.54300494,51.02477531,24.56769952,-0.018953429,-0.046296014,-0.012013773,0.868715379
11149900,0.154714473,72,2,984,1.009648417,0.148468965,1,1,21.73561,1.616261858,1,49.66666667,95.87301587,73.54497354,1.56,556.4,63.26,62,54,737.5,1.5,0.659,1.13,4,1.35,33.5,10.91,2.31,24.37,37.78,37.85,533.4,0.186,19.5,-0.995,-0.102,9.33,13.34,16.227347,8.848335816,13.12359813,28.84609993,15.65149173,-0.018115559,-0.040637275,-0.022927574,0.784858977
11149900,0.246830655,87.1,2,863,1.259644186,0.620742036,1,1,28.802865,1.62219344,1,44.5,95.86135541,99.06880497,1.56,556.4,63.26,62,54,737.5,1.5,0.659,1.13,4,1.35,33.5,10.91,2.31,24.37,37.78,37.85,533.4,0.186,19.5,-0.995,-0.102,8.45,9.76,16.227347,15.62239126,19.76732566,28.84609993,15.65149173,-0.010138407,-0.106039938,-0.106604941,0.675502193
11148900,0.507386885,51.5,2,826,1.040843827,0.189071607,1,1,6.063932,1.901817314,1,39.5,95.85201794,83.91255605,1.48,403.5,69.16,62.7,52.5,745.3,1.5,0.653,0.99,5,1.22,31.2,11.37,2.86,22.94,36.87,40.19,551.8,0.337,21.3,-0.586,0.81,8.56,15,16.11163,1.860832125,3.682081784,20.74907063,12.52795539,-0.028729434,-0.048945195,-0.013939367,0.763799659
11453500,0.148629525,60.2,2,99,1.04343702,0.170826443,1,1,68.402353,0.917637249,1,56.8,95.83853516,95.67207657,1.47,293.4,112.6,63,63.1,752.4,2,0.624,0.62,3,1.5,36.4,10.72,0.99,28.71,44.41,26.88,554.7,0.243,19.3,-0.169,0.986,7.46,18.15,17.47691,38.71637619,46.98312883,,,-0.005397959,-0.024779725,-0.001144985,0.927361723
11148900,0.284922649,0,2,114,1.161358652,0.43035882,1,1,21.611762,1.082710122,1,38,95.83333333,88.07692308,1.48,403.5,69.16,62.7,52.5,745.3,1.5,0.653,0.99,5,1.22,31.2,11.37,2.86,22.94,36.87,40.19,551.8,0.337,21.3,-0.586,0.81,8.75,10.52,16.11163,3.551364882,3.720446097,20.74907063,12.52795539,0.011650047,0.018126958,0.004527401,1.04596501
11152050,0.21765229,4.9,2,1000,1.065966931,0.235389725,1,1,31.232187,1.394009406,1,81,95.83126551,85.95533499,1.67,771.5,74.52,63.7,58.2,676.7,2.4,0.652,1.04,6,2.02,38.4,10.1,2.9,21.11,35.63,43.26,674.8,0.359,31.4,0.227,0.974,9.8,12.93,17.029979,12.27500159,18.24777706,12.12311082,8.239170447,-0.040209457,-0.070277138,-0.018460304,0.651840956
11047300,0.49185041,0,2,608,1.132041638,0.288539058,1,1,11.921157,1.8590446,1,42,95.82375479,96.7816092,1.1,139.9,46.85,61.6,36.6,812.1,0,0.652,1.08,3,1.27,23.9,11.46,2.26,24.89,42.68,32.43,423.2,0.234,19.1,-0.597,-0.802,14.87,2.27,13.66011,4.902997679,7.699857041,11.53209435,10.94796283,0.064649032,-0.160446952,-0.110397484,0.541141138
11113000,0.109782133,0.3,2,316,1.191880931,0.39573829,1,1,12.968352,1.380960091,1,56.5,95.81331503,94.02882636,1.41,650,68.34,45.4,34.7,663.4,7.7,0.69,1.22,4,1.67,44.6,9.91,2,22.07,41.65,36.28,1251.5,0.512,32.7,-1,0.016,10.45,3.09,16.054577,9.342552197,9.277615385,14.98787692,8.055507692,-0.140479958,-0.290401385,-0.017833839,
9484000,0.06198571,30.9,2,260,1.032361065,0.162148582,1,1,85.517068,1.046778775,1,54,95.81257783,66.00249066,2.39,103.7,75.97,43.3,71.1,767.1,3.1,0.167,0.8,3,1.52,9.5,9.14,1.65,18.36,43.38,38.26,1878.8,0.534,35.6,-0.977,-0.213,7.6,7.3,17.656755,21.59321881,31.624108,59.10578592,25.9246866,-0.074892772,-0.116415733,-0.009778556,0.427145513
11148900,0.306677827,178.5,2,132,1.126977604,0.34464536,1,1,10.274829,1.729434032,1,72.66666667,95.80771381,80.54779206,1.48,403.5,69.16,62.7,52.5,745.3,1.5,0.653,0.99,5,1.22,31.2,11.37,2.86,22.94,36.87,40.19,551.8,0.337,21.3,-0.586,0.81,8.56,15,16.11163,2.112819809,3.949739777,20.74907063,12.52795539,0.006038307,0.003284054,0.005339703,
11461000,0.230155971,0,2,453,1.015834748,0.062504342,1,1,32.301184,1.065652935,1,36.66666667,95.7942097,95.97026604,1.95,259.6,118.6,63.1,81.2,730.9,3,0.607,0.95,4,1.1,36,11.3,1.16,28.24,42.59,29.17,448.3,0.314,20.6,-0.997,0.077,6.98,23.46,15.086673,6.630779176,11.66221109,,,0.168591806,-0.024895358,-0.112839417,0.580309863
11057500,0.038645143,0.4,2,946,0.998344921,0.136557551,1,1,5.10267,0.753186471,1,36,95.79037801,96.30584192,1.6,329,50.34,46.1,42.4,822.1,3.2,0.566,1.05,4,1.49,23.2,10.74,3.94,14.73,32.5,52.77,880.7,0.238,13.8,-0.199,-0.98,13.43,2.94,19.193511,2.02402941,2.564042553,11.73519757,9.619696049,0.124387617,0.004133387,-0.131043916,1.193373124
11073300,0.319411019,0,2,856,1.079625062,0.246337757,1,1,30.521869,0.844669747,1,22,95.7736878,92.0927062,0.81,83.6,90.33,49.8,53.3,682.5,5.3,0.643,1.21,3,1.12,50,9.57,6.38,11.96,34.18,53.86,1477.5,0.443,40.8,-0.829,-0.56,6.54,20.46,20.142177,17.99244488,18.93767943,,,-0.040385227,-0.049763671,-0.021835675,0.961353526
11451715,0.056085351,0,1,658,1.146142374,0.411217596,1,1,11.655139,0.944331954,1,86.8,95.76046635,88.92421834,0.9,247.9,70.02,59.6,55.5,854.4,1,0.615,0.96,4,1.19,43.2,10.66,0.49,37.34,42.78,19.88,560.5,0.34,18.2,-0.265,0.964,13.19,3.31,18.827651,2.304121352,5.157482856,23.98777733,10.34183138,-0.053507114,-0.11941711,-0.015162012,0.608025122
7103700,0.027545128,33.9,1,1083,1.077798449,0.301720572,1,1,10.334753,0.918584336,1,13.88916667,95.7597983,97.04331882,2.23,264.2,59.97,52.8,94.9,393.5,27.6,0.361,0.86,4,1.42,49.5,10.03,9,11.62,33.61,54.77,2775.2,0.373,26.9,0.329,0.944,12.27,5.93,15.226314,5.396997417,6.578652536,9.350870553,5.675132475,-0.033790108,-0.087202289,-0.017240366,0.648685697
11073360,0.395964602,0,2,856,1.143001894,0.297487829,1,1,20.134001,,1,23,95.75923393,92.06566347,0.95,132.3,74.76,53,45.8,744.3,3.4,0.65,0.9,3,1.12,44.1,10.29,6.95,11.8,32.18,56.02,1050.4,0.295,27.1,-0.86,-0.509,8.84,17.06,14.250404,16.06905269,12.00204082,,,-0.03889716,-0.047009512,-0.021770958,0.962903443
11466320,0.214435296,11.4,2,441,1.061456914,0.186525669,1,1,24.946189,1.516647465,1,50.90916667,95.75429088,74.66124661,1.27,199.4,102.63,64.2,72,732.8,1,0.622,0.67,4,1.3,28.7,12.14,1.14,27.37,43.92,28.71,204.1,0.243,12.2,-0.118,-0.993,8.61,15.5,16.638396,13.68925187,13.95090271,,,-0.164623234,-0.334630793,-0.174980231,0.362440977
11042900,0.026434019,1.5,2,626,0.946832942,0.13394826,1,1,6.890085,1.723145088,1,35.75,95.73333333,87.73333333,1.45,227.1,38.42,52.1,30.4,862.2,0.2,0.588,1,3,1.35,24,11.73,2.76,18.12,34.83,47.04,611.1,0.274,8.4,-0.245,-0.97,14.75,2.16,16.576693,1.886222907,1.07675033,,,,,,
11113500,0.279604611,0,2,852,1.061995991,0.183062508,1,1,85.14101,0.938475197,1,31,95.71428571,95.37414966,2.67,103.3,67.78,49.9,39.1,708.5,2.6,0.693,1.18,4,1.59,40.1,9.58,1.4,23.56,44.22,32.23,996,0.437,34.4,-0.944,-0.329,11.81,2.95,15.259699,30.60330822,37.52207164,84.35972894,53.69332043,0.244986512,0.024449276,-0.077576051,0.956848087
11172945,0.438894453,0,2,493,1.088344491,0.18950109,1,1,98.034239,1.017024877,1,47.91666667,95.69583931,97.41750359,1.9,87.1,62.38,62.8,59.5,791,4.1,0.574,1.07,3,1.31,29.5,10.31,2.21,25.08,45.14,29.79,814.2,0.599,26.7,-0.303,-0.953,8.19,8.49,17.898739,16.30612818,27.85556831,,,-0.006291511,-0.101135562,-0.073177418,0.72189765
11028500,0.006290476,0,2,473,1.000634965,0.098545749,1,1,59.833561,1.393602004,1,58,95.6955708,92.26450405,1.75,146.3,47.31,53.2,40,817.6,0.1,0.607,0.82,3,1.39,26.8,11.3,2.46,16.66,32,51.34,561.3,0.27,8.7,-0.125,-0.992,11.32,9.59,15.589059,13.30200551,18.34757348,,,-0.001277412,-0.010668693,-0.007411574,0.873161756
11025500,0.008111538,0,2,473,0.963274576,0.184034196,1,1,57.038453,0.63853309,1,57,95.68965517,90.34482759,1.59,288.7,61.83,49,43.1,760.7,1.6,0.57,0.88,4,1.39,32.2,10.45,3.04,16.47,31.29,52.24,891.8,0.428,20.2,-0.631,-0.776,9.46,12.2,16.426629,35.29497486,34.52483547,,,-0.015297496,-0.059713898,-0.012677003,0.765479793
11451715,0.319834997,8.4,2,581,1.051521931,0.169920206,1,1,11.655139,0.944331954,1,46,95.68097509,80.4981452,0.9,247.9,70.02,59.6,55.5,854.4,1,0.615,0.96,4,1.19,43.2,10.66,0.49,37.34,42.78,19.88,560.5,0.34,18.2,-0.265,0.964,7.28,15.2,18.827651,2.304121352,5.157482856,23.98777733,10.34183138,-0.053507114,-0.11941711,-0.015162012,0.608025122
11453500,1.051988197,104.3,2,458,0.998700077,0.031138536,1,1,68.402353,0.917637249,1,64,95.67207657,89.30503537,1.47,293.4,112.6,63,63.1,752.4,2,0.624,0.62,3,1.5,36.4,10.72,0.99,28.71,44.41,26.88,554.7,0.243,19.3,-0.169,0.986,7.46,18.15,17.47691,38.71637619,46.98312883,,,-0.106642653,-0.150364536,-0.029878285,0.389033416
11451715,0.478610228,86.9,2,557,0.955938674,0.141201825,1,1,11.690112,0.296371599,1,47,95.65340909,96.25,0.9,247.9,70.02,59.6,55.5,854.4,1,0.615,0.96,4,1.19,43.2,10.66,0.49,37.34,42.78,19.88,560.5,0.34,18.2,-0.265,0.964,8.75,13.34,18.827651,1.945488238,3.78987495,23.98777733,10.34183138,-0.028831435,-0.039762042,-0.011139522,0.691053957
14092750,0.112774813,18.1,1,84,0.99683691,0.190884967,1,1,75.667468,0.940114363,1,54.5,95.6405694,85.9430605,2.64,57.5,157.25,64.1,149.6,492.3,49.5,0.401,0.84,3,1.26,78.7,9.59,6.55,15.23,29.88,54.88,1477.3,0.381,24.7,-0.096,0.995,6.45,14.53,17.677713,44.33923818,46.90643478,99.52765217,38.0013913,,,,0.695871882
11028500,0.020129523,42.4,2,77,1.077987218,0.153492677,1,1,59.833561,1.393602004,1,41,95.63318777,87.96007486,1.75,146.3,47.31,53.2,40,817.6,0.1,0.607,0.82,3,1.39,26.8,11.3,2.46,16.66,32,51.34,561.3,0.27,8.7,-0.125,-0.992,10.7,9.2,15.589059,13.30200551,18.34757348,,,-0.007998975,-0.01189086,0.000644096,0.929987858
11466800,0.072072863,14.5,2,441,1.028473793,0.143269579,1,1,13.403992,2.005967198,1,50.9475,95.6258725,73.47603537,2.06,652.2,100.52,64.6,68.1,730.4,0.8,0.63,0.68,4,1.71,30,13.03,1.22,29.33,42.59,28.08,155.1,0.185,9.2,-0.054,-0.999,8.57,15.04,16.611166,7.269984253,7.898942042,,,-0.163675891,-0.34676178,-0.176813006,0.374861895
11456000,0.230749404,113.5,2,823,0.939547762,0.172951799,1,1,60.472826,0.901596113,1,59.93333333,95.61888558,85.580604,1.79,212.3,104.44,64,69.8,743.7,1.5,0.624,0.68,4,1.39,28.5,10.89,2.14,24.23,44.57,31.21,305.3,0.209,20.9,-0.876,0.483,8.25,16.25,16.071526,22.62324764,34.12581253,,,-0.086844868,-0.252784243,-0.136107724,0.462245909
11070465,0.010740151,0.9,2,63,1.0474663,0.164710864,1,1,12.744957,1.953907238,1,48,95.61290323,86.25806452,0.92,274.2,33.63,52.5,30.5,879.8,0.1,0.581,0.62,3,1.31,19,12.47,3.62,16.87,32.2,50.94,555.4,0.135,7.7,0.456,-0.89,13.88,2.11,9.933606,8.348999102,5.762035011,,,-0.052103119,-0.12307969,-0.000263395,0.729581126
11152000,0.205660474,12.5,2,253,1.082104893,0.235295956,1,1,38.563747,1.45200031,1,65.92333333,95.60493827,75.55555556,2.07,625.1,80.89,63.9,60.5,663.8,2.9,0.654,1.03,5,2.35,38.3,10.02,3.14,20.17,34.81,45.02,759.1,0.387,34.7,-0.132,0.991,9.53,13.87,17.294107,14.91749383,22.51871701,14.97461206,10.20955047,-0.172413345,-0.259903939,-0.017081463,0.414664174
9484000,0.275795449,12.5,2,573,1.023976085,0.184658362,1,1,69.267296,1.388299086,1,33.5,95.59925094,78.12109863,2.39,103.7,75.97,43.3,71.1,767.1,3.1,0.167,0.8,3,1.52,9.5,9.14,1.65,18.36,43.38,38.26,1878.8,0.534,35.6,-0.977,-0.213,5.25,6.72,17.656755,12.27435075,20.33982642,59.10578592,25.9246866,0.032199617,-0.082769652,-0.028765416,0.762986287
11022480,0.025656179,3.8,2,551,1.018654016,0.205619926,1,1,79.360851,1.036983012,1,23.985,95.5935718,96.63037843,1.63,953.6,51.86,51.9,43.3,807.8,2.2,0.585,0.84,5,1.19,31,10.52,3.4,17.08,31.75,51.17,640.4,0.294,18.5,0.017,-1,13.9,3.58,15.3664,57.24252031,58.6542156,,,-0.06719382,-0.136575236,-0.023271114,0.762980732
12178100,0.816596959,250.3,1,802,1.007976285,0.065785976,1,1,5.210638,0.317886659,1,39,95.58447595,99.34929119,2.89,69.7,280.14,69.5,183.8,547.9,59.6,0.415,0.56,3,1.26,63.9,9.23,2.35,9.84,47.21,42.95,1300.6,0.457,58.3,0.676,-0.737,5.37,25.6,13.27064,0.330902641,4.119081779,,,0.124252482,-0.203480564,-0.046794129,0.434996438
11152050,0.12002074,12.5,2,253,1.119009146,0.328578013,1,1,31.232187,1.394009406,1,65.92333333,95.58312655,75.43424318,1.67,771.5,74.52,63.7,58.2,676.7,2.4,0.652,1.04,6,2.02,38.4,10.1,2.9,21.11,35.63,43.26,674.8,0.359,31.4,0.227,0.974,9.8,12.93,17.029979,12.27500159,18.24777706,12.12311082,8.239170447,-0.172413345,-0.259903939,-0.017081463,0.414664174
8294195,0.018949933,129.4,1,678,1.053568485,0.14614274,1,1,6.622959,0.594145955,1,15,95.58270677,89.63480129,2.27,78.6,73.93,49.1,74.6,399.9,36.7,0.115,0.4,2,1.21,73.1,9.46,3.82,21.29,50.78,27.93,2909.1,0.463,34.2,0.36,-0.933,13.07,4.42,13.3997,0.743431314,2.016412214,6.818708651,2.85470229,-0.028225705,-0.226721244,-0.093833455,0.691626384
11113500,0.304275606,166.5,2,425,1.05199994,0.152338901,1,1,85.14101,0.938475197,1,36.66666667,95.57823129,98.29931973,2.67,103.3,67.78,49.9,39.1,708.5,2.6,0.693,1.18,4,1.59,40.1,9.58,1.4,23.56,44.22,32.23,996,0.437,34.4,-0.944,-0.329,8.56,17.65,15.259699,30.60330822,37.52207164,84.35972894,53.69332043,0.13520071,-0.143701071,-0.106993406,0.625855641
11016200,0.00259933,16.8,2,793,1.041490245,0.092998437,1,1,6.759844,0.629284484,1,48,95.55069292,87.23559446,1.09,338.8,59.38,48.9,45.4,776.4,4.1,0.579,0.76,4,1.44,36.1,10.29,4,14.98,28.89,56.13,907.1,0.417,17.9,-0.03,-1,12.42,5.38,15.671068,2.568444526,4.396664699,6.931168831,4.65487013,-0.047674535,-0.166095255,-0.095980763,0.698077254
11148900,0.047791213,96.5,2,43,1.146921357,0.407378532,1,1,19.551763,1.597078602,1,81.66666667,95.54813578,88.42515303,1.48,403.5,69.16,62.7,52.5,745.3,1.5,0.653,0.99,5,1.22,31.2,11.37,2.86,22.94,36.87,40.19,551.8,0.337,21.3,-0.586,0.81,11.7,7.38,16.11163,4.013803818,9.585947955,20.74907063,12.52795539,0.001441638,0.006985285,-0.000448274,
11169800,0.121114712,15.7,1,434,1.03245647,0.128588707,1,1,36.191218,1.399114615,1,32.8,95.54777389,85.49274637,1.22,282.9,60.85,63.3,56.7,817.9,1.8,0.626,0.99,4,1.41,31.7,10.98,2.22,23.01,45.71,31.28,604,0.421,25.6,-0.968,-0.251,16.87,3.29,15.108,13.56218898,17.84697773,,,-0.082744059,-0.225169293,-0.088574681,0.566077478
11453500,0.340689756,41.5,2,849,1.027767686,0.117969253,1,1,68.402353,0.917637249,1,35,95.54723263,84.14481898,1.47,293.4,112.6,63,63.1,752.4,2,0.624,0.62,3,1.5,36.4,10.72,0.99,28.71,44.41,26.88,554.7,0.243,19.3,-0.169,0.986,7.16,23.78,17.47691,38.71637619,46.98312883,,,0.098622258,-0.053867392,-0.128054236,0.478776431
11143000,0.17422123,172.1,2,447,0.994081777,0.070240494,1,1,13.697515,0.363115177,1,76,95.54376658,77.5066313,2.74,120.6,116.26,67.4,72.8,639.5,3.4,0.654,0.98,4,1.47,40.3,10.29,4.14,14.13,31.45,54.42,779,0.492,43.6,-0.447,-0.894,8.33,25.11,18.127121,0.979707657,4.544776119,86.30373134,57.91119403,-0.06088307,-0.108076154,-0.019716675,
11458000,0.47503053,76.8,2,464,1.005461003,0.061339476,1,1,7.469418,0.749639592,1,34.98333333,95.54358472,98.97159647,1.81,566.3,96.01,63.5,67.6,752.1,1.4,0.629,0.68,4,1.21,26.8,11,1.67,26.49,45.86,27.64,276.3,0.212,18.6,-0.834,0.552,7.91,19.59,16.230256,0.513073094,1.896309377,,,0.278941751,0.094248912,-0.0000965,0.659041598
11274500,0.063179564,68.3,2,496,1.08362009,0.22457874,1,1,91.144936,0.968114006,1,65,95.5343703,91.06874059,1.48,347.8,45.32,61.6,45.7,861,1.4,0.624,1.05,4,1.63,30.1,10.73,1.77,24.88,42.82,32.31,475.6,0.378,24.4,-0.349,0.937,8.71,5.88,18.273952,28.95967613,36.63890167,,,-0.049693472,-0.162895641,-0.067747282,0.614993088
11462500,0.295325095,119.2,2,173,0.995742473,0.145490937,1,1,5.854759,1.781748803,1,33.9775,95.51282051,96.24542125,1.8,938.7,115.58,63.2,79.6,757,2,0.605,1.01,5,1.18,36.1,11.16,1.09,26.66,42.65,30.69,465.2,0.299,21.1,-0.76,-0.649,7.16,22.52,15.801847,1.319662649,1.833269415,5.881016299,2.132502397,0.247462344,0.074943405,0.002092771,0.783055803
11124500,0.152304567,165.2,2,930,1.032372573,0.120815996,1,1,71.062545,1.035623791,1,38.5,95.50949914,95.33678756,2.37,191.5,83.1,54.6,38.1,636.9,4.5,0.711,1.17,4,1.85,23.3,9.72,1.35,23.93,41.12,34.95,1023.6,0.444,33.5,-0.78,-0.626,7.6,19.21,17.185694,68.62677395,63.6551436,,,-0.043692357,-0.109650374,-0.026983016,0.583171137
8380500,0.070184546,187.8,1,124,1.238912253,0.644467977,1,1,99.368957,1.001978058,1,8.666666667,95.50321199,99.4289793,2.1,198.1,68.57,50.8,80.7,464.5,19.2,0.221,0.66,4,1.18,58,10.64,1.87,31.03,41.4,27.57,2652.5,0.381,25,-0.636,0.772,15.49,10.72,17.995738,30.00276242,42.76158506,96.58440182,48.47415447,0.009804609,0.004280286,0.019648497,1.00779206
11063510,0.489910379,2.1,2,156,0.994370326,0.046654891,1,1,75.044644,1.007263416,1,59.75,95.50281074,93.12929419,2.04,144.5,66.42,46,40.7,690.4,4.5,0.635,0.96,4,1.54,50.7,9.96,6.14,10.54,26.94,62.52,1273.4,0.272,22.4,-0.728,0.686,6.53,14.09,18.45637,20.60685912,23.61986159,74.67695502,36.88442907,-0.009704062,-0.01753329,-0.004633778,0.798144832
11152000,0.76556432,220.6,2,908,1.080126627,0.258140638,1,1,10.954941,1.60170771,1,34.66666667,95.49689441,96.99792961,2.07,625.1,80.89,63.9,60.5,663.8,2.9,0.654,1.03,5,2.35,38.3,10.02,3.14,20.17,34.81,45.02,759.1,0.387,34.7,-0.132,0.991,8.25,16.63,17.294107,2.102052119,3.129195329,14.97461206,10.20955047,0.239470253,0.058363783,-0.063931071,0.893566341
9430600,0.120550871,11.9,1,501,1.037574864,0.166556388,1,1,51.133435,1.205781063,1,33.83333333,95.49573561,91.28464819,1.85,190.5,67.41,44.7,72,593.8,14,0.222,0.58,3,1.32,53.1,9.96,2.05,31.86,33.61,34.53,2371.3,0.444,40.6,-0.973,-0.231,10.97,6.38,15.895541,11.52470622,12.07322835,91.38944882,35.34944882,0.045692369,0.00555586,-0.002151291,0.813182192
11027000,0.054492849,2.8,2,474,1.015152806,0.057594932,1,1,70.526293,1.115871643,1,44,95.4954955,86.22908623,1.62,58.2,51.93,53.2,38.8,797.9,0.2,0.625,1,3,1.16,28.6,11.16,2.59,16.4,30.84,52.76,653.6,0.433,13,-0.467,-0.884,10.64,10.81,15.624757,49.6480909,49.63608247,,,-0.054529609,-0.124406041,-0.022378064,0.864126498
9484000,0.145270474,212.1,1,433,1.060626221,0.351125284,1,1,69.267296,1.388299086,1,38.88916667,95.47440699,95.38077403,2.39,103.7,75.97,43.3,71.1,767.1,3.1,0.167,0.8,3,1.52,9.5,9.14,1.65,18.36,43.38,38.26,1878.8,0.534,35.6,-0.977,-0.213,21.03,13.39,17.656755,12.27435075,20.33982642,59.10578592,25.9246866,-0.029754246,-0.128262786,-0.044356359,0.620399768
11152050,0.568905649,225.6,2,908,1.108499431,0.320752768,1,1,8.868908,1.491041107,1,34.66666667,95.47346514,97.03433923,1.67,771.5,74.52,63.7,58.2,676.7,2.4,0.652,1.04,6,2.02,38.4,10.1,2.9,21.11,35.63,43.26,674.8,0.359,31.4,0.227,0.974,8.44,15.13,17.029979,1.729693567,2.523499676,12.12311082,8.239170447,0.239470253,0.058363783,-0.063931071,0.893566341
11042400,0.024742049,11.4,2,213,0.982071484,0.138983649,1,1,5.418644,1.623115625,1,63,95.46904914,68.60242502,2.17,342.2,45.9,47.5,35.2,738.3,4.5,0.519,0.92,4,1.33,34.5,10.18,6.63,11.08,22.22,66.7,1119.3,0.457,17,0.473,-0.881,7.88,8.66,17.322787,2.08734395,4.6735827,,,-0.082501895,-0.21372596,-0.002731465,
11149900,0.138937668,35.7,2,537,1.047284407,0.132437405,1,1,8.664033,1.715767974,1,88,95.45211343,73.94328518,1.56,556.4,63.26,62,54,737.5,1.5,0.659,1.13,4,1.35,33.5,10.91,2.31,24.37,37.78,37.85,533.4,0.186,19.5,-0.995,-0.102,10.24,10.95,16.227347,1.544994989,3.774209202,28.84609993,15.65149173,-0.095944476,-0.147464849,-0.019542126,
11014000,0.281922134,87.4,2,485,0.983847528,0.133816488,1,1,34.921161,0.643563446,1,42.97166667,95.45154911,86.48648649,2.91,181.8,44.33,55.8,42.1,846.3,0,0.609,1.26,5,1.39,33.8,10.3,3.01,18.77,38.69,42.55,490.9,0.343,19.4,-0.048,-0.999,11.77,8.75,16.12831,24.61891647,27.06188119,,,-0.057379198,-0.140391987,-0.024227996,0.841697022
11025500,0.002452097,20.8,2,866,0.984557589,0.106940873,1,1,16.382785,0.674671611,1,53.75,95.44287548,73.74839538,1.59,288.7,61.83,49,43.1,760.7,1.6,0.57,0.88,4,1.39,32.2,10.45,3.04,16.47,31.29,52.24,891.8,0.428,20.2,-0.631,-0.776,10.28,13.15,16.426629,11.15906388,12.28919293,,,-0.027877997,-0.041292397,-0.019523264,1.382956825
7103700,0.023472307,101.8,1,382,0.991723278,0.705875712,1,1,10.334753,0.918584336,1,4.833333333,95.43891818,99.65619986,2.23,264.2,59.97,52.8,94.9,393.5,27.6,0.361,0.86,4,1.42,49.5,10.03,9,11.62,33.61,54.77,2775.2,0.373,26.9,0.329,0.944,15.24,9.63,15.226314,5.396997417,6.578652536,9.350870553,5.675132475,,,,0.397808237
11043000,0.133051957,23.8,2,495,0.970245489,0.227861136,1,1,15.431556,1.785573251,1,37,95.43378995,89.19330289,1.41,572.5,37.11,54,29.9,879.2,0.1,0.614,1.02,5,1.08,23.8,12.19,2.65,18.48,35.38,46.14,520.6,0.207,8.3,-0.454,-0.891,12.65,6.95,16.167722,1.382765683,3.507877729,,,0.003075695,0.016354704,-0.015242001,
9497800,0.025039777,75.9,1,405,1.167316955,0.517156279,1,1,33.497407,1.389714454,1,24.85722222,95.43091655,90.99863201,1.91,750.9,58.79,40.7,71.3,676.3,12.1,0.147,0.83,4,1.76,37.1,10.42,0.91,29.33,42.37,28.3,1747.1,0.582,19.4,-0.996,0.088,22.3,5.81,18.999934,23.5959096,23.57343188,,,-0.111285231,-0.185539706,-0.015133042,
10260950,0.228022365,110.8,2,168,1.010871537,0.177383587,1,1,10.926878,0.653202168,1,43,95.4298993,90.24012393,2.1,175.1,66.31,43.9,49,724,6.7,0.611,0.97,4,1.24,39.2,10.29,5.47,13.39,28.27,58.34,1271.7,0.362,20.2,0.925,0.379,6.25,13.76,18.304836,7.69524916,7.127527127,10.63038264,5.662649914,-0.010153694,-0.015770832,-0.004230654,0.796029693
11027000,0.056925566,88.2,2,782,1.089898548,0.209713727,1,1,50.900245,0.591991427,1,49.5,95.42743539,85.48707753,1.62,58.2,51.93,53.2,38.8,797.9,0.2,0.625,1,3,1.16,28.6,11.16,2.59,16.4,30.84,52.76,653.6,0.433,13,-0.467,-0.884,10.43,5.43,15.624757,10.30581508,11.12010309,,,0.010100541,-0.003177161,-0.009773989,0.978380779
11043000,0.05341863,19.9,2,118,0.984083663,0.199474956,1,1,7.514724,1.797661564,1,52,95.42097489,95.56868538,1.41,572.5,37.11,54,29.9,879.2,0.1,0.614,1.02,5,1.08,23.8,12.19,2.65,18.48,35.38,46.14,520.6,0.207,8.3,-0.454,-0.891,11.66,7.87,16.167722,3.722381881,4.124593886,,,-0.010855484,-0.00442999,-0.004773296,1.717087019
11044800,1.109489435,140.6,2,157,1.013113991,0.083180114,1,1,5.29932,0.732504198,1,31.875,95.40650407,92.19512195,1.68,85.5,40.9,59,33,853.1,0,0.666,0.86,3,1.19,26.7,10.3,3.33,15.97,31.55,52.47,405.4,0.415,18.9,-0.922,0.386,12.79,9.41,15.319151,2.005988961,2.867368421,,,-0.01646926,-0.029844553,-0.003557036,
11025500,0.027659658,41.7,2,198,1.042627506,0.141200064,1,1,7.499671,0.63456728,1,31,95.40612517,93.20905459,1.59,288.7,61.83,49,43.1,760.7,1.6,0.57,0.88,4,1.39,32.2,10.45,3.04,16.47,31.29,52.24,891.8,0.428,20.2,-0.631,-0.776,8.73,11.95,16.426629,5.200985221,3.255836508,,,-0.074054021,-0.169407355,0.0000527,
11143000,0.121626142,22.2,2,519,1.028582546,0.16875226,1,1,29.9711,1.327452654,1,80.66666667,95.40145985,80.53527981,2.74,120.6,116.26,67.4,72.8,639.5,3.4,0.654,0.98,4,1.47,40.3,10.29,4.14,14.13,31.45,54.42,779,0.492,43.6,-0.447,-0.894,8.68,23.37,18.127121,15.90995837,20.11791045,86.30373134,57.91119403,-0.136880481,-0.207611445,-0.024214942,
11169800,0.233220892,80.3,2,496,1.002709514,0.076504736,1,1,36.191218,1.399114615,1,78.5,95.39769885,88.64432216,1.22,282.9,60.85,63.3,56.7,817.9,1.8,0.626,0.99,4,1.41,31.7,10.98,2.22,23.01,45.71,31.28,604,0.421,25.6,-0.968,-0.251,8.67,8.1,15.108,13.56218898,17.84697773,,,-0.082744059,-0.225169293,-0.088574681,0.566077478
11466200,0.310937456,111.1,2,823,1.057259484,0.168864289,1,1,34.361034,1.403707824,1,59.88916667,95.38393253,83.71060808,1.32,144.8,107.68,64.2,75.1,733.1,1.3,0.62,0.7,4,1.27,28.1,11.03,1.27,27,44.02,28.98,258.7,0.293,15.8,0.094,-0.996,8.63,16.48,17.015969,18.43726499,19.21139503,,,-0.091751365,-0.258643229,-0.140740718,0.419742642
11059300,0.064356409,43.6,2,799,1.119325305,0.414808309,1,1,10.204954,0.671506587,1,35,95.37572254,98.1374438,1.38,946,67.84,42.5,47.8,641.9,27.6,0.57,1.05,5,1.86,28.1,10.09,7.16,11.69,29.16,59.16,1661,0.43,26,0.124,-0.992,4.14,13.57,19.036583,5.853874082,5.295634249,5.803953488,2.260084567,-0.04443445,-0.057957017,-0.017113832,0.984463275
9430600,0.124118344,28.5,1,471,1.039874459,0.164212971,1,1,91.945834,1.032051864,1,45.5,95.36873899,86.6347848,1.85,190.5,67.41,44.7,72,593.8,14,0.222,0.58,3,1.32,53.1,9.96,2.05,31.86,33.61,34.53,2371.3,0.444,40.6,-0.973,-0.231,18.25,10.8,15.895541,15.38212465,16.98897638,91.38944882,35.34944882,,,,0.435482093
11059300,0.078425019,33.7,2,793,1.059924834,0.440529193,1,1,5.629999,1.029095619,1,49.83333333,95.31782066,88.36549376,1.38,946,67.84,42.5,47.8,641.9,27.6,0.57,1.05,5,1.86,28.1,10.09,7.16,11.69,29.16,59.16,1661,0.43,26,0.124,-0.992,7.62,4.9,19.036583,2.3244573,3.185200846,5.803953488,2.260084567,-0.0923077,-0.24121637,-0.098027383,0.553018781
11113500,0.342652709,41.4,2,423,1.041791911,0.12638524,1,1,85.14101,0.938475197,1,29.75,95.30612245,95.85034014,2.67,103.3,67.78,49.9,39.1,708.5,2.6,0.693,1.18,4,1.59,40.1,9.58,1.4,23.56,44.22,32.23,996,0.437,34.4,-0.944,-0.329,8.56,17.65,15.259699,30.60330822,37.52207164,84.35972894,53.69332043,0.13520071,-0.143701071,-0.106993406,0.625855641
11123500,0.027681949,154.8,2,828,1.019805513,0.080907928,1,1,11.243107,1.233641415,1,102.9644444,95.27896996,91.13018598,1.89,718.1,79.99,52.6,34.3,660.8,3.8,0.712,1.27,5,1.39,25.8,9.92,1.14,22.63,41.55,35.82,934.1,0.378,31.2,-0.578,-0.816,9.59,16.27,18.753658,7.582963909,7.580629439,16.02817156,5.57082579,0.229292474,0.028243746,-0.09941149,0.921230013
11467200,1.057091616,3.9,2,862,1.012605834,0.091293384,1,1,32.048365,1.410971875,1,20.5,95.25274725,98.24175824,2.33,162.6,162.49,65.6,81.3,700.8,0.6,0.627,0.81,4,1.32,36,10.95,2.58,24.92,42.04,33.04,308.2,0.403,28.9,-1,0.009,8.42,27.19,14.168797,16.10916175,18.79649446,,,-0.028145637,-0.222645853,-0.137522546,0.460838018
11204100,0.007377606,6.3,2,132,1.069540694,0.163452086,1,1,14.215553,0.967391659,1,39.8,95.25094441,94.71127901,2.9,249.1,79.83,55.9,53.1,703.2,25.2,0.595,0.74,4,1.36,65.9,9.43,2.64,18.72,31.31,49.98,1348.7,0.417,34.4,0.119,-0.993,4.92,15.35,17.505672,1.184458719,2.632436772,48.9626656,16.38281815,0.352794745,0.197325331,0.02549359,0.986911753
11065000,0.138206579,0,2,262,0.939800706,0.355615178,1,1,7.378567,1.615275352,1,46,95.23809524,92.13907785,1.55,364.7,81.4,47.7,43.6,701.5,4.2,0.649,1.11,5,1.12,49.6,10,6.62,10.83,28.51,60.66,1250.1,0.343,27.3,-0.675,0.738,8.63,16.46,19.024359,1.590212935,1.93646833,33.44313134,17.52322457,-0.091922443,-0.176545355,-0.007113512,
9430600,0.150131171,34.6,1,140,1.036068356,0.177897186,1,1,31.471915,0.982202585,1,28.5,95.23160763,90.4359673,1.85,190.5,67.41,44.7,72,593.8,14,0.222,0.58,3,1.32,53.1,9.96,2.05,31.86,33.61,34.53,2371.3,0.444,40.6,-0.973,-0.231,10.97,6.38,15.895541,5.696973135,9.305669291,91.38944882,35.34944882,-0.11240761,-0.147432748,-0.018447388,
11113000,0.32324739,0.6,2,852,1.094994949,0.280087249,1,1,18.928716,1.316921813,1,31.875,95.2308627,94.53219927,1.41,650,68.34,45.4,34.7,663.4,7.7,0.69,1.22,4,1.67,44.6,9.91,2,22.07,41.65,36.28,1251.5,0.512,32.7,-1,0.016,10.45,3.09,16.054577,6.141831074,9.616984615,14.98787692,8.055507692,0.266680581,0.059727096,-0.059527782,0.966690077
11169800,0.089885134,1.5,2,951,0.989792729,0.111897244,1,1,19.710195,1.254471196,1,39.66666667,95.23060797,85.6918239,1.22,282.9,60.85,63.3,56.7,817.9,1.8,0.626,0.99,4,1.41,31.7,10.98,2.22,23.01,45.71,31.28,604,0.421,25.6,-0.968,-0.251,12,3.95,15.108,8.512952968,12.39353128,,,-0.05197041,-0.089555726,-0.018581726,0.693486301
11466320,0.296801172,112.3,2,823,1.062097972,0.185489973,1,1,24.946189,1.516647465,1,59.88916667,95.21228546,83.42366757,1.27,199.4,102.63,64.2,72,732.8,1,0.622,0.67,4,1.3,28.7,12.14,1.14,27.37,43.92,28.71,204.1,0.243,12.2,-0.118,-0.993,8.61,15.5,16.638396,13.68925187,13.95090271,,,-0.091766525,-0.258672788,-0.140744604,0.419628041
9513780,0.459450374,3.7,2,86,1.092737027,0.245632663,1,1,17.300814,0.890020873,1,32.9,95.20583637,97.18603439,2.34,177.5,52.71,40,52.6,949,0.8,0.196,0.87,3,1.36,22.1,10.1,3.45,30.93,30.45,38.62,1208.9,0.467,22.5,-0.241,-0.97,11.19,4.44,18.230644,1.899924102,1.168225352,16.69070423,2.558647887,0.086675247,0.036335539,-0.064603922,1.158136717
11153000,0.146336256,50.9,2,173,1.064966529,0.206551989,1,1,10.488957,2.512752181,1,37,95.20356944,90.79754601,1.11,375.4,52.87,62.6,46.9,835.2,1.3,0.643,1.11,5,1.85,28.4,10.45,2.08,24.44,44.87,30.7,424.1,0.363,20.9,-0.996,-0.088,10.04,11.66,15.589845,3.405985647,4.396909963,,,-0.017526788,-0.036764162,-0.000810826,0.88266913
11143000,0.584650759,145.9,2,908,1.071161281,0.263492385,1,1,86.219962,1.022908078,1,26.85722222,95.20321361,98.39319471,2.74,120.6,116.26,67.4,72.8,639.5,3.4,0.654,0.98,4,1.47,40.3,10.29,4.14,14.13,31.45,54.42,779,0.492,43.6,-0.447,-0.894,8.33,25.11,18.127121,14.47744466,22.15223881,86.30373134,57.91119403,0.261123308,0.099905718,-0.020401351,0.780523961
11149900,0.076848307,0.1,2,114,1.194886718,0.429422546,1,1,12.824107,0.507351319,1,38,95.19038076,86.70674683,1.56,556.4,63.26,62,54,737.5,1.5,0.659,1.13,4,1.35,33.5,10.91,2.31,24.37,37.78,37.85,533.4,0.186,19.5,-0.995,-0.102,8.45,9.76,16.227347,0.822336042,1.076312006,28.84609993,15.65149173,0.019497291,0.027794087,0.004308875,1.178214387
11143000,0.502470934,82.4,2,814,1.020459654,0.111765142,1,1,29.9711,1.327452654,1,55.83333333,95.18248175,93.33333333,2.74,120.6,116.26,67.4,72.8,639.5,3.4,0.654,0.98,4,1.47,40.3,10.29,4.14,14.13,31.45,54.42,779,0.492,43.6,-0.447,-0.894,8.75,17.47,18.127121,15.90995837,20.11791045,86.30373134,57.91119403,-0.074426019,-0.115714332,-0.013921207,
11143000,0.565866799,197.9,2,98,0.983685428,0.088206548,1,1,13.697515,0.363115177,1,49.88916667,95.17241379,83.28912467,2.74,120.6,116.26,67.4,72.8,639.5,3.4,0.654,0.98,4,1.47,40.3,10.29,4.14,14.13,31.45,54.42,779,0.492,43.6,-0.447,-0.894,8.33,25.11,18.127121,0.979707657,4.544776119,86.30373134,57.91119403,0.014848658,0.011437441,0.000869751,
11458000,0.129008291,143.1,2,823,0.976746801,0.16890638,1,1,23.054366,1.506954112,1,59.94138889,95.17148014,84.92779783,1.81,566.3,96.01,63.5,67.6,752.1,1.4,0.629,0.68,4,1.21,26.8,11,1.67,26.49,45.86,27.64,276.3,0.212,18.6,-0.834,0.552,8.25,14.98,16.230256,8.493122166,12.92929543,,,-0.086210229,-0.251361333,-0.135603123,0.464030472
9508300,0.678994714,37.4,2,240,1.030437735,0.090575257,1,1,83.630661,1.091927993,1,14.88916667,95.13742072,95.06694856,1.24,93,61.67,39.9,60.5,779.9,8.4,0.144,0.7,3,1.58,36,10.05,2.68,22.26,37.89,39.84,1496.5,0.503,27.8,0.203,-0.979,5.2,6.96,16.736963,25.49898573,26.68935484,,,-0.07765983,-0.144763968,-0.009734719,0.3593483
9484000,0.516092475,70.3,1,412,0.987984768,0.306272115,1,1,69.267296,1.388299086,1,6.958333333,95.13108614,99.00124844,2.39,103.7,75.97,43.3,71.1,767.1,3.1,0.167,0.8,3,1.52,9.5,9.14,1.65,18.36,43.38,38.26,1878.8,0.534,35.6,-0.977,-0.213,22.08,10.6,17.656755,12.27435075,20.33982642,59.10578592,25.9246866,-0.029754246,-0.128262786,-0.044356359,0.620399768
11124500,0.275035431,35.1,2,928,1.060771746,0.173336025,1,1,71.062545,1.035623791,1,31,95.10650547,99.07887162,2.37,191.5,83.1,54.6,38.1,636.9,4.5,0.711,1.17,4,1.85,23.3,9.72,1.35,23.93,41.12,34.95,1023.6,0.444,33.5,-0.78,-0.626,7.6,19.21,17.185694,68.62677395,63.6551436,,,-0.043692357,-0.109650374,-0.026983016,0.583171137
11149900,0.288562848,46.5,2,937,1.049043729,0.15699345,1,1,21.73561,1.616261858,1,39.66666667,95.07936508,85.82010582,1.56,556.4,63.26,62,54,737.5,1.5,0.659,1.13,4,1.35,33.5,10.91,2.31,24.37,37.78,37.85,533.4,0.186,19.5,-0.995,-0.102,8.3,13.77,16.227347,8.848335816,13.12359813,28.84609993,15.65149173,-0.018115559,-0.040637275,-0.022927574,0.784858977
11143000,0.050481893,188.9,2,32,0.988981078,0.074662728,1,1,13.697515,0.363115177,1,85,95.066313,75.91511936,2.74,120.6,116.26,67.4,72.8,639.5,3.4,0.654,0.98,4,1.47,40.3,10.29,4.14,14.13,31.45,54.42,779,0.492,43.6,-0.447,-0.894,11.4,13.95,18.127121,0.979707657,4.544776119,86.30373134,57.91119403,0.014848658,0.011437441,0.000869751,
11025500,0.04560901,5.8,2,473,0.989238494,0.133555997,1,1,16.382785,0.674671611,1,56,95.05776637,86.521181,1.59,288.7,61.83,49,43.1,760.7,1.6,0.57,0.88,4,1.39,32.2,10.45,3.04,16.47,31.29,52.24,891.8,0.428,20.2,-0.631,-0.776,9.46,12.2,16.426629,11.15906388,12.28919293,,,-0.072404985,-0.159021569,-0.025886188,0.818166877
11025500,0.026188399,108.5,2,782,1.054298575,0.169226393,1,1,57.038453,0.63853309,1,49.75,95.05747126,84.31034483,1.59,288.7,61.83,49,43.1,760.7,1.6,0.57,0.88,4,1.39,32.2,10.45,3.04,16.47,31.29,52.24,891.8,0.428,20.2,-0.631,-0.776,9.34,6.58,16.426629,35.29497486,34.52483547,,,0.004601165,-0.01412555,-0.015278874,0.884453394
9510200,0.061054606,2,2,932,1.164761704,0.404298954,1,1,38.424484,0.967102488,1,36,95.03367003,84.38552189,1.74,425.3,61.33,36.1,50,956.2,2.1,0.215,1.04,5,1.39,30.1,10.19,4.14,15.96,29.86,54.17,1161.3,0.383,21.4,-0.57,-0.822,9.07,7.1,17.785195,16.38612732,18.54300494,51.02477531,24.56769952,-0.018953429,-0.046296014,-0.012013773,0.868715379
11124500,0.004583924,415.6,2,469,1.069211246,0.197826697,1,1,10.349061,0.625957006,1,16,95.01375516,98.62448418,2.37,191.5,83.1,54.6,38.1,636.9,4.5,0.711,1.17,4,1.85,23.3,9.72,1.35,23.93,41.12,34.95,1023.6,0.444,33.5,-0.78,-0.626,7.6,19.21,17.185694,6.08393386,7.478694517,,,-0.039576332,-0.11144761,-0.016184922,
11169800,0.805763168,65.9,2,865,1.025563727,0.097554933,1,1,36.191218,1.399114615,1,48,94.99749875,91.49574787,1.22,282.9,60.85,63.3,56.7,817.9,1.8,0.626,0.99,4,1.41,31.7,10.98,2.22,23.01,45.71,31.28,604,0.421,25.6,-0.968,-0.251,8.67,8.1,15.108,13.56218898,17.84697773,,,-0.027252546,-0.102754136,-0.097116277,0.690304803
11129800,0.052782818,45.6,2,543,1.066944226,0.132026173,1,1,19.694249,2.110868413,1,32,94.98956159,91.37091162,0.98,85.3,58.44,66.4,39.6,749.9,0.1,0.68,0.97,3,1.28,24.6,11.29,2.31,24.04,39.55,36.41,443.7,0.254,20,-0.839,-0.544,11.75,12.6,15.248683,0.276776534,1.44021102,,,0.026378043,0.019077106,0.000568816,
11274538,0.001146186,31.7,2,231,1.152555325,0.423269553,1,1,21.29077,1.252220249,1,52,94.98910675,81.48148148,1.27,469.4,42.12,61.9,44.8,864.4,1.3,0.619,0.06,4,1.31,29.8,10.95,1.77,24.47,43.22,32.31,405.1,0.34,20.9,-0.28,0.96,9.82,8.8,18.511698,8.636513396,9.777673626,,,-0.061436979,-0.126443083,0.002099572,0.611608627
11113000,0.679603678,0,2,858,1.132653181,0.29333831,1,1,12.550943,0.240796008,1,30.83333333,94.98843485,89.8997687,1.41,650,68.34,45.4,34.7,663.4,7.7,0.69,1.22,4,1.67,44.6,9.91,2,22.07,41.65,36.28,1251.5,0.512,32.7,-1,0.016,7.03,17.46,16.054577,8.618055904,10.59078462,14.98787692,8.055507692,-0.025422236,-0.026393799,-0.019054104,1.216620088
8377900,0.040743626,166.4,1,87,1.100536354,0.278330733,1,1,65.272425,1.140346217,1,16,94.95877705,92.545517,2.05,139,89.76,48.6,96.1,380.6,31.6,0.11,0.5,3,1.21,65.4,9.68,2.96,22.74,43.83,33.43,3141.5,0.593,24.8,0.023,-1,13.35,11.76,13.047006,25.24947925,36.74589928,66.46402878,35.36093525,-0.03378568,-0.041146736,-0.00861868,0.946858376
11065000,0.078420587,2.1,2,156,1.03836846,0.137305563,1,1,33.742927,1.953161117,1,59.875,94.94818653,92.55181347,1.55,364.7,81.4,47.7,43.6,701.5,4.2,0.649,1.11,5,1.12,49.6,10,6.62,10.83,28.51,60.66,1250.1,0.343,27.3,-0.675,0.738,6.97,17.4,19.024359,9.084707504,11.94332328,33.44313134,17.52322457,-0.009785177,-0.017146948,-0.004747299,0.8073376
11274630,0.027349757,41.7,2,894,1.058466137,0.158842957,1,1,13.905464,1.291954055,1,33,94.93882091,98.10901001,1.77,187.4,43.32,61.7,49.1,799,2.1,0.604,1.08,4,1.42,30.9,10.3,1.62,26.46,42.13,31.41,559.2,0.472,26.1,-0.722,0.692,8.59,5.71,18.975462,4.696483564,5.048932764,,,-0.015101335,-0.017095875,-0.011952802,0.942822946
11204100,0.006797856,0.5,2,819,1.092032211,0.212577568,1,1,14.215553,0.967391659,1,68.85722222,94.92714517,72.36913114,2.9,249.1,79.83,55.9,53.1,703.2,25.2,0.595,0.74,4,1.36,65.9,9.43,2.64,18.72,31.31,49.98,1348.7,0.417,34.4,0.119,-0.993,8.18,8.1,17.505672,1.184458719,2.632436772,48.9626656,16.38281815,0.301182649,0.096928178,-0.011631839,0.837459498
11109600,0.044658193,131.2,2,507,0.978427783,0.289052236,1,1,41.681744,1.066478672,1,37,94.90713002,86.21929299,1.66,963.8,55.61,42.7,35,676,11.8,0.673,1.1,5,2.08,52.1,10.21,5.72,18.55,37.45,44,1385.2,0.448,26,-0.765,0.644,5.21,11.63,16.693884,12.52429966,19.22524383,6.542218303,3.126727537,-0.088556875,-0.173314458,-0.010977479,0.46186249
11458500,0.352077482,116.9,2,823,1.000129255,0.085514356,1,1,14.134659,1.872868589,1,59.875,94.89420423,84.36062557,2.59,150.4,107.96,63.9,77.4,739.6,1.4,0.626,0.64,3,1.77,23.2,10.42,1.81,24.93,43.89,31.18,301.1,0.336,17.6,-0.861,-0.509,8.48,16.55,19.519202,0.499796572,1.447539894,,,0.00757648,-0.088562317,-0.065355154,0.608562146
10321590,0.000594142,10.3,1,270,0.991036799,0.118579362,1,1,24.500089,1.286795577,1,41.9375,94.88881513,75.50614006,1.45,476.6,31.03,52.6,69.9,545.9,39,0.172,1.1,4,1.34,63.8,11.2,2.06,27.06,43.56,29.38,1821.7,0.301,12.2,-0.936,0.351,5.48,2.71,21.107389,11.0869995,10.16682753,,,-0.031596847,-0.081830034,0.01077188,0.81610328
8380500,0.019297177,24.7,1,133,1.16798877,0.441571308,1,1,99.368957,1.001978058,1,12.92333333,94.8875803,91.68451106,2.1,198.1,68.57,50.8,80.7,464.5,19.2,0.221,0.66,4,1.18,58,10.64,1.87,31.03,41.4,27.57,2652.5,0.381,25,-0.636,0.772,15.49,10.72,17.995738,30.00276242,42.76158506,96.58440182,48.47415447,0.009804609,0.004280286,0.019648497,1.00779206
11152000,0.387312126,114.5,2,183,1.027117801,0.124687718,1,1,10.954941,1.60170771,1,66,94.8757764,89.59627329,2.07,625.1,80.89,63.9,60.5,663.8,2.9,0.654,1.03,5,2.35,38.3,10.02,3.14,20.17,34.81,45.02,759.1,0.387,34.7,-0.132,0.991,8.25,16.63,17.294107,2.102052119,3.129195329,14.97461206,10.20955047,0.008995308,0.013725339,0.004678276,1.119487192
11063510,0.109543961,55.3,2,69,1.007101916,0.173629103,1,1,19.701106,0.914667921,1,57.9375,94.85677083,89.6484375,2.04,144.5,66.42,46,40.7,690.4,4.5,0.635,0.96,4,1.54,50.7,9.96,6.14,10.54,26.94,62.52,1273.4,0.272,22.4,-0.728,0.686,6.77,8.28,18.45637,6.090614167,8.283114187,74.67695502,36.88442907,0.003303807,-0.006704234,-0.005119741,0.927332981
11152050,0.257292168,115.5,2,183,1.053061954,0.171955123,1,1,8.868908,1.491041107,1,66,94.8491155,89.5421436,1.67,771.5,74.52,63.7,58.2,676.7,2.4,0.652,1.04,6,2.02,38.4,10.1,2.9,21.11,35.63,43.26,674.8,0.359,31.4,0.227,0.974,8.44,15.13,17.029979,1.729693567,2.523499676,12.12311082,8.239170447,0.008995308,0.013725339,0.004678276,1.119487192
11475800,0.6879651,49.5,1,584,1.006233787,0.086259631,1,1,7.751945,0.72069388,1,63,94.83896003,93.32557237,2.23,642.1,206.67,64.8,106,657.8,7.2,0.589,0.89,5,1.8,28.1,11.21,2.07,25.53,42.82,31.65,626.1,0.382,26.8,-0.449,-0.893,8.47,31.48,16.808763,1.088201084,1.580221149,,,-0.084355112,-0.115455323,-0.012523929,0.650926216
11466800,0.14805329,0,2,178,0.985244576,0.089549219,1,1,12.714225,1.001456134,1,45,94.82507289,90.03887269,2.06,652.2,100.52,64.6,68.1,730.4,0.8,0.63,0.68,4,1.71,30,13.03,1.22,29.33,42.59,28.08,155.1,0.185,9.2,-0.054,-0.999,12.84,5.4,16.611166,3.097905528,3.795124195,,,0.312025727,0.18382691,0.033137834,1.066667466
11274630,0.315806583,64.2,2,865,1.103098541,0.257321966,1,1,85.565494,1.161792096,1,47.5,94.81132075,87.43793446,1.77,187.4,43.32,61.7,49.1,799,2.1,0.604,1.08,4,1.42,30.9,10.3,1.62,26.46,42.13,31.41,559.2,0.472,26.1,-0.722,0.692,8.59,5.71,18.975462,28.65968365,39.2167556,,,-0.030486399,-0.11608702,-0.079228316,0.670603252
11077500,0.033632103,0,2,909,1.083802049,0.277816601,1,1,11.075228,0.62641764,1,43,94.80686695,93.39055794,1.28,240.8,51.01,60.8,37.1,825.6,0,0.654,1.13,5,1.61,20.2,10.37,1.7,25.4,46.19,28.41,553.2,0.308,25.4,-0.221,-0.975,14.86,2.53,17.754193,2.800140695,1.788413621,,,0.182826607,0.004510949,-0.111629493,1.107408824
11451715,0.202181409,3,2,219,1.002650775,0.033693224,1,1,11.690112,0.296371599,1,41,94.80113636,97.84090909,0.9,247.9,70.02,59.6,55.5,854.4,1,0.615,0.96,4,1.19,43.2,10.66,0.49,37.34,42.78,19.88,560.5,0.34,18.2,-0.265,0.964,10.43,10.33,18.827651,1.945488238,3.78987495,23.98777733,10.34183138,-0.03605718,-0.06584007,0.002251203,0.654581878
11014000,0.056695943,8.8,2,435,1.02315964,0.099067655,1,1,34.921161,0.643563446,1,36.75,94.79235333,98.54976928,2.91,181.8,44.33,55.8,42.1,846.3,0,0.609,1.26,5,1.39,33.8,10.3,3.01,18.77,38.69,42.55,490.9,0.343,19.4,-0.048,-0.999,11.13,8.78,16.12831,24.61891647,27.06188119,,,-0.057379198,-0.140391987,-0.024227996,0.841697022
11101250,0.58709968,20.1,2,867,1.092037683,0.329786401,1,1,9.043463,1.218738623,1,57.8,94.78571429,92.78571429,3.16,237.3,62.69,59.1,33.7,843.8,0.3,0.655,0.85,3,1.36,34,10.8,2.61,18.95,41.98,39.07,471.3,0.228,19.6,-0.987,-0.161,12.98,12.65,13.411358,0,3.349683944,19.49397387,12.38921197,-0.011973347,-0.025141766,-0.011421131,
11138500,0.003251636,0,2,166,1.051966834,0.246209186,1,1,43.010103,1.393757,1,44,94.76975554,96.87322342,2,728.9,69.82,57.6,39.6,665.2,7.1,0.686,1.16,5,1.44,28.2,9.8,1.39,21.86,41.68,36.45,994.2,0.424,34.2,0.199,-0.98,8.18,9.48,16.60856,32.67864011,35.43658938,,,-0.079948795,-0.1583225,-0.003626793,0.635399474
11113000,1.34178162,521.2,2,509,1.142280699,0.327929041,1,1,34.168763,0.626898493,1,51.66666667,94.76127321,84.41644562,1.41,650,68.34,45.4,34.7,663.4,7.7,0.69,1.22,4,1.67,44.6,9.91,2,22.07,41.65,36.28,1251.5,0.512,32.7,-1,0.016,6.44,14.64,16.054577,19.70198669,21.99904615,14.98787692,8.055507692,-0.100884584,-0.203599969,-0.018163254,0.353398313
11077500,0.086667343,0,2,421,1.047835058,0.194495409,1,1,24.501378,1.161798467,1,30,94.76122594,91.4468995,1.28,240.8,51.01,60.8,37.1,825.6,0,0.654,1.13,5,1.61,20.2,10.37,1.7,25.4,46.19,28.41,553.2,0.308,25.4,-0.221,-0.975,12.94,6.47,17.754193,9.989975637,12.6130814,,,-0.041399881,-0.062625955,-0.015173694,0.666868373
11466800,0.071204515,36.7,2,91,1.00967161,0.117158918,1,1,12.714225,1.001456134,1,35,94.75218659,86.44314869,2.06,652.2,100.52,64.6,68.1,730.4,0.8,0.63,0.68,4,1.71,30,13.03,1.22,29.33,42.59,28.08,155.1,0.185,9.2,-0.054,-0.999,8.21,20.47,16.611166,3.097905528,3.795124195,,,0.312025727,0.18382691,0.033137834,1.066667466
11143000,0.352199253,23.4,2,541,1.006598316,0.031887104,1,1,29.9711,1.327452654,1,85,94.74452555,79.27007299,2.74,120.6,116.26,67.4,72.8,639.5,3.4,0.654,0.98,4,1.47,40.3,10.29,4.14,14.13,31.45,54.42,779,0.492,43.6,-0.447,-0.894,9.44,19.35,18.127121,15.90995837,20.11791045,86.30373134,57.91119403,-0.136880481,-0.207611445,-0.024214942,
11118500,0.268184829,0.8,2,852,1.076940843,0.202214772,1,1,82.190611,1.092289043,1,24.83333333,94.73031618,93.18040918,2.11,485.7,69.88,51.4,33.4,711.7,1.4,0.702,1.2,6,1.39,38.3,10.32,1.3,23.76,41.87,34.37,702.1,0.36,29.1,-0.979,-0.203,12.56,3.19,16.615606,33.83108468,42.24663372,80.03368334,50.47848466,0.252358865,0.015863939,-0.088528978,0.913104719
9497800,0.055434446,181.9,1,408,1.101364715,0.415146892,1,1,33.497407,1.389714454,1,25,94.71956224,99.4254446,1.91,750.9,58.79,40.7,71.3,676.3,12.1,0.147,0.83,4,1.76,37.1,10.42,0.91,29.33,42.37,28.3,1747.1,0.582,19.4,-0.996,0.088,22.3,5.81,18.999934,23.5959096,23.57343188,,,-0.111285231,-0.185539706,-0.015133042,
9484000,0.182680352,12.1,2,611,1.047463647,0.178203882,1,1,85.517068,1.046778775,1,80.5,94.6762142,84.27770859,2.39,103.7,75.97,43.3,71.1,767.1,3.1,0.167,0.8,3,1.52,9.5,9.14,1.65,18.36,43.38,38.26,1878.8,0.534,35.6,-0.977,-0.213,5.78,6.97,17.656755,21.59321881,31.624108,59.10578592,25.9246866,-0.075001263,-0.13012394,-0.017316944,0.572519765
11274630,0.067845529,70.8,2,896,1.036061167,0.13508715,1,1,13.905464,1.291954055,1,34.66666667,94.66073415,96.44048943,1.77,187.4,43.32,61.7,49.1,799,2.1,0.604,1.08,4,1.42,30.9,10.3,1.62,26.46,42.13,31.41,559.2,0.472,26.1,-0.722,0.692,7.89,8.15,18.975462,4.696483564,5.048932764,,,-0.015101335,-0.017095875,-0.011952802,0.942822946
11129800,0.003651641,212,2,469,1.091410696,0.164360474,1,1,19.694249,2.110868413,1,16.5,94.64161447,99.09533751,0.98,85.3,58.44,66.4,39.6,749.9,0.1,0.68,0.97,3,1.28,24.6,11.29,2.31,24.04,39.55,36.41,443.7,0.254,20,-0.839,-0.544,10.42,11.75,15.248683,0.276776534,1.44021102,,,0.026378043,0.019077106,0.000568816,
11143000,0.74901041,16,2,165,1.023914508,0.123192709,1,1,86.219962,1.022908078,1,44,94.61247637,85.34971645,2.74,120.6,116.26,67.4,72.8,639.5,3.4,0.654,0.98,4,1.47,40.3,10.29,4.14,14.13,31.45,54.42,779,0.492,43.6,-0.447,-0.894,8.33,25.11,18.127121,14.47744466,22.15223881,86.30373134,57.91119403,-0.031238989,-0.040315131,0.002169895,1.009060924
11025500,0.112796477,9.9,2,211,1.05686184,0.170954447,1,1,7.499671,0.63456728,1,64,94.60719041,73.90146471,1.59,288.7,61.83,49,43.1,760.7,1.6,0.57,0.88,4,1.39,32.2,10.45,3.04,16.47,31.29,52.24,891.8,0.428,20.2,-0.631,-0.776,8.73,11.95,16.426629,5.200985221,3.255836508,,,-0.074054021,-0.169407355,0.0000527,
11015000,0.024999569,2.9,1,551,0.9782976,0.11102204,1,1,81.490142,1.480326105,1,22.97916667,94.59601259,96.06505771,1.44,117.8,76.11,45.5,48.7,677.6,11.1,0.564,0.71,3,1.32,40,10.19,5.47,12.93,24.7,62.37,1330.9,0.351,17.6,-0.501,-0.865,10.57,4.98,15.126983,64.84675838,71.42852292,,,-0.09802169,-0.192878786,-0.023272728,0.608571175
11274630,0.011740752,0,2,561,1.056545627,0.159207024,1,1,14.544513,0.969698236,1,79.66666667,94.57725948,63.3819242,1.77,187.4,43.32,61.7,49.1,799,2.1,0.604,1.08,4,1.42,30.9,10.3,1.62,26.46,42.13,31.41,559.2,0.472,26.1,-0.722,0.692,7.89,8.15,18.975462,2.596224212,4.075933831,,,-0.045234715,-0.097401651,-0.006249959,0.568651794
11063510,0.067411668,31,2,841,0.971887512,0.149898506,1,1,75.044644,1.007263416,1,31.5,94.56589631,95.50281074,2.04,144.5,66.42,46,40.7,690.4,4.5,0.635,0.96,4,1.54,50.7,9.96,6.14,10.54,26.94,62.52,1273.4,0.272,22.4,-0.728,0.686,6.77,8.28,18.45637,20.60685912,23.61986159,74.67695502,36.88442907,0.082420918,-0.038169893,-0.099867697,0.741913803
11274630,0.041704601,61.9,2,496,1.059592987,0.148809376,1,1,85.565494,1.161792096,1,77,94.56305859,84.40913605,1.77,187.4,43.32,61.7,49.1,799,2.1,0.604,1.08,4,1.42,30.9,10.3,1.62,26.46,42.13,31.41,559.2,0.472,26.1,-0.722,0.692,8.59,5.71,18.975462,28.65968365,39.2167556,,,-0.055945418,-0.19305785,-0.071589767,0.595692952
11451715,0.167913373,1.7,2,503,0.984983881,0.089946961,1,1,11.690112,0.296371599,1,57,94.54545455,91.53409091,0.9,247.9,70.02,59.6,55.5,854.4,1,0.615,0.96,4,1.19,43.2,10.66,0.49,37.34,42.78,19.88,560.5,0.34,18.2,-0.265,0.964,7.69,10.4,18.827651,1.945488238,3.78987495,23.98777733,10.34183138,-0.028831435,-0.039762042,-0.011139522,0.691053957
11123500,0.005402318,31.9,2,928,1.037061723,0.149217692,1,1,47.106742,1.207876628,1,30.9375,94.52852154,99.35972061,1.89,718.1,79.99,52.6,34.3,660.8,3.8,0.712,1.27,5,1.39,25.8,9.92,1.14,22.63,41.55,35.82,934.1,0.378,31.2,-0.578,-0.816,8.31,17.22,18.753658,43.16949878,44.25628743,16.02817156,5.57082579,-0.041739968,-0.117735286,-0.025034786,0.578338332
11176400,0.163913074,81.8,2,496,1.007261976,0.074737506,1,1,74.095967,1.41581736,1,89,94.51795841,81.89981096,1.46,338.6,57.45,62.2,56.1,798.4,4,0.599,1.02,5,1.51,31.3,10.82,2.16,22.41,45.93,31.66,753.8,0.52,23.4,-0.069,-0.998,7.92,7.81,17.721231,21.07161609,32.61317188,,,-0.067347092,-0.20950784,-0.078053436,0.604649115
11077500,0.127002348,0,2,838,1.02965644,0.133486367,1,1,24.501378,1.161798467,1,32,94.51176051,89.37990021,1.28,240.8,51.01,60.8,37.1,825.6,0,0.654,1.13,5,1.61,20.2,10.37,1.7,25.4,46.19,28.41,553.2,0.308,25.4,-0.221,-0.975,12.34,11.9,17.754193,9.989975637,12.6130814,,,-0.026350686,-0.059067076,-0.018292824,0.675049737
11077500,0.021402248,128.7,2,482,1.090419613,0.304981698,1,1,11.075228,0.62641764,1,71.8,94.50643777,92.53218884,1.28,240.8,51.01,60.8,37.1,825.6,0,0.654,1.13,5,1.61,20.2,10.37,1.7,25.4,46.19,28.41,553.2,0.308,25.4,-0.221,-0.975,12.34,11.9,17.754193,2.800140695,1.788413621,,,0.051188561,-0.157130797,-0.11617759,0.627282338
11023340,0.224260946,10.4,2,436,1.012413158,0.051565999,1,1,37.099197,1.443643241,1,42.75,94.50464396,84.75232198,2.81,109.6,39.02,60.2,39.8,841.8,0,0.626,1.08,3,1.17,24.2,11.67,2.82,23.07,37.6,39.33,263,0.251,12.8,-0.28,-0.96,12.07,7.85,14.786058,26.23438145,28.43786496,,,-0.043319158,-0.108905474,-0.02265705,0.915032406
10260950,0.097515947,1.4,2,165,1.003316658,0.104022176,1,1,10.926878,0.653202168,1,59,94.5003873,88.61347792,2.1,175.1,66.31,43.9,49,724,6.7,0.611,0.97,4,1.24,39.2,10.29,5.47,13.39,28.27,58.34,1271.7,0.362,20.2,0.925,0.379,6.25,13.76,18.304836,7.69524916,7.127527127,10.63038264,5.662649914,-0.010153694,-0.015770832,-0.004230654,0.796029693
11063510,0.122673559,0,2,125,0.998244727,0.144614452,1,1,19.701106,0.914667921,1,42,94.49869792,96.6796875,2.04,144.5,66.42,46,40.7,690.4,4.5,0.635,0.96,4,1.54,50.7,9.96,6.14,10.54,26.94,62.52,1273.4,0.272,22.4,-0.728,0.686,7.51,15.53,18.45637,6.090614167,8.283114187,74.67695502,36.88442907,0.003303807,-0.006704234,-0.005119741,0.927332981
11118500,0.019355949,4.9,2,86,1.101082534,0.247832506,1,1,82.190611,1.092289043,1,58,94.48233106,95.04029758,2.11,485.7,69.88,51.4,33.4,711.7,1.4,0.702,1.2,6,1.39,38.3,10.32,1.3,23.76,41.87,34.37,702.1,0.36,29.1,-0.979,-0.203,10.63,13.74,16.615606,33.83108468,42.24663372,80.03368334,50.47848466,0.331314345,0.123299966,-0.014966023,1.109881426
11014000,0.168218732,29.8,2,484,0.975461598,0.137714424,1,1,34.921161,0.643563446,1,19.5,94.46275544,96.17666447,2.91,181.8,44.33,55.8,42.1,846.3,0,0.609,1.26,5,1.39,33.8,10.3,3.01,18.77,38.69,42.55,490.9,0.343,19.4,-0.048,-0.999,11.77,8.75,16.12831,24.61891647,27.06188119,,,-0.057379198,-0.140391987,-0.024227996,0.841697022
11152000,0.221968353,66.5,2,814,1.109649129,0.31040789,1,1,7.156277,1.825105706,1,55.875,94.44741057,93.32621463,2.07,625.1,80.89,63.9,60.5,663.8,2.9,0.654,1.03,5,2.35,38.3,10.02,3.14,20.17,34.81,45.02,759.1,0.387,34.7,-0.132,0.991,8.57,12.76,17.294107,3.419893111,4.751959686,14.97461206,10.20955047,-0.083696349,-0.130360625,-0.01582025,
11065000,0.026476654,86.6,2,69,0.994023482,0.366181565,1,1,8.140156,1.901694811,1,65,94.43312967,89.27359131,1.55,364.7,81.4,47.7,43.6,701.5,4.2,0.649,1.11,5,1.12,49.6,10,6.62,10.83,28.51,60.66,1250.1,0.343,27.3,-0.675,0.738,7.23,10.24,19.024359,2.365863291,3.388017549,33.44313134,17.52322457,0.003139483,-0.006888002,-0.00523758,0.924603841
11466200,0.518229094,0,2,821,1.027212597,0.084510143,1,1,34.361034,1.403707824,1,19.94472222,94.42964936,96.18286729,1.32,144.8,107.68,64.2,75.1,733.1,1.3,0.62,0.7,4,1.27,28.1,11.03,1.27,27,44.02,28.98,258.7,0.293,15.8,0.094,-0.996,8.63,16.48,17.015969,18.43726499,19.21139503,,,-0.091751365,-0.258643229,-0.140740718,0.419742642
11456000,0.224080346,1.4,2,821,0.962771921,0.094687865,1,1,60.472826,0.901596113,1,19.9375,94.42790302,95.15099957,1.79,212.3,104.44,64,69.8,743.7,1.5,0.624,0.68,4,1.39,28.5,10.89,2.14,24.23,44.57,31.21,305.3,0.209,20.9,-0.876,0.483,8.25,16.25,16.071526,22.62324764,34.12581253,,,-0.086844868,-0.252784243,-0.136107724,0.462245909
14092750,0.212745499,9.7,1,54,0.995338708,0.187476863,1,1,98.92403,1.011426633,1,61.99027778,94.41850122,98.33222148,2.64,57.5,157.25,64.1,149.6,492.3,49.5,0.401,0.84,3,1.26,78.7,9.59,6.55,15.23,29.88,54.88,1477.3,0.381,24.7,-0.096,0.995,6.45,14.53,17.677713,42.71836711,42.4346087,99.52765217,38.0013913,0.162595413,0.097160528,0.02906728,1.03736107
11458500,0.47069182,0,2,821,0.99225714,0.076679772,1,1,14.134659,1.872868589,1,19.92333333,94.38822447,95.53817847,2.59,150.4,107.96,63.9,77.4,739.6,1.4,0.626,0.64,3,1.77,23.2,10.42,1.81,24.93,43.89,31.18,301.1,0.336,17.6,-0.861,-0.509,8.48,16.55,19.519202,0.499796572,1.447539894,,,0.00757648,-0.088562317,-0.065355154,0.608562146
11042400,0.009102426,4.9,2,586,1.007682211,0.197180183,1,1,5.418644,1.623115625,1,31.9475,94.38417358,92.85258456,2.17,342.2,45.9,47.5,35.2,738.3,4.5,0.519,0.92,4,1.33,34.5,10.18,6.63,11.08,22.22,66.7,1119.3,0.457,17,0.473,-0.881,7.88,8.66,17.322787,2.08734395,4.6735827,,,-0.013044584,-0.070847167,-0.014318167,
11466200,0.623830494,32.6,2,454,1.036781513,0.126692172,1,1,7.676397,0.941665039,1,15,94.36902966,96.43036702,1.32,144.8,107.68,64.2,75.1,733.1,1.3,0.62,0.7,4,1.27,28.1,11.03,1.27,27,44.02,28.98,258.7,0.293,15.8,0.094,-0.996,8.23,21.97,17.015969,0.862305695,1.310220994,,,0.11286134,0.003010738,-0.118101618,0.654883262
11047300,0.368381789,146.5,2,611,1.054233563,0.156944562,1,1,11.921157,1.8590446,1,56,94.36781609,90.34482759,1.1,139.9,46.85,61.6,36.6,812.1,0,0.652,1.08,3,1.27,23.9,11.46,2.26,24.89,42.68,32.43,423.2,0.234,19.1,-0.597,-0.802,14.87,2.27,13.66011,4.902997679,7.699857041,11.53209435,10.94796283,0.064649032,-0.160446952,-0.110397484,0.541141138
11451715,0.015649069,21.6,1,1076,0.945706299,0.244184476,1,1,11.655139,0.944331954,1,71,94.32962374,85.00264971,0.9,247.9,70.02,59.6,55.5,854.4,1,0.615,0.96,4,1.19,43.2,10.66,0.49,37.34,42.78,19.88,560.5,0.34,18.2,-0.265,0.964,21.88,0.68,18.827651,2.304121352,5.157482856,23.98777733,10.34183138,-0.020201164,-0.037042487,-0.012948582,0.829864732
11109600,0.006522447,0,2,813,0.976774934,0.214688199,1,1,41.681744,1.066478672,1,42,94.30796884,88.37627322,1.66,963.8,55.61,42.7,35,676,11.8,0.673,1.1,5,2.08,52.1,10.21,5.72,18.55,37.45,44,1385.2,0.448,26,-0.765,0.644,8.74,4.34,16.693884,12.52429966,19.22524383,6.542218303,3.126727537,-0.054237196,-0.108104837,-0.011410457,0.669482329
11042900,0.04264356,13.7,2,454,0.998214604,0.068177358,1,1,15.117915,0.970781969,1,63,94.30523918,61.27562642,1.45,227.1,38.42,52.1,30.4,862.2,0.2,0.588,1,3,1.35,24,11.73,2.76,18.12,34.83,47.04,611.1,0.274,8.4,-0.245,-0.97,10.65,8.7,16.576693,2.290242769,3.785468956,,,,,,
11025500,0.024030554,0.2,2,495,0.909929224,0.230775426,1,1,16.382785,0.674671611,1,38.66666667,94.28754814,95.8279846,1.59,288.7,61.83,49,43.1,760.7,1.6,0.57,0.88,4,1.39,32.2,10.45,3.04,16.47,31.29,52.24,891.8,0.428,20.2,-0.631,-0.776,10.28,13.15,16.426629,11.15906388,12.28919293,,,-0.072404985,-0.159021569,-0.025886188,0.818166877
10260950,0.169803889,221.6,2,911,0.986610546,0.216616387,1,1,10.926878,0.653202168,1,53.88916667,94.2680093,90.31758327,2.1,175.1,66.31,43.9,49,724,6.7,0.611,0.97,4,1.24,39.2,10.29,5.47,13.39,28.27,58.34,1271.7,0.362,20.2,0.925,0.379,7.19,15.35,18.304836,7.69524916,7.127527127,10.63038264,5.662649914,0.078235695,-0.10005319,-0.114749105,0.605979138
11138500,0.013130862,304.4,2,204,1.034870552,0.272535725,1,1,43.010103,1.393757,1,44.91666667,94.25810119,96.02046617,2,728.9,69.82,57.6,39.6,665.2,7.1,0.686,1.16,5,1.44,28.2,9.8,1.39,21.86,41.68,36.45,994.2,0.424,34.2,0.199,-0.98,8.07,14.16,16.60856,32.67864011,35.43658938,,,-0.079948795,-0.1583225,-0.003626793,0.635399474
11077500,0.019520731,4.8,2,21,1.070290272,0.273040855,1,1,11.867328,0.9068181,1,22.5,94.24040067,95.24207012,1.28,240.8,51.01,60.8,37.1,825.6,0,0.654,1.13,5,1.61,20.2,10.37,1.7,25.4,46.19,28.41,553.2,0.308,25.4,-0.221,-0.975,12.34,11.9,17.754193,4.617074093,6.360921927,,,0.033667922,0.042852639,0.004524728,1.367628761
11372000,0.025105436,0.1,1,621,0.999712465,0.143434518,1,1,91.657499,0.929124384,1,42.9525,94.23076923,98.74125874,1.46,589.9,149.15,61.6,92.2,773.2,13.3,0.544,0.71,4,1.55,62,10.11,2.48,20.64,39.59,39.77,857.8,0.39,33.5,-0.806,0.592,9.94,9.97,14.264321,51.50065731,67.58848957,,,0.002635413,-0.271925171,-0.102547206,0.393701658
11044800,0.104325126,38.4,2,203,0.954629813,0.128637638,1,1,5.29932,0.732504198,1,84,94.22764228,75.6097561,1.68,85.5,40.9,59,33,853.1,0,0.666,0.86,3,1.19,26.7,10.3,3.33,15.97,31.55,52.47,405.4,0.415,18.9,-0.922,0.386,13.04,7.5,15.319151,2.005988961,2.867368421,,,-0.01646926,-0.029844553,-0.003557036,
11204100,0.016483095,44.4,2,951,1.054643806,0.14264058,1,1,14.215553,0.967391659,1,79,94.22558014,89.63842418,2.9,249.1,79.83,55.9,53.1,703.2,25.2,0.595,0.74,4,1.36,65.9,9.43,2.64,18.72,31.31,49.98,1348.7,0.417,34.4,0.119,-0.993,9.78,6.17,17.505672,1.184458719,2.632436772,48.9626656,16.38281815,0.301182649,0.096928178,-0.011631839,0.837459498
11063510,0.18596998,0,1,853,0.868574043,0.375335115,1,1,15.999744,0.650293498,1,35,94.22092173,92.09948793,2.04,144.5,66.42,46,40.7,690.4,4.5,0.635,0.96,4,1.54,50.7,9.96,6.14,10.54,26.94,62.52,1273.4,0.272,22.4,-0.728,0.686,14.92,2.33,18.45637,3.489027728,3.731418685,74.67695502,36.88442907,-0.035891857,-0.049581941,-0.016637586,
11059300,0.05747177,117.8,2,514,1.130851472,0.372837664,1,1,10.204954,0.671506587,1,69.96444444,94.21965318,98.52280026,1.38,946,67.84,42.5,47.8,641.9,27.6,0.57,1.05,5,1.86,28.1,10.09,7.16,11.69,29.16,59.16,1661,0.43,26,0.124,-0.992,5.83,12.26,19.036583,5.853874082,5.295634249,5.803953488,2.260084567,-0.084515517,-0.142665696,-0.020310006,0.682674413
11274500,0.034032291,25.9,2,493,1.080882973,0.203172591,1,1,91.144936,0.968114006,1,47.75,94.20471651,93.57752132,1.48,347.8,45.32,61.6,45.7,861,1.4,0.624,1.05,4,1.63,30.1,10.73,1.77,24.88,42.82,32.31,475.6,0.378,24.4,-0.349,0.937,8.71,5.88,18.273952,28.95967613,36.63890167,,,-0.049693472,-0.162895641,-0.067747282,0.614993088
11466320,0.484254543,0,2,821,1.031463902,0.092124628,1,1,24.946189,1.516647465,1,19.95,94.19602529,96.11562782,1.27,199.4,102.63,64.2,72,732.8,1,0.622,0.67,4,1.3,28.7,12.14,1.14,27.37,43.92,28.71,204.1,0.243,12.2,-0.118,-0.993,8.61,15.5,16.638396,13.68925187,13.95090271,,,-0.091766525,-0.258672788,-0.140744604,0.419628041
11152000,0.268627007,36.9,2,541,1.040443082,0.163474732,1,1,7.156277,1.825105706,1,87,94.18045916,74.58622531,2.07,625.1,80.89,63.9,60.5,663.8,2.9,0.654,1.03,5,2.35,38.3,10.02,3.14,20.17,34.81,45.02,759.1,0.387,34.7,-0.132,0.991,9.53,13.87,17.294107,3.419893111,4.751959686,14.97461206,10.20955047,-0.144762853,-0.216354713,-0.026505137,
11123500,0.160886541,178.9,2,930,1.015413141,0.125453544,1,1,47.106742,1.207876628,1,47.75,94.17927823,94.99417928,1.89,718.1,79.99,52.6,34.3,660.8,3.8,0.712,1.27,5,1.39,25.8,9.92,1.14,22.63,41.55,35.82,934.1,0.378,31.2,-0.578,-0.816,8.31,17.22,18.753658,43.16949878,44.25628743,16.02817156,5.57082579,-0.041739968,-0.117735286,-0.025034786,0.578338332
11451715,0.188474195,0,2,967,1.004272234,0.125972013,1,1,11.655139,0.944331954,1,49.85722222,94.17064123,90.2490726,0.9,247.9,70.02,59.6,55.5,854.4,1,0.615,0.96,4,1.19,43.2,10.66,0.49,37.34,42.78,19.88,560.5,0.34,18.2,-0.265,0.964,8.75,13.34,18.827651,2.304121352,5.157482856,23.98777733,10.34183138,-0.020201164,-0.037042487,-0.012948582,0.829864732
11143000,0.181265215,49.8,2,164,1.058349764,0.197864647,1,1,29.9711,1.327452654,1,45.88916667,94.13625304,93.67396594,2.74,120.6,116.26,67.4,72.8,639.5,3.4,0.654,0.98,4,1.47,40.3,10.29,4.14,14.13,31.45,54.42,779,0.492,43.6,-0.447,-0.894,8.68,23.37,18.127121,15.90995837,20.11791045,86.30373134,57.91119403,0.010770338,0.00564021,0.002104102,
8380500,0.301607723,167.4,1,114,0.981551137,0.168795842,1,1,99.368957,1.001978058,1,14.9525,94.12919343,89.72162741,2.1,198.1,68.57,50.8,80.7,464.5,19.2,0.221,0.66,4,1.18,58,10.64,1.87,31.03,41.4,27.57,2652.5,0.381,25,-0.636,0.772,16.47,10.22,17.995738,30.00276242,42.76158506,96.58440182,48.47415447,0.009804609,0.004280286,0.019648497,1.00779206
11466320,0.617744065,34,2,454,1.04779205,0.147840216,1,1,11.48391,1.070572978,1,16.66666667,94.12650602,96.28514056,1.27,199.4,102.63,64.2,72,732.8,1,0.622,0.67,4,1.3,28.7,12.14,1.14,27.37,43.92,28.71,204.1,0.243,12.2,-0.118,-0.993,8.23,20.92,16.638396,1.207236838,1.65330993,,,0.107350829,-0.005919632,-0.100306364,0.654534435
9404450,0.114587753,13.9,1,433,1.020127938,0.154455187,1,1,14.12125,1.495243097,1,4.978333333,94.12162162,99.76351351,2.21,193,46.03,54.3,64.1,511.3,37.5,0.146,0.49,3,1.1,77.9,10.5,1.53,27.11,45.25,27.64,2214.5,0.528,23.3,-0.996,0.092,13.41,3.77,16.150084,4.678595116,7.601968912,13.95839378,7.030725389,,,,0.42238348
11077500,0.041981332,33.1,2,87,1.070755686,0.276135605,1,1,9.037622,0.870950945,1,62.90916667,94.11247803,93.32161687,1.28,240.8,51.01,60.8,37.1,825.6,0,0.654,1.13,5,1.61,20.2,10.37,1.7,25.4,46.19,28.41,553.2,0.308,25.4,-0.221,-0.975,12.07,11.6,17.754193,1.787458233,3.162707641,,,-0.011651957,-0.022716912,-0.005185183,
11143000,0.220007133,0,2,246,1.07761862,0.219067512,1,1,99.985297,0.997222043,1,42.66666667,94.09005629,86.86679174,2.74,120.6,116.26,67.4,72.8,639.5,3.4,0.654,0.98,4,1.47,40.3,10.29,4.14,14.13,31.45,54.42,779,0.492,43.6,-0.447,-0.894,8.68,23.37,18.127121,33.21126627,44.52462687,86.30373134,57.91119403,-0.174384752,-0.24477222,-0.020714274,0.306190458
11172945,0.373873053,0,2,863,1.028458026,0.063021278,1,1,98.034239,1.017024877,1,22.95833333,94.06982305,90.57867049,1.9,87.1,62.38,62.8,59.5,791,4.1,0.574,1.07,3,1.31,29.5,10.31,2.21,25.08,45.14,29.79,814.2,0.599,26.7,-0.303,-0.953,8.19,8.49,17.898739,16.30612818,27.85556831,,,-0.014768005,-0.121371461,-0.072547675,0.663379039
11014000,0.028815246,0,2,495,0.970915941,0.151010447,1,1,34.921161,0.643563446,1,23,94.06723797,96.63810152,2.91,181.8,44.33,55.8,42.1,846.3,0,0.609,1.26,5,1.39,33.8,10.3,3.01,18.77,38.69,42.55,490.9,0.343,19.4,-0.048,-0.999,12.36,9.83,16.12831,24.61891647,27.06188119,,,-0.057379198,-0.140391987,-0.024227996,0.841697022
11449500,1.438126006,8.5,1,174,1.033105257,0.067023505,1,1,20.124733,1.609944458,1,43,94.05809859,96.17077465,1.81,95.3,148.47,60,80.8,774.8,1.3,0.621,0.7,3,1.52,33.3,10.94,1.18,24.63,43.26,32.11,804.1,0.359,20,0.851,-0.526,9.33,21.02,16.804113,7.764004234,10.69045121,,,-0.006529944,-0.018189741,-0.000934813,0.82201641
11046100,0.008394809,0,2,968,1.043283861,0.138206606,1,1,61.385841,1.075061642,1,35,94.0431869,88.45867461,2.11,67.8,40.34,64.9,35,816,0,0.655,0.95,3,1.15,23,11.12,2.52,22.77,32.67,44.56,187.1,0.264,14.1,-0.987,-0.159,13.27,8.83,16.06083,4.915239878,3.734070796,30.20707965,9.995575221,0.004454934,0.018434641,-0.007547774,0.970007047
11138500,0.012431585,418.3,2,469,1.08758203,0.311047872,1,1,5.562678,0.956816384,1,17,94.03735632,98.27586207,2,728.9,69.82,57.6,39.6,665.2,7.1,0.686,1.16,5,1.44,28.2,9.8,1.39,21.86,41.68,36.45,994.2,0.424,34.2,0.199,-0.98,8.07,14.16,16.60856,2.132233872,2.931760187,,,-0.033507168,-0.096675648,-0.012337169,
8380500,0.20297771,89.7,1,111,0.926904689,0.310561784,1,1,99.368957,1.001978058,1,10.9,94.02212705,96.10992148,2.1,198.1,68.57,50.8,80.7,464.5,19.2,0.221,0.66,4,1.18,58,10.64,1.87,31.03,41.4,27.57,2652.5,0.381,25,-0.636,0.772,16.47,10.22,17.995738,30.00276242,42.76158506,96.58440182,48.47415447,0.009804609,0.004280286,0.019648497,1.00779206
11372000,0.027409568,2.4,1,1058,0.929760437,0.249987327,1,1,6.341896,0.624858698,1,72,94.00781589,90.92488059,1.46,589.9,149.15,61.6,92.2,773.2,13.3,0.544,0.71,4,1.55,62,10.11,2.48,20.64,39.59,39.77,857.8,0.39,33.5,-0.806,0.592,14.62,6.38,14.264321,1.867578044,3.624563485,,,-0.101866292,-0.146039188,-0.019165427,0.556108781
11138500,0.013830138,0,2,566,1.026493054,0.258349104,1,1,14.684484,0.673222561,1,26,93.99171271,94.47513812,2,728.9,69.82,57.6,39.6,665.2,7.1,0.686,1.16,5,1.44,28.2,9.8,1.39,21.86,41.68,36.45,994.2,0.424,34.2,0.199,-0.98,8.21,17.01,16.60856,2.711386657,3.72223899,,,-0.017412532,-0.069081844,-0.02870181,0.694239571
11042900,0.023441489,11.6,2,533,1.041224106,0.174042617,1,1,6.890085,1.723145088,1,34,93.96666667,97.33333333,1.45,227.1,38.42,52.1,30.4,862.2,0.2,0.588,1,3,1.35,24,11.73,2.76,18.12,34.83,47.04,611.1,0.274,8.4,-0.245,-0.97,10.65,8.7,16.576693,1.886222907,1.07675033,,,,,,
11101250,0.646764281,1.8,2,825,1.203107499,0.366980519,1,1,19.467814,0.2812935,1,23.83333333,93.95640687,94.84808454,3.16,237.3,62.69,59.1,33.7,843.8,0.3,0.655,0.85,3,1.36,34,10.8,2.61,18.95,41.98,39.07,471.3,0.228,19.6,-0.987,-0.161,11.89,7.64,13.411358,15.93946448,13.65322377,19.49397387,12.38921197,-0.040271181,-0.19425095,-0.101413102,0.55475962
11173200,0.217602885,0,2,863,0.982194434,0.08822052,1,1,87.006427,0.955234442,1,23.96166667,93.93796992,89.33270677,1.32,199.1,62.25,63.2,58.1,792.3,4.1,0.584,0.96,4,1.42,34.1,10.49,2.12,23.06,45.64,31.3,817,0.536,26.7,0.459,-0.888,8.06,8.66,16.584267,21.85655409,36.6775992,,,-0.033136418,-0.134616752,-0.090553759,0.63793308
11101250,0.508342405,35.6,2,474,1.054781004,0.537852631,1,1,9.043463,1.218738623,1,33,93.92857143,95.5,3.16,237.3,62.69,59.1,33.7,843.8,0.3,0.655,0.85,3,1.36,34,10.8,2.61,18.95,41.98,39.07,471.3,0.228,19.6,-0.987,-0.161,12.07,15.17,13.411358,0,3.349683944,19.49397387,12.38921197,-0.042418249,-0.066936498,-0.019972415,
11159200,0.104094225,72.5,2,1002,1.083251533,0.249540169,1,1,12.563615,1.632601188,1,51.75,93.92156863,94.65686275,1.76,71,84.62,68.1,68.6,691.1,0.1,0.629,0.85,3,1.21,34.5,10.12,2.59,21.18,36.59,42.23,305.2,0.333,21,-0.996,-0.089,10.55,16.18,16.438445,0.115679955,6.346901408,,,-0.027017337,-0.065208871,-0.013067387,0.783301461
11458000,0.113007263,1.4,2,821,0.976051402,0.128360628,1,1,23.054366,1.506954112,1,20.9375,93.90794224,94.90072202,1.81,566.3,96.01,63.5,67.6,752.1,1.4,0.629,0.68,4,1.21,26.8,11,1.67,26.49,45.86,27.64,276.3,0.212,18.6,-0.834,0.552,8.25,14.98,16.230256,8.493122166,12.92929543,,,-0.086210229,-0.251361333,-0.135603123,0.464030472
11461000,0.193069227,45.9,2,512,1.040830307,0.129174449,1,1,32.301184,1.065652935,1,57,93.89671362,99.64788732,1.95,259.6,118.6,63.1,81.2,730.9,3,0.607,0.95,4,1.1,36,11.3,1.16,28.24,42.59,29.17,448.3,0.314,20.6,-0.997,0.077,9.33,18.36,15.086673,6.630779176,11.66221109,,,0.168591806,-0.024895358,-0.112839417,0.580309863
11065000,0.172370003,0,2,125,0.97775278,0.373184249,1,1,8.140156,1.901694811,1,42,93.89002037,96.67345553,1.55,364.7,81.4,47.7,43.6,701.5,4.2,0.649,1.11,5,1.12,49.6,10,6.62,10.83,28.51,60.66,1250.1,0.343,27.3,-0.675,0.738,7.67,19.01,19.024359,2.365863291,3.388017549,33.44313134,17.52322457,0.003139483,-0.006888002,-0.00523758,0.924603841
11278300,0.007800645,11.7,1,791,1.061078889,0.175792602,1,1,23.425173,0.432281083,1,49.83333333,93.88160509,97.29837108,1.87,591.7,131.04,62.8,76.9,508.2,48.9,0.559,0.7,5,1.48,58.1,10.16,8.95,7.88,22.35,69.76,2204.3,0.583,25.1,-0.658,-0.753,7.87,7.32,14.088632,7.381948655,10.43069123,21.92164948,10.37679567,-0.046235414,-0.089211392,-0.009066721,0.606999358
11025500,0.022461211,7.3,2,584,1.018975967,0.121922722,1,1,7.499671,0.63456728,1,39.9375,93.87483356,93.1424767,1.59,288.7,61.83,49,43.1,760.7,1.6,0.57,0.88,4,1.39,32.2,10.45,3.04,16.47,31.29,52.24,891.8,0.428,20.2,-0.631,-0.776,8.73,11.95,16.426629,5.200985221,3.255836508,,,0.008491982,-0.028601102,-0.009951843,
9430600,0.034634221,49.8,1,431,0.957608063,0.176541899,1,1,91.945834,1.032051864,1,41.975,93.85854518,78.27837906,1.85,190.5,67.41,44.7,72,593.8,14,0.222,0.58,3,1.32,53.1,9.96,2.05,31.86,33.61,34.53,2371.3,0.444,40.6,-0.973,-0.231,19.49,9.71,15.895541,15.38212465,16.98897638,91.38944882,35.34944882,,,,0.435482093
11077500,0.132882087,0.1,2,162,1.038836817,0.153985418,1,1,9.037622,0.870950945,1,24.66666667,93.84885764,93.14586995,1.28,240.8,51.01,60.8,37.1,825.6,0,0.654,1.13,5,1.61,20.2,10.37,1.7,25.4,46.19,28.41,553.2,0.308,25.4,-0.221,-0.975,12.93,9.51,17.754193,1.787458233,3.162707641,,,-0.011651957,-0.022716912,-0.005185183,
11025500,0.018047436,0,1,891,1.049657906,0.156921597,1,1,16.382785,0.674671611,1,37.66666667,93.83825417,88.18998716,1.59,288.7,61.83,49,43.1,760.7,1.6,0.57,0.88,4,1.39,32.2,10.45,3.04,16.47,31.29,52.24,891.8,0.428,20.2,-0.631,-0.776,12.79,4.12,16.426629,11.15906388,12.28919293,,,-0.027877997,-0.041292397,-0.019523264,1.382956825
11143000,0.168820842,13.3,2,468,0.989642573,0.064018698,1,1,13.697515,0.363115177,1,21,93.79310345,99.36339523,2.74,120.6,116.26,67.4,72.8,639.5,3.4,0.654,0.98,4,1.47,40.3,10.29,4.14,14.13,31.45,54.42,779,0.492,43.6,-0.447,-0.894,8.33,25.11,18.127121,0.979707657,4.544776119,86.30373134,57.91119403,-0.06088307,-0.108076154,-0.019716675,
11025500,0.022657379,1.7,2,839,1.06180441,0.197871181,1,1,57.038453,0.63853309,1,30,93.79310345,86.6091954,1.59,288.7,61.83,49,43.1,760.7,1.6,0.57,0.88,4,1.39,32.2,10.45,3.04,16.47,31.29,52.24,891.8,0.428,20.2,-0.631,-0.776,9.46,12.2,16.426629,35.29497486,34.52483547,,,0.004601165,-0.01412555,-0.015278874,0.884453394
9430600,0.068673862,8.3,1,514,1.028163988,0.104806253,1,1,51.133435,1.205781063,1,25,93.78997868,91.23134328,1.85,190.5,67.41,44.7,72,593.8,14,0.222,0.58,3,1.32,53.1,9.96,2.05,31.86,33.61,34.53,2371.3,0.444,40.6,-0.973,-0.231,10.97,6.38,15.895541,11.52470622,12.07322835,91.38944882,35.34944882,0.045692369,0.00555586,-0.002151291,0.813182192
11014000,0.257000841,58.2,2,775,1.015969323,0.071224629,1,1,7.06468,1.142409136,1,32,93.78219279,91.97939662,2.91,181.8,44.33,55.8,42.1,846.3,0,0.609,1.26,5,1.39,33.8,10.3,3.01,18.77,38.69,42.55,490.9,0.343,19.4,-0.048,-0.999,11.77,8.75,16.12831,6.01277364,6.221287129,,,-0.031159249,-0.061151788,-0.024314305,
11023340,0.127115651,0.7,2,475,1.01790034,0.067771686,1,1,37.099197,1.443643241,1,45,93.76934985,82.89473684,2.81,109.6,39.02,60.2,39.8,841.8,0,0.626,1.08,3,1.17,24.2,11.67,2.82,23.07,37.6,39.33,263,0.251,12.8,-0.28,-0.96,12.68,7.97,14.786058,26.23438145,28.43786496,,,-0.043319158,-0.108905474,-0.02265705,0.915032406
11451715,0.209035016,74.3,2,919,1.055847822,0.157414006,1,1,11.655139,0.944331954,1,22.92333333,93.74668786,94.54160042,0.9,247.9,70.02,59.6,55.5,854.4,1,0.615,0.96,4,1.19,43.2,10.66,0.49,37.34,42.78,19.88,560.5,0.34,18.2,-0.265,0.964,7.69,10.4,18.827651,2.304121352,5.157482856,23.98777733,10.34183138,-0.020201164,-0.037042487,-0.012948582,0.829864732
11458000,0.009850633,0,1,583,1.025523566,0.120865803,1,1,7.469418,0.749639592,1,37.96888889,93.73163565,93.53574927,1.81,566.3,96.01,63.5,67.6,752.1,1.4,0.629,0.68,4,1.21,26.8,11,1.67,26.49,45.86,27.64,276.3,0.212,18.6,-0.834,0.552,16.54,2.49,16.230256,0.513073094,1.896309377,,,0.278941751,0.094248912,-0.0000965,0.659041598
11466800,0.073375384,0.9,2,821,1.014185929,0.088922479,1,1,13.403992,2.005967198,1,20,93.71800838,95.81200558,2.06,652.2,100.52,64.6,68.1,730.4,0.8,0.63,0.68,4,1.71,30,13.03,1.22,29.33,42.59,28.08,155.1,0.185,9.2,-0.054,-0.999,8.57,15.04,16.611166,7.269984253,7.898942042,,,-0.090075087,-0.265432124,-0.142726116,0.426360756
11027000,0.045248527,0,2,891,1.033293574,0.087000884,1,1,70.526293,1.115871643,1,36.66666667,93.69369369,86.93693694,1.62,58.2,51.93,53.2,38.8,797.9,0.2,0.625,1,3,1.16,28.6,11.16,2.59,16.4,30.84,52.76,653.6,0.433,13,-0.467,-0.884,13.53,3.36,15.624757,49.6480909,49.63608247,,,-0.025618471,-0.03325335,-0.013415509,1.239786878
11113000,0.027358404,103.5,2,731,0.908975594,0.23120642,1,1,18.928716,1.316921813,1,57.99527778,93.68165249,91.67679222,1.41,650,68.34,45.4,34.7,663.4,7.7,0.69,1.22,4,1.67,44.6,9.91,2,22.07,41.65,36.28,1251.5,0.512,32.7,-1,0.016,6.83,9.22,16.054577,6.141831074,9.616984615,14.98787692,8.055507692,0.266680581,0.059727096,-0.059527782,0.966690077
11169800,0.306290099,65.3,2,547,1.08033411,0.25249829,1,1,19.710195,1.254471196,1,31.97638889,93.65828092,95.70230608,1.22,282.9,60.85,63.3,56.7,817.9,1.8,0.626,0.99,4,1.41,31.7,10.98,2.22,23.01,45.71,31.28,604,0.421,25.6,-0.968,-0.251,9.94,10.2,15.108,8.512952968,12.39353128,,,-0.080944275,-0.139187398,-0.020343577,0.568156639
11023340,0.560652365,0,2,496,1.026713158,0.151159194,1,1,37.099197,1.443643241,1,24,93.65325077,93.57585139,2.81,109.6,39.02,60.2,39.8,841.8,0,0.626,1.08,3,1.17,24.2,11.67,2.82,23.07,37.6,39.33,263,0.251,12.8,-0.28,-0.96,13.45,8.4,14.786058,26.23438145,28.43786496,,,-0.043319158,-0.108905474,-0.02265705,0.915032406
11274500,0.008874449,0,2,863,1.040864464,0.144406718,1,1,91.144936,0.968114006,1,24.85722222,93.62769694,88.66031109,1.48,347.8,45.32,61.6,45.7,861,1.4,0.624,1.05,4,1.63,30.1,10.73,1.77,24.88,42.82,32.31,475.6,0.378,24.4,-0.349,0.937,8.71,5.88,18.273952,28.95967613,36.63890167,,,-0.021923601,-0.068777694,-0.074957301,0.708413297
11025500,0.062969859,10.6,2,421,0.924658061,0.317305314,1,1,57.038453,0.63853309,1,29,93.62068966,88.44827586,1.59,288.7,61.83,49,43.1,760.7,1.6,0.57,0.88,4,1.39,32.2,10.45,3.04,16.47,31.29,52.24,891.8,0.428,20.2,-0.631,-0.776,9.34,6.58,16.426629,35.29497486,34.52483547,,,-0.015297496,-0.059713898,-0.012677003,0.765479793
11073495,1.289353759,35,2,123,1.157379448,0.418751427,1,1,26.085866,1.717892731,1,52,93.61575179,89.49880668,2.67,208.2,61.85,53.7,37.7,823.2,0.2,0.66,0.75,4,1.15,47.4,10.92,8.04,10,27.26,62.74,638.5,0.176,13.5,-0.99,-0.14,11.17,14.43,10.502607,21.64413972,15.30172911,,,0.000248828,-0.003468005,-0.000727216,1.361716462
11043000,0.056386331,22.1,2,454,0.960664777,0.233241724,1,1,15.431556,1.785573251,1,67,93.60730594,60.88280061,1.41,572.5,37.11,54,29.9,879.2,0.1,0.614,1.02,5,1.08,23.8,12.19,2.65,18.48,35.38,46.14,520.6,0.207,8.3,-0.454,-0.891,11.03,9.09,16.167722,1.382765683,3.507877729,,,0.003075695,0.016354704,-0.015242001,
11073300,0.355653839,0,2,46,1.111793657,0.359306881,1,1,14.041929,0.918572705,1,57,93.58974359,69.44444444,0.81,83.6,90.33,49.8,53.3,682.5,5.3,0.643,1.21,3,1.12,50,9.57,6.38,11.96,34.18,53.86,1477.5,0.443,40.8,-0.829,-0.56,9.71,6.03,20.142177,2.357298929,3.695813397,,,-0.061335337,-0.073084818,-0.009951513,
11025500,0.004119524,19.7,2,799,1.026896114,0.225163541,1,1,16.382785,0.674671611,1,29,93.58151476,96.46983312,1.59,288.7,61.83,49,43.1,760.7,1.6,0.57,0.88,4,1.39,32.2,10.45,3.04,16.47,31.29,52.24,891.8,0.428,20.2,-0.631,-0.776,8.73,11.95,16.426629,11.15906388,12.28919293,,,-0.027877997,-0.041292397,-0.019523264,1.382956825
11451715,0.316408193,172.7,2,560,0.983547252,0.081667475,1,1,11.690112,0.296371599,1,45.5,93.57954545,94.43181818,0.9,247.9,70.02,59.6,55.5,854.4,1,0.615,0.96,4,1.19,43.2,10.66,0.49,37.34,42.78,19.88,560.5,0.34,18.2,-0.265,0.964,8.75,13.34,18.827651,1.945488238,3.78987495,23.98777733,10.34183138,-0.028831435,-0.039762042,-0.011139522,0.691053957
11062000,0.113078028,23.3,1,896,1.051011136,0.324179568,1,1,45.631597,0.587979741,1,38.8,93.56971154,84.375,1.97,119.7,109.2,48.3,52.3,619.9,7.1,0.655,0.94,4,1.19,53.5,9.25,6.33,11.52,31.03,57.45,1697.8,0.416,43.5,-0.072,0.997,8.72,5.53,17.137994,20.85678981,29.43759398,4.942857143,3.360902256,-0.078821144,-0.112891637,-0.015407568,0.700665482
11173575,0.094046522,85,2,496,1.072278,0.158135856,1,1,73.616074,0.93656286,1,89,93.56711565,79.74918718,1.33,385.4,62.15,64.2,58.9,791.9,3.5,0.584,1.05,4,1.31,31.9,10.49,2.02,24.69,45.37,29.94,718.4,0.514,25.8,-0.023,-1,8.39,8.83,17.382289,15.79414913,27.71761806,,,-0.032382521,-0.140382283,-0.082930973,0.668678281
11073360,0.423789141,0,2,46,1.31439573,0.642526383,1,1,8.872533,,1,57,93.56683345,69.33523946,0.95,132.3,74.76,53,45.8,744.3,3.4,0.65,0.9,3,1.12,44.1,10.29,6.95,11.8,32.18,56.02,1050.4,0.295,27.1,-0.86,-0.509,11.76,5.12,14.250404,2.105303694,2.33537415,,,-0.061345468,-0.073095211,-0.009948306,
11173510,0.120112932,84.4,2,496,1.075106171,0.152956114,1,1,77.737397,1.168928262,1,89,93.54988399,79.72157773,1.34,360.7,62.25,63.9,58.9,792.6,3.7,0.583,1.01,4,1.32,32.1,10.44,2.07,24.39,45.37,30.25,741.8,0.517,25.7,-0.113,-0.994,8.33,8.8,16.911694,17.24073271,29.29254228,,,-0.03302541,-0.141543883,-0.082939116,0.666629687
9430600,0.014433403,0,1,882,1.012040638,0.275782697,1,1,91.945834,1.032051864,1,43,93.54392147,83.31235842,1.85,190.5,67.41,44.7,72,593.8,14,0.222,0.58,3,1.32,53.1,9.96,2.05,31.86,33.61,34.53,2371.3,0.444,40.6,-0.973,-0.231,10.97,6.38,15.895541,15.38212465,16.98897638,91.38944882,35.34944882,-0.029561039,-0.05982341,-0.011440032,0.684575503
11176400,0.063056356,0,2,863,1.034920221,0.09100973,1,1,74.095967,1.41581736,1,23.9525,93.52551985,88.98865784,1.46,338.6,57.45,62.2,56.1,798.4,4,0.599,1.02,5,1.51,31.3,10.82,2.16,22.41,45.93,31.66,753.8,0.52,23.4,-0.069,-0.998,7.92,7.81,17.721231,21.07161609,32.61317188,,,-0.03497482,-0.126304897,-0.086885329,0.674537193
10258500,0.023099021,8.5,2,227,1.011105437,0.303175752,1,1,34.911598,1.024974947,1,56.83333333,93.5243553,88.59598854,2,241.5,37.78,41.9,27.9,813.4,5.1,0.464,0.98,4,2.22,43.9,9.87,5.3,11.18,26.56,62.26,1195.3,0.44,22.7,0.863,0.506,8.35,6.88,22.326342,14.07063824,14.53863354,,,-0.067585553,-0.149738128,-0.003304783,
11204100,0.105832836,43.6,2,550,1.108453825,0.256927172,1,1,14.215553,0.967391659,1,25.9,93.52401511,92.33675121,2.9,249.1,79.83,55.9,53.1,703.2,25.2,0.595,0.74,4,1.36,65.9,9.43,2.64,18.72,31.31,49.98,1348.7,0.417,34.4,0.119,-0.993,6.92,15.82,17.505672,1.184458719,2.632436772,48.9626656,16.38281815,0.233425458,0.031386928,-0.05449696,0.690050419
11113500,0.015899086,73.7,2,731,1.060161696,0.198481131,1,1,85.14101,0.938475197,1,52.99444444,93.46938776,95.03401361,2.67,103.3,67.78,49.9,39.1,708.5,2.6,0.693,1.18,4,1.59,40.1,9.58,1.4,23.56,44.22,32.23,996,0.437,34.4,-0.944,-0.329,8.69,8.85,15.259699,30.60330822,37.52207164,84.35972894,53.69332043,0.244986512,0.024449276,-0.077576051,0.956848087
11148900,0.347381062,268.5,2,493,1.160786421,0.427904276,1,1,20.792454,1.663208229,1,32,93.4687157,86.16904501,1.48,403.5,69.16,62.7,52.5,745.3,1.5,0.653,0.99,5,1.22,31.2,11.37,2.86,22.94,36.87,40.19,551.8,0.337,21.3,-0.586,0.81,8.75,10.52,16.11163,10.4699498,15.43271375,20.74907063,12.52795539,-0.107023555,-0.283922824,-0.128400629,0.498664892
11148900,0.281413749,17.5,2,495,1.09976466,0.294348481,1,1,6.063932,1.901817314,1,49.5,93.44170404,87.38789238,1.48,403.5,69.16,62.7,52.5,745.3,1.5,0.653,0.99,5,1.22,31.2,11.37,2.86,22.94,36.87,40.19,551.8,0.337,21.3,-0.586,0.81,9.43,14.72,16.11163,1.860832125,3.682081784,20.74907063,12.52795539,-0.090459047,-0.151929141,-0.023852705,0.554964854
11113000,0.397306765,79.2,2,435,1.055745268,0.14666727,1,1,18.928716,1.316921813,1,36.88916667,93.43863913,95.018226,1.41,650,68.34,45.4,34.7,663.4,7.7,0.69,1.22,4,1.67,44.6,9.91,2,22.07,41.65,36.28,1251.5,0.512,32.7,-1,0.016,7.03,17.46,16.054577,6.141831074,9.616984615,14.98787692,8.055507692,0.164198315,-0.115015669,-0.082551455,0.693251489
11143000,0.120452144,0,2,521,1.000291361,0.040228888,1,1,13.697515,0.363115177,1,54,93.39522546,84.56233422,2.74,120.6,116.26,67.4,72.8,639.5,3.4,0.654,0.98,4,1.47,40.3,10.29,4.14,14.13,31.45,54.42,779,0.492,43.6,-0.447,-0.894,9.44,19.35,18.127121,0.979707657,4.544776119,86.30373134,57.91119403,-0.06088307,-0.108076154,-0.019716675,
9484000,0.041778915,3.6,2,289,1.004624417,0.13001096,1,1,85.517068,1.046778775,1,36.96777778,93.38418431,76.83686177,2.39,103.7,75.97,43.3,71.1,767.1,3.1,0.167,0.8,3,1.52,9.5,9.14,1.65,18.36,43.38,38.26,1878.8,0.534,35.6,-0.977,-0.213,11.47,2.39,17.656755,21.59321881,31.624108,59.10578592,25.9246866,-0.074892772,-0.116415733,-0.009778556,0.427145513
11065000,0.100937389,23.3,2,896,0.950333899,0.520587005,1,1,24.135281,0.744402096,1,38.8,93.3836858,84.47129909,1.55,364.7,81.4,47.7,43.6,701.5,4.2,0.649,1.11,5,1.12,49.6,10,6.62,10.83,28.51,60.66,1250.1,0.343,27.3,-0.675,0.738,11.2,4.11,19.024359,10.41161438,14.07153825,33.44313134,17.52322457,-0.06041197,-0.08610189,-0.015125256,0.79787982
11113000,0.025223752,1.9,2,358,1.048024812,0.212853489,1,1,18.928716,1.316921813,1,31.83333333,93.37788578,89.97569866,1.41,650,68.34,45.4,34.7,663.4,7.7,0.69,1.22,4,1.67,44.6,9.91,2,22.07,41.65,36.28,1251.5,0.512,32.7,-1,0.016,10.02,5.32,16.054577,6.141831074,9.616984615,14.98787692,8.055507692,0.164198315,-0.115015669,-0.082551455,0.693251489
11065000,0.020187478,0,2,931,0.992763212,0.326802156,1,1,33.742927,1.953161117,1,42.8,93.32901554,93.2642487,1.55,364.7,81.4,47.7,43.6,701.5,4.2,0.649,1.11,5,1.12,49.6,10,6.62,10.83,28.51,60.66,1250.1,0.343,27.3,-0.675,0.738,8.63,16.46,19.024359,9.084707504,11.94332328,33.44313134,17.52322457,0.084418299,-0.035580624,-0.099919284,0.745010548
11123500,0.088329866,28.2,2,968,1.020723213,0.121390205,1,1,47.106742,1.207876628,1,31,93.30616997,93.36437718,1.89,718.1,79.99,52.6,34.3,660.8,3.8,0.712,1.27,5,1.39,25.8,9.92,1.14,22.63,41.55,35.82,934.1,0.378,31.2,-0.578,-0.816,8.67,20.64,18.753658,43.16949878,44.25628743,16.02817156,5.57082579,-0.041739968,-0.117735286,-0.025034786,0.578338332
11118500,0.383037897,68.1,2,435,1.079840089,0.210493121,1,1,82.190611,1.092289043,1,33.99,93.30440174,95.97024179,2.11,485.7,69.88,51.4,33.4,711.7,1.4,0.702,1.2,6,1.39,38.3,10.32,1.3,23.76,41.87,34.37,702.1,0.36,29.1,-0.979,-0.203,9.82,18.25,16.615606,33.83108468,42.24663372,80.03368334,50.47848466,0.124952005,-0.160521487,-0.114735616,0.588751203
9183500,0.111666598,66.3,1,432,1.165940841,0.341699974,1,1,9.554376,1.58693339,1,13.85722222,93.29303397,78.23834197,0.97,74.3,66.99,52.1,75.1,523.8,35.2,0.117,0.82,2,1.82,55.8,9.43,4.38,18.47,33.98,47.55,2553,0.424,25.3,-0.048,-0.999,17.24,5.5,20.493111,2.287409489,3.148183042,10.63889637,3.052489906,-0.068280905,-0.240527158,-0.071704447,0.696418606
11466320,0.511236468,45.6,2,464,1.054999542,0.171593016,1,1,11.48391,1.070572978,1,20.98277778,93.27309237,98.4437751,1.27,199.4,102.63,64.2,72,732.8,1,0.622,0.67,4,1.3,28.7,12.14,1.14,27.37,43.92,28.71,204.1,0.243,12.2,-0.118,-0.993,8.23,20.92,16.638396,1.207236838,1.65330993,,,0.107350829,-0.005919632,-0.100306364,0.654534435
11274630,0.013508664,0,2,863,1.046399356,0.113656649,1,1,85.565494,1.161792096,1,24.875,93.24726912,88.28202582,1.77,187.4,43.32,61.7,49.1,799,2.1,0.604,1.08,4,1.42,30.9,10.3,1.62,26.46,42.13,31.41,559.2,0.472,26.1,-0.722,0.692,8.59,5.71,18.975462,28.65968365,39.2167556,,,-0.030486399,-0.11608702,-0.079228316,0.670603252
11143000,0.055882281,0,1,84,1.010890556,0.102534745,1,1,86.219962,1.022908078,1,71,93.24196597,82.56143667,2.74,120.6,116.26,67.4,72.8,639.5,3.4,0.654,0.98,4,1.47,40.3,10.29,4.14,14.13,31.45,54.42,779,0.492,43.6,-0.447,-0.894,16.01,5.19,18.127121,14.47744466,22.15223881,86.30373134,57.91119403,-0.031238989,-0.040315131,0.002169895,1.009060924
11372000,0.103685932,13.9,1,276,0.976823205,0.16551892,1,1,9.214676,0.866847706,1,74,93.23104693,79.96389892,1.46,589.9,149.15,61.6,92.2,773.2,13.3,0.544,0.71,4,1.55,62,10.11,2.48,20.64,39.59,39.77,857.8,0.39,33.5,-0.806,0.592,14.62,6.38,14.264321,2.919026622,4.249025259,,,-0.006716886,-0.011902042,-0.000515611,0.77243096
11025500,0.026776903,13.5,2,484,1.01523011,0.13163374,1,1,57.038453,0.63853309,1,35.5,93.2183908,88.62068966,1.59,288.7,61.83,49,43.1,760.7,1.6,0.57,0.88,4,1.39,32.2,10.45,3.04,16.47,31.29,52.24,891.8,0.428,20.2,-0.631,-0.776,9.46,12.2,16.426629,35.29497486,34.52483547,,,-0.015297496,-0.059713898,-0.012677003,0.765479793
11065000,0.032843474,16.7,2,532,1.036573444,0.506982417,1,1,8.140156,1.901694811,1,63.88916667,93.21113374,89.20570265,1.55,364.7,81.4,47.7,43.6,701.5,4.2,0.649,1.11,5,1.12,49.6,10,6.62,10.83,28.51,60.66,1250.1,0.343,27.3,-0.675,0.738,8.63,16.46,19.024359,2.365863291,3.388017549,33.44313134,17.52322457,-0.045784416,-0.085541489,-0.017990704,0.672484666
11114495,0.189310357,0.6,2,852,1.019003611,0.091275137,1,1,99.929207,1.004411539,1,24.75,93.20719603,90.63275434,2.46,124.3,88.3,49.7,35.9,606.1,3.8,0.706,1.05,4,1.37,38.6,9.71,1.12,21.93,42.54,35.53,1162,0.521,38.3,-0.875,0.484,10.28,4.12,13.969926,72.44200871,74.63990346,91.62960579,77.48479485,0.239729372,0.026164334,-0.081860101,0.853478916
9510200,0.002064005,48,1,17,0.850356941,0.359738317,1,1,38.424484,0.967102488,1,24,93.16077441,98.10606061,1.74,425.3,61.33,36.1,50,956.2,2.1,0.215,1.04,5,1.39,30.1,10.19,4.14,15.96,29.86,54.17,1161.3,0.383,21.4,-0.57,-0.822,26.64,6.95,17.785195,16.38612732,18.54300494,51.02477531,24.56769952,-0.003355298,-0.003700994,0.002072383,1.043331469
8380500,0.009963061,37.2,1,181,1.030117079,0.093909064,1,1,99.368957,1.001978058,1,37,93.1566738,74.03640257,2.1,198.1,68.57,50.8,80.7,464.5,19.2,0.221,0.66,4,1.18,58,10.64,1.87,31.03,41.4,27.57,2652.5,0.381,25,-0.636,0.772,7.23,4.83,17.995738,30.00276242,42.76158506,96.58440182,48.47415447,-0.199068604,-0.335592939,-0.086661644,0.521622128
11466800,0.091176513,47.4,2,454,1.024003382,0.111343269,1,1,12.714225,1.001456134,1,16.94138889,93.14868805,95.14091351,2.06,652.2,100.52,64.6,68.1,730.4,0.8,0.63,0.68,4,1.71,30,13.03,1.22,29.33,42.59,28.08,155.1,0.185,9.2,-0.054,-0.999,8.21,20.47,16.611166,3.097905528,3.795124195,,,0.138750571,-0.02055757,-0.092766442,0.594232737
11467200,0.792383337,162.3,2,864,1.008839787,0.084793448,1,1,32.048365,1.410971875,1,59.91666667,93.14285714,68.65934066,2.33,162.6,162.49,65.6,81.3,700.8,0.6,0.627,0.81,4,1.32,36,10.95,2.58,24.92,42.04,33.04,308.2,0.403,28.9,-1,0.009,8.42,27.19,14.168797,16.10916175,18.79649446,,,-0.028145637,-0.222645853,-0.137522546,0.460838018
11047300,0.374454016,24.5,2,180,1.079545573,0.177210421,1,1,11.921157,1.8590446,1,24.91666667,93.14176245,96.55172414,1.1,139.9,46.85,61.6,36.6,812.1,0,0.652,1.08,3,1.27,23.9,11.46,2.26,24.89,42.68,32.43,423.2,0.234,19.1,-0.597,-0.802,12.73,10.98,13.66011,4.902997679,7.699857041,11.53209435,10.94796283,0.041259974,-0.235467907,-0.063706538,0.495678495
11159200,0.582289536,23.2,2,1009,1.105708742,0.297628312,1,1,12.563615,1.632601188,1,23.5,93.1372549,83.38235294,1.76,71,84.62,68.1,68.6,691.1,0.1,0.629,0.85,3,1.21,34.5,10.12,2.59,21.18,36.59,42.23,305.2,0.333,21,-0.996,-0.089,10.55,16.18,16.438445,0.115679955,6.346901408,,,-0.027017337,-0.065208871,-0.013067387,0.783301461
11466200,0.576896538,0.3,2,450,1.025356331,0.077635793,1,1,34.361034,1.403707824,1,67.875,93.12028407,63.69285397,1.32,144.8,107.68,64.2,75.1,733.1,1.3,0.62,0.7,4,1.27,28.1,11.03,1.27,27,44.02,28.98,258.7,0.293,15.8,0.094,-0.996,8.63,16.48,17.015969,18.43726499,19.21139503,,,-0.164582387,-0.334582733,-0.17495533,0.362637882
11046250,0.052304954,128.2,2,128,1.041702904,0.121161336,1,1,14.830853,1.562492382,1,15,93.11649017,96.89863843,2.14,109.9,44.67,63.3,35,819.1,0,0.651,0.91,3,1.21,21.3,10.53,2.35,22.35,34.44,43.22,322.5,0.333,18.1,-0.472,-0.882,13.06,10.26,15.647458,5.815160593,5.688262056,,,-0.007274575,0.003069319,-0.001475064,2.200976596
11109600,0.028352076,5.7,2,505,1.086713225,0.379128884,1,1,41.681744,1.066478672,1,33.5,93.10964649,81.06650689,1.66,963.8,55.61,42.7,35,676,11.8,0.673,1.1,5,2.08,52.1,10.21,5.72,18.55,37.45,44,1385.2,0.448,26,-0.765,0.644,5.21,11.63,16.693884,12.52429966,19.22524383,6.542218303,3.126727537,-0.088556875,-0.173314458,-0.010977479,0.46186249
11124500,0.243983044,284.4,2,204,1.08668534,0.23411381,1,1,71.062545,1.035623791,1,43.91666667,93.09153713,95.27921704,2.37,191.5,83.1,54.6,38.1,636.9,4.5,0.711,1.17,4,1.85,23.3,9.72,1.35,23.93,41.12,34.95,1023.6,0.444,33.5,-0.78,-0.626,7.6,19.21,17.185694,68.62677395,63.6551436,,,-0.118361646,-0.255882945,-0.008246482,0.648680925
9484000,0.39867461,0.1,2,560,1.177845593,0.520940804,1,1,85.517068,1.046778775,1,39,93.08841843,84.12204234,2.39,103.7,75.97,43.3,71.1,767.1,3.1,0.167,0.8,3,1.52,9.5,9.14,1.65,18.36,43.38,38.26,1878.8,0.534,35.6,-0.977,-0.213,5.25,6.72,17.656755,21.59321881,31.624108,59.10578592,25.9246866,-0.075001263,-0.13012394,-0.017316944,0.572519765
11046100,0.009647766,25.4,2,96,1.042892966,0.131483531,1,1,36.53273,0.507830697,1,42.9,93.07574598,73.14460597,2.11,67.8,40.34,64.9,35,816,0,0.655,0.95,3,1.15,23,11.12,2.52,22.77,32.67,44.56,187.1,0.264,14.1,-0.987,-0.159,12.99,9.03,16.06083,9.384390759,11.96150442,30.20707965,9.995575221,-0.015936008,-0.033325524,0.000347101,0.802610731
11063510,0.0415444,77.8,2,931,0.948920492,0.24386221,1,1,75.044644,1.007263416,1,42.8,93.06683323,92.37976265,2.04,144.5,66.42,46,40.7,690.4,4.5,0.635,0.96,4,1.54,50.7,9.96,6.14,10.54,26.94,62.52,1273.4,0.272,22.4,-0.728,0.686,8.58,13.15,18.45637,20.60685912,23.61986159,74.67695502,36.88442907,0.082420918,-0.038169893,-0.099867697,0.741913803
11113000,0.338930552,4,2,437,1.076025222,0.245366986,1,1,12.550943,0.240796008,1,59,93.06090979,85.04240555,1.41,650,68.34,45.4,34.7,663.4,7.7,0.69,1.22,4,1.67,44.6,9.91,2,22.07,41.65,36.28,1251.5,0.512,32.7,-1,0.016,6.44,14.64,16.054577,8.618055904,10.59078462,14.98787692,8.055507692,-0.076190649,-0.121304535,-0.021148163,0.784575117
11042900,0.013341699,46.4,2,104,0.994102584,0.100954581,1,1,15.117915,0.970781969,1,29.93333333,93.0523918,92.25512528,1.45,227.1,38.42,52.1,30.4,862.2,0.2,0.588,1,3,1.35,24,11.73,2.76,18.12,34.83,47.04,611.1,0.274,8.4,-0.245,-0.97,11.22,8.09,16.576693,2.290242769,3.785468956,,,,,,
11462500,0.113122483,0,2,162,1.018115565,0.110166101,1,1,5.854759,1.781748803,1,37.875,93.04029304,91.66666667,1.8,938.7,115.58,63.2,79.6,757,2,0.605,1.01,5,1.18,36.1,11.16,1.09,26.66,42.65,30.69,465.2,0.299,21.1,-0.76,-0.649,7.16,22.52,15.801847,1.319662649,1.833269415,5.881016299,2.132502397,0.247462344,0.074943405,0.002092771,0.783055803
11465350,0.022509798,40.7,2,845,1.0153117,0.168069953,1,1,25.433253,0.92543356,1,53.92861111,93.03071985,90.00458505,1.03,559.8,130.36,64.5,76.9,775.7,0.4,0.629,0.79,5,1.37,34.8,11.21,2.23,24.58,42.8,32.63,293.6,0.297,23.8,-0.819,0.574,8.31,22.4,15.21547,6.739087022,9.911897106,,,-0.010180665,-0.162135126,-0.114378844,0.500748396
11022480,0.019449997,0,2,913,1.205723749,0.44820758,1,1,18.106704,1.206871256,1,50.66666667,93.02752294,87.1559633,1.63,953.6,51.86,51.9,43.3,807.8,2.2,0.585,0.84,5,1.19,31,10.52,3.4,17.08,31.75,51.17,640.4,0.294,18.5,0.017,-1,13.9,3.58,15.3664,5.172206094,4.374381292,,,0.017516316,0.024627778,-0.009151997,1.066980112
9510200,0.017510754,91.3,1,24,1.201311435,0.56332537,1,1,38.424484,0.967102488,1,20.5,93.01346801,99.66329966,1.74,425.3,61.33,36.1,50,956.2,2.1,0.215,1.04,5,1.39,30.1,10.19,4.14,15.96,29.86,54.17,1161.3,0.383,21.4,-0.57,-0.822,26.64,6.95,17.785195,16.38612732,18.54300494,51.02477531,24.56769952,-0.003355298,-0.003700994,0.002072383,1.043331469
11124500,0.040515972,39.2,2,593,1.042704936,0.138994083,1,1,71.062545,1.035623791,1,45,93.00518135,83.93782383,2.37,191.5,83.1,54.6,38.1,636.9,4.5,0.711,1.17,4,1.85,23.3,9.72,1.35,23.93,41.12,34.95,1023.6,0.444,33.5,-0.78,-0.626,7.9,21.39,17.185694,68.62677395,63.6551436,,,-0.09435575,-0.192078714,-0.024127768,0.395823123
11124500,0.05855593,0,2,1012,1.041026549,0.131792873,1,1,71.062545,1.035623791,1,33,93.00518135,96.43062752,2.37,191.5,83.1,54.6,38.1,636.9,4.5,0.711,1.17,4,1.85,23.3,9.72,1.35,23.93,41.12,34.95,1023.6,0.444,33.5,-0.78,-0.626,11.21,3.98,17.185694,68.62677395,63.6551436,,,-0.043692357,-0.109650374,-0.026983016,0.583171137
11149900,0.095678687,61.2,2,810,1.208064441,0.469864437,1,1,8.664033,1.715767974,1,57.5,92.99090423,91.33226324,1.56,556.4,63.26,62,54,737.5,1.5,0.659,1.13,4,1.35,33.5,10.91,2.31,24.37,37.78,37.85,533.4,0.186,19.5,-0.995,-0.102,8.45,9.76,16.227347,1.544994989,3.774209202,28.84609993,15.65149173,,,,
11042400,0.006288949,11.2,2,933,1.061722335,0.241732972,1,1,5.418644,1.623115625,1,60.88916667,92.98021698,82.83343969,2.17,342.2,45.9,47.5,35.2,738.3,4.5,0.519,0.92,4,1.33,34.5,10.18,6.63,11.08,22.22,66.7,1119.3,0.457,17,0.473,-0.881,7.88,8.66,17.322787,2.08734395,4.6735827,,,-0.023759569,-0.085498497,-0.017434759,
11113000,0.134178162,0,2,504,1.221947048,0.44930181,1,1,34.168763,0.626898493,1,64,92.97082228,77.85145889,1.41,650,68.34,45.4,34.7,663.4,7.7,0.69,1.22,4,1.67,44.6,9.91,2,22.07,41.65,36.28,1251.5,0.512,32.7,-1,0.016,6.44,14.64,16.054577,19.70198669,21.99904615,14.98787692,8.055507692,-0.100884584,-0.203599969,-0.018163254,0.353398313
11173510,0.103626843,0,2,863,1.01427266,0.094048528,1,1,77.737397,1.168928262,1,23.96166667,92.96983759,88.77030162,1.34,360.7,62.25,63.9,58.9,792.6,3.7,0.583,1.01,4,1.32,32.1,10.44,2.07,24.39,45.37,30.25,741.8,0.517,25.7,-0.113,-0.994,8.33,8.8,16.911694,17.24073271,29.29254228,,,-0.023534009,-0.127473949,-0.082824696,0.654213136
11022480,0.022122516,0,2,401,0.928059827,0.220835759,1,1,18.106704,1.206871256,1,63.99111111,92.96636086,92.11009174,1.63,953.6,51.86,51.9,43.3,807.8,2.2,0.585,0.84,5,1.19,31,10.52,3.4,17.08,31.75,51.17,640.4,0.294,18.5,0.017,-1,13.48,4.66,15.3664,5.172206094,4.374381292,,,0.00258652,0.008179256,-0.005844803,0.958418601
11451715,0.001519216,0,1,453,0.944790358,0.122733893,1,1,11.690112,0.296371599,1,39.5,92.95454545,92.15909091,0.9,247.9,70.02,59.6,55.5,854.4,1,0.615,0.96,4,1.19,43.2,10.66,0.49,37.34,42.78,19.88,560.5,0.34,18.2,-0.265,0.964,17.68,3.6,18.827651,1.945488238,3.78987495,23.98777733,10.34183138,-0.028831435,-0.039762042,-0.011139522,0.691053957
11123500,0.761056433,7.9,2,182,1.024130683,0.089656297,1,1,16.457797,0.447891372,1,55.5,92.95278365,86.61028894,1.89,718.1,79.99,52.6,34.3,660.8,3.8,0.712,1.27,5,1.39,25.8,9.92,1.14,22.63,41.55,35.82,934.1,0.378,31.2,-0.578,-0.816,8.67,20.64,18.753658,5.2299529,5.452388247,16.02817156,5.57082579,-0.013665477,-0.012168644,-0.003767537,0.771068736
11451715,0.002764288,33.1,2,125,1.08277737,0.168479191,1,1,24.133838,1.666551161,1,23.5,92.94747082,97.17898833,0.9,247.9,70.02,59.6,55.5,854.4,1,0.615,0.96,4,1.19,43.2,10.66,0.49,37.34,42.78,19.88,560.5,0.34,18.2,-0.265,0.964,10.96,8.91,18.827651,2.888346264,4.86014522,23.98777733,10.34183138,0.14819574,-0.007832966,-0.033504715,0.809356648
11159200,0.044269958,1,2,690,1.04563987,0.141946573,1,1,12.563615,1.632601188,1,34.83333333,92.94117647,94.95098039,1.76,71,84.62,68.1,68.6,691.1,0.1,0.629,0.85,3,1.21,34.5,10.12,2.59,21.18,36.59,42.23,305.2,0.333,21,-0.996,-0.089,13.16,5.22,16.438445,0.115679955,6.346901408,,,-0.065019601,-0.122480704,-0.014327841,0.614253963
11466200,0.549518397,39,2,464,1.040562079,0.144219822,1,1,7.676397,0.941665039,1,20.98277778,92.93614882,98.44142785,1.32,144.8,107.68,64.2,75.1,733.1,1.3,0.62,0.7,4,1.27,28.1,11.03,1.27,27,44.02,28.98,258.7,0.293,15.8,0.094,-0.996,8.23,21.97,17.015969,0.862305695,1.310220994,,,0.11286134,0.003010738,-0.118101618,0.654883262
11124500,0.255812524,0,2,184,1.012081072,0.080783167,1,1,71.062545,1.035623791,1,19.8,92.91882556,96.08520438,2.37,191.5,83.1,54.6,38.1,636.9,4.5,0.711,1.17,4,1.85,23.3,9.72,1.35,23.93,41.12,34.95,1023.6,0.444,33.5,-0.78,-0.626,7.6,19.21,17.185694,68.62677395,63.6551436,,,-0.118361646,-0.255882945,-0.008246482,0.648680925
11466320,0.451592213,0.3,2,450,1.03904084,0.101194717,1,1,24.946189,1.516647465,1,67.875,92.90876242,63.45980126,1.27,199.4,102.63,64.2,72,732.8,1,0.622,0.67,4,1.3,28.7,12.14,1.14,27.37,43.92,28.71,204.1,0.243,12.2,-0.118,-0.993,8.61,15.5,16.638396,13.68925187,13.95090271,,,-0.164623234,-0.334630793,-0.174980231,0.362440977
11063510,0.080933195,21.5,2,510,1.035222343,0.216730068,1,1,19.701106,0.914667921,1,39,92.90364583,91.86197917,2.04,144.5,66.42,46,40.7,690.4,4.5,0.635,0.96,4,1.54,50.7,9.96,6.14,10.54,26.94,62.52,1273.4,0.272,22.4,-0.728,0.686,7.51,15.53,18.45637,6.090614167,8.283114187,74.67695502,36.88442907,-0.045797929,-0.085871561,-0.017805592,0.668526212
11173575,0.08082123,0,2,863,1.024663135,0.109283756,1,1,73.616074,0.93656286,1,23.96166667,92.89363679,88.75986995,1.33,385.4,62.15,64.2,58.9,791.9,3.5,0.584,1.05,4,1.31,31.9,10.49,2.02,24.69,45.37,29.94,718.4,0.514,25.8,-0.023,-1,8.39,8.83,17.382289,15.79414913,27.71761806,,,-0.023044884,-0.126801241,-0.082745987,0.65548461
11138500,0.006332339,41.1,2,857,1.078128742,0.282909951,1,1,5.562678,0.956816384,1,56.66666667,92.88793103,77.29885057,2,728.9,69.82,57.6,39.6,665.2,7.1,0.686,1.16,5,1.44,28.2,9.8,1.39,21.86,41.68,36.45,994.2,0.424,34.2,0.199,-0.98,8.07,14.16,16.60856,2.132233872,2.931760187,,,0.003977115,-0.021846194,-0.005142232,
10258500,0.028492701,16.7,2,206,1.093793521,0.281860753,1,1,34.911598,1.024974947,1,63,92.86532951,60.63037249,2,241.5,37.78,41.9,27.9,813.4,5.1,0.464,0.98,4,2.22,43.9,9.87,5.3,11.18,26.56,62.26,1195.3,0.44,22.7,0.863,0.506,7.76,8.36,22.326342,14.07063824,14.53863354,,,-0.067585553,-0.149738128,-0.003304783,
11466800,0.121568684,60.2,2,464,1.029764679,0.128378843,1,1,12.714225,1.001456134,1,23.75,92.85714286,98.25072886,2.06,652.2,100.52,64.6,68.1,730.4,0.8,0.63,0.68,4,1.71,30,13.03,1.22,29.33,42.59,28.08,155.1,0.185,9.2,-0.054,-0.999,8.21,20.47,16.611166,3.097905528,3.795124195,,,0.138750571,-0.02055757,-0.092766442,0.594232737
11027000,0.076873841,0.1,2,495,1.016355375,0.058791777,1,1,70.526293,1.115871643,1,17.5,92.85714286,91.31274131,1.62,58.2,51.93,53.2,38.8,797.9,0.2,0.625,1,3,1.16,28.6,11.16,2.59,16.4,30.84,52.76,653.6,0.433,13,-0.467,-0.884,11.4,11.03,15.624757,49.6480909,49.63608247,,,-0.054529609,-0.124406041,-0.022378064,0.864126498
11123500,0.010844068,44.3,2,593,1.032783931,0.130998308,1,1,47.106742,1.207876628,1,45,92.84051222,83.11990687,1.89,718.1,79.99,52.6,34.3,660.8,3.8,0.712,1.27,5,1.39,25.8,9.92,1.14,22.63,41.55,35.82,934.1,0.378,31.2,-0.578,-0.816,8.67,20.64,18.753658,43.16949878,44.25628743,16.02817156,5.57082579,-0.0869612,-0.196390968,-0.022413878,0.40415876
11451100,0.295765624,40.5,1,955,1.05411218,0.212705121,1,1,99.307087,1,1,36.92861111,92.83426741,87.0296237,2.44,155.1,122.99,60.8,72.9,711.9,2.9,0.62,0.88,4,1.26,40.7,10.13,1.39,20.14,45.4,34.46,910.7,0.327,31.1,-0.452,0.892,8.57,17.58,14.155992,57.75060676,75.95280464,99.99632495,87.05802708,-0.061798733,-0.106175213,-0.013565527,
14182500,0.706933161,37.6,1,55,1.082626009,0.195267695,1,1,94.322738,0.972852816,1,61.99305556,92.81602834,97.49833961,1.73,286.8,224.25,70.2,175.5,549.7,22.8,0.386,0.68,3,1.26,56.8,10.1,2.57,20.62,47.93,31.45,818.3,0.42,35.9,-0.784,-0.621,9.28,16.72,13.492479,74.72694879,73.6289749,93.98661088,73.25648536,0.203172066,0.15248383,0.104174584,0.774139755
11027000,0.026224684,0.9,2,839,1.067799675,0.158719456,1,1,50.900245,0.591991427,1,28.96444444,92.80980782,87.87276342,1.62,58.2,51.93,53.2,38.8,797.9,0.2,0.625,1,3,1.16,28.6,11.16,2.59,16.4,30.84,52.76,653.6,0.433,13,-0.467,-0.884,10.64,10.81,15.624757,10.30581508,11.12010309,,,0.010100541,-0.003177161,-0.009773989,0.978380779
11451100,0.041808844,9,1,217,1.032879624,0.173890382,1,1,99.307087,1,1,27,92.79423539,97.31785428,2.44,155.1,122.99,60.8,72.9,711.9,2.9,0.62,0.88,4,1.26,40.7,10.13,1.39,20.14,45.4,34.46,910.7,0.327,31.1,-0.452,0.892,8.57,17.58,14.155992,57.75060676,75.95280464,99.99632495,87.05802708,-0.006341924,-0.005374137,0.003398786,
11022480,0.027289385,138.8,2,782,1.164161356,0.369126077,1,1,18.106704,1.206871256,1,51.83333333,92.78287462,79.6941896,1.63,953.6,51.86,51.9,43.3,807.8,2.2,0.585,0.84,5,1.19,31,10.52,3.4,17.08,31.75,51.17,640.4,0.294,18.5,0.017,-1,10.6,5.73,15.3664,5.172206094,4.374381292,,,0.017516316,0.024627778,-0.009151997,1.066980112
11466800,0.122002858,0.4,2,450,1.043642806,0.132022217,1,1,13.403992,2.005967198,1,67.875,92.76407631,67.28711028,2.06,652.2,100.52,64.6,68.1,730.4,0.8,0.63,0.68,4,1.71,30,13.03,1.22,29.33,42.59,28.08,155.1,0.185,9.2,-0.054,-0.999,8.57,15.04,16.611166,7.269984253,7.898942042,,,-0.163675891,-0.34676178,-0.176813006,0.374861895
9430600,0.025418248,55.8,1,827,1.062199944,0.187200753,1,1,24.384716,1.625205434,1,42.9,92.7480916,89.10745743,1.85,190.5,67.41,44.7,72,593.8,14,0.222,0.58,3,1.32,53.1,9.96,2.05,31.86,33.61,34.53,2371.3,0.444,40.6,-0.973,-0.231,15.89,7.73,15.895541,2.695437993,3.27496063,91.38944882,35.34944882,-0.03879371,-0.049130593,-0.008767955,0.900779177
11073360,0.265403301,2.2,2,203,1.177936486,0.364611283,1,1,8.872533,,1,44,92.74481773,93.28091494,0.95,132.3,74.76,53,45.8,744.3,3.4,0.65,0.9,3,1.12,44.1,10.29,6.95,11.8,32.18,56.02,1050.4,0.295,27.1,-0.86,-0.509,12.07,4,14.250404,2.105303694,2.33537415,,,-0.061345468,-0.073095211,-0.009948306,
11055800,0.684089511,4.7,1,892,1.021028933,0.105433116,1,1,84.009376,1.028498129,1,38,92.73846154,81.72307692,2.27,50.5,78.15,44,42.4,729.1,7.1,0.609,1.21,3,1.35,32.7,9.72,5.91,13.16,30.59,56.25,1197,0.48,34.4,-0.802,-0.597,11.35,4.56,21.01686,69.21590056,59.36613861,,,-0.06861585,-0.100423765,-0.020662158,0.809620196
11224500,0.065011939,1.2,2,880,1.062181114,0.201544893,1,1,17.519332,1.2074693,1,33,92.72355348,92.81122151,2.43,247.4,47.01,49.5,44.4,791.8,2,0.63,1.19,5,1.82,29,10.38,1.74,35.56,40.29,24.15,804.2,0.402,26.1,-0.951,0.308,7.4,6.81,21.958024,10.79532778,13.10274859,,,-0.018968,-0.088725007,-0.090200813,0.750311182
11143000,0.554126824,96.4,2,183,1.026221478,0.127226047,1,1,86.219962,1.022908078,1,65.66666667,92.7221172,84.3100189,2.74,120.6,116.26,67.4,72.8,639.5,3.4,0.654,0.98,4,1.47,40.3,10.29,4.14,14.13,31.45,54.42,779,0.492,43.6,-0.447,-0.894,8.33,25.11,18.127121,14.47744466,22.15223881,86.30373134,57.91119403,-0.031238989,-0.040315131,0.002169895,1.009060924
11025500,0.044922423,1.9,2,820,0.971417603,0.159738144,1,1,57.038453,0.63853309,1,24.5,92.70114943,96.43678161,1.59,288.7,61.83,49,43.1,760.7,1.6,0.57,0.88,4,1.39,32.2,10.45,3.04,16.47,31.29,52.24,891.8,0.428,20.2,-0.631,-0.776,8.73,11.95,16.426629,35.29497486,34.52483547,,,0.004601165,-0.01412555,-0.015278874,0.884453394
11148900,0.36843446,224.8,2,885,1.066938616,0.231147514,1,1,21.611762,1.082710122,1,43,92.69230769,74.93589744,1.48,403.5,69.16,62.7,52.5,745.3,1.5,0.653,0.99,5,1.22,31.2,11.37,2.86,22.94,36.87,40.19,551.8,0.337,21.3,-0.586,0.81,8.56,15,16.11163,3.551364882,3.720446097,20.74907063,12.52795539,-0.01053454,-0.029824538,0.000681522,0.881405809
11023340,0.092753087,3.8,2,867,1.084789371,0.21140808,1,1,37.099197,1.443643241,1,42,92.68575851,61.45510836,2.81,109.6,39.02,60.2,39.8,841.8,0,0.626,1.08,3,1.17,24.2,11.67,2.82,23.07,37.6,39.33,263,0.251,12.8,-0.28,-0.96,13.45,8.4,14.786058,26.23438145,28.43786496,,,-0.005470648,-0.009368654,-0.017733134,1.48298974
8378500,0.010372228,65.5,1,181,1.00592678,0.109757059,1,1,24.394413,1.433035617,1,35,92.67538434,78.72415621,2.61,445,86.08,49.1,89.7,374.7,32.7,0.115,0.56,4,1.18,68.2,9.97,2.19,24.5,39.65,35.85,3073,0.466,26.5,-0.839,-0.545,4.43,6.27,14.557434,8.108731976,14.05597753,25.41377528,13.96395506,-0.215168208,-0.407774731,-0.089605997,0.544770246
11073300,0.501302553,153.5,2,123,1.089543183,0.270387511,1,1,30.521869,0.844669747,1,16,92.63803681,93.86503067,0.81,83.6,90.33,49.8,53.3,682.5,5.3,0.643,1.21,3,1.12,50,9.57,6.38,11.96,34.18,53.86,1477.5,0.443,40.8,-0.829,-0.56,6.54,20.46,20.142177,17.99244488,18.93767943,,,-0.009237746,-0.015867851,-0.002105119,1.312947468
11160500,0.157087507,24.4,2,863,0.95953801,0.137330929,1,1,19.295537,0.992160412,1,17.985,92.63494968,90.73650503,2.46,275.8,118.78,67,68.2,703.2,0.7,0.632,0.89,4,1.34,42.1,10.75,3,18.37,36.19,45.44,364.3,0.323,25.1,-0.998,-0.056,9.9,16.89,15.363053,2.493591322,7.196736766,,,0.041837854,-0.112640495,-0.094277614,0.600181272
11123500,0.123030884,0.5,2,852,0.968032152,0.126497927,1,1,11.243107,1.233641415,1,29.92861111,92.6323319,95.56509299,1.89,718.1,79.99,52.6,34.3,660.8,3.8,0.712,1.27,5,1.39,25.8,9.92,1.14,22.63,41.55,35.82,934.1,0.378,31.2,-0.578,-0.816,11.91,3.74,18.753658,7.582963909,7.580629439,16.02817156,5.57082579,0.229292474,0.028243746,-0.09941149,0.921230013
11456000,0.317447157,35.9,2,454,0.975475625,0.06187569,1,1,8.882523,2.160787162,1,16.75,92.63157895,95.6979405,1.79,212.3,104.44,64,69.8,743.7,1.5,0.624,0.68,4,1.39,28.5,10.89,2.14,24.23,44.57,31.21,305.3,0.209,20.9,-0.876,0.483,7.94,21.08,16.071526,1.060217481,3.36895902,,,0.151115828,-0.041238275,-0.085423292,0.601416408
11458500,0.043115371,21.6,2,416,1.019724794,0.118575191,1,1,63.695385,1.042728974,1,19.83333333,92.61730521,98.32113646,2.59,150.4,107.96,63.9,77.4,739.6,1.4,0.626,0.64,3,1.77,23.2,10.42,1.81,24.93,43.89,31.18,301.1,0.336,17.6,-0.861,-0.509,11.55,14.85,19.519202,10.35774737,23.62679521,,,0.19127005,-0.008569863,-0.068260773,0.620423687
11073360,0.595017077,156.5,2,123,1.192311494,0.384063901,1,1,20.134001,,1,16,92.6128591,93.84404925,0.95,132.3,74.76,53,45.8,744.3,3.4,0.65,0.9,3,1.12,44.1,10.29,6.95,11.8,32.18,56.02,1050.4,0.295,27.1,-0.86,-0.509,8.84,17.06,14.250404,16.06905269,12.00204082,,,-0.009054278,-0.015605414,-0.001810468,1.311099355
11153000,0.022478456,32,2,944,0.984886737,0.139356386,1,1,10.488957,2.512752181,1,30,92.61015059,89.01282766,1.11,375.4,52.87,62.6,46.9,835.2,1.3,0.643,1.11,5,1.85,28.4,10.45,2.08,24.44,44.87,30.7,424.1,0.363,20.9,-0.996,-0.088,13.25,3.13,15.589845,3.405985647,4.396909963,,,-0.039911175,-0.064240113,-0.013477485,0.728067193
9484000,0.124517549,157.8,1,796,1.151189135,0.43245203,1,1,69.267296,1.388299086,1,15.98416667,92.55617978,98.84519351,2.39,103.7,75.97,43.3,71.1,767.1,3.1,0.167,0.8,3,1.52,9.5,9.14,1.65,18.36,43.38,38.26,1878.8,0.534,35.6,-0.977,-0.213,21.03,13.39,17.656755,12.27435075,20.33982642,59.10578592,25.9246866,0.032199617,-0.082769652,-0.028765416,0.762986287
11161000,0.164224266,24.4,2,863,0.974978102,0.136487077,1,1,18.338121,1.199590247,1,17.985,92.54974549,90.49051365,2.09,298.3,118.15,67.1,68.5,703.5,0.6,0.632,0.9,4,1.4,42,10.85,3,18.27,35.92,45.81,350.3,0.355,24.6,-0.996,0.09,9.89,16.79,15.746177,2.25540185,6.709420047,,,0.042935389,-0.110037503,-0.093250322,0.602883283
11148900,0.113688348,1.6,2,833,1.153873406,0.44035376,1,1,19.551763,1.597078602,1,75,92.54312743,72.50973845,1.48,403.5,69.16,62.7,52.5,745.3,1.5,0.653,0.99,5,1.22,31.2,11.37,2.86,22.94,36.87,40.19,551.8,0.337,21.3,-0.586,0.81,8.56,15,16.11163,4.013803818,9.585947955,20.74907063,12.52795539,-0.042442506,-0.05083615,-0.016209405,
11143000,0.237147497,30.8,2,612,1.054980997,0.175723645,1,1,99.985297,0.997222043,1,30.93333333,92.54221388,86.25703565,2.74,120.6,116.26,67.4,72.8,639.5,3.4,0.654,0.98,4,1.47,40.3,10.29,4.14,14.13,31.45,54.42,779,0.492,43.6,-0.447,-0.894,8.68,23.37,18.127121,33.21126627,44.52462687,86.30373134,57.91119403,-0.101820656,-0.155859565,-0.024091851,0.453496031
11063510,0.077013912,0,2,121,0.966156388,0.085957861,1,1,75.044644,1.007263416,1,35.875,92.53591505,79.45034354,2.04,144.5,66.42,46,40.7,690.4,4.5,0.635,0.96,4,1.54,50.7,9.96,6.14,10.54,26.94,62.52,1273.4,0.272,22.4,-0.728,0.686,6.77,8.28,18.45637,20.60685912,23.61986159,74.67695502,36.88442907,-0.009704062,-0.01753329,-0.004633778,0.798144832
11143000,0.106129375,8.1,2,807,1.019649192,0.087567419,1,1,29.9711,1.327452654,1,53,92.50608273,97.08029197,2.74,120.6,116.26,67.4,72.8,639.5,3.4,0.654,0.98,4,1.47,40.3,10.29,4.14,14.13,31.45,54.42,779,0.492,43.6,-0.447,-0.894,11.4,13.95,18.127121,15.90995837,20.11791045,86.30373134,57.91119403,-0.074426019,-0.115714332,-0.013921207,
11025500,0.023736302,0,2,76,0.943704153,0.276306331,1,1,57.038453,0.63853309,1,17.75,92.5,92.5862069,1.59,288.7,61.83,49,43.1,760.7,1.6,0.57,0.88,4,1.39,32.2,10.45,3.04,16.47,31.29,52.24,891.8,0.428,20.2,-0.631,-0.776,8.73,11.95,16.426629,35.29497486,34.52483547,,,-0.017419339,-0.025310091,-0.001559886,0.844644078
11461000,0.693740272,122.7,2,491,1.004380668,0.038160393,1,1,32.301184,1.065652935,1,15.97694444,92.48826291,94.87480438,1.95,259.6,118.6,63.1,81.2,730.9,3,0.607,0.95,4,1.1,36,11.3,1.16,28.24,42.59,29.17,448.3,0.314,20.6,-0.997,0.077,8.13,21.77,15.086673,6.630779176,11.66221109,,,0.168591806,-0.024895358,-0.112839417,0.580309863
11065000,0.018246374,0.5,2,835,0.946684919,0.353420938,1,1,33.742927,1.953161117,1,31.66666667,92.48704663,95.59585492,1.55,364.7,81.4,47.7,43.6,701.5,4.2,0.649,1.11,5,1.12,49.6,10,6.62,10.83,28.51,60.66,1250.1,0.343,27.3,-0.675,0.738,10.46,5.55,19.024359,9.084707504,11.94332328,33.44313134,17.52322457,0.084418299,-0.035580624,-0.099919284,0.745010548
14090350,0.073050326,48.2,1,432,1.082158555,0.338795143,1,1,7.771881,0.395126958,1,93,92.46421555,86.41594162,1.95,72.1,182.78,64.8,142.3,455.8,53.1,0.404,0.78,3,1.26,78.8,10.37,6.68,15.1,29.79,55.1,1566.6,0.321,26.1,-0.809,0.588,11.49,6.91,16.829358,2.87103158,3.739805825,44.26407767,17.35811373,-0.080987589,-0.115335652,-0.006408878,
11028500,0.02051663,105.3,2,783,1.126800401,0.24945394,1,1,59.833561,1.393602004,1,29,92.45165315,81.59700561,1.75,146.3,47.31,53.2,40,817.6,0.1,0.607,0.82,3,1.39,26.8,11.3,2.46,16.66,32,51.34,561.3,0.27,8.7,-0.125,-0.992,11.06,4.92,15.589059,13.30200551,18.34757348,,,0.008513387,-0.004570397,-0.010924288,0.927810373
7103700,0.006398615,30.2,1,731,1.171507011,0.675341463,1,1,10.334753,0.918584336,1,10.66666667,92.43639697,98.5101994,2.23,264.2,59.97,52.8,94.9,393.5,27.6,0.361,0.86,4,1.42,49.5,10.03,9,11.62,33.61,54.77,2775.2,0.373,26.9,0.329,0.944,12.27,5.93,15.226314,5.396997417,6.578652536,9.350870553,5.675132475,-0.073427221,-0.138797398,-0.02782991,0.527450528
9508300,0.645501701,17.9,1,394,1.00104631,0.073808452,1,1,83.630661,1.091927993,1,12.5,92.42424242,98.48484848,1.24,93,61.67,39.9,60.5,779.9,8.4,0.144,0.7,3,1.58,36,10.05,2.68,22.26,37.89,39.84,1496.5,0.503,27.8,0.203,-0.979,24.25,5.9,16.736963,25.49898573,26.68935484,,,-0.07765983,-0.144763968,-0.009734719,0.3593483
11077500,0.112420597,27.4,2,481,1.054945164,0.191860825,1,1,11.075228,0.62641764,1,25.66666667,92.40343348,90.38626609,1.28,240.8,51.01,60.8,37.1,825.6,0,0.654,1.13,5,1.61,20.2,10.37,1.7,25.4,46.19,28.41,553.2,0.308,25.4,-0.221,-0.975,12.34,11.9,17.754193,2.800140695,1.788413621,,,0.051188561,-0.157130797,-0.11617759,0.627282338
11065000,0.03726919,33.7,2,510,1.005489133,0.389086708,1,1,8.140156,1.901694811,1,40,92.39646979,91.58180584,1.55,364.7,81.4,47.7,43.6,701.5,4.2,0.649,1.11,5,1.12,49.6,10,6.62,10.83,28.51,60.66,1250.1,0.343,27.3,-0.675,0.738,7.67,19.01,19.024359,2.365863291,3.388017549,33.44313134,17.52322457,-0.045784416,-0.085541489,-0.017990704,0.672484666
11149900,0.185250224,0,2,185,1.144821827,0.330029119,1,1,12.824107,0.507351319,1,59.8,92.38476954,79.82631931,1.56,556.4,63.26,62,54,737.5,1.5,0.659,1.13,4,1.35,33.5,10.91,2.31,24.37,37.78,37.85,533.4,0.186,19.5,-0.995,-0.102,9.33,13.34,16.227347,0.822336042,1.076312006,28.84609993,15.65149173,0.019497291,0.027794087,0.004308875,1.178214387
11123500,0.041798954,0,2,1012,1.019993001,0.142618117,1,1,47.106742,1.207876628,1,35,92.37485448,96.10011641,1.89,718.1,79.99,52.6,34.3,660.8,3.8,0.712,1.27,5,1.39,25.8,9.92,1.14,22.63,41.55,35.82,934.1,0.378,31.2,-0.578,-0.816,11.91,3.74,18.753658,43.16949878,44.25628743,16.02817156,5.57082579,-0.041739968,-0.117735286,-0.025034786,0.578338332
8377900,0.034428364,150.8,1,112,1.374507704,0.999495962,1,1,65.272425,1.140346217,1,8.965555556,92.34799038,99.14118859,2.05,139,89.76,48.6,96.1,380.6,31.6,0.11,0.5,3,1.21,65.4,9.68,2.96,22.74,43.83,33.43,3141.5,0.593,24.8,0.023,-1,13.35,11.76,13.047006,25.24947925,36.74589928,66.46402878,35.36093525,-0.03378568,-0.041146736,-0.00861868,0.946858376
11113000,0.249188015,113.6,2,455,1.064024284,0.135280841,1,1,18.928716,1.316921813,1,39.8,92.34507898,90.52247874,1.41,650,68.34,45.4,34.7,663.4,7.7,0.69,1.22,4,1.67,44.6,9.91,2,22.07,41.65,36.28,1251.5,0.512,32.7,-1,0.016,8.13,13.21,16.054577,6.141831074,9.616984615,14.98787692,8.055507692,0.164198315,-0.115015669,-0.082551455,0.693251489
9484000,0.038229072,0.3,1,710,1.036549223,0.154342643,1,1,85.517068,1.046778775,1,38,92.31008717,88.35616438,2.39,103.7,75.97,43.3,71.1,767.1,3.1,0.167,0.8,3,1.52,9.5,9.14,1.65,18.36,43.38,38.26,1878.8,0.534,35.6,-0.977,-0.213,16.1,1.64,17.656755,21.59321881,31.624108,59.10578592,25.9246866,-0.075001263,-0.13012394,-0.017316944,0.572519765
11073300,0.541948706,0.2,2,885,1.071140144,0.223448419,1,1,30.521869,0.844669747,1,30.5,92.29720518,90.72937969,0.81,83.6,90.33,49.8,53.3,682.5,5.3,0.643,1.21,3,1.12,50,9.57,6.38,11.96,34.18,53.86,1477.5,0.443,40.8,-0.829,-0.56,7.34,18.15,20.142177,17.99244488,18.93767943,,,-0.040385227,-0.049763671,-0.021835675,0.961353526
11152000,0.067496499,0,2,246,1.130298327,0.433262385,1,1,38.563747,1.45200031,1,41.66666667,92.2962963,83.85185185,2.07,625.1,80.89,63.9,60.5,663.8,2.9,0.654,1.03,5,2.35,38.3,10.02,3.14,20.17,34.81,45.02,759.1,0.387,34.7,-0.132,0.991,8.78,16.68,17.294107,14.91749383,22.51871701,14.97461206,10.20955047,-0.172413345,-0.259903939,-0.017081463,0.414664174
11022480,0.024349614,1.1,2,839,1.173911373,0.384078426,1,1,18.106704,1.206871256,1,40,92.29357798,86.29969419,1.63,953.6,51.86,51.9,43.3,807.8,2.2,0.585,0.84,5,1.19,31,10.52,3.4,17.08,31.75,51.17,640.4,0.294,18.5,0.017,-1,10.9,10.13,15.3664,5.172206094,4.374381292,,,0.017516316,0.024627778,-0.009151997,1.066980112
11113000,0.55762353,0,1,359,0.986093403,0.178138442,1,1,12.550943,0.240796008,1,57.66666667,92.28989977,90.82498072,1.41,650,68.34,45.4,34.7,663.4,7.7,0.69,1.22,4,1.67,44.6,9.91,2,22.07,41.65,36.28,1251.5,0.512,32.7,-1,0.016,14.72,2.17,16.054577,8.618055904,10.59078462,14.98787692,8.055507692,-0.076190649,-0.121304535,-0.021148163,0.784575117
14400000,0.451392518,138.9,1,269,1.113929655,0.269999804,1,1,81.178779,1.006824326,1,27.94138889,92.28650138,89.43150513,2.39,702.6,309.76,70.5,152.8,633.4,7.5,0.474,0.61,4,2.78,43.6,10.25,1.24,28.5,48.99,22.5,671.2,0.431,36.5,-0.474,-0.88,8.79,23.56,12.840941,44.37615084,57.18138343,80.44816396,37.28364646,0.403345939,0.290353272,0.148318246,0.68372069
11149900,0.140973385,191.3,2,885,1.095529583,0.22719259,1,1,12.824107,0.507351319,1,43,92.28456914,73.68069472,1.56,556.4,63.26,62,54,737.5,1.5,0.659,1.13,4,1.35,33.5,10.91,2.31,24.37,37.78,37.85,533.4,0.186,19.5,-0.995,-0.102,8.3,13.77,16.227347,0.822336042,1.076312006,28.84609993,15.65149173,-0.013391784,-0.028371436,0.001328225,0.879304078
11109600,0.024150681,0,2,487,1.028985003,0.270121545,1,1,41.681744,1.066478672,1,30.5,92.27082085,92.75014979,1.66,963.8,55.61,42.7,35,676,11.8,0.673,1.1,5,2.08,52.1,10.21,5.72,18.55,37.45,44,1385.2,0.448,26,-0.765,0.644,5.21,11.63,16.693884,12.52429966,19.22524383,6.542218303,3.126727537,-0.088556875,-0.173314458,-0.010977479,0.46186249
11152050,0.040006913,0,2,246,1.172913399,0.528675377,1,1,31.232187,1.394009406,1,43.66666667,92.25806452,83.77171216,1.67,771.5,74.52,63.7,58.2,676.7,2.4,0.652,1.04,6,2.02,38.4,10.1,2.9,21.11,35.63,43.26,674.8,0.359,31.4,0.227,0.974,9.08,15.41,17.029979,12.27500159,18.24777706,12.12311082,8.239170447,-0.172413345,-0.259903939,-0.017081463,0.414664174
10257600,0.005181765,169.2,2,919,1.099980899,0.269416598,1,1,10.677152,0.351737175,1,15.66666667,92.24075417,94.41624365,1.68,92.9,55.02,38.1,39.9,737.5,7.4,0.582,0.91,3,1.32,44,9.6,5.01,12.16,30.05,57.78,1746.6,0.466,38.3,-0.947,0.322,4.76,12.52,18.430912,2.427638648,5.169429494,21.86157158,3.477933262,-0.028281602,-0.073178663,-0.015356432,
11123500,0.064275751,0,2,184,0.956625785,0.146448546,1,1,47.106742,1.207876628,1,20.75,92.20023283,95.51804424,1.89,718.1,79.99,52.6,34.3,660.8,3.8,0.712,1.27,5,1.39,25.8,9.92,1.14,22.63,41.55,35.82,934.1,0.378,31.2,-0.578,-0.816,8.31,17.22,18.753658,43.16949878,44.25628743,16.02817156,5.57082579,-0.080627628,-0.178775475,-0.002100091,0.737099819
11016200,0.001755175,7,2,867,1.154095738,0.298658022,1,1,37.286835,1.701412643,1,80,92.18500797,54.27963849,1.09,338.8,59.38,48.9,45.4,776.4,4.1,0.579,0.76,4,1.44,36.1,10.29,4,14.98,28.89,56.13,907.1,0.417,17.9,-0.03,-1,10.23,12.83,15.671068,27.18482374,31.7818477,6.931168831,4.65487013,-0.040596999,-0.071409551,-0.01681045,1.059411648
11451715,0.163344302,28.2,2,555,0.891262848,0.227208754,1,1,11.690112,0.296371599,1,45.99166667,92.15909091,99.88636364,0.9,247.9,70.02,59.6,55.5,854.4,1,0.615,0.96,4,1.19,43.2,10.66,0.49,37.34,42.78,19.88,560.5,0.34,18.2,-0.265,0.964,8.75,13.34,18.827651,1.945488238,3.78987495,23.98777733,10.34183138,-0.028831435,-0.039762042,-0.011139522,0.691053957
11143000,0.563518804,105.7,2,491,1.033456987,0.167176779,1,1,13.697515,0.363115177,1,33.9525,92.14854111,81.53846154,2.74,120.6,116.26,67.4,72.8,639.5,3.4,0.654,0.98,4,1.47,40.3,10.29,4.14,14.13,31.45,54.42,779,0.492,43.6,-0.447,-0.894,8.68,23.37,18.127121,0.979707657,4.544776119,86.30373134,57.91119403,-0.06088307,-0.108076154,-0.019716675,
11152000,0.26681502,56.4,2,924,1.040026861,0.218740406,1,1,38.563747,1.45200031,1,39.8,92.14814815,81.97530864,2.07,625.1,80.89,63.9,60.5,663.8,2.9,0.654,1.03,5,2.35,38.3,10.02,3.14,20.17,34.81,45.02,759.1,0.387,34.7,-0.132,0.991,8.25,16.63,17.294107,14.91749383,22.51871701,14.97461206,10.20955047,-0.040209457,-0.070277138,-0.018460304,0.651840956
14096850,0.007408031,1.5,1,444,1.248874594,0.590873034,1,1,12.034205,0.895706213,1,70,92.14181287,72.55116959,1.76,374.6,63.23,63.5,98.2,572.8,37.1,0.399,0.75,4,1.18,80.4,11.21,2.4,21.23,40.29,38.48,942.7,0.253,10.6,-0.847,0.531,8.18,5.54,16.908903,2.433861199,2.671409503,,,-0.003372342,-0.020635102,-0.007849397,
11022480,0.017816791,6.2,2,474,1.047307785,0.13708331,1,1,79.360851,1.036983012,1,56,92.12026957,83.72213582,1.63,953.6,51.86,51.9,43.3,807.8,2.2,0.585,0.84,5,1.19,31,10.52,3.4,17.08,31.75,51.17,640.4,0.294,18.5,0.017,-1,10.9,10.13,15.3664,57.24252031,58.6542156,,,-0.06719382,-0.136575236,-0.023271114,0.762980732
9484000,0.527015067,111.4,1,794,1.041350798,0.223317655,1,1,69.267296,1.388299086,1,7,92.11922597,99.34456929,2.39,103.7,75.97,43.3,71.1,767.1,3.1,0.167,0.8,3,1.52,9.5,9.14,1.65,18.36,43.38,38.26,1878.8,0.534,35.6,-0.977,-0.213,21.03,13.39,17.656755,12.27435075,20.33982642,59.10578592,25.9246866,0.032199617,-0.082769652,-0.028765416,0.762986287
11152050,0.1523199,56.7,2,924,1.06624458,0.273212507,1,1,31.232187,1.394009406,1,39.8,92.10918114,81.88585608,1.67,771.5,74.52,63.7,58.2,676.7,2.4,0.652,1.04,6,2.02,38.4,10.1,2.9,21.11,35.63,43.26,674.8,0.359,31.4,0.227,0.974,8.44,15.13,17.029979,12.27500159,18.24777706,12.12311082,8.239170447,-0.040209457,-0.070277138,-0.018460304,0.651840956
8377900,0.080468661,160.6,1,124,1.000798693,0.198765845,1,1,65.272425,1.140346217,1,8.857222222,92.10752319,97.23462728,2.05,139,89.76,48.6,96.1,380.6,31.6,0.11,0.5,3,1.21,65.4,9.68,2.96,22.74,43.83,33.43,3141.5,0.593,24.8,0.023,-1,12.48,12.57,13.047006,25.24947925,36.74589928,66.46402878,35.36093525,-0.03378568,-0.041146736,-0.00861868,0.946858376
11065000,0.041461974,0,2,121,1.01063693,0.103450122,1,1,33.742927,1.953161117,1,36.875,92.0984456,78.43264249,1.55,364.7,81.4,47.7,43.6,701.5,4.2,0.649,1.11,5,1.12,49.6,10,6.62,10.83,28.51,60.66,1250.1,0.343,27.3,-0.675,0.738,7.23,10.24,19.024359,9.084707504,11.94332328,33.44313134,17.52322457,-0.009785177,-0.017146948,-0.004747299,0.8073376
11449500,0.065666497,0,1,408,1.041581016,0.085382978,1,1,20.124733,1.609944458,1,46,92.07746479,91.50528169,1.81,95.3,148.47,60,80.8,774.8,1.3,0.621,0.7,3,1.52,33.3,10.94,1.18,24.63,43.26,32.11,804.1,0.359,20,0.851,-0.526,16.58,6.3,16.804113,7.764004234,10.69045121,,,-0.138931474,-0.194389354,-0.031460759,0.448167619
11044800,0.057627212,3,1,250,1.029381744,0.105117374,1,1,5.29932,0.732504198,1,48.5,92.07317073,74.55284553,1.68,85.5,40.9,59,33,853.1,0,0.666,0.86,3,1.19,26.7,10.3,3.33,15.97,31.55,52.47,405.4,0.415,18.9,-0.922,0.386,16.56,0.97,15.319151,2.005988961,2.867368421,,,-0.01646926,-0.029844553,-0.003557036,
11372000,0.037922169,239.5,1,299,0.949878109,0.266306372,1,1,91.657499,0.929124384,1,43.94138889,92.06293706,90.62937063,1.46,589.9,149.15,61.6,92.2,773.2,13.3,0.544,0.71,4,1.55,62,10.11,2.48,20.64,39.59,39.77,857.8,0.39,33.5,-0.806,0.592,14.62,6.38,14.264321,51.50065731,67.58848957,,,0.208107421,0.058257862,0.006654826,0.705512305
11028500,0.039871941,2.3,2,860,1.060124389,0.133009327,1,1,59.833561,1.393602004,1,17,92.04616344,95.00935745,1.75,146.3,47.31,53.2,40,817.6,0.1,0.607,0.82,3,1.39,26.8,11.3,2.46,16.66,32,51.34,561.3,0.27,8.7,-0.125,-0.992,11.32,9.59,15.589059,13.30200551,18.34757348,,,0.008513387,-0.004570397,-0.010924288,0.927810373
11148900,0.268781711,16.3,2,99,1.057028353,0.24770753,1,1,19.551763,1.597078602,1,34.75,92.04229271,77.85197551,1.48,403.5,69.16,62.7,52.5,745.3,1.5,0.653,0.99,5,1.22,31.2,11.37,2.86,22.94,36.87,40.19,551.8,0.337,21.3,-0.586,0.81,8.56,15,16.11163,4.013803818,9.585947955,20.74907063,12.52795539,0.001441638,0.006985285,-0.000448274,
11113500,0.060580999,1.5,2,365,1.04525464,0.143652121,1,1,85.14101,0.938475197,1,31.875,92.04081633,87.75510204,2.67,103.3,67.78,49.9,39.1,708.5,2.6,0.693,1.18,4,1.59,40.1,9.58,1.4,23.56,44.22,32.23,996,0.437,34.4,-0.944,-0.329,8.69,8.85,15.259699,30.60330822,37.52207164,84.35972894,53.69332043,0.13520071,-0.143701071,-0.106993406,0.625855641
8377900,0.080061225,188.1,1,114,0.883313014,0.304595796,1,1,65.272425,1.140346217,1,14.96305556,91.99587771,90.67330814,2.05,139,89.76,48.6,96.1,380.6,31.6,0.11,0.5,3,1.21,65.4,9.68,2.96,22.74,43.83,33.43,3141.5,0.593,24.8,0.023,-1,13.35,11.76,13.047006,25.24947925,36.74589928,66.46402878,35.36093525,-0.03378568,-0.041146736,-0.00861868,0.946858376
11152000,0.05662458,86,2,144,1.068912035,0.250809043,1,1,10.954941,1.60170771,1,65,91.97722567,87.57763975,2.07,625.1,80.89,63.9,60.5,663.8,2.9,0.654,1.03,5,2.35,38.3,10.02,3.14,20.17,34.81,45.02,759.1,0.387,34.7,-0.132,0.991,8.57,12.76,17.294107,2.102052119,3.129195329,14.97461206,10.20955047,0.008995308,0.013725339,0.004678276,1.119487192
11059300,0.030531878,3.4,2,885,1.156014935,0.420771413,1,1,10.204954,0.671506587,1,47.95833333,91.97174053,88.37508028,1.38,946,67.84,42.5,47.8,641.9,27.6,0.57,1.05,5,1.86,28.1,10.09,7.16,11.69,29.16,59.16,1661,0.43,26,0.124,-0.992,5.83,12.26,19.036583,5.853874082,5.295634249,5.803953488,2.260084567,-0.04443445,-0.057957017,-0.017113832,0.984463275
11143000,1.108253648,144.3,2,1004,0.995778458,0.041073073,1,1,99.985297,0.997222043,1,59,91.95590994,84.47467167,2.74,120.6,116.26,67.4,72.8,639.5,3.4,0.654,0.98,4,1.47,40.3,10.29,4.14,14.13,31.45,54.42,779,0.492,43.6,-0.447,-0.894,9.44,19.35,18.127121,33.21126627,44.52462687,86.30373134,57.91119403,-0.041323742,-0.061614597,-0.016607488,0.638570704
11200800,0.042204855,1,2,456,1.125857825,0.326294797,1,1,37.21031,1.51904651,1,40.88916667,91.94811552,73.17670093,2.53,214.7,72.15,53.2,42.8,740.6,18.4,0.594,0.64,3,1.41,65.7,9.77,2.77,17.27,29.31,53.42,1214.9,0.417,30.8,-0.155,-0.988,5.44,9.36,15.133741,23.12020326,27.05533302,40.09669306,23.41741966,-0.253323206,-0.479090627,-0.159625748,0.40057673
11077500,0.030574639,0,2,473,0.986927437,0.129997457,1,1,24.501378,1.161798467,1,58.66666667,91.94583036,71.84604419,1.28,240.8,51.01,60.8,37.1,825.6,0,0.654,1.13,5,1.61,20.2,10.37,1.7,25.4,46.19,28.41,553.2,0.308,25.4,-0.221,-0.975,12.34,11.9,17.754193,9.989975637,12.6130814,,,-0.041399881,-0.062625955,-0.015173694,0.666868373
11152050,0.024371184,86,2,144,1.092751666,0.299002685,1,1,8.868908,1.491041107,1,65,91.93548387,87.51300728,1.67,771.5,74.52,63.7,58.2,676.7,2.4,0.652,1.04,6,2.02,38.4,10.1,2.9,21.11,35.63,43.26,674.8,0.359,31.4,0.227,0.974,8.75,11.74,17.029979,1.729693567,2.523499676,12.12311082,8.239170447,0.008995308,0.013725339,0.004678276,1.119487192
11124500,0.02883436,40.5,2,857,1.047928234,0.146781752,1,1,10.349061,0.625957006,1,56,91.91884457,73.86519945,2.37,191.5,83.1,54.6,38.1,636.9,4.5,0.711,1.17,4,1.85,23.3,9.72,1.35,23.93,41.12,34.95,1023.6,0.444,33.5,-0.78,-0.626,7.6,19.21,17.185694,6.08393386,7.478694517,,,-0.008175472,-0.044646861,-0.00994041,
11427000,0.019976649,0,1,479,1.09085861,0.218724199,1,1,9.114115,1.133080084,1,40.92333333,91.91385616,85.04672897,1.17,883.1,154.41,59.4,81.2,640.1,26.8,0.547,0.92,5,1.44,57.3,9.87,2.33,19.79,39.73,40.48,1327.8,0.444,29.8,-0.138,-0.99,12.83,8.51,14.902718,1.844393169,3.631898992,,,-0.097446089,-0.14207232,-0.016429325,0.528934192
11453500,0.156350539,0,2,936,1.031251313,0.124904375,1,1,68.402353,0.917637249,1,54,91.88514357,91.51061174,1.47,293.4,112.6,63,63.1,752.4,2,0.624,0.62,3,1.5,36.4,10.72,0.99,28.71,44.41,26.88,554.7,0.243,19.3,-0.169,0.986,12.19,6.28,17.47691,38.71637619,46.98312883,,,0.098622258,-0.053867392,-0.128054236,0.478776431
11461500,0.796002772,93,2,200,0.999090418,0.035442872,1,1,23.026463,1.979605621,1,17.83333333,91.86541738,97.48722317,2.19,238.7,114.45,62.5,77.8,761.6,2,0.595,1.06,4,1.35,37.3,11.11,0.92,28.71,43.04,28.25,497.3,0.27,20.9,-0.276,-0.961,8.11,20.37,16.250428,5.04689448,7.209426058,23.12739841,8.386175115,0.247462344,0.074943405,0.002092771,0.783055803
11149900,0.080410811,90.3,2,628,1.086888727,0.228212673,1,1,21.73561,1.616261858,1,31,91.85185185,93.22751323,1.56,556.4,63.26,62,54,737.5,1.5,0.659,1.13,4,1.35,33.5,10.91,2.31,24.37,37.78,37.85,533.4,0.186,19.5,-0.995,-0.102,9.33,13.34,16.227347,8.848335816,13.12359813,28.84609993,15.65149173,-0.084847199,-0.178495399,-0.026298828,0.494408205
11059300,0.266106267,3.1,2,481,1.049893731,0.245414562,1,1,10.204954,0.671506587,1,72,91.84328838,77.84200385,1.38,946,67.84,42.5,47.8,641.9,27.6,0.57,1.05,5,1.86,28.1,10.09,7.16,11.69,29.16,59.16,1661,0.43,26,0.124,-0.992,4.77,15.02,19.036583,5.853874082,5.295634249,5.803953488,2.260084567,-0.084515517,-0.142665696,-0.020310006,0.682674413
11143000,0.140410102,17.5,2,537,1.03285057,0.12066515,1,1,99.985297,0.997222043,1,78,91.83864916,72.13883677,2.74,120.6,116.26,67.4,72.8,639.5,3.4,0.654,0.98,4,1.47,40.3,10.29,4.14,14.13,31.45,54.42,779,0.492,43.6,-0.447,-0.894,8.75,17.47,18.127121,33.21126627,44.52462687,86.30373134,57.91119403,-0.101820656,-0.155859565,-0.024091851,0.453496031
9510200,0.077233743,0.1,1,444,1.096219472,0.273629631,1,1,51.64207,0.937840864,1,18.875,91.82941411,98.96373057,1.74,425.3,61.33,36.1,50,956.2,2.1,0.215,1.04,5,1.39,30.1,10.19,4.14,15.96,29.86,54.17,1161.3,0.383,21.4,-0.57,-0.822,26.64,6.95,17.785195,13.07368334,14.52337174,51.02477531,24.56769952,-0.052821781,-0.210129636,-0.058818677,0.567500373
11138500,0.20434418,0,2,184,1.05487574,0.229456987,1,1,43.010103,1.393757,1,20.8,91.81353042,94.08754974,2,728.9,69.82,57.6,39.6,665.2,7.1,0.686,1.16,5,1.44,28.2,9.8,1.39,21.86,41.68,36.45,994.2,0.424,34.2,0.199,-0.98,8.07,14.16,16.60856,32.67864011,35.43658938,,,-0.079948795,-0.1583225,-0.003626793,0.635399474
11046100,0.026061498,31.8,2,75,1.023248631,0.110170893,1,1,36.53273,0.507830697,1,35,91.77505738,81.10175976,2.11,67.8,40.34,64.9,35,816,0,0.655,0.95,3,1.15,23,11.12,2.52,22.77,32.67,44.56,187.1,0.264,14.1,-0.987,-0.159,12.99,9.03,16.06083,9.384390759,11.96150442,30.20707965,9.995575221,-0.015936008,-0.033325524,0.000347101,0.802610731
11014000,0.028971004,33,2,623,1.001094741,0.063340419,1,1,5.043274,0.752773408,1,9.833333333,91.77505738,97.78117827,2.91,181.8,44.33,55.8,42.1,846.3,0,0.609,1.26,5,1.39,33.8,10.3,3.01,18.77,38.69,42.55,490.9,0.343,19.4,-0.048,-0.999,11.77,8.75,16.12831,1.534653813,2.248514851,,,0.108115657,-0.065945541,-0.170737304,1.025194801
11274500,0.002198258,16.8,2,944,1.076316952,0.263405683,1,1,27.069601,1.263529895,1,31.5,91.76285414,90.03147954,1.48,347.8,45.32,61.6,45.7,861,1.4,0.624,1.05,4,1.63,30.1,10.73,1.77,24.88,42.82,32.31,475.6,0.378,24.4,-0.349,0.937,13.09,2.63,18.273952,7.729944851,9.815899942,,,-0.038463304,-0.06331748,-0.014461163,0.693667672
11453500,0.415969645,219.6,2,182,0.985716847,0.080598303,1,1,68.402353,0.917637249,1,42.66666667,91.76029963,80.81564711,1.47,293.4,112.6,63,63.1,752.4,2,0.624,0.62,3,1.5,36.4,10.72,0.99,28.71,44.41,26.88,554.7,0.243,19.3,-0.169,0.986,9.9,16.96,17.47691,38.71637619,46.98312883,,,-0.005397959,-0.024779725,-0.001144985,0.927361723
11113500,0.156523758,73.2,2,455,1.044620379,0.125184307,1,1,85.14101,0.938475197,1,34.88916667,91.73469388,94.3537415,2.67,103.3,67.78,49.9,39.1,708.5,2.6,0.693,1.18,4,1.59,40.1,9.58,1.4,23.56,44.22,32.23,996,0.437,34.4,-0.944,-0.329,9.53,12.82,15.259699,30.60330822,37.52207164,84.35972894,53.69332043,0.13520071,-0.143701071,-0.106993406,0.625855641
11073300,0.27978102,36.3,2,119,1.112234793,0.321756618,1,1,30.521869,0.844669747,1,53,91.71779141,92.02453988,0.81,83.6,90.33,49.8,53.3,682.5,5.3,0.643,1.21,3,1.12,50,9.57,6.38,11.96,34.18,53.86,1477.5,0.443,40.8,-0.829,-0.56,6.54,20.46,20.142177,17.99244488,18.93767943,,,-0.009237746,-0.015867851,-0.002105119,1.312947468
11059300,0.133502132,7.7,1,892,1.100203741,0.351944182,1,1,10.204954,0.671506587,1,39,91.71483622,79.89723828,1.38,946,67.84,42.5,47.8,641.9,27.6,0.57,1.05,5,1.86,28.1,10.09,7.16,11.69,29.16,59.16,1661,0.43,26,0.124,-0.992,8.57,3.8,19.036583,5.853874082,5.295634249,5.803953488,2.260084567,-0.04443445,-0.057957017,-0.017113832,0.984463275
11073360,0.331754126,36.9,2,119,1.225767178,0.443792339,1,1,20.134001,,1,53,91.68946648,91.99726402,0.95,132.3,74.76,53,45.8,744.3,3.4,0.65,0.9,3,1.12,44.1,10.29,6.95,11.8,32.18,56.02,1050.4,0.295,27.1,-0.86,-0.509,8.84,17.06,14.250404,16.06905269,12.00204082,,,-0.009054278,-0.015605414,-0.001810468,1.311099355
11124500,0.022771751,78.5,2,135,1.04273585,0.140507298,1,1,10.349061,0.625957006,1,34.8,91.6781293,89.88995873,2.37,191.5,83.1,54.6,38.1,636.9,4.5,0.711,1.17,4,1.85,23.3,9.72,1.35,23.93,41.12,34.95,1023.6,0.444,33.5,-0.78,-0.626,7.9,21.39,17.185694,6.08393386,7.478694517,,,0.03041636,0.030588094,0.002068006,
11027000,0.055952479,2.6,2,820,1.044523809,0.112448385,1,1,50.900245,0.591991427,1,17.66666667,91.6500994,96.62027833,1.62,58.2,51.93,53.2,38.8,797.9,0.2,0.625,1,3,1.16,28.6,11.16,2.59,16.4,30.84,52.76,653.6,0.433,13,-0.467,-0.884,9.92,11.16,15.624757,10.30581508,11.12010309,,,0.010100541,-0.003177161,-0.009773989,0.978380779
7103700,0.07073846,133.3,1,414,1.122962912,0.50833945,1,1,10.334753,0.918584336,1,4.928611111,91.63419665,98.46435939,2.23,264.2,59.97,52.8,94.9,393.5,27.6,0.361,0.86,4,1.42,49.5,10.03,9,11.62,33.61,54.77,2775.2,0.373,26.9,0.329,0.944,14.17,10.32,15.226314,5.396997417,6.578652536,9.350870553,5.675132475,,,,0.397808237
9510200,0.003069375,13.8,1,1091,0.920520337,0.306496414,1,1,38.424484,0.967102488,1,16,91.62457912,98.86363636,1.74,425.3,61.33,36.1,50,956.2,2.1,0.215,1.04,5,1.39,30.1,10.19,4.14,15.96,29.86,54.17,1161.3,0.383,21.4,-0.57,-0.822,27.56,4.68,17.785195,16.38612732,18.54300494,51.02477531,24.56769952,-0.018953429,-0.046296014,-0.012013773,0.868715379
10329500,0.004934416,18.2,1,596,1.035375236,0.131247992,1,1,7.158851,0.686330042,1,22.93333333,91.59820762,95.96713966,2.05,454.5,54.55,56.3,75.7,540.9,41.9,0.294,1.06,5,1.48,64.7,10.64,1.48,26.66,42,31.34,1893.5,0.317,16.6,-0.616,0.788,9.11,5.44,21.369587,3.378392083,2.556039604,2.245632563,1.528184818,-0.01878581,-0.053986826,-0.003253468,0.77684056
8377900,0.031983746,153.3,1,97,0.903140095,0.47157941,1,1,65.272425,1.140346217,1,11.66666667,91.59223634,99.07248368,2.05,139,89.76,48.6,96.1,380.6,31.6,0.11,0.5,3,1.21,65.4,9.68,2.96,22.74,43.83,33.43,3141.5,0.593,24.8,0.023,-1,13.35,11.76,13.047006,25.24947925,36.74589928,66.46402878,35.36093525,-0.03378568,-0.041146736,-0.00861868,0.946858376
11453500,0.221979161,0,2,572,1.013103376,0.049074777,1,1,68.402353,0.917637249,1,41.9525,91.57303371,95.38077403,1.47,293.4,112.6,63,63.1,752.4,2,0.624,0.62,3,1.5,36.4,10.72,0.99,28.71,44.41,26.88,554.7,0.243,19.3,-0.169,0.986,12.19,6.28,17.47691,38.71637619,46.98312883,,,-0.106642653,-0.150364536,-0.029878285,0.389033416
11118500,0.185397338,100.6,2,455,1.073347365,0.181896986,1,1,82.190611,1.092289043,1,30.66666667,91.56850589,92.68443893,2.11,485.7,69.88,51.4,33.4,711.7,1.4,0.702,1.2,6,1.39,38.3,10.32,1.3,23.76,41.87,34.37,702.1,0.36,29.1,-0.979,-0.203,10.63,13.74,16.615606,33.83108468,42.24663372,80.03368334,50.47848466,0.124952005,-0.160521487,-0.114735616,0.588751203
9484000,0.084377024,77.2,2,263,1.301699849,0.941503791,0.822695035,1,85.517068,1.046778775,0.900826446,47.9375,91.54732254,41.68742217,2.39,103.7,75.97,43.3,71.1,767.1,3.1,0.167,0.8,3,1.52,9.5,9.14,1.65,18.36,43.38,38.26,1878.8,0.534,35.6,-0.977,-0.213,7.6,7.3,17.656755,21.59321881,31.624108,59.10578592,25.9246866,-0.074892772,-0.116415733,-0.009778556,0.427145513
11025500,0.009219886,23.7,2,625,1.065316835,0.157185901,1,1,7.499671,0.63456728,1,49.90916667,91.54460719,93.27563249,1.59,288.7,61.83,49,43.1,760.7,1.6,0.57,0.88,4,1.39,32.2,10.45,3.04,16.47,31.29,52.24,891.8,0.428,20.2,-0.631,-0.776,10.28,13.15,16.426629,5.200985221,3.255836508,,,0.008491982,-0.028601102,-0.009951843,
12178100,0.369296834,85.9,1,435,1.004916127,0.016935107,1,1,5.210638,0.317886659,1,28.5,91.5407855,93.81826633,2.89,69.7,280.14,69.5,183.8,547.9,59.6,0.415,0.56,3,1.26,63.9,9.23,2.35,9.84,47.21,42.95,1300.6,0.457,58.3,0.676,-0.737,5.37,25.6,13.27064,0.330902641,4.119081779,,,-0.151412781,-0.229787982,-0.030666042,0.354044662
11451715,0.092866376,120.7,2,923,1.048194131,0.146924241,1,1,11.655139,0.944331954,1,47.5,91.5209327,89.93110758,0.9,247.9,70.02,59.6,55.5,854.4,1,0.615,0.96,4,1.19,43.2,10.66,0.49,37.34,42.78,19.88,560.5,0.34,18.2,-0.265,0.964,7.28,15.2,18.827651,2.304121352,5.157482856,23.98777733,10.34183138,-0.020201164,-0.037042487,-0.012948582,0.829864732
11152000,0.057077577,8.4,2,807,1.100321644,0.304131296,1,1,7.156277,1.825105706,1,52.75,91.51094501,98.07794981,2.07,625.1,80.89,63.9,60.5,663.8,2.9,0.654,1.03,5,2.35,38.3,10.02,3.14,20.17,34.81,45.02,759.1,0.387,34.7,-0.132,0.991,11.39,9.04,17.294107,3.419893111,4.751959686,14.97461206,10.20955047,-0.083696349,-0.130360625,-0.01582025,
11118500,0.00164992,3.8,2,365,1.071902901,0.225687227,1,1,82.190611,1.092289043,1,45.99194444,91.50650961,85.36887787,2.11,485.7,69.88,51.4,33.4,711.7,1.4,0.702,1.2,6,1.39,38.3,10.32,1.3,23.76,41.87,34.37,702.1,0.36,29.1,-0.979,-0.203,9.73,9.35,16.615606,33.83108468,42.24663372,80.03368334,50.47848466,0.124952005,-0.160521487,-0.114735616,0.588751203
8377900,0.02607592,10.3,1,156,1.000598599,0.136772966,1,1,65.272425,1.140346217,1,17.94472222,91.5063552,88.13122638,2.05,139,89.76,48.6,96.1,380.6,31.6,0.11,0.5,3,1.21,65.4,9.68,2.96,22.74,43.83,33.43,3141.5,0.593,24.8,0.023,-1,9.39,6.14,13.047006,25.24947925,36.74589928,66.46402878,35.36093525,-0.03378568,-0.041146736,-0.00861868,0.946858376
11027000,0.009244323,5.5,2,884,1.000643293,0.048037795,1,1,70.526293,1.115871643,1,30,91.50579151,81.46718147,1.62,58.2,51.93,53.2,38.8,797.9,0.2,0.625,1,3,1.16,28.6,11.16,2.59,16.4,30.84,52.76,653.6,0.433,13,-0.467,-0.884,11.4,11.03,15.624757,49.6480909,49.63608247,,,-0.025618471,-0.03325335,-0.013415509,1.239786878
11123500,0.031980143,0,2,946,1.054422588,0.16471893,1,1,47.106742,1.207876628,1,71,91.50174622,78.75436554,1.89,718.1,79.99,52.6,34.3,660.8,3.8,0.712,1.27,5,1.39,25.8,9.92,1.14,22.63,41.55,35.82,934.1,0.378,31.2,-0.578,-0.816,8.67,20.64,18.753658,43.16949878,44.25628743,16.02817156,5.57082579,-0.041739968,-0.117735286,-0.025034786,0.578338332
11047300,0.101203788,55.3,2,594,1.108833521,0.238270845,1,1,11.921157,1.8590446,1,18.66666667,91.49425287,92.64367816,1.1,139.9,46.85,61.6,36.6,812.1,0,0.652,1.08,3,1.27,23.9,11.46,2.26,24.89,42.68,32.43,423.2,0.234,19.1,-0.597,-0.802,13.12,9.25,13.66011,4.902997679,7.699857041,11.53209435,10.94796283,0.064649032,-0.160446952,-0.110397484,0.541141138
11456000,0.748268298,63.1,2,464,0.983645108,0.056052595,1,1,8.882523,2.160787162,1,15.98333333,91.48741419,97.66590389,1.79,212.3,104.44,64,69.8,743.7,1.5,0.624,0.68,4,1.39,28.5,10.89,2.14,24.23,44.57,31.21,305.3,0.209,20.9,-0.876,0.483,7.94,21.08,16.071526,1.060217481,3.36895902,,,0.151115828,-0.041238275,-0.085423292,0.601416408
11143000,0.114112558,96,2,772,1.026623607,0.095477079,1,1,13.697515,0.363115177,1,48.91666667,91.48541114,77.5596817,2.74,120.6,116.26,67.4,72.8,639.5,3.4,0.654,0.98,4,1.47,40.3,10.29,4.14,14.13,31.45,54.42,779,0.492,43.6,-0.447,-0.894,11.4,13.95,18.127121,0.979707657,4.544776119,86.30373134,57.91119403,-0.02982169,-0.041495503,-0.00798715,
11152000,0.067496499,0,2,241,1.048010384,0.20158616,1,1,10.954941,1.60170771,1,28,91.45962733,98.4989648,2.07,625.1,80.89,63.9,60.5,663.8,2.9,0.654,1.03,5,2.35,38.3,10.02,3.14,20.17,34.81,45.02,759.1,0.387,34.7,-0.132,0.991,9.53,13.87,17.294107,2.102052119,3.129195329,14.97461206,10.20955047,0.008995308,0.013725339,0.004678276,1.119487192
11169800,0.053150341,1.2,2,863,1.018538662,0.077121836,1,1,36.191218,1.399114615,1,24.88916667,91.44572286,83.34167084,1.22,282.9,60.85,63.3,56.7,817.9,1.8,0.626,0.99,4,1.41,31.7,10.98,2.22,23.01,45.71,31.28,604,0.421,25.6,-0.968,-0.251,8.67,8.1,15.108,13.56218898,17.84697773,,,-0.027252546,-0.102754136,-0.097116277,0.690304803
11149900,0.024988423,8,2,515,1.096830614,0.246214638,1,1,8.664033,1.715767974,1,60,91.43927234,81.1128946,1.56,556.4,63.26,62,54,737.5,1.5,0.659,1.13,4,1.35,33.5,10.91,2.31,24.37,37.78,37.85,533.4,0.186,19.5,-0.995,-0.102,9.33,13.34,16.227347,1.544994989,3.774209202,28.84609993,15.65149173,-0.095944476,-0.147464849,-0.019542126,
11113000,0.018340586,0,2,747,1.122193156,0.234879986,1,1,18.928716,1.316921813,1,40.66666667,91.43377886,80.55893074,1.41,650,68.34,45.4,34.7,663.4,7.7,0.69,1.22,4,1.67,44.6,9.91,2,22.07,41.65,36.28,1251.5,0.512,32.7,-1,0.016,6.83,9.22,16.054577,6.141831074,9.616984615,14.98787692,8.055507692,0.266680581,0.059727096,-0.059527782,0.966690077
11169800,0.023422184,14.5,2,944,0.933693575,0.173691129,1,1,19.710195,1.254471196,1,30,91.43081761,87.36897275,1.22,282.9,60.85,63.3,56.7,817.9,1.8,0.626,0.99,4,1.41,31.7,10.98,2.22,23.01,45.71,31.28,604,0.421,25.6,-0.968,-0.251,12,3.95,15.108,8.512952968,12.39353128,,,-0.05197041,-0.089555726,-0.018581726,0.693486301
11152050,0.053954278,0,2,241,1.070833251,0.242474158,1,1,8.868908,1.491041107,1,30,91.41519251,98.49115505,1.67,771.5,74.52,63.7,58.2,676.7,2.4,0.652,1.04,6,2.02,38.4,10.1,2.9,21.11,35.63,43.26,674.8,0.359,31.4,0.227,0.974,9.8,12.93,17.029979,1.729693567,2.523499676,12.12311082,8.239170447,0.008995308,0.013725339,0.004678276,1.119487192
14090350,0.083261662,123.8,1,107,1.057561229,0.241119347,1,1,7.771881,0.395126958,1,66,91.41173169,82.71119843,1.95,72.1,182.78,64.8,142.3,455.8,53.1,0.404,0.78,3,1.26,78.8,10.37,6.68,15.1,29.79,55.1,1566.6,0.321,26.1,-0.809,0.588,6.18,15.45,16.829358,2.87103158,3.739805825,44.26407767,17.35811373,-0.080987589,-0.115335652,-0.006408878,
11077500,0.01505213,98.4,2,423,1.043248238,0.193078107,1,1,24.501378,1.161798467,1,24.5,91.41126158,97.22024234,1.28,240.8,51.01,60.8,37.1,825.6,0,0.654,1.13,5,1.61,20.2,10.37,1.7,25.4,46.19,28.41,553.2,0.308,25.4,-0.221,-0.975,12.94,6.47,17.754193,9.989975637,12.6130814,,,-0.041399881,-0.062625955,-0.015173694,0.666868373
10258500,0.00211057,0,1,308,1.041057521,0.894960515,1,1,34.911598,1.024974947,1,73.9525,91.40401146,74.84240688,2,241.5,37.78,41.9,27.9,813.4,5.1,0.464,0.98,4,2.22,43.9,9.87,5.3,11.18,26.56,62.26,1195.3,0.44,22.7,0.863,0.506,16.79,0.76,22.326342,14.07063824,14.53863354,,,-0.067585553,-0.149738128,-0.003304783,
11143000,0.197231581,0,2,241,1.018833453,0.110270616,1,1,86.219962,1.022908078,1,26,91.39886578,97.68431002,2.74,120.6,116.26,67.4,72.8,639.5,3.4,0.654,0.98,4,1.47,40.3,10.29,4.14,14.13,31.45,54.42,779,0.492,43.6,-0.447,-0.894,9.44,19.35,18.127121,14.47744466,22.15223881,86.30373134,57.91119403,-0.031238989,-0.040315131,0.002169895,1.009060924
11113000,0.047049485,3.6,2,365,1.004781223,0.141875758,1,1,18.928716,1.316921813,1,46.85722222,91.37302552,83.17132442,1.41,650,68.34,45.4,34.7,663.4,7.7,0.69,1.22,4,1.67,44.6,9.91,2,22.07,41.65,36.28,1251.5,0.512,32.7,-1,0.016,6.83,9.22,16.054577,6.141831074,9.616984615,14.98787692,8.055507692,0.164198315,-0.115015669,-0.082551455,0.693251489
8378500,0.031307585,287.1,1,124,0.976616953,0.188076936,1,1,24.394413,1.433035617,1,9.857222222,91.36773281,97.03127761,2.61,445,86.08,49.1,89.7,374.7,32.7,0.115,0.56,4,1.18,68.2,9.97,2.19,24.5,39.65,35.85,3073,0.466,26.5,-0.839,-0.545,12.72,12.04,14.557434,8.108731976,14.05597753,25.41377528,13.96395506,-0.035957506,-0.042651227,-0.010011272,0.93442821
8378500,0.023353422,13.1,1,156,1.015648633,0.381854004,1,1,24.394413,1.433035617,1,17.96666667,91.36773281,87.48895565,2.61,445,86.08,49.1,89.7,374.7,32.7,0.115,0.56,4,1.18,68.2,9.97,2.19,24.5,39.65,35.85,3073,0.466,26.5,-0.839,-0.545,9.54,6.26,14.557434,8.108731976,14.05597753,25.41377528,13.96395506,-0.035957506,-0.042651227,-0.010011272,0.93442821
11065000,0.039831447,4.9,2,479,1.010969402,0.414735432,1,1,24.135281,0.744402096,1,36,91.35951662,81.45015106,1.55,364.7,81.4,47.7,43.6,701.5,4.2,0.649,1.11,5,1.12,49.6,10,6.62,10.83,28.51,60.66,1250.1,0.343,27.3,-0.675,0.738,7.67,19.01,19.024359,10.41161438,14.07153825,33.44313134,17.52322457,-0.103024742,-0.16457491,-0.019126961,0.529473004
11149900,0.121125146,26.7,2,837,1.188083093,0.421683291,1,1,8.664033,1.715767974,1,50.75,91.33226324,72.71268058,1.56,556.4,63.26,62,54,737.5,1.5,0.659,1.13,4,1.35,33.5,10.91,2.31,24.37,37.78,37.85,533.4,0.186,19.5,-0.995,-0.102,8.45,9.76,16.227347,1.544994989,3.774209202,28.84609993,15.65149173,,,,
11152000,0.088334345,20.2,2,537,1.069288764,0.232826774,1,1,38.563747,1.45200031,1,92,91.30864198,73.38271605,2.07,625.1,80.89,63.9,60.5,663.8,2.9,0.654,1.03,5,2.35,38.3,10.02,3.14,20.17,34.81,45.02,759.1,0.387,34.7,-0.132,0.991,8.57,12.76,17.294107,14.91749383,22.51871701,14.97461206,10.20955047,-0.106418682,-0.184356043,-0.025092694,0.456406466
11025500,0.018537856,97.7,2,476,1.068243095,0.168695606,1,1,57.038453,0.63853309,1,41.5,91.29310345,85.45977011,1.59,288.7,61.83,49,43.1,760.7,1.6,0.57,0.88,4,1.39,32.2,10.45,3.04,16.47,31.29,52.24,891.8,0.428,20.2,-0.631,-0.776,9.46,12.2,16.426629,35.29497486,34.52483547,,,-0.015297496,-0.059713898,-0.012677003,0.765479793
11143000,0.255931457,17.7,2,841,1.035837386,0.118746106,1,1,29.9711,1.327452654,1,50.875,91.28953771,78.10218978,2.74,120.6,116.26,67.4,72.8,639.5,3.4,0.654,0.98,4,1.47,40.3,10.29,4.14,14.13,31.45,54.42,779,0.492,43.6,-0.447,-0.894,8.75,17.47,18.127121,15.90995837,20.11791045,86.30373134,57.91119403,-0.074426019,-0.115714332,-0.013921207,
11169800,0.069165509,66.5,2,144,1.042922943,0.166910385,1,1,19.710195,1.254471196,1,21,91.24737945,89.2033543,1.22,282.9,60.85,63.3,56.7,817.9,1.8,0.626,0.99,4,1.41,31.7,10.98,2.22,23.01,45.71,31.28,604,0.421,25.6,-0.968,-0.251,8.01,11.87,15.108,8.512952968,12.39353128,,,-0.020831647,-0.039457795,-0.000658374,0.883383447
9342500,0.057654276,49.6,1,403,0.945843671,0.276572301,1,1,10.452957,1.515753581,1,119.6666667,91.24071155,90.90294979,2,726.9,99.32,50.6,102.4,399.5,54.9,0.122,0.66,4,1.3,63.2,9.73,5.26,19.93,41.58,38.49,2968.1,0.436,31.2,-0.871,-0.491,13.75,7.06,11.980939,3.405147869,4.768551383,,,-0.039648096,-0.132480771,-0.006367292,0.631351818
11077500,0.034337672,0.1,2,50,0.938591906,0.244976214,1,1,11.867328,0.9068181,1,29.66666667,91.23539232,86.64440735,1.28,240.8,51.01,60.8,37.1,825.6,0,0.654,1.13,5,1.61,20.2,10.37,1.7,25.4,46.19,28.41,553.2,0.308,25.4,-0.221,-0.975,12.93,9.51,17.754193,4.617074093,6.360921927,,,0.033667922,0.042852639,0.004524728,1.367628761
10321590,0.001247699,29.8,1,988,0.882666738,0.414680423,1,1,10.934387,0.579158788,1,36.5,91.21779859,86.49492584,1.45,476.6,31.03,52.6,69.9,545.9,39,0.172,1.1,4,1.34,63.8,11.2,2.06,27.06,43.56,29.38,1821.7,0.301,12.2,-0.936,0.351,5.48,2.71,21.107389,4.108979966,3.921023919,,,0.02983174,0.041453002,0.00478053,
11149900,0.041579514,18,2,550,1.077682281,0.220284221,1,1,21.73561,1.616261858,1,86.5,91.21693122,72.53968254,1.56,556.4,63.26,62,54,737.5,1.5,0.659,1.13,4,1.35,33.5,10.91,2.31,24.37,37.78,37.85,533.4,0.186,19.5,-0.995,-0.102,8.45,9.76,16.227347,8.848335816,13.12359813,28.84609993,15.65149173,-0.084847199,-0.178495399,-0.026298828,0.494408205
11152050,0.042209129,20.7,2,537,1.098334033,0.300705337,1,1,31.232187,1.394009406,1,92,91.21588089,73.25062035,1.67,771.5,74.52,63.7,58.2,676.7,2.4,0.652,1.04,6,2.02,38.4,10.1,2.9,21.11,35.63,43.26,674.8,0.359,31.4,0.227,0.974,8.75,11.74,17.029979,12.27500159,18.24777706,12.12311082,8.239170447,-0.106418682,-0.184356043,-0.025092694,0.456406466
11456000,0.020807461,0,1,583,1.003767217,0.057586797,1,1,8.882523,2.160787162,1,35.96888889,91.21281465,92.63157895,1.79,212.3,104.44,64,69.8,743.7,1.5,0.624,0.68,4,1.39,28.5,10.89,2.14,24.23,44.57,31.21,305.3,0.209,20.9,-0.876,0.483,16.38,2.75,16.071526,1.060217481,3.36895902,,,0.151115828,-0.041238275,-0.085423292,0.601416408
9430600,0.010405131,146.5,1,760,1.000791139,0.073533684,1,1,31.471915,0.982202585,1,22.5,91.21253406,96.56675749,1.85,190.5,67.41,44.7,72,593.8,14,0.222,0.58,3,1.32,53.1,9.96,2.05,31.86,33.61,34.53,2371.3,0.444,40.6,-0.973,-0.231,19.49,9.71,15.895541,5.696973135,9.305669291,91.38944882,35.34944882,-0.06664314,-0.115874287,-0.01842746,
9484000,0.153735483,158.2,1,431,0.843484734,0.52598621,1,1,69.267296,1.388299086,1,13.75,91.1360799,95.78651685,2.39,103.7,75.97,43.3,71.1,767.1,3.1,0.167,0.8,3,1.52,9.5,9.14,1.65,18.36,43.38,38.26,1878.8,0.534,35.6,-0.977,-0.213,21.03,13.39,17.656755,12.27435075,20.33982642,59.10578592,25.9246866,-0.029754246,-0.128262786,-0.044356359,0.620399768
9513780,0.038925657,0,2,112,1.031921203,0.097892421,1,1,17.300814,0.890020873,1,24,91.11516415,83.58520063,2.34,177.5,52.71,40,52.6,949,0.8,0.196,0.87,3,1.36,22.1,10.1,3.45,30.93,30.45,38.62,1208.9,0.467,22.5,-0.241,-0.97,7.5,4.51,18.230644,1.899924102,1.168225352,16.69070423,2.558647887,0.086675247,0.036335539,-0.064603922,1.158136717
11152000,0.121403099,126.3,2,615,1.087358538,0.305522823,1,1,38.563747,1.45200031,1,31,91.11111111,92.14814815,2.07,625.1,80.89,63.9,60.5,663.8,2.9,0.654,1.03,5,2.35,38.3,10.02,3.14,20.17,34.81,45.02,759.1,0.387,34.7,-0.132,0.991,8.78,16.68,17.294107,14.91749383,22.51871701,14.97461206,10.20955047,-0.106418682,-0.184356043,-0.025092694,0.456406466
7104905,0.122313892,198.9,1,1087,0.862421464,0.475760977,1,1,5.351106,0.612912952,1,14.875,91.10681489,92.7742871,2.32,613.5,54.77,51.4,80.5,521.8,16.6,0.322,0.71,3,1.84,50.4,11.26,7.38,13.5,29.69,56.81,2279.5,0.411,10.1,-1,0.006,15.45,5.59,13.421778,3.217745165,3.097555012,4.981222494,2.570904645,-0.035672741,-0.09085869,-0.017775988,0.640264154
9430600,0.010851065,33.5,1,519,0.999941047,0.267489371,1,1,13.587343,1.818895817,1,28.5,91.10169492,77.23970944,1.85,190.5,67.41,44.7,72,593.8,14,0.222,0.58,3,1.32,53.1,9.96,2.05,31.86,33.61,34.53,2371.3,0.444,40.6,-0.973,-0.231,10.97,6.38,15.895541,1.566147544,2.401417323,91.38944882,35.34944882,-0.025462502,-0.038931376,-0.005585515,
11077500,0.172864308,126.1,2,821,1.032535301,0.202129774,1,1,24.501378,1.161798467,1,5.956666667,91.09052031,97.29151818,1.28,240.8,51.01,60.8,37.1,825.6,0,0.654,1.13,5,1.61,20.2,10.37,1.7,25.4,46.19,28.41,553.2,0.308,25.4,-0.221,-0.975,12.07,11.6,17.754193,9.989975637,12.6130814,,,-0.026350686,-0.059067076,-0.018292824,0.675049737
11451715,0.022502677,20.7,2,896,1.056923544,0.155294821,1,1,11.655139,0.944331954,1,49.5,91.07048225,88.60625331,0.9,247.9,70.02,59.6,55.5,854.4,1,0.615,0.96,4,1.19,43.2,10.66,0.49,37.34,42.78,19.88,560.5,0.34,18.2,-0.265,0.964,7.69,10.4,18.827651,2.304121352,5.157482856,23.98777733,10.34183138,-0.020201164,-0.037042487,-0.012948582,0.829864732
11063510,0.157751142,22.9,2,146,0.974354369,0.070451052,1,1,75.044644,1.007263416,1,68.5,91.06808245,83.76014991,2.04,144.5,66.42,46,40.7,690.4,4.5,0.635,0.96,4,1.54,50.7,9.96,6.14,10.54,26.94,62.52,1273.4,0.272,22.4,-0.728,0.686,6.53,14.09,18.45637,20.60685912,23.61986159,74.67695502,36.88442907,-0.009704062,-0.01753329,-0.004633778,0.798144832
10234500,0.012936618,103.1,1,362,1.062026995,0.210099218,1,1,5.250666,1.203551382,1,19,91.06122449,91.42857143,2.34,236.4,75.93,50.3,90.9,430.1,56.6,0.152,0.87,4,1.39,70,9.81,2.33,19.31,43.36,37.33,2819.1,0.512,24.2,0.053,-0.999,14.22,6.48,18.085888,0.599881048,1.215989848,8.83286802,1.319162437,-0.003973069,-0.01073788,0.000597517,0.997725065
11453500,0.118710595,1.9,2,434,1.003073064,0.033110396,1,1,68.402353,0.917637249,1,50.9,91.0528506,99.29255098,1.47,293.4,112.6,63,63.1,752.4,2,0.624,0.62,3,1.5,36.4,10.72,0.99,28.71,44.41,26.88,554.7,0.243,19.3,-0.169,0.986,10.53,15.9,17.47691,38.71637619,46.98312883,,,-0.106642653,-0.150364536,-0.029878285,0.389033416
11014000,0.053580781,62.5,2,641,1.028638355,0.092005172,1,1,5.043274,0.752773408,1,39.66666667,91.04820199,79.03596021,2.91,181.8,44.33,55.8,42.1,846.3,0,0.609,1.26,5,1.39,33.8,10.3,3.01,18.77,38.69,42.55,490.9,0.343,19.4,-0.048,-0.999,11.77,8.75,16.12831,1.534653813,2.248514851,,,0.108115657,-0.065945541,-0.170737304,1.025194801
11143000,0.200518774,144.2,2,615,1.037450525,0.15718752,1,1,99.985297,0.997222043,1,30,91.0412758,92.72983114,2.74,120.6,116.26,67.4,72.8,639.5,3.4,0.654,0.98,4,1.47,40.3,10.29,4.14,14.13,31.45,54.42,779,0.492,43.6,-0.447,-0.894,8.68,23.37,18.127121,33.21126627,44.52462687,86.30373134,57.91119403,-0.101820656,-0.155859565,-0.024091851,0.453496031
11152050,0.077811611,126.5,2,615,1.107168781,0.34928733,1,1,31.232187,1.394009406,1,31,91.01736973,92.10918114,1.67,771.5,74.52,63.7,58.2,676.7,2.4,0.652,1.04,6,2.02,38.4,10.1,2.9,21.11,35.63,43.26,674.8,0.359,31.4,0.227,0.974,9.08,15.41,17.029979,12.27500159,18.24777706,12.12311082,8.239170447,-0.106418682,-0.184356043,-0.025092694,0.456406466
7103700,0.010589333,29.5,1,761,0.981822297,0.475787172,1,1,10.334753,0.918584336,1,8.96,90.9924364,98.55603942,2.23,264.2,59.97,52.8,94.9,393.5,27.6,0.361,0.86,4,1.42,49.5,10.03,9,11.62,33.61,54.77,2775.2,0.373,26.9,0.329,0.944,15.24,9.63,15.226314,5.396997417,6.578652536,9.350870553,5.675132475,-0.073427221,-0.138797398,-0.02782991,0.527450528
11138500,0.019851687,88.3,2,135,1.075002075,0.271101863,1,1,5.562678,0.956816384,1,35.83333333,90.9841954,88.36206897,2,728.9,69.82,57.6,39.6,665.2,7.1,0.686,1.16,5,1.44,28.2,9.8,1.39,21.86,41.68,36.45,994.2,0.424,34.2,0.199,-0.98,8.21,17.01,16.60856,2.132233872,2.931760187,,,0.030284293,0.031200972,0.00251511,
11152000,0.047564647,16.1,2,519,1.087132717,0.287804433,1,1,7.156277,1.825105706,1,62.5,90.95034704,81.68713294,2.07,625.1,80.89,63.9,60.5,663.8,2.9,0.654,1.03,5,2.35,38.3,10.02,3.14,20.17,34.81,45.02,759.1,0.387,34.7,-0.132,0.991,8.78,16.68,17.294107,3.419893111,4.751959686,14.97461206,10.20955047,-0.144762853,-0.216354713,-0.026505137,
11152000,0.11189017,27.8,2,841,1.108628735,0.32426419,1,1,7.156277,1.825105706,1,50.875,90.95034704,78.64388681,2.07,625.1,80.89,63.9,60.5,663.8,2.9,0.654,1.03,5,2.35,38.3,10.02,3.14,20.17,34.81,45.02,759.1,0.387,34.7,-0.132,0.991,8.57,12.76,17.294107,3.419893111,4.751959686,14.97461206,10.20955047,-0.083696349,-0.130360625,-0.01582025,
11118500,0.003929491,98.6,2,732,1.096377964,0.270924896,1,1,82.190611,1.092289043,1,55,90.94854309,85.67885927,2.11,485.7,69.88,51.4,33.4,711.7,1.4,0.702,1.2,6,1.39,38.3,10.32,1.3,23.76,41.87,34.37,702.1,0.36,29.1,-0.979,-0.203,9.73,9.35,16.615606,33.83108468,42.24663372,80.03368334,50.47848466,0.252358865,0.015863939,-0.088528978,0.913104719
11114495,0.136913988,125.6,2,455,1.013224172,0.075738766,1,1,99.929207,1.004411539,1,28.66666667,90.94292804,92.67990074,2.46,124.3,88.3,49.7,35.9,606.1,3.8,0.706,1.05,4,1.37,38.6,9.71,1.12,21.93,42.54,35.53,1162,0.521,38.3,-0.875,0.484,8.21,17.52,13.969926,72.44200871,74.63990346,91.62960579,77.48479485,0.109225139,-0.198628136,-0.101844596,0.531856898
11124500,0.036227785,0.4,2,947,1.033723512,0.125352736,1,1,71.062545,1.035623791,1,54,90.90385723,78.81404721,2.37,191.5,83.1,54.6,38.1,636.9,4.5,0.711,1.17,4,1.85,23.3,9.72,1.35,23.93,41.12,34.95,1023.6,0.444,33.5,-0.78,-0.626,7.9,21.39,17.185694,68.62677395,63.6551436,,,-0.043692357,-0.109650374,-0.026983016,0.583171137
11065000,0.215074283,123.1,2,108,1.008679453,0.25251079,1,1,8.140156,1.901694811,1,39,90.90291921,91.78547183,1.55,364.7,81.4,47.7,43.6,701.5,4.2,0.649,1.11,5,1.12,49.6,10,6.62,10.83,28.51,60.66,1250.1,0.343,27.3,-0.675,0.738,6.97,17.4,19.024359,2.365863291,3.388017549,33.44313134,17.52322457,0.003139483,-0.006888002,-0.00523758,0.924603841
11152050,0.020517307,16.1,2,519,1.106656543,0.335687627,1,1,5.778692,1.628838967,1,62.5,90.90177134,81.58883521,1.67,771.5,74.52,63.7,58.2,676.7,2.4,0.652,1.04,6,2.02,38.4,10.1,2.9,21.11,35.63,43.26,674.8,0.359,31.4,0.227,0.974,9.08,15.41,17.029979,2.814091554,3.832378483,12.12311082,8.239170447,-0.144762853,-0.216354713,-0.026505137,
11143000,0.267671432,157.6,2,457,0.970042488,0.10992312,1,1,13.697515,0.363115177,1,29.875,90.87533156,95.64986737,2.74,120.6,116.26,67.4,72.8,639.5,3.4,0.654,0.98,4,1.47,40.3,10.29,4.14,14.13,31.45,54.42,779,0.492,43.6,-0.447,-0.894,8.33,25.11,18.127121,0.979707657,4.544776119,86.30373134,57.91119403,-0.06088307,-0.108076154,-0.019716675,
9484000,0.054886025,66.6,1,777,0.986235371,0.196571752,1,1,85.517068,1.046778775,1,17.91666667,90.84682441,97.82067248,2.39,103.7,75.97,43.3,71.1,767.1,3.1,0.167,0.8,3,1.52,9.5,9.14,1.65,18.36,43.38,38.26,1878.8,0.534,35.6,-0.977,-0.213,21.03,13.39,17.656755,21.59321881,31.624108,59.10578592,25.9246866,-0.075001263,-0.13012394,-0.017316944,0.572519765
11449500,0.879515078,203.4,1,182,1.059170636,0.119978682,1,1,20.124733,1.609944458,1,42.66666667,90.84507042,79.09330986,1.81,95.3,148.47,60,80.8,774.8,1.3,0.621,0.7,3,1.52,33.3,10.94,1.18,24.63,43.26,32.11,804.1,0.359,20,0.851,-0.526,9.33,21.02,16.804113,7.764004234,10.69045121,,,-0.006529944,-0.018189741,-0.000934813,0.82201641
11461000,0.53448543,211.7,2,492,1.004631092,0.111862073,1,1,32.301184,1.065652935,1,11.8,90.84507042,98.16118936,1.95,259.6,118.6,63.1,81.2,730.9,3,0.607,0.95,4,1.1,36,11.3,1.16,28.24,42.59,29.17,448.3,0.314,20.6,-0.997,0.077,8.13,21.77,15.086673,6.630779176,11.66221109,,,0.168591806,-0.024895358,-0.112839417,0.580309863
11109600,0.004230776,0,2,832,0.980698325,0.22622928,1,1,41.681744,1.066478672,1,41,90.83283403,91.13241462,1.66,963.8,55.61,42.7,35,676,11.8,0.673,1.1,5,2.08,52.1,10.21,5.72,18.55,37.45,44,1385.2,0.448,26,-0.765,0.644,5.53,7.27,16.693884,12.52429966,19.22524383,6.542218303,3.126727537,-0.054237196,-0.108104837,-0.011410457,0.669482329
11043000,0.006182712,0.8,2,17,1.038166736,0.140030746,1,1,7.514724,1.797661564,1,31,90.80502216,82.34859675,1.41,572.5,37.11,54,29.9,879.2,0.1,0.614,1.02,5,1.08,23.8,12.19,2.65,18.48,35.38,46.14,520.6,0.207,8.3,-0.454,-0.891,14.25,2.47,16.167722,3.722381881,4.124593886,,,-0.010855484,-0.00442999,-0.004773296,1.717087019
11065000,0.022050937,0,2,925,0.930664343,0.352911373,1,1,33.742927,1.953161117,1,118,90.80310881,92.87564767,1.55,364.7,81.4,47.7,43.6,701.5,4.2,0.649,1.11,5,1.12,49.6,10,6.62,10.83,28.51,60.66,1250.1,0.343,27.3,-0.675,0.738,7.67,19.01,19.024359,9.084707504,11.94332328,33.44313134,17.52322457,0.084418299,-0.035580624,-0.099919284,0.745010548
9430600,0.009215973,0,1,727,0.997354172,0.189522719,1,1,24.384716,1.625205434,1,71.66666667,90.79565473,88.60833823,1.85,190.5,67.41,44.7,72,593.8,14,0.222,0.58,3,1.32,53.1,9.96,2.05,31.86,33.61,34.53,2371.3,0.444,40.6,-0.973,-0.231,13.31,2.59,15.895541,2.695437993,3.27496063,91.38944882,35.34944882,-0.03879371,-0.049130593,-0.008767955,0.900779177
11063510,0.004115247,0,2,134,0.854307663,0.403788466,1,1,15.999744,0.650293498,1,56.5,90.70958303,63.05779078,2.04,144.5,66.42,46,40.7,690.4,4.5,0.635,0.96,4,1.54,50.7,9.96,6.14,10.54,26.94,62.52,1273.4,0.272,22.4,-0.728,0.686,10.12,4.57,18.45637,3.489027728,3.731418685,74.67695502,36.88442907,-0.08731622,-0.16929898,-0.006783363,
11458500,0.111836376,164.8,2,456,1.018688635,0.064335235,1,1,63.695385,1.042728974,1,31.75,90.68015497,90.74472665,2.59,150.4,107.96,63.9,77.4,739.6,1.4,0.626,0.64,3,1.77,23.2,10.42,1.81,24.93,43.89,31.18,301.1,0.336,17.6,-0.861,-0.509,8.12,22.19,19.519202,10.35774737,23.62679521,,,0.19127005,-0.008569863,-0.068260773,0.620423687
11148900,0.481421027,27.4,2,439,0.982844617,0.239254632,1,1,6.063932,1.901817314,1,88,90.66704036,72.42152466,1.48,403.5,69.16,62.7,52.5,745.3,1.5,0.653,0.99,5,1.22,31.2,11.37,2.86,22.94,36.87,40.19,551.8,0.337,21.3,-0.586,0.81,8.75,10.52,16.11163,1.860832125,3.682081784,20.74907063,12.52795539,-0.090459047,-0.151929141,-0.023852705,0.554964854
10260950,0.057409886,79.7,2,941,1.009012098,0.10792286,1,1,10.926878,0.653202168,1,26.8,90.66615027,90.85979861,2.1,175.1,66.31,43.9,49,724,6.7,0.611,0.97,4,1.24,39.2,10.29,5.47,13.39,28.27,58.34,1271.7,0.362,20.2,0.925,0.379,8.4,12.73,18.304836,7.69524916,7.127527127,10.63038264,5.662649914,0.078235695,-0.10005319,-0.114749105,0.605979138
11451715,0.285566962,20.2,2,539,0.98724954,0.034951569,1,1,11.690112,0.296371599,1,28.8,90.65340909,90.68181818,0.9,247.9,70.02,59.6,55.5,854.4,1,0.615,0.96,4,1.19,43.2,10.66,0.49,37.34,42.78,19.88,560.5,0.34,18.2,-0.265,0.964,7.28,15.2,18.827651,1.945488238,3.78987495,23.98777733,10.34183138,-0.028831435,-0.039762042,-0.011139522,0.691053957
9508300,0.002801234,18,1,402,0.997612932,0.058966744,1,1,83.630661,1.091927993,1,13.66666667,90.6448203,97.99154334,1.24,93,61.67,39.9,60.5,779.9,8.4,0.144,0.7,3,1.58,36,10.05,2.68,22.26,37.89,39.84,1496.5,0.503,27.8,0.203,-0.979,24.25,5.9,16.736963,25.49898573,26.68935484,,,-0.07765983,-0.144763968,-0.009734719,0.3593483
11149900,0.018066986,12.7,2,525,1.152470321,0.351752472,1,1,8.664033,1.715767974,1,35.91666667,90.63670412,94.38202247,1.56,556.4,63.26,62,54,737.5,1.5,0.659,1.13,4,1.35,33.5,10.91,2.31,24.37,37.78,37.85,533.4,0.186,19.5,-0.995,-0.102,9.33,13.34,16.227347,1.544994989,3.774209202,28.84609993,15.65149173,-0.095944476,-0.147464849,-0.019542126,
11065000,0.03090237,0,2,134,0.920412857,0.360283684,1,1,7.378567,1.615275352,1,57.5,90.62736206,64.32350718,1.55,364.7,81.4,47.7,43.6,701.5,4.2,0.649,1.11,5,1.12,49.6,10,6.62,10.83,28.51,60.66,1250.1,0.343,27.3,-0.675,0.738,10.46,5.55,19.024359,1.590212935,1.93646833,33.44313134,17.52322457,-0.091922443,-0.176545355,-0.007113512,
11027000,0.132339777,4.7,2,481,1.029174208,0.088415531,1,1,70.526293,1.115871643,1,50.66666667,90.6048906,70.65637066,1.62,58.2,51.93,53.2,38.8,797.9,0.2,0.625,1,3,1.16,28.6,11.16,2.59,16.4,30.84,52.76,653.6,0.433,13,-0.467,-0.884,10.64,10.81,15.624757,49.6480909,49.63608247,,,-0.054529609,-0.124406041,-0.022378064,0.864126498
11274630,0.03581156,142.7,2,580,1.096213957,0.253075468,1,1,13.905464,1.291954055,1,25.66666667,90.60066741,91.93548387,1.77,187.4,43.32,61.7,49.1,799,2.1,0.604,1.08,4,1.42,30.9,10.3,1.62,26.46,42.13,31.41,559.2,0.472,26.1,-0.722,0.692,9.37,8.63,18.975462,4.696483564,5.048932764,,,-0.041494034,-0.069598546,-0.019274809,0.736767118
11077500,0.068792939,4.9,1,203,1.050625271,0.213350369,1,1,9.037622,0.870950945,1,50,90.59753954,74.25307557,1.28,240.8,51.01,60.8,37.1,825.6,0,0.654,1.13,5,1.61,20.2,10.37,1.7,25.4,46.19,28.41,553.2,0.308,25.4,-0.221,-0.975,16.71,1.09,17.754193,1.787458233,3.162707641,,,-0.011651957,-0.022716912,-0.005185183,
11143000,0.657438605,92.6,2,200,1.01113044,0.120753742,1,1,86.219962,1.022908078,1,43.88916667,90.59546314,84.7826087,2.74,120.6,116.26,67.4,72.8,639.5,3.4,0.654,0.98,4,1.47,40.3,10.29,4.14,14.13,31.45,54.42,779,0.492,43.6,-0.447,-0.894,8.68,23.37,18.127121,14.47744466,22.15223881,86.30373134,57.91119403,-0.031238989,-0.040315131,0.002169895,1.009060924
11059300,0.041906499,7.5,1,558,1.092680665,0.357879725,1,1,10.204954,0.671506587,1,40.5,90.55876686,92.99935774,1.38,946,67.84,42.5,47.8,641.9,27.6,0.57,1.05,5,1.86,28.1,10.09,7.16,11.69,29.16,59.16,1661,0.43,26,0.124,-0.992,11.94,1.94,19.036583,5.853874082,5.295634249,5.803953488,2.260084567,-0.084515517,-0.142665696,-0.020310006,0.682674413
11143000,0.270019427,35.4,2,145,1.031330496,0.119204941,1,1,86.219962,1.022908078,1,50,90.54820416,84.40453686,2.74,120.6,116.26,67.4,72.8,639.5,3.4,0.654,0.98,4,1.47,40.3,10.29,4.14,14.13,31.45,54.42,779,0.492,43.6,-0.447,-0.894,8.75,17.47,18.127121,14.47744466,22.15223881,86.30373134,57.91119403,-0.031238989,-0.040315131,0.002169895,1.009060924
11149900,0.026616996,58.3,2,149,1.157168926,0.373152153,1,1,8.664033,1.715767974,1,38,90.52969502,88.87105404,1.56,556.4,63.26,62,54,737.5,1.5,0.659,1.13,4,1.35,33.5,10.91,2.31,24.37,37.78,37.85,533.4,0.186,19.5,-0.995,-0.102,9.33,13.34,16.227347,1.544994989,3.774209202,28.84609993,15.65149173,0.015682926,0.015878051,0.003511839,
11466320,0.200234283,19.1,2,416,1.024410633,0.157122009,1,1,11.48391,1.070572978,1,19.95,90.51204819,98.34337349,1.27,199.4,102.63,64.2,72,732.8,1,0.622,0.67,4,1.3,28.7,12.14,1.14,27.37,43.92,28.71,204.1,0.243,12.2,-0.118,-0.993,11.72,14.25,16.638396,1.207236838,1.65330993,,,0.107350829,-0.005919632,-0.100306364,0.654534435
11047300,0.200585908,109,2,181,1.175193035,0.373900064,1,1,11.921157,1.8590446,1,38,90.49808429,91.03448276,1.1,139.9,46.85,61.6,36.6,812.1,0,0.652,1.08,3,1.27,23.9,11.46,2.26,24.89,42.68,32.43,423.2,0.234,19.1,-0.597,-0.802,12.73,10.98,13.66011,4.902997679,7.699857041,11.53209435,10.94796283,0.041259974,-0.235467907,-0.063706538,0.495678495
11449500,0.054078292,0,1,555,1.101204412,0.206079919,1,1,20.124733,1.609944458,1,60,90.49295775,88.38028169,1.81,95.3,148.47,60,80.8,774.8,1.3,0.621,0.7,3,1.52,33.3,10.94,1.18,24.63,43.26,32.11,804.1,0.359,20,0.851,-0.526,9.33,21.02,16.804113,7.764004234,10.69045121,,,-0.138931474,-0.194389354,-0.031460759,0.448167619
11143000,0.248887472,60.7,2,924,0.979441159,0.110259299,1,1,99.985297,0.997222043,1,39.5,90.47842402,83.06754221,2.74,120.6,116.26,67.4,72.8,639.5,3.4,0.654,0.98,4,1.47,40.3,10.29,4.14,14.13,31.45,54.42,779,0.492,43.6,-0.447,-0.894,8.33,25.11,18.127121,33.21126627,44.52462687,86.30373134,57.91119403,-0.041323742,-0.061614597,-0.016607488,0.638570704
8377900,0.011204497,0.5,1,826,0.892296932,0.318939837,1,1,9.194168,1.012725398,1,37.5,90.38383013,61.45365455,2.05,139,89.76,48.6,96.1,380.6,31.6,0.11,0.5,3,1.21,65.4,9.68,2.96,22.74,43.83,33.43,3141.5,0.593,24.8,0.023,-1,9.39,6.14,13.047006,0.36219532,3.062589928,66.46402878,35.36093525,-0.065045307,-0.177388886,-0.017441766,
9497800,0.028132038,133.8,1,406,0.865344227,0.517398957,1,1,33.497407,1.389714454,1,23.75,90.35567715,96.68946648,1.91,750.9,58.79,40.7,71.3,676.3,12.1,0.147,0.83,4,1.76,37.1,10.42,0.91,29.33,42.37,28.3,1747.1,0.582,19.4,-0.996,0.088,22.3,5.81,18.999934,23.5959096,23.57343188,,,-0.111285231,-0.185539706,-0.015133042,
11152050,0.068268678,29.5,2,612,1.152393811,0.480086796,1,1,31.232187,1.394009406,1,30.8,90.34739454,82.77915633,1.67,771.5,74.52,63.7,58.2,676.7,2.4,0.652,1.04,6,2.02,38.4,10.1,2.9,21.11,35.63,43.26,674.8,0.359,31.4,0.227,0.974,9.08,15.41,17.029979,12.27500159,18.24777706,12.12311082,8.239170447,-0.106418682,-0.184356043,-0.025092694,0.456406466
11027000,0.015520731,0,2,40,1.051562216,0.14875624,1,1,50.900245,0.591991427,1,29.875,90.32471836,78.59509609,1.62,58.2,51.93,53.2,38.8,797.9,0.2,0.625,1,3,1.16,28.6,11.16,2.59,16.4,30.84,52.76,653.6,0.433,13,-0.467,-0.884,13.36,4.33,15.624757,10.30581508,11.12010309,,,-0.00933244,-0.026663326,0.000626046,0.906814577
9484000,0.184318741,116.3,1,419,1.149125498,0.592609588,1,1,69.267296,1.388299086,1,9.964444444,90.32459426,95.28714107,2.39,103.7,75.97,43.3,71.1,767.1,3.1,0.167,0.8,3,1.52,9.5,9.14,1.65,18.36,43.38,38.26,1878.8,0.534,35.6,-0.977,-0.213,22.08,10.6,17.656755,12.27435075,20.33982642,59.10578592,25.9246866,-0.029754246,-0.128262786,-0.044356359,0.620399768
14316495,0.149111355,77.8,1,1017,1.051218352,0.171518378,1,1,80.803082,0.9437644,1,66.5,90.31731218,70.76528231,3.22,79,151.17,69.9,146.8,566.3,31.2,0.389,0.75,3,1.19,69.4,9.42,2.92,17.72,48.53,33.75,1207.1,0.522,37.4,-0.867,-0.499,9.35,9.48,16.174613,27.87378505,28.66556962,15.23164557,6.731772152,-0.060215871,-0.091189789,-0.012841945,0.582744205
11466200,0.18480245,18.6,2,416,1.021278315,0.17287612,1,1,7.676397,0.941665039,1,19.88916667,90.29663147,98.03921569,1.32,144.8,107.68,64.2,75.1,733.1,1.3,0.62,0.7,4,1.27,28.1,11.03,1.27,27,44.02,28.98,258.7,0.293,15.8,0.094,-0.996,11.71,15.1,17.015969,0.862305695,1.310220994,,,0.11286134,0.003010738,-0.118101618,0.654883262
11274500,0.010584205,35.4,2,952,1.105713538,0.295573319,1,1,27.069601,1.263529895,1,24.97444444,90.29380902,83.3158447,1.48,347.8,45.32,61.6,45.7,861,1.4,0.624,1.05,4,1.63,30.1,10.73,1.77,24.88,42.82,32.31,475.6,0.378,24.4,-0.349,0.937,13.09,2.63,18.273952,7.729944851,9.815899942,,,-0.038463304,-0.06331748,-0.014461163,0.693667672
11057500,0.01342682,95.7,2,519,1.069035626,0.220724165,1,1,5.10267,0.753186471,1,71.75,90.29209622,86.34020619,1.6,329,50.34,46.1,42.4,822.1,3.2,0.566,1.05,4,1.49,23.2,10.74,3.94,14.73,32.5,52.77,880.7,0.238,13.8,-0.199,-0.98,9.9,10.79,19.193511,2.02402941,2.564042553,11.73519757,9.619696049,0.05021704,-0.086611812,-0.126789437,0.760136168
11101250,0.466577184,4.1,2,490,1.069606016,0.270129678,1,1,9.043463,1.218738623,1,59.75,90.28571429,81.07142857,3.16,237.3,62.69,59.1,33.7,843.8,0.3,0.655,0.85,3,1.36,34,10.8,2.61,18.95,41.98,39.07,471.3,0.228,19.6,-0.987,-0.161,12.98,12.65,13.411358,0,3.349683944,19.49397387,12.38921197,-0.042418249,-0.066936498,-0.019972415,
11148900,0.146672004,13.2,2,479,1.15305007,0.419986918,1,1,19.551763,1.597078602,1,21,90.26154702,98.55314413,1.48,403.5,69.16,62.7,52.5,745.3,1.5,0.653,0.99,5,1.22,31.2,11.37,2.86,22.94,36.87,40.19,551.8,0.337,21.3,-0.586,0.81,8.56,15,16.11163,4.013803818,9.585947955,20.74907063,12.52795539,-0.082928249,-0.141070909,-0.02402486,
11023340,0.103346058,0.5,2,892,1.048549695,0.172537455,1,1,37.099197,1.443643241,1,36,90.24767802,84.36532508,2.81,109.6,39.02,60.2,39.8,841.8,0,0.626,1.08,3,1.17,24.2,11.67,2.82,23.07,37.6,39.33,263,0.251,12.8,-0.28,-0.96,15.35,2.78,14.786058,26.23438145,28.43786496,,,-0.005470648,-0.009368654,-0.017733134,1.48298974
11274500,0.171789793,63,2,144,1.085813687,0.215938871,1,1,27.069601,1.263529895,1,24,90.24134313,88.09024134,1.48,347.8,45.32,61.6,45.7,861,1.4,0.624,1.05,4,1.63,30.1,10.73,1.77,24.88,42.82,32.31,475.6,0.378,24.4,-0.349,0.937,8.1,9.04,18.273952,7.729944851,9.815899942,,,-0.019154762,-0.045495344,0.000196474,0.856351492
11451715,0.086926583,4.4,2,524,0.994203584,0.052158282,1,1,11.690112,0.296371599,1,48.5,90.22727273,84.88636364,0.9,247.9,70.02,59.6,55.5,854.4,1,0.615,0.96,4,1.19,43.2,10.66,0.49,37.34,42.78,19.88,560.5,0.34,18.2,-0.265,0.964,7.28,15.2,18.827651,1.945488238,3.78987495,23.98777733,10.34183138,-0.028831435,-0.039762042,-0.011139522,0.691053957
8378500,0.020871723,236.5,1,111,1.041384683,0.344251372,1,1,24.394413,1.433035617,1,13.95,90.2102845,89.55645874,2.61,445,86.08,49.1,89.7,374.7,32.7,0.115,0.56,4,1.18,68.2,9.97,2.19,24.5,39.65,35.85,3073,0.466,26.5,-0.839,-0.545,13.62,11.27,14.557434,8.108731976,14.05597753,25.41377528,13.96395506,-0.035957506,-0.042651227,-0.010011272,0.93442821
11152000,0.543595967,181.9,2,1004,1.082645236,0.248098277,1,1,38.563747,1.45200031,1,59,90.17283951,83.01234568,2.07,625.1,80.89,63.9,60.5,663.8,2.9,0.654,1.03,5,2.35,38.3,10.02,3.14,20.17,34.81,45.02,759.1,0.387,34.7,-0.132,0.991,9.53,13.87,17.294107,14.91749383,22.51871701,14.97461206,10.20955047,-0.040209457,-0.070277138,-0.018460304,0.651840956
11152000,0.11732613,131.7,2,202,1.052876662,0.20066757,1,1,10.954941,1.60170771,1,28,90.11387164,87.52587992,2.07,625.1,80.89,63.9,60.5,663.8,2.9,0.654,1.03,5,2.35,38.3,10.02,3.14,20.17,34.81,45.02,759.1,0.387,34.7,-0.132,0.991,8.78,16.68,17.294107,2.102052119,3.129195329,14.97461206,10.20955047,0.008995308,0.013725339,0.004678276,1.119487192
11274538,0.004349473,35.4,2,952,1.126174528,0.359437926,1,1,20.054364,1.350921136,1,24.97444444,90.09584665,83.17358892,1.27,469.4,42.12,61.9,44.8,864.4,1.3,0.619,0.06,4,1.31,29.8,10.95,1.77,24.47,43.22,32.31,405.1,0.34,20.9,-0.28,0.96,13.51,2.45,18.511698,5.650655605,7.274584576,,,-0.038463304,-0.06331748,-0.014461163,0.693667672
11274500,0.045919167,59.5,2,907,1.038837575,0.120385538,1,1,27.069601,1.263529895,1,29.5,90.08394544,93.12696747,1.48,347.8,45.32,61.6,45.7,861,1.4,0.624,1.05,4,1.63,30.1,10.73,1.77,24.88,42.82,32.31,475.6,0.378,24.4,-0.349,0.937,9.66,9.63,18.273952,7.729944851,9.815899942,,,-0.038463304,-0.06331748,-0.014461163,0.693667672
11152050,0.326294918,186.5,2,1004,1.102170278,0.298443986,1,1,31.232187,1.394009406,1,59,90.07444169,82.9280397,1.67,771.5,74.52,63.7,58.2,676.7,2.4,0.652,1.04,6,2.02,38.4,10.1,2.9,21.11,35.63,43.26,674.8,0.359,31.4,0.227,0.974,9.8,12.93,17.029979,12.27500159,18.24777706,12.12311082,8.239170447,-0.040209457,-0.070277138,-0.018460304,0.651840956
11152050,0.053954278,130.3,2,171,1.13158781,0.399566664,1,1,5.778692,1.628838967,1,29,90.06977992,88.88888889,1.67,771.5,74.52,63.7,58.2,676.7,2.4,0.652,1.04,6,2.02,38.4,10.1,2.9,21.11,35.63,43.26,674.8,0.359,31.4,0.227,0.974,9.08,15.41,17.029979,2.814091554,3.832378483,12.12311082,8.239170447,0.01157158,0.010173132,0.002783593,
11152000,0.315738657,117.8,2,200,1.035167354,0.161281879,1,1,10.954941,1.60170771,1,47,90.0621118,76.60455487,2.07,625.1,80.89,63.9,60.5,663.8,2.9,0.654,1.03,5,2.35,38.3,10.02,3.14,20.17,34.81,45.02,759.1,0.387,34.7,-0.132,0.991,8.78,16.68,17.294107,2.102052119,3.129195329,14.97461206,10.20955047,0.008995308,0.013725339,0.004678276,1.119487192
11123500,0.166407158,77.8,2,435,1.011400206,0.104946963,1,1,11.243107,1.233641415,1,34.97694444,90.05722461,96.70958512,1.89,718.1,79.99,52.6,34.3,660.8,3.8,0.712,1.27,5,1.39,25.8,9.92,1.14,22.63,41.55,35.82,934.1,0.378,31.2,-0.578,-0.816,8.67,20.64,18.753658,7.582963909,7.580629439,16.02817156,5.57082579,0.091631876,-0.223591681,-0.115236239,0.553130696
11148900,0.200007278,4.8,2,515,1.03769858,0.228942709,1,1,10.274829,1.729434032,1,60,90.05030743,76.69088876,1.48,403.5,69.16,62.7,52.5,745.3,1.5,0.653,0.99,5,1.22,31.2,11.37,2.86,22.94,36.87,40.19,551.8,0.337,21.3,-0.586,0.81,9.43,14.72,16.11163,2.112819809,3.949739777,20.74907063,12.52795539,-0.089672211,-0.151613332,-0.019478339,
11274538,0.077819978,64.2,2,144,1.113250795,0.297683049,1,1,20.054364,1.350921136,1,24,90.04259851,88.01916933,1.27,469.4,42.12,61.9,44.8,864.4,1.3,0.619,0.06,4,1.31,29.8,10.95,1.77,24.47,43.22,32.31,405.1,0.34,20.9,-0.28,0.96,8.08,8.42,18.511698,5.650655605,7.274584576,,,-0.019154762,-0.045495344,0.000196474,0.856351492
8294195,0.009006622,33.4,1,839,1.041266989,0.129771976,1,1,17.374893,0.678045527,1,22.83333333,90.04242281,93.30662267,2.27,78.6,73.93,49.1,74.6,399.9,36.7,0.115,0.4,2,1.21,73.1,9.46,3.82,21.29,50.78,27.93,2909.1,0.463,34.2,0.36,-0.933,5.64,5.47,13.3997,7.408677581,8.567175573,6.818708651,2.85470229,-0.055810172,-0.110132938,-0.016981856,0.748250524
11063510,0.004252422,0,1,10,1.028495293,0.279666101,1,1,19.701106,0.914667921,1,49,90.0390625,76.82291667,2.04,144.5,66.42,46,40.7,690.4,4.5,0.635,0.96,4,1.54,50.7,9.96,6.14,10.54,26.94,62.52,1273.4,0.272,22.4,-0.728,0.686,14.92,2.33,18.45637,6.090614167,8.283114187,74.67695502,36.88442907,0.003303807,-0.006704234,-0.005119741,0.927332981
11148900,0.127022166,0,2,561,1.114554792,0.324631189,1,1,6.063932,1.901817314,1,40,90.02242152,83.74439462,1.48,403.5,69.16,62.7,52.5,745.3,1.5,0.653,0.99,5,1.22,31.2,11.37,2.86,22.94,36.87,40.19,551.8,0.337,21.3,-0.586,0.81,12.18,3.6,16.11163,1.860832125,3.682081784,20.74907063,12.52795539,-0.090459047,-0.151929141,-0.023852705,0.554964854
11153000,0.037187513,51.2,2,952,1.064688321,0.219998416,1,1,10.488957,2.512752181,1,25.9775,90.01673173,84.88566648,1.11,375.4,52.87,62.6,46.9,835.2,1.3,0.643,1.11,5,1.85,28.4,10.45,2.08,24.44,44.87,30.7,424.1,0.363,20.9,-0.996,-0.088,13.25,3.13,15.589845,3.405985647,4.396909963,,,-0.039911175,-0.064240113,-0.013477485,0.728067193
11461000,0.045158565,94.3,2,416,1.047001545,0.144228873,1,1,32.301184,1.065652935,1,21.98166667,90.00391236,95.26604069,1.95,259.6,118.6,63.1,81.2,730.9,3,0.607,0.95,4,1.1,36,11.3,1.16,28.24,42.59,29.17,448.3,0.314,20.6,-0.997,0.077,9.63,16.13,15.086673,6.630779176,11.66221109,,,0.168591806,-0.024895358,-0.112839417,0.580309863
11065000,0.037890343,4.4,2,291,0.912668937,0.336144349,1,1,7.378567,1.615275352,1,44,89.98488284,87.45275888,1.55,364.7,81.4,47.7,43.6,701.5,4.2,0.649,1.11,5,1.12,49.6,10,6.62,10.83,28.51,60.66,1250.1,0.343,27.3,-0.675,0.738,11.2,4.11,19.024359,1.590212935,1.93646833,33.44313134,17.52322457,-0.091922443,-0.176545355,-0.007113512,
11149900,0.016540199,4.5,2,672,1.153439555,0.347724608,1,1,21.73561,1.616261858,1,39.5,89.94708995,79.36507937,1.56,556.4,63.26,62,54,737.5,1.5,0.659,1.13,4,1.35,33.5,10.91,2.31,24.37,37.78,37.85,533.4,0.186,19.5,-0.995,-0.102,12.47,3.3,16.227347,8.848335816,13.12359813,28.84609993,15.65149173,-0.084847199,-0.178495399,-0.026298828,0.494408205
11149900,0.100767979,169.6,2,162,1.158932106,0.362823901,1,1,8.664033,1.715767974,1,39,89.941145,97.64579989,1.56,556.4,63.26,62,54,737.5,1.5,0.659,1.13,4,1.35,33.5,10.91,2.31,24.37,37.78,37.85,533.4,0.186,19.5,-0.995,-0.102,9.33,13.34,16.227347,1.544994989,3.774209202,28.84609993,15.65149173,0.015682926,0.015878051,0.003511839,
11274538,0.020450366,59.9,2,907,1.054245378,0.158148361,1,1,20.054364,1.350921136,1,29.5,89.93610224,93.07774228,1.27,469.4,42.12,61.9,44.8,864.4,1.3,0.619,0.06,4,1.31,29.8,10.95,1.77,24.47,43.22,32.31,405.1,0.34,20.9,-0.28,0.96,9.82,8.8,18.511698,5.650655605,7.274584576,,,-0.038463304,-0.06331748,-0.014461163,0.693667672
11148900,0.581775556,21.7,2,186,1.110002348,0.326842981,1,1,21.611762,1.082710122,1,39.75,89.93589744,72.94871795,1.48,403.5,69.16,62.7,52.5,745.3,1.5,0.653,0.99,5,1.22,31.2,11.37,2.86,22.94,36.87,40.19,551.8,0.337,21.3,-0.586,0.81,9.43,14.72,16.11163,3.551364882,3.720446097,20.74907063,12.52795539,0.011650047,0.018126958,0.004527401,1.04596501
11148900,0.27158883,60.9,2,854,1.172695064,0.464645552,1,1,19.551763,1.597078602,1,36,89.92765721,90.59543684,1.48,403.5,69.16,62.7,52.5,745.3,1.5,0.653,0.99,5,1.22,31.2,11.37,2.86,22.94,36.87,40.19,551.8,0.337,21.3,-0.586,0.81,9.43,14.72,16.11163,4.013803818,9.585947955,20.74907063,12.52795539,-0.042442506,-0.05083615,-0.016209405,
11143000,0.072083447,9.1,2,529,1.04837381,0.177849124,1,1,29.9711,1.327452654,1,36,89.9270073,93.38199513,2.74,120.6,116.26,67.4,72.8,639.5,3.4,0.654,0.98,4,1.47,40.3,10.29,4.14,14.13,31.45,54.42,779,0.492,43.6,-0.447,-0.894,8.68,23.37,18.127121,15.90995837,20.11791045,86.30373134,57.91119403,-0.136880481,-0.207611445,-0.024214942,
11046100,0.019212002,31.4,2,914,1.037907938,0.143413948,1,1,61.385841,1.075061642,1,29,89.9106478,73.41772152,2.11,67.8,40.34,64.9,35,816,0,0.655,0.95,3,1.15,23,11.12,2.52,22.77,32.67,44.56,187.1,0.264,14.1,-0.987,-0.159,12.99,9.03,16.06083,4.915239878,3.734070796,30.20707965,9.995575221,0.004454934,0.018434641,-0.007547774,0.970007047
11057500,0.012393988,1.1,2,186,1.064085514,0.229044472,1,1,11.248274,1.350759162,1,56.5,89.90825688,60.66513761,1.6,329,50.34,46.1,42.4,822.1,3.2,0.566,1.05,4,1.49,23.2,10.74,3.94,14.73,32.5,52.77,880.7,0.238,13.8,-0.199,-0.98,10.91,9.71,19.193511,6.522506043,7.626474164,11.73519757,9.619696049,0.097784004,0.025767833,-0.025238392,1.021227041
11065000,0.074926601,1.9,2,106,0.979240713,0.327653826,1,1,8.140156,1.901694811,1,31,89.88458927,96.06245757,1.55,364.7,81.4,47.7,43.6,701.5,4.2,0.649,1.11,5,1.12,49.6,10,6.62,10.83,28.51,60.66,1250.1,0.343,27.3,-0.675,0.738,6.97,17.4,19.024359,2.365863291,3.388017549,33.44313134,17.52322457,0.003139483,-0.006888002,-0.00523758,0.924603841
11028500,0.00561304,0.8,2,839,1.106952255,0.19840708,1,1,59.833561,1.393602004,1,27.98083333,89.83156581,82.90704928,1.75,146.3,47.31,53.2,40,817.6,0.1,0.607,0.82,3,1.39,26.8,11.3,2.46,16.66,32,51.34,561.3,0.27,8.7,-0.125,-0.992,11.32,9.59,15.589059,13.30200551,18.34757348,,,0.008513387,-0.004570397,-0.010924288,0.927810373
9513780,0.015570263,0,2,172,1.041405387,0.119925443,1,1,17.300814,0.890020873,1,13.9,89.81240229,86.13861386,2.34,177.5,52.71,40,52.6,949,0.8,0.196,0.87,3,1.36,22.1,10.1,3.45,30.93,30.45,38.62,1208.9,0.467,22.5,-0.241,-0.97,8.2,6.91,18.230644,1.899924102,1.168225352,16.69070423,2.558647887,0.086675247,0.036335539,-0.064603922,1.158136717
11014000,0.2928252,100.4,2,768,1.010340778,0.062608848,1,1,7.06468,1.142409136,1,33,89.80868286,89.55114054,2.91,181.8,44.33,55.8,42.1,846.3,0,0.609,1.26,5,1.39,33.8,10.3,3.01,18.77,38.69,42.55,490.9,0.343,19.4,-0.048,-0.999,11.77,8.75,16.12831,6.01277364,6.221287129,,,-0.031159249,-0.061151788,-0.024314305,
11143000,0.109181768,41.9,2,833,1.02112034,0.105458873,1,1,29.9711,1.327452654,1,36,89.8053528,77.42092457,2.74,120.6,116.26,67.4,72.8,639.5,3.4,0.654,0.98,4,1.47,40.3,10.29,4.14,14.13,31.45,54.42,779,0.492,43.6,-0.447,-0.894,8.75,17.47,18.127121,15.90995837,20.11791045,86.30373134,57.91119403,-0.074426019,-0.115714332,-0.013921207,
11372000,0.070564037,132,1,267,1.032795967,0.183417313,1,1,9.214676,0.866847706,1,47.98194444,89.80144404,88.76353791,1.46,589.9,149.15,61.6,92.2,773.2,13.3,0.544,0.71,4,1.55,62,10.11,2.48,20.64,39.59,39.77,857.8,0.39,33.5,-0.806,0.592,14.62,6.38,14.264321,2.919026622,4.249025259,,,-0.006716886,-0.011902042,-0.000515611,0.77243096
11143000,0.476642988,73,2,453,0.99989655,0.056334118,1,1,13.697515,0.363115177,1,42,89.78779841,82.5994695,2.74,120.6,116.26,67.4,72.8,639.5,3.4,0.654,0.98,4,1.47,40.3,10.29,4.14,14.13,31.45,54.42,779,0.492,43.6,-0.447,-0.894,8.33,25.11,18.127121,0.979707657,4.544776119,86.30373134,57.91119403,-0.06088307,-0.108076154,-0.019716675,
11113000,0.84079173,60,2,801,1.245767548,0.48993741,1,1,12.550943,0.240796008,1,38,89.78411719,92.13569776,1.41,650,68.34,45.4,34.7,663.4,7.7,0.69,1.22,4,1.67,44.6,9.91,2,22.07,41.65,36.28,1251.5,0.512,32.7,-1,0.016,6.44,14.64,16.054577,8.618055904,10.59078462,14.98787692,8.055507692,-0.025422236,-0.026393799,-0.019054104,1.216620088
11057500,0.021689479,0.6,2,453,1.076173048,0.231559161,1,1,5.10267,0.753186471,1,24.5,89.7766323,93.21305842,1.6,329,50.34,46.1,42.4,822.1,3.2,0.566,1.05,4,1.49,23.2,10.74,3.94,14.73,32.5,52.77,880.7,0.238,13.8,-0.199,-0.98,12.8,3.44,19.193511,2.02402941,2.564042553,11.73519757,9.619696049,0.05021704,-0.086611812,-0.126789437,0.760136168
11383500,0.054556304,0.1,1,1058,0.960633767,0.179394556,1,1,15.279904,1.201487848,1,78.5,89.77608787,68.01858893,1.18,539.8,148.35,51.6,86.3,606.3,32.5,0.527,0.62,4,1.49,64.2,10.29,2.55,21.19,39.81,39,1278.9,0.504,23,-0.103,-0.995,11.85,7.23,15.939202,2.669585637,6.439551686,11.6002223,5.542645424,-0.093088912,-0.147086845,-0.016403308,0.537688566
14179000,0.182890286,108,1,654,0.993812999,0.126017703,1,1,77.381654,1.177119032,1,106,89.74895397,81.03941863,1.73,272.5,205.35,67.6,161.7,519,44.6,0.425,0.85,4,1.29,71.1,10.13,5.02,13.2,43.79,43.02,1149.5,0.401,34.9,0.483,-0.876,11.81,7.41,13.481528,50.11100534,49.83555963,77.26253211,38.73291743,-0.1573705,-0.40774215,-0.175289699,0.368718803
11043000,0.014096583,4.9,2,866,0.937144115,0.209547877,1,1,7.514724,1.797661564,1,43.5,89.73412112,71.19645495,1.41,572.5,37.11,54,29.9,879.2,0.1,0.614,1.02,5,1.08,23.8,12.19,2.65,18.48,35.38,46.14,520.6,0.207,8.3,-0.454,-0.891,12.65,6.95,16.167722,3.722381881,4.124593886,,,-0.003915938,-0.003313085,-0.010665283,1.770313367
11047300,0.077319694,0,2,582,1.13175065,0.306292932,1,1,11.921157,1.8590446,1,32,89.73180077,79.54022989,1.1,139.9,46.85,61.6,36.6,812.1,0,0.652,1.08,3,1.27,23.9,11.46,2.26,24.89,42.68,32.43,423.2,0.234,19.1,-0.597,-0.802,13.12,9.25,13.66011,4.902997679,7.699857041,11.53209435,10.94796283,0.064649032,-0.160446952,-0.110397484,0.541141138
8377900,0.051540687,166.1,1,111,0.965329154,0.152044616,1,1,65.272425,1.140346217,1,11.95,89.7286156,89.33356235,2.05,139,89.76,48.6,96.1,380.6,31.6,0.11,0.5,3,1.21,65.4,9.68,2.96,22.74,43.83,33.43,3141.5,0.593,24.8,0.023,-1,13.35,11.76,13.047006,25.24947925,36.74589928,66.46402878,35.36093525,-0.03378568,-0.041146736,-0.00861868,0.946858376
11014000,0.004844076,4.8,2,1053,0.960965421,0.139566362,1,1,5.043274,0.752773408,1,19.91666667,89.70925784,92.34889059,2.91,181.8,44.33,55.8,42.1,846.3,0,0.609,1.26,5,1.39,33.8,10.3,3.01,18.77,38.69,42.55,490.9,0.343,19.4,-0.048,-0.999,14.64,2.96,16.12831,1.534653813,2.248514851,,,0.157289317,-0.032558501,-0.135096931,1.360760596
13161500,0.01019417,22,1,318,0.935415365,0.275516341,0.999346405,1,31.768989,0.560078772,1,35.5,89.70182912,83.4377349,1.32,986.1,44.45,54.8,77.6,465.9,54.4,0.192,0.86,5,1.74,66.8,11.01,2.56,25.21,39.54,35.25,2045,0.359,20.2,-0.041,0.999,12.48,3.05,19.045598,16.85526168,20.90015211,,,-0.045327658,-0.090665513,0.004338526,0.637042034
11204100,0.048767225,1,2,456,1.118097404,0.270422314,1,1,45.981764,1.33889849,1,32.5,89.68642822,71.33757962,2.9,249.1,79.83,55.9,53.1,703.2,25.2,0.595,0.74,4,1.36,65.9,9.43,2.64,18.72,31.31,49.98,1348.7,0.417,34.4,0.119,-0.993,5.19,10.48,17.505672,14.70255814,23.47442794,48.9626656,16.38281815,-0.176420369,-0.332865736,-0.145271664,0.486976376
11169800,0.032731001,0,2,538,1.038424053,0.1536974,1,1,19.710195,1.254471196,1,47,89.67505241,81.65618449,1.22,282.9,60.85,63.3,56.7,817.9,1.8,0.626,0.99,4,1.41,31.7,10.98,2.22,23.01,45.71,31.28,604,0.421,25.6,-0.968,-0.251,9.29,13.42,15.108,8.512952968,12.39353128,,,-0.080944275,-0.139187398,-0.020343577,0.568156639
11044800,0.050672204,58.7,2,152,1.007349019,0.070904013,1,1,5.29932,0.732504198,1,30.75,89.67479675,85.93495935,1.68,85.5,40.9,59,33,853.1,0,0.666,0.86,3,1.19,26.7,10.3,3.33,15.97,31.55,52.47,405.4,0.415,18.9,-0.922,0.386,12.79,9.41,15.319151,2.005988961,2.867368421,,,-0.01646926,-0.029844553,-0.003557036,
11025500,0.002452097,14.5,2,884,0.945482657,0.143625906,1,1,16.382785,0.674671611,1,30,89.66623877,80.16688062,1.59,288.7,61.83,49,43.1,760.7,1.6,0.57,0.88,4,1.39,32.2,10.45,3.04,16.47,31.29,52.24,891.8,0.428,20.2,-0.631,-0.776,10.28,13.15,16.426629,11.15906388,12.28919293,,,-0.027877997,-0.041292397,-0.019523264,1.382956825
11274500,0.018074566,11.2,2,904,0.998655204,0.139368379,1,1,27.069601,1.263529895,1,31.875,89.66421826,75.76075551,1.48,347.8,45.32,61.6,45.7,861,1.4,0.624,1.05,4,1.63,30.1,10.73,1.77,24.88,42.82,32.31,475.6,0.378,24.4,-0.349,0.937,9.66,9.63,18.273952,7.729944851,9.815899942,,,-0.038463304,-0.06331748,-0.014461163,0.693667672
11014000,0.007476388,20.1,2,728,1.026294291,0.1203008,1,1,7.06468,1.142409136,1,88,89.62472406,77.99852833,2.91,181.8,44.33,55.8,42.1,846.3,0,0.609,1.26,5,1.39,33.8,10.3,3.01,18.77,38.69,42.55,490.9,0.343,19.4,-0.048,-0.999,11.13,8.78,16.12831,6.01277364,6.221287129,,,-0.031159249,-0.061151788,-0.024314305,
11451100,0.204479937,63.5,1,221,1.017598737,0.081437856,1,1,100.000193,0.993923055,1,26,89.61168935,89.95196157,2.44,155.1,122.99,60.8,72.9,711.9,2.9,0.62,0.88,4,1.26,40.7,10.13,1.39,20.14,45.4,34.46,910.7,0.327,31.1,-0.452,0.892,8.57,17.58,14.155992,56.45113612,70.47272727,99.99632495,87.05802708,0.245391773,0.108819985,0.019283084,0.555934591
11274538,0.008626556,11.2,2,904,1.012313395,0.142652365,1,1,20.054364,1.350921136,1,31.875,89.56336528,75.55910543,1.27,469.4,42.12,61.9,44.8,864.4,1.3,0.619,0.06,4,1.31,29.8,10.95,1.77,24.47,43.22,32.31,405.1,0.34,20.9,-0.28,0.96,9.82,8.8,18.511698,5.650655605,7.274584576,,,-0.038463304,-0.06331748,-0.014461163,0.693667672
11148900,0.607741414,41.4,2,912,1.135471843,0.385034718,1,1,21.611762,1.082710122,1,30.8,89.55128205,72.11538462,1.48,403.5,69.16,62.7,52.5,745.3,1.5,0.653,0.99,5,1.22,31.2,11.37,2.86,22.94,36.87,40.19,551.8,0.337,21.3,-0.586,0.81,9.43,14.72,16.11163,3.551364882,3.720446097,20.74907063,12.52795539,-0.01053454,-0.029824538,0.000681522,0.881405809
9512280,0.127103055,0,1,413,1.172063418,0.48720408,1,1,77.294582,1.157801676,1,19,89.50988822,96.04471195,2.43,188.7,50.78,38.1,53.2,973.2,0.5,0.208,0.98,4,1.51,22.7,10.42,5.25,18.83,28.78,52.39,1150.1,0.484,21.1,-0.665,-0.747,26.51,5.84,17.665115,26.94965959,28.43465819,,,-0.008494311,-0.052430125,0.002836052,0.847229552
11123500,0.043376273,141.1,2,157,1.048512514,0.136502633,1,1,16.457797,0.447891372,1,43.5,89.49964764,89.21775899,1.89,718.1,79.99,52.6,34.3,660.8,3.8,0.712,1.27,5,1.39,25.8,9.92,1.14,22.63,41.55,35.82,934.1,0.378,31.2,-0.578,-0.816,8.31,17.22,18.753658,5.2299529,5.452388247,16.02817156,5.57082579,-0.013665477,-0.012168644,-0.003767537,0.771068736
9510200,0.106529301,55.6,2,566,1.126821087,0.332413994,1,1,51.64207,0.937840864,1,30,89.49780789,73.2562774,1.74,425.3,61.33,36.1,50,956.2,2.1,0.215,1.04,5,1.39,30.1,10.19,4.14,15.96,29.86,54.17,1161.3,0.383,21.4,-0.57,-0.822,7.77,5.8,17.785195,13.07368334,14.52337174,51.02477531,24.56769952,0.021089831,-0.083028358,-0.053698101,0.855361738
11466170,0.166361317,16.6,2,416,0.963187827,0.157832822,1,1,22.469984,1.304360211,1,19.875,89.49579832,99.06629318,1.63,56,106,64.2,74.7,734.4,0.9,0.619,0.66,2,1.24,27,11.09,1.2,26.85,43.61,29.55,220.7,0.248,12.2,0.779,-0.627,11.92,15.35,16.615901,0.386782233,1.523571429,,,0.264541567,0.141533693,-0.032432584,0.840366825
11152000,0.039773105,15.2,2,529,1.097556444,0.304008026,1,1,7.156277,1.825105706,1,35.92861111,89.45541911,93.43299519,2.07,625.1,80.89,63.9,60.5,663.8,2.9,0.654,1.03,5,2.35,38.3,10.02,3.14,20.17,34.81,45.02,759.1,0.387,34.7,-0.132,0.991,8.78,16.68,17.294107,3.419893111,4.751959686,14.97461206,10.20955047,-0.144762853,-0.216354713,-0.026505137,
11123500,0.100159758,191.1,2,455,1.036732705,0.174898773,1,1,11.243107,1.233641415,1,35.66666667,89.41344778,89.12732475,1.89,718.1,79.99,52.6,34.3,660.8,3.8,0.712,1.27,5,1.39,25.8,9.92,1.14,22.63,41.55,35.82,934.1,0.378,31.2,-0.578,-0.816,9.59,16.27,18.753658,7.582963909,7.580629439,16.02817156,5.57082579,0.091631876,-0.223591681,-0.115236239,0.553130696
11042900,0.013341699,0.6,2,619,0.998800201,0.050637499,1,1,6.890085,1.723145088,1,48.93333333,89.4,82.13333333,1.45,227.1,38.42,52.1,30.4,862.2,0.2,0.588,1,3,1.35,24,11.73,2.76,18.12,34.83,47.04,611.1,0.274,8.4,-0.245,-0.97,12.22,7.24,16.576693,1.886222907,1.07675033,,,,,,
11153000,0.062306056,60.6,2,907,1.033196464,0.11918137,1,1,10.488957,2.512752181,1,29.5,89.34746235,90.96486336,1.11,375.4,52.87,62.6,46.9,835.2,1.3,0.643,1.11,5,1.85,28.4,10.45,2.08,24.44,44.87,30.7,424.1,0.363,20.9,-0.996,-0.088,10.04,11.66,15.589845,3.405985647,4.396909963,,,-0.039911175,-0.064240113,-0.013477485,0.728067193
11152050,0.014204289,15.2,2,529,1.121464196,0.363549732,1,1,5.778692,1.628838967,1,35.92861111,89.34514224,93.39774557,1.67,771.5,74.52,63.7,58.2,676.7,2.4,0.652,1.04,6,2.02,38.4,10.1,2.9,21.11,35.63,43.26,674.8,0.359,31.4,0.227,0.974,9.08,15.41,17.029979,2.814091554,3.832378483,12.12311082,8.239170447,-0.144762853,-0.216354713,-0.026505137,
11143000,0.172812433,65.8,2,153,1.049771426,0.166938235,1,1,29.9711,1.327452654,1,38,89.34306569,89.48905109,2.74,120.6,116.26,67.4,72.8,639.5,3.4,0.654,0.98,4,1.47,40.3,10.29,4.14,14.13,31.45,54.42,779,0.492,43.6,-0.447,-0.894,8.68,23.37,18.127121,15.90995837,20.11791045,86.30373134,57.91119403,0.010770338,0.00564021,0.002104102,
11042400,0.002399731,24.4,2,899,1.00230319,0.198293062,1,1,5.418644,1.623115625,1,14,89.34269304,93.61837907,2.17,342.2,45.9,47.5,35.2,738.3,4.5,0.519,0.92,4,1.33,34.5,10.18,6.63,11.08,22.22,66.7,1119.3,0.457,17,0.473,-0.881,8.6,5.23,17.322787,2.08734395,4.6735827,,,-0.023759569,-0.085498497,-0.017434759,
11152000,0.136804985,208,2,166,1.081518157,0.260810873,1,1,7.156277,1.825105706,1,39,89.32194341,95.35504538,2.07,625.1,80.89,63.9,60.5,663.8,2.9,0.654,1.03,5,2.35,38.3,10.02,3.14,20.17,34.81,45.02,759.1,0.387,34.7,-0.132,0.991,8.78,16.68,17.294107,3.419893111,4.751959686,14.97461206,10.20955047,0.01157158,0.010173132,0.002783593,
11063510,0.011659867,3.6,2,927,0.925759375,0.37377835,1,1,75.044644,1.007263416,1,71,89.31917552,92.1299188,2.04,144.5,66.42,46,40.7,690.4,4.5,0.635,0.96,4,1.54,50.7,9.96,6.14,10.54,26.94,62.52,1273.4,0.272,22.4,-0.728,0.686,8.58,13.15,18.45637,20.60685912,23.61986159,74.67695502,36.88442907,0.082420918,-0.038169893,-0.099867697,0.741913803
8294195,0.008646357,78.9,1,397,1.043001341,0.345542334,1,1,17.374893,0.678045527,1,12.5,89.30002357,89.13504596,2.27,78.6,73.93,49.1,74.6,399.9,36.7,0.115,0.4,2,1.21,73.1,9.46,3.82,21.29,50.78,27.93,2909.1,0.463,34.2,0.36,-0.933,15.09,10.1,13.3997,7.408677581,8.567175573,6.818708651,2.85470229,-0.039297524,-0.049703246,-0.002356364,0.726785306
11073300,0.392912812,1.3,2,61,1.024642043,0.145715879,1,1,30.521869,0.844669747,1,27,89.29788684,93.45603272,0.81,83.6,90.33,49.8,53.3,682.5,5.3,0.643,1.21,3,1.12,50,9.57,6.38,11.96,34.18,53.86,1477.5,0.443,40.8,-0.829,-0.56,6.64,12,20.142177,17.99244488,18.93767943,,,-0.009237746,-0.015867851,-0.002105119,1.312947468
11143000,0.455511033,7.6,2,978,1.001425469,0.150998806,1,1,99.985297,0.997222043,1,38,89.23545966,80.8630394,2.74,120.6,116.26,67.4,72.8,639.5,3.4,0.654,0.98,4,1.47,40.3,10.29,4.14,14.13,31.45,54.42,779,0.492,43.6,-0.447,-0.894,8.68,23.37,18.127121,33.21126627,44.52462687,86.30373134,57.91119403,-0.041323742,-0.061614597,-0.016607488,0.638570704
11123500,0.068219048,44.8,2,155,1.019495611,0.087964555,1,1,16.457797,0.447891372,1,22,89.21775899,86.75123326,1.89,718.1,79.99,52.6,34.3,660.8,3.8,0.712,1.27,5,1.39,25.8,9.92,1.14,22.63,41.55,35.82,934.1,0.378,31.2,-0.578,-0.816,8.31,17.22,18.753658,5.2299529,5.452388247,16.02817156,5.57082579,-0.013665477,-0.012168644,-0.003767537,0.771068736
11458500,0.222166539,85.1,2,482,1.020458988,0.065730915,1,1,63.695385,1.042728974,1,40.97305556,89.21653035,90.57253551,2.59,150.4,107.96,63.9,77.4,739.6,1.4,0.626,0.64,3,1.77,23.2,10.42,1.81,24.93,43.89,31.18,301.1,0.336,17.6,-0.861,-0.509,9.57,20.48,19.519202,10.35774737,23.62679521,,,0.19127005,-0.008569863,-0.068260773,0.620423687
11152050,0.110477807,208.9,2,166,1.093482928,0.296577378,1,1,5.778692,1.628838967,1,39,89.21095008,95.33011272,1.67,771.5,74.52,63.7,58.2,676.7,2.4,0.652,1.04,6,2.02,38.4,10.1,2.9,21.11,35.63,43.26,674.8,0.359,31.4,0.227,0.974,9.08,15.41,17.029979,2.814091554,3.832378483,12.12311082,8.239170447,0.01157158,0.010173132,0.002783593,
11274538,0.006334184,16.3,2,153,1.080312212,0.262565738,1,1,21.29077,1.252220249,1,29,89.16122004,95.09803922,1.27,469.4,42.12,61.9,44.8,864.4,1.3,0.619,0.06,4,1.31,29.8,10.95,1.77,24.47,43.22,32.31,405.1,0.34,20.9,-0.28,0.96,8.64,5.48,18.511698,8.636513396,9.777673626,,,-0.061436979,-0.126443083,0.002099572,0.611608627
11152050,0.05468835,96.5,2,953,1.121909684,0.351934405,1,1,8.868908,1.491041107,1,27,89.15192508,98.12695109,1.67,771.5,74.52,63.7,58.2,676.7,2.4,0.652,1.04,6,2.02,38.4,10.1,2.9,21.11,35.63,43.26,674.8,0.359,31.4,0.227,0.974,9.8,12.93,17.029979,1.729693567,2.523499676,12.12311082,8.239170447,0.239470253,0.058363783,-0.063931071,0.893566341
10321590,0.000802092,0,1,1003,1.010961438,0.238164247,1,1,24.500089,1.286795577,1,23,89.14702954,82.70826419,1.45,476.6,31.03,52.6,69.9,545.9,39,0.172,1.1,4,1.34,63.8,11.2,2.06,27.06,43.56,29.38,1821.7,0.301,12.2,-0.936,0.351,5.48,2.71,21.107389,11.0869995,10.16682753,,,0.002651714,-0.002714391,0.000427141,0.904028171
11467200,1.058833118,160.6,2,485,1.030129823,0.082247956,1,1,32.048365,1.410971875,1,23,89.0989011,76.79120879,2.33,162.6,162.49,65.6,81.3,700.8,0.6,0.627,0.81,4,1.32,36,10.95,2.58,24.92,42.04,33.04,308.2,0.403,28.9,-1,0.009,8.42,27.19,14.168797,16.10916175,18.79649446,,,-0.114354514,-0.326916642,-0.207129922,0.39255994
11118500,0.005416168,100.9,2,403,1.062426258,0.15653886,1,1,82.190611,1.092289043,1,19.95666667,89.08865468,86.48481091,2.11,485.7,69.88,51.4,33.4,711.7,1.4,0.702,1.2,6,1.39,38.3,10.32,1.3,23.76,41.87,34.37,702.1,0.36,29.1,-0.979,-0.203,9.39,15.31,16.615606,33.83108468,42.24663372,80.03368334,50.47848466,0.124952005,-0.160521487,-0.114735616,0.588751203
11451715,0.001930433,0,2,537,1.037198188,0.157602807,1,1,11.655139,0.944331954,1,57.66666667,89.08320085,87.70535241,0.9,247.9,70.02,59.6,55.5,854.4,1,0.615,0.96,4,1.19,43.2,10.66,0.49,37.34,42.78,19.88,560.5,0.34,18.2,-0.265,0.964,7.69,10.4,18.827651,2.304121352,5.157482856,23.98777733,10.34183138,-0.053507114,-0.11941711,-0.015162012,0.608025122
11028500,0.015290696,84.7,2,476,1.063542558,0.130055102,1,1,59.833561,1.393602004,1,41,89.08296943,80.28696195,1.75,146.3,47.31,53.2,40,817.6,0.1,0.607,0.82,3,1.39,26.8,11.3,2.46,16.66,32,51.34,561.3,0.27,8.7,-0.125,-0.992,11.32,9.59,15.589059,13.30200551,18.34757348,,,-0.001277412,-0.010668693,-0.007411574,0.873161756
11143000,0.170229639,24.3,2,88,1.016315566,0.064231403,1,1,13.697515,0.363115177,1,29,89.07161804,70.98143236,2.74,120.6,116.26,67.4,72.8,639.5,3.4,0.654,0.98,4,1.47,40.3,10.29,4.14,14.13,31.45,54.42,779,0.492,43.6,-0.447,-0.894,8.33,25.11,18.127121,0.979707657,4.544776119,86.30373134,57.91119403,0.014848658,0.011437441,0.000869751,
11160500,0.033573604,27.1,2,813,0.982517377,0.10806896,1,1,19.295537,0.992160412,1,38.83333333,89.06678866,77.76761208,2.46,275.8,118.78,67,68.2,703.2,0.7,0.632,0.89,4,1.34,42.1,10.75,3,18.37,36.19,45.44,364.3,0.323,25.1,-0.998,-0.056,12.92,14.85,15.363053,2.493591322,7.196736766,,,0.041837854,-0.112640495,-0.094277614,0.600181272
11152000,0.050282627,0,2,258,1.067539512,0.251824233,1,1,10.954941,1.60170771,1,53.5,89.02691511,76.55279503,2.07,625.1,80.89,63.9,60.5,663.8,2.9,0.654,1.03,5,2.35,38.3,10.02,3.14,20.17,34.81,45.02,759.1,0.387,34.7,-0.132,0.991,11.91,5.11,17.294107,2.102052119,3.129195329,14.97461206,10.20955047,0.008995308,0.013725339,0.004678276,1.119487192
11453500,0.526959225,34.4,2,524,0.969092262,0.103420205,1,1,68.402353,0.917637249,1,30.8,89.01373283,80.56595922,1.47,293.4,112.6,63,63.1,752.4,2,0.624,0.62,3,1.5,36.4,10.72,0.99,28.71,44.41,26.88,554.7,0.243,19.3,-0.169,0.986,8.43,19.97,17.47691,38.71637619,46.98312883,,,-0.106642653,-0.150364536,-0.029878285,0.389033416
11153000,0.028814665,7,2,863,1.004675503,0.116380544,1,1,27.540676,2.080203017,1,17.95666667,88.93048128,83.63636364,1.11,375.4,52.87,62.6,46.9,835.2,1.3,0.643,1.11,5,1.85,28.4,10.45,2.08,24.44,44.87,30.7,424.1,0.363,20.9,-0.996,-0.088,9.17,7.02,15.589845,9.778177304,9.362972829,,,-0.018560892,-0.075129309,-0.091507196,0.725884757
11478500,0.182545537,0,1,608,1.020373014,0.056828505,1,1,12.895813,1.546514251,1,84,88.9211769,90.99164548,1.44,572.4,186.88,62.5,90.6,614.2,24.9,0.537,0.86,6,1.67,36.7,10.37,1.41,23.84,42.24,33.92,923,0.484,25.8,0.884,-0.467,8.41,13.56,14.61381,1.95071882,5.137264151,8.748707198,1.959399022,-0.086162704,-0.125107951,-0.015183729,0.585520602
11152050,0.032078938,0,2,258,1.093066152,0.30713032,1,1,8.868908,1.491041107,1,53.5,88.91779396,76.43080125,1.67,771.5,74.52,63.7,58.2,676.7,2.4,0.652,1.04,6,2.02,38.4,10.1,2.9,21.11,35.63,43.26,674.8,0.359,31.4,0.227,0.974,12.1,4.74,17.029979,1.729693567,2.523499676,12.12311082,8.239170447,0.008995308,0.013725339,0.004678276,1.119487192
11101250,0.630058193,7.7,1,596,1.11085138,0.31917502,1,1,9.043463,1.218738623,1,12.5,88.89285714,98.28571429,3.16,237.3,62.69,59.1,33.7,843.8,0.3,0.655,0.85,3,1.36,34,10.8,2.61,18.95,41.98,39.07,471.3,0.228,19.6,-0.987,-0.161,20.3,0.69,13.411358,0,3.349683944,19.49397387,12.38921197,-0.042418249,-0.066936498,-0.019972415,
11372000,0.017184983,5,1,104,1.011246766,0.256988949,1,1,6.341896,0.624858698,1,34.75,88.88406426,88.2327399,1.46,589.9,149.15,61.6,92.2,773.2,13.3,0.544,0.71,4,1.55,62,10.11,2.48,20.64,39.59,39.77,857.8,0.39,33.5,-0.806,0.592,14.22,7.61,14.264321,1.867578044,3.624563485,,,-0.147085633,-0.161773753,-0.01030857,0.527703382
11113000,0.054891066,257.5,2,855,1.043719367,0.189236606,1,1,18.928716,1.316921813,1,65.5,88.88213852,75.82017011,1.41,650,68.34,45.4,34.7,663.4,7.7,0.69,1.22,4,1.67,44.6,9.91,2,22.07,41.65,36.28,1251.5,0.512,32.7,-1,0.016,10.45,3.09,16.054577,6.141831074,9.616984615,14.98787692,8.055507692,0.266680581,0.059727096,-0.059527782,0.966690077
9512280,0.070379378,122.5,1,38,1.101713958,0.272636309,1,1,77.294582,1.157801676,1,44.66666667,88.8650043,95.27085125,2.43,188.7,50.78,38.1,53.2,973.2,0.5,0.208,0.98,4,1.51,22.7,10.42,5.25,18.83,28.78,52.39,1150.1,0.484,21.1,-0.665,-0.747,27.52,3.99,17.665115,26.94965959,28.43465819,,,-0.003969068,-0.008252049,0.001860998,1.054136431
11025500,0.100045571,0,2,116,0.854024302,0.335754348,1,1,57.038453,0.63853309,1,14.85722222,88.82183908,94.65517241,1.59,288.7,61.83,49,43.1,760.7,1.6,0.57,0.88,4,1.39,32.2,10.45,3.04,16.47,31.29,52.24,891.8,0.428,20.2,-0.631,-0.776,9.46,12.2,16.426629,35.29497486,34.52483547,,,-0.017419339,-0.025310091,-0.001559886,0.844644078
11149900,0.066669723,118.8,2,167,1.143805936,0.338201689,1,1,8.664033,1.715767974,1,27.8,88.81754949,86.83788122,1.56,556.4,63.26,62,54,737.5,1.5,0.659,1.13,4,1.35,33.5,10.91,2.31,24.37,37.78,37.85,533.4,0.186,19.5,-0.995,-0.102,9.33,13.34,16.227347,1.544994989,3.774209202,28.84609993,15.65149173,0.015682926,0.015878051,0.003511839,
11149900,0.080410811,14.5,2,606,1.144059399,0.33590556,1,1,21.73561,1.616261858,1,30,88.80952381,88.2010582,1.56,556.4,63.26,62,54,737.5,1.5,0.659,1.13,4,1.35,33.5,10.91,2.31,24.37,37.78,37.85,533.4,0.186,19.5,-0.995,-0.102,9.33,13.34,16.227347,8.848335816,13.12359813,28.84609993,15.65149173,-0.084847199,-0.178495399,-0.026298828,0.494408205
11204100,0.045925312,0,2,221,1.088679514,0.214969158,1,1,14.215553,0.967391659,1,12.9775,88.8019428,99.35240151,2.9,249.1,79.83,55.9,53.1,703.2,25.2,0.595,0.74,4,1.36,65.9,9.43,2.64,18.72,31.31,49.98,1348.7,0.417,34.4,0.119,-0.993,9.78,6.17,17.505672,1.184458719,2.632436772,48.9626656,16.38281815,0.352794745,0.197325331,0.02549359,0.986911753
8294195,0.010087417,26.9,1,418,1.099424828,0.346829455,1,1,17.374893,0.678045527,1,6.9375,88.79330662,97.14824417,2.27,78.6,73.93,49.1,74.6,399.9,36.7,0.115,0.4,2,1.21,73.1,9.46,3.82,21.29,50.78,27.93,2909.1,0.463,34.2,0.36,-0.933,14.07,10.23,13.3997,7.408677581,8.567175573,6.818708651,2.85470229,-0.039297524,-0.049703246,-0.002356364,0.726785306
11042400,0.004551213,3.3,2,192,0.986315336,0.196780888,1,1,5.418644,1.623115625,1,36.875,88.73643906,81.94001276,2.17,342.2,45.9,47.5,35.2,738.3,4.5,0.519,0.92,4,1.33,34.5,10.18,6.63,11.08,22.22,66.7,1119.3,0.457,17,0.473,-0.881,7.88,8.66,17.322787,2.08734395,4.6735827,,,-0.082501895,-0.21372596,-0.002731465,
11451715,0.02878515,1,2,158,1.019556346,0.059207589,1,1,11.690112,0.296371599,1,56,88.69318182,81.59090909,0.9,247.9,70.02,59.6,55.5,854.4,1,0.615,0.96,4,1.19,43.2,10.66,0.49,37.34,42.78,19.88,560.5,0.34,18.2,-0.265,0.964,7.28,15.2,18.827651,1.945488238,3.78987495,23.98777733,10.34183138,-0.03605718,-0.06584007,0.002251203,0.654581878
11047300,0.085618405,1.5,2,208,1.105906792,0.227623002,1,1,11.921157,1.8590446,1,16.95833333,88.65900383,95.09578544,1.1,139.9,46.85,61.6,36.6,812.1,0,0.652,1.08,3,1.27,23.9,11.46,2.26,24.89,42.68,32.43,423.2,0.234,19.1,-0.597,-0.802,13.12,9.25,13.66011,4.902997679,7.699857041,11.53209435,10.94796283,0.041259974,-0.235467907,-0.063706538,0.495678495
11044800,0.387493325,89.8,2,163,0.987320896,0.071309523,1,1,5.29932,0.732504198,1,11.8,88.65853659,90.6504065,1.68,85.5,40.9,59,33,853.1,0,0.666,0.86,3,1.19,26.7,10.3,3.33,15.97,31.55,52.47,405.4,0.415,18.9,-0.922,0.386,12.79,9.41,15.319151,2.005988961,2.867368421,,,-0.01646926,-0.029844553,-0.003557036,
9430600,0.32850484,96.4,1,505,1.100208772,0.28020386,1,1,51.133435,1.205781063,1,35,88.63272921,58.79530917,1.85,190.5,67.41,44.7,72,593.8,14,0.222,0.58,3,1.32,53.1,9.96,2.05,31.86,33.61,34.53,2371.3,0.444,40.6,-0.973,-0.231,10.97,6.38,15.895541,11.52470622,12.07322835,91.38944882,35.34944882,0.045692369,0.00555586,-0.002151291,0.813182192
11143000,0.153558874,0,2,258,1.01845047,0.111453277,1,1,86.219962,1.022908078,1,43.5,88.61058601,78.6389414,2.74,120.6,116.26,67.4,72.8,639.5,3.4,0.654,0.98,4,1.47,40.3,10.29,4.14,14.13,31.45,54.42,779,0.492,43.6,-0.447,-0.894,11.22,7.58,18.127121,14.47744466,22.15223881,86.30373134,57.91119403,-0.031238989,-0.040315131,0.002169895,1.009060924
11390000,0.117463459,0,1,188,1.088647897,0.20692339,1,1,17.151958,0.299544475,1,63.85722222,88.60596708,88.7345679,0.96,383.3,174.98,52.3,88.3,636,22.2,0.555,0.94,4,1.45,56.7,10.42,2.18,18.76,41.93,39.31,1133.9,0.495,20.6,-0.376,-0.926,12.92,7.65,16.983946,5.771488145,6.206548396,19.93289851,13.77177146,0.278427234,0.178082882,0.040610399,1.066559278
11381500,0.060559076,3.3,1,29,1.169275414,0.410366259,1,1,46.563934,,1,32.88916667,88.60259981,94.61467038,0.66,337.6,143.89,52.7,90.1,627.7,28.2,0.512,0.61,3,1.34,65,10.3,2.86,20.11,41.06,38.84,1204.7,0.357,27,-0.749,-0.662,12.58,8.98,14.722083,7.713327989,11.13430095,12.55758294,7.867890995,0.003880938,0.001396521,-0.000420126,
11042900,0.012094811,2.6,2,601,0.946188681,0.140532932,1,1,6.890085,1.723145088,1,43.5,88.6,67.26666667,1.45,227.1,38.42,52.1,30.4,862.2,0.2,0.588,1,3,1.35,24,11.73,2.76,18.12,34.83,47.04,611.1,0.274,8.4,-0.245,-0.97,12.22,7.24,16.576693,1.886222907,1.07675033,,,,,,
11138500,0.024630078,104.7,2,147,1.072981297,0.269027987,1,1,5.562678,0.956816384,1,21,88.57758621,90.0862069,2,728.9,69.82,57.6,39.6,665.2,7.1,0.686,1.16,5,1.44,28.2,9.8,1.39,21.86,41.68,36.45,994.2,0.424,34.2,0.199,-0.98,8.21,17.01,16.60856,2.132233872,2.931760187,,,0.030284293,0.031200972,0.00251511,
11025500,0.038350802,0,2,105,1.010713571,0.13727366,1,1,57.038453,0.63853309,1,23,88.56321839,85.57471264,1.59,288.7,61.83,49,43.1,760.7,1.6,0.57,0.88,4,1.39,32.2,10.45,3.04,16.47,31.29,52.24,891.8,0.428,20.2,-0.631,-0.776,9.46,12.2,16.426629,35.29497486,34.52483547,,,-0.017419339,-0.025310091,-0.001559886,0.844644078
11128250,0.011894599,1.9,2,899,1.039738065,0.106077372,1,1,37.41514,,1,27.9775,88.52459016,87.09016393,1.19,73.8,63.62,64.2,39.5,751,0.3,0.688,1.15,4,1.4,24.8,11.06,2.09,25.37,39.2,35.43,511,0.283,19,-0.632,-0.775,11.66,13.59,18.11282,2.221412774,5.613414634,,,0.035045573,0.036447679,0.000809987,
11063510,0.276309454,94.3,2,109,1.037245425,0.148817727,1,1,19.701106,0.914667921,1,19,88.50911458,92.25260417,2.04,144.5,66.42,46,40.7,690.4,4.5,0.635,0.96,4,1.54,50.7,9.96,6.14,10.54,26.94,62.52,1273.4,0.272,22.4,-0.728,0.686,6.53,14.09,18.45637,6.090614167,8.283114187,74.67695502,36.88442907,0.003303807,-0.006704234,-0.005119741,0.927332981
11148900,0.771957916,238.4,2,907,1.017891782,0.199106048,1,1,6.063932,1.901817314,1,52,88.50896861,77.52242152,1.48,403.5,69.16,62.7,52.5,745.3,1.5,0.653,0.99,5,1.22,31.2,11.37,2.86,22.94,36.87,40.19,551.8,0.337,21.3,-0.586,0.81,10.3,11.45,16.11163,1.860832125,3.682081784,20.74907063,12.52795539,-0.028729434,-0.048945195,-0.013939367,0.763799659
11118500,0.230872157,44.2,2,106,1.049281096,0.194467748,1,1,82.190611,1.092289043,1,18,88.46869188,93.4283943,2.11,485.7,69.88,51.4,33.4,711.7,1.4,0.702,1.2,6,1.39,38.3,10.32,1.3,23.76,41.87,34.37,702.1,0.36,29.1,-0.979,-0.203,10.63,13.74,16.615606,33.83108468,42.24663372,80.03368334,50.47848466,0.331314345,0.123299966,-0.014966023,1.109881426
11465350,0.05766555,0.9,2,491,1.062148931,0.167477043,1,1,25.433253,0.92543356,1,68,88.44566713,70.56396149,1.03,559.8,130.36,64.5,76.9,775.7,0.4,0.629,0.79,5,1.37,34.8,11.21,2.23,24.58,42.8,32.63,293.6,0.297,23.8,-0.819,0.574,8.31,22.4,15.21547,6.739087022,9.911897106,,,-0.067242615,-0.217365126,-0.171113523,0.45860699
11451715,0.255867998,60.6,2,541,0.985917457,0.054733349,1,1,11.690112,0.296371599,1,28.66666667,88.4375,98.01136364,0.9,247.9,70.02,59.6,55.5,854.4,1,0.615,0.96,4,1.19,43.2,10.66,0.49,37.34,42.78,19.88,560.5,0.34,18.2,-0.265,0.964,7.28,15.2,18.827651,1.945488238,3.78987495,23.98777733,10.34183138,-0.028831435,-0.039762042,-0.011139522,0.691053957
8380500,0.010906478,9.4,1,193,1.006782045,0.052596333,1,1,99.368957,1.001978058,1,17.90916667,88.42790864,75.0178444,2.1,198.1,68.57,50.8,80.7,464.5,19.2,0.221,0.66,4,1.18,58,10.64,1.87,31.03,41.4,27.57,2652.5,0.381,25,-0.636,0.772,7.23,4.83,17.995738,30.00276242,42.76158506,96.58440182,48.47415447,-0.199068604,-0.335592939,-0.086661644,0.521622128
11124500,0.055450692,121.9,2,891,1.044429818,0.134994651,1,1,71.062545,1.035623791,1,53,88.39953944,83.07426598,2.37,191.5,83.1,54.6,38.1,636.9,4.5,0.711,1.17,4,1.85,23.3,9.72,1.35,23.93,41.12,34.95,1023.6,0.444,33.5,-0.78,-0.626,7.83,11.57,17.185694,68.62677395,63.6551436,,,-0.043692357,-0.109650374,-0.026983016,0.583171137
10260950,0.032828752,71.1,2,158,0.999648555,0.066634473,1,1,10.926878,0.653202168,1,30.5,88.38109992,86.52207591,2.1,175.1,66.31,43.9,49,724,6.7,0.611,0.97,4,1.24,39.2,10.29,5.47,13.39,28.27,58.34,1271.7,0.362,20.2,0.925,0.379,6.25,13.76,18.304836,7.69524916,7.127527127,10.63038264,5.662649914,-0.010153694,-0.015770832,-0.004230654,0.796029693
11109600,0.020243089,20,2,896,1.064482697,0.291796551,1,1,41.681744,1.066478672,1,18,88.37627322,89.03535051,1.66,963.8,55.61,42.7,35,676,11.8,0.673,1.1,5,2.08,52.1,10.21,5.72,18.55,37.45,44,1385.2,0.448,26,-0.765,0.644,5.91,14.06,16.693884,12.52429966,19.22524383,6.542218303,3.126727537,-0.054237196,-0.108104837,-0.011410457,0.669482329
11372000,0.03163381,0.1,1,290,0.991154274,0.193128645,1,1,6.341896,0.624858698,1,81.83333333,88.36300478,73.99044724,1.46,589.9,149.15,61.6,92.2,773.2,13.3,0.544,0.71,4,1.55,62,10.11,2.48,20.64,39.59,39.77,857.8,0.39,33.5,-0.806,0.592,9.94,9.97,14.264321,1.867578044,3.624563485,,,-0.147085633,-0.161773753,-0.01030857,0.527703382
11160500,0.281320111,308.7,2,486,0.946128892,0.148020279,1,1,19.295537,0.992160412,1,25.66666667,88.33485819,84.35498628,2.46,275.8,118.78,67,68.2,703.2,0.7,0.632,0.89,4,1.34,42.1,10.75,3,18.37,36.19,45.44,364.3,0.323,25.1,-0.998,-0.056,9.9,16.89,15.363053,2.493591322,7.196736766,,,-0.022487058,-0.187511714,-0.163053542,0.533704057
11458500,0.182816703,32.6,2,529,1.006310902,0.063957688,1,1,63.695385,1.042728974,1,24.96888889,88.3340508,85.23461042,2.59,150.4,107.96,63.9,77.4,739.6,1.4,0.626,0.64,3,1.77,23.2,10.42,1.81,24.93,43.89,31.18,301.1,0.336,17.6,-0.861,-0.509,10.87,16.65,19.519202,10.35774737,23.62679521,,,0.19127005,-0.008569863,-0.068260773,0.620423687
11057500,0.037526242,28,2,518,1.06549221,0.229194036,1,1,5.10267,0.753186471,1,25.75,88.3161512,97.0790378,1.6,329,50.34,46.1,42.4,822.1,3.2,0.566,1.05,4,1.49,23.2,10.74,3.94,14.73,32.5,52.77,880.7,0.238,13.8,-0.199,-0.98,9.9,10.79,19.193511,2.02402941,2.564042553,11.73519757,9.619696049,0.05021704,-0.086611812,-0.126789437,0.760136168
11124500,0.156740622,44.8,2,506,1.071100571,0.20701124,1,1,10.349061,0.625957006,1,19.5,88.30811554,89.95873453,2.37,191.5,83.1,54.6,38.1,636.9,4.5,0.711,1.17,4,1.85,23.3,9.72,1.35,23.93,41.12,34.95,1023.6,0.444,33.5,-0.78,-0.626,7.9,21.39,17.185694,6.08393386,7.478694517,,,-0.039576332,-0.11144761,-0.016184922,
7103970,0.045635047,143.6,1,709,1.051643661,0.16788637,1,1,5.2619,1.070175745,1,36.9,88.29545455,80.05050505,2.41,466,56.93,51.8,81.4,505.6,18.5,0.31,0.66,3,1.89,50.7,11.24,7.39,13.91,32.09,54,2352.6,0.431,10.8,-0.999,0.044,9.85,7.43,12.548144,0.854179079,1.403690987,,,-0.022841551,-0.078864281,-0.013511153,0.737907065
11152000,0.062513536,62.4,2,153,1.13407872,0.427279418,1,1,7.156277,1.825105706,1,38,88.28083289,89.37533369,2.07,625.1,80.89,63.9,60.5,663.8,2.9,0.654,1.03,5,2.35,38.3,10.02,3.14,20.17,34.81,45.02,759.1,0.387,34.7,-0.132,0.991,8.78,16.68,17.294107,3.419893111,4.751959686,14.97461206,10.20955047,0.01157158,0.010173132,0.002783593,
11113000,0.216950405,24,2,62,1.064272292,0.180592794,1,1,12.550943,0.240796008,1,45,88.28064765,93.52351581,1.41,650,68.34,45.4,34.7,663.4,7.7,0.69,1.22,4,1.67,44.6,9.91,2,22.07,41.65,36.28,1251.5,0.512,32.7,-1,0.016,6.83,9.22,16.054577,8.618055904,10.59078462,14.98787692,8.055507692,-0.003564655,-0.007694585,0.00085488,1.626622216
11055800,0.109342176,0.1,2,885,1.060896612,0.183012945,1,1,84.009376,1.028498129,1,19.875,88.27692308,83.93846154,2.27,50.5,78.15,44,42.4,729.1,7.1,0.609,1.21,3,1.35,32.7,9.72,5.91,13.16,30.59,56.25,1197,0.48,34.4,-0.802,-0.597,8.44,15.03,21.01686,69.21590056,59.36613861,,,-0.06861585,-0.100423765,-0.020662158,0.809620196
11027000,0.05157359,85.5,2,476,1.017537758,0.071232262,1,1,50.900245,0.591991427,1,33.5,88.27037773,84.49304175,1.62,58.2,51.93,53.2,38.8,797.9,0.2,0.625,1,3,1.16,28.6,11.16,2.59,16.4,30.84,52.76,653.6,0.433,13,-0.467,-0.884,10.64,10.81,15.624757,10.30581508,11.12010309,,,,,,0.948207417
11149900,0.044378625,0.2,2,596,1.138543835,0.365652862,1,1,21.73561,1.616261858,1,27,88.25396825,79.41798942,1.56,556.4,63.26,62,54,737.5,1.5,0.659,1.13,4,1.35,33.5,10.91,2.31,24.37,37.78,37.85,533.4,0.186,19.5,-0.995,-0.102,8.3,13.77,16.227347,8.848335816,13.12359813,28.84609993,15.65149173,-0.084847199,-0.178495399,-0.026298828,0.494408205
9513780,0.275989287,0.4,1,118,0.993851964,0.090330221,1,1,90.81327,1.095059029,1,32,88.24135091,87.10873147,2.34,177.5,52.71,40,52.6,949,0.8,0.196,0.87,3,1.36,22.1,10.1,3.45,30.93,30.45,38.62,1208.9,0.467,22.5,-0.241,-0.97,17.39,4.85,18.230644,38.35176222,28.51808451,16.69070423,2.558647887,-0.009281787,-0.03409447,0.00410421,0.821159628
9537200,0.041621979,9.6,1,783,1.060798108,0.188971174,1,1,6.935676,1.368447575,1,23.83333333,88.15456844,81.14842904,2.92,204.1,46.24,40.9,51.3,786.8,2.6,0.298,0.78,4,1.29,29.6,10.92,1.33,25.41,36.25,38.34,1624.2,0.276,13.1,-0.729,-0.684,22.56,8.69,20.348083,0.97103498,2.353846154,,,-0.010007957,-0.035606626,-0.010943005,
11114495,0.003508279,74.3,2,732,0.988555947,0.082934392,1,1,99.929207,1.004411539,1,41.9375,88.15136476,85.73200993,2.46,124.3,88.3,49.7,35.9,606.1,3.8,0.706,1.05,4,1.37,38.6,9.71,1.12,21.93,42.54,35.53,1162,0.521,38.3,-0.875,0.484,7.03,11.91,13.969926,72.44200871,74.63990346,91.62960579,77.48479485,0.239729372,0.026164334,-0.081860101,0.853478916
11149900,0.024733958,26.7,2,665,1.10683368,0.295861418,1,1,21.73561,1.616261858,1,22,88.14814815,79.94708995,1.56,556.4,63.26,62,54,737.5,1.5,0.659,1.13,4,1.35,33.5,10.91,2.31,24.37,37.78,37.85,533.4,0.186,19.5,-0.995,-0.102,12.47,3.3,16.227347,8.848335816,13.12359813,28.84609993,15.65149173,-0.084847199,-0.178495399,-0.026298828,0.494408205
11152000,0.087881348,41.8,2,833,1.120228318,0.342174589,1,1,7.156277,1.825105706,1,36,88.14735718,76.61505606,2.07,625.1,80.89,63.9,60.5,663.8,2.9,0.654,1.03,5,2.35,38.3,10.02,3.14,20.17,34.81,45.02,759.1,0.387,34.7,-0.132,0.991,8.57,12.76,17.294107,3.419893111,4.751959686,14.97461206,10.20955047,-0.083696349,-0.130360625,-0.01582025,
11043000,0.102880324,128.4,2,123,0.965708321,0.238945233,1,1,7.514724,1.797661564,1,15,88.14623338,85.15509601,1.41,572.5,37.11,54,29.9,879.2,0.1,0.614,1.02,5,1.08,23.8,12.19,2.65,18.48,35.38,46.14,520.6,0.207,8.3,-0.454,-0.891,11.66,7.87,16.167722,3.722381881,4.124593886,,,-0.010855484,-0.00442999,-0.004773296,1.717087019
9513780,0.518476984,58.4,1,49,1.09105397,0.339261612,1,1,90.81327,1.095059029,1,18.66666667,88.1383855,93.94563427,2.34,177.5,52.71,40,52.6,949,0.8,0.196,0.87,3,1.36,22.1,10.1,3.45,30.93,30.45,38.62,1208.9,0.467,22.5,-0.241,-0.97,25.88,6.09,18.230644,38.35176222,28.51808451,16.69070423,2.558647887,-0.000477036,-0.000336455,0.001720673,1.029836206
11161000,0.268644319,308.7,2,486,0.971418792,0.147044724,1,1,18.338121,1.199590247,1,25.66666667,88.1073577,84.0351689,2.09,298.3,118.15,67.1,68.5,703.5,0.6,0.632,0.9,4,1.4,42,10.85,3,18.27,35.92,45.81,350.3,0.355,24.6,-0.996,0.09,9.89,16.79,15.746177,2.25540185,6.709420047,,,-0.020278057,-0.183563427,-0.161039514,0.536703619
11118500,0.00833705,211.4,2,855,1.091627205,0.257820065,1,1,82.190611,1.092289043,1,43.875,88.0967142,79.66522009,2.11,485.7,69.88,51.4,33.4,711.7,1.4,0.702,1.2,6,1.39,38.3,10.32,1.3,23.76,41.87,34.37,702.1,0.36,29.1,-0.979,-0.203,12.56,3.19,16.615606,33.83108468,42.24663372,80.03368334,50.47848466,0.252358865,0.015863939,-0.088528978,0.913104719
11465350,0.147198903,169.3,2,485,0.994781018,0.198101004,1,1,25.433253,0.92543356,1,31.66666667,88.07886291,76.93718478,1.03,559.8,130.36,64.5,76.9,775.7,0.4,0.629,0.79,5,1.37,34.8,11.21,2.23,24.58,42.8,32.63,293.6,0.297,23.8,-0.819,0.574,8.31,22.4,15.21547,6.739087022,9.911897106,,,-0.067242615,-0.217365126,-0.171113523,0.45860699
11129800,0.022241816,20.9,2,506,1.016610267,0.059675597,1,1,19.694249,2.110868413,1,18,88.06541406,88.23938761,0.98,85.3,58.44,66.4,39.6,749.9,0.1,0.68,0.97,3,1.28,24.6,11.29,2.31,24.04,39.55,36.41,443.7,0.254,20,-0.839,-0.544,11.04,13.89,15.248683,0.276776534,1.44021102,,,0.026378043,0.019077106,0.000568816,
11451715,0.130218534,128.2,2,227,1.053246963,0.12395349,1,1,11.690112,0.296371599,1,41,88.01136364,81.07954545,0.9,247.9,70.02,59.6,55.5,854.4,1,0.615,0.96,4,1.19,43.2,10.66,0.49,37.34,42.78,19.88,560.5,0.34,18.2,-0.265,0.964,10.43,10.33,18.827651,1.945488238,3.78987495,23.98777733,10.34183138,-0.03605718,-0.06584007,0.002251203,0.654581878
11162500,0.250064431,210.9,2,486,1.044457955,0.151594924,1,1,22.750724,1.087061052,1,18.5,87.98165138,81.88073394,1.88,118.9,92.36,68.6,71.5,669.9,1,0.604,1.01,3,2.02,35.8,10.37,2.8,19.69,37.08,43.23,346.3,0.407,26.7,0.507,-0.862,10.08,13.2,15.086714,0.682512861,7.404373423,,,0.005048371,-0.134611667,-0.134314605,0.885783407
11113000,0.054891066,85.9,2,452,1.030146655,0.117519652,1,1,18.928716,1.316921813,1,18.98722222,87.9708384,95.92952612,1.41,650,68.34,45.4,34.7,663.4,7.7,0.69,1.22,4,1.67,44.6,9.91,2,22.07,41.65,36.28,1251.5,0.512,32.7,-1,0.016,8.13,13.21,16.054577,6.141831074,9.616984615,14.98787692,8.055507692,0.164198315,-0.115015669,-0.082551455,0.693251489
9497980,0.011013314,143.3,1,427,0.931270636,0.285472674,1,1,9.741345,0.397009519,1,7.9925,87.9559532,99.48382657,1.21,516.8,68.36,41,69.3,673.1,9.8,0.135,0.7,3,1.67,36.3,10.57,3.03,22.54,34.63,42.83,1688.6,0.518,19.9,-0.996,0.089,22.86,7.1,17.814094,1.281628952,1.802612229,7.793188854,1.943034056,-0.096259291,-0.156327566,-0.016329933,0.556373867
11123500,0.002192473,142.3,2,891,1.012308468,0.100896705,1,1,47.106742,1.207876628,1,42,87.95110594,82.2467986,1.89,718.1,79.99,52.6,34.3,660.8,3.8,0.712,1.27,5,1.39,25.8,9.92,1.14,22.63,41.55,35.82,934.1,0.378,31.2,-0.578,-0.816,8.52,11.34,18.753658,43.16949878,44.25628743,16.02817156,5.57082579,-0.041739968,-0.117735286,-0.025034786,0.578338332
9513780,0.023291581,60.5,2,114,0.992722943,0.049211302,1,1,17.300814,0.890020873,1,43.9,87.93642522,74.36164669,2.34,177.5,52.71,40,52.6,949,0.8,0.196,0.87,3,1.36,22.1,10.1,3.45,30.93,30.45,38.62,1208.9,0.467,22.5,-0.241,-0.97,7.5,4.51,18.230644,1.899924102,1.168225352,16.69070423,2.558647887,0.086675247,0.036335539,-0.064603922,1.158136717
10263500,0.024747473,0.1,1,224,1.050074874,0.267982609,1,1,5.412642,1.640762971,1,41.5,87.90482485,81.62590879,3.06,59.5,67.56,44.3,40,631.2,24.1,0.602,0.89,4,1.13,51.8,8.94,6.3,12,35.17,52.83,1927.4,0.427,44.5,0.996,-0.085,8.31,3.47,15.711327,0.173399862,1.255462185,53.25647059,10.12907563,-0.013238355,-0.016641025,-0.001247657,
11148900,0.82108251,65.7,2,127,1.042673724,0.239342604,1,1,21.611762,1.082710122,1,29.5,87.88461538,92.56410256,1.48,403.5,69.16,62.7,52.5,745.3,1.5,0.653,0.99,5,1.22,31.2,11.37,2.86,22.94,36.87,40.19,551.8,0.337,21.3,-0.586,0.81,8.75,10.52,16.11163,3.551364882,3.720446097,20.74907063,12.52795539,0.011650047,0.018126958,0.004527401,1.04596501
9512280,0.00225094,0,2,639,1.048283676,0.168552023,1,1,77.294582,1.157801676,1,25,87.87618229,86.24247635,2.43,188.7,50.78,38.1,53.2,973.2,0.5,0.208,0.98,4,1.51,22.7,10.42,5.25,18.83,28.78,52.39,1150.1,0.484,21.1,-0.665,-0.747,10.91,6.71,17.665115,26.94965959,28.43465819,,,-0.005889694,-0.027469315,-0.008661002,0.780488717
11118500,0.012826231,4.9,2,449,1.056146264,0.229234922,1,1,82.190611,1.092289043,1,22,87.84872908,95.5982641,2.11,485.7,69.88,51.4,33.4,711.7,1.4,0.702,1.2,6,1.39,38.3,10.32,1.3,23.76,41.87,34.37,702.1,0.36,29.1,-0.979,-0.203,9.82,18.25,16.615606,33.83108468,42.24663372,80.03368334,50.47848466,0.124952005,-0.160521487,-0.114735616,0.588751203
11451715,0.218173159,53.4,2,221,1.076532367,0.170696109,1,1,24.133838,1.666551161,1,33.66666667,87.84046693,89.98054475,0.9,247.9,70.02,59.6,55.5,854.4,1,0.615,0.96,4,1.19,43.2,10.66,0.49,37.34,42.78,19.88,560.5,0.34,18.2,-0.265,0.964,10.43,10.33,18.827651,2.888346264,4.86014522,23.98777733,10.34183138,0.14819574,-0.007832966,-0.033504715,0.809356648
11063510,0.079561446,20.1,2,1000,0.960136073,0.211030553,1,1,15.999744,0.650293498,1,22,87.82004389,90.9290417,2.04,144.5,66.42,46,40.7,690.4,4.5,0.635,0.96,4,1.54,50.7,9.96,6.14,10.54,26.94,62.52,1273.4,0.272,22.4,-0.728,0.686,8.58,13.15,18.45637,3.489027728,3.731418685,74.67695502,36.88442907,-0.035891857,-0.049581941,-0.016637586,
11525630,0.114281792,21.6,1,296,1.074111853,0.177266266,1,1,37.82027,1.48548154,1,11.9825,87.79046869,96.65222529,1.92,94.9,115.99,60.1,76.3,758.2,22.2,0.519,0.73,3,1.43,60.7,9.98,5.88,13.74,26.92,59.33,1017.4,0.392,24.4,0.951,-0.308,12.88,5.05,15.275653,21.35595009,26.57608008,,,0.273876697,0.164177694,0.017816894,0.672333431
11463900,0.82146077,47.4,2,44,1.024787582,0.088043412,1,1,78.702752,0.833942644,1,13.96444444,87.78692074,99.35036812,2.86,114.1,115.9,65.1,67.8,746.4,0.7,0.617,0.72,3,1.38,36.4,11.12,1.75,27.22,44.13,28.65,413,0.282,23.9,-0.601,-0.799,8.17,17.79,15.761656,11.07121403,21.33260298,,,0.194109035,0.095483627,0.004804013,1.084489945
11159200,0.021058142,15.8,1,885,1.066177758,0.201062569,1,1,12.563615,1.632601188,1,39,87.76960784,75.88235294,1.76,71,84.62,68.1,68.6,691.1,0.1,0.629,0.85,3,1.21,34.5,10.12,2.59,21.18,36.59,42.23,305.2,0.333,21,-0.996,-0.089,16.89,3.84,16.438445,0.115679955,6.346901408,,,-0.027017337,-0.065208871,-0.013067387,0.783301461
11274630,0.010939903,39,2,573,1.083779076,0.220631222,1,1,14.544513,0.969698236,1,39.75,87.75510204,72.88629738,1.77,187.4,43.32,61.7,49.1,799,2.1,0.604,1.08,4,1.42,30.9,10.3,1.62,26.46,42.13,31.41,559.2,0.472,26.1,-0.722,0.692,9.37,8.63,18.975462,2.596224212,4.075933831,,,-0.045234715,-0.097401651,-0.006249959,0.568651794
11047300,0.240865016,0,2,504,1.05233105,0.118328333,1,1,11.921157,1.8590446,1,11.92333333,87.7394636,89.80842912,1.1,139.9,46.85,61.6,36.6,812.1,0,0.652,1.08,3,1.27,23.9,11.46,2.26,24.89,42.68,32.43,423.2,0.234,19.1,-0.597,-0.802,12.99,6.03,13.66011,4.902997679,7.699857041,11.53209435,10.94796283,0.064649032,-0.160446952,-0.110397484,0.541141138
11118500,0.046757442,98.5,2,452,1.0388797,0.15150854,1,1,82.190611,1.092289043,1,18.98694444,87.72473652,96.46621203,2.11,485.7,69.88,51.4,33.4,711.7,1.4,0.702,1.2,6,1.39,38.3,10.32,1.3,23.76,41.87,34.37,702.1,0.36,29.1,-0.979,-0.203,10.63,13.74,16.615606,33.83108468,42.24663372,80.03368334,50.47848466,0.124952005,-0.160521487,-0.114735616,0.588751203
11077500,0.031280208,63.9,2,895,1.080918442,0.271118801,1,1,11.075228,0.62641764,1,15.9375,87.68240343,92.27467811,1.28,240.8,51.01,60.8,37.1,825.6,0,0.654,1.13,5,1.61,20.2,10.37,1.7,25.4,46.19,28.41,553.2,0.308,25.4,-0.221,-0.975,12.93,9.51,17.754193,2.800140695,1.788413621,,,0.182826607,0.004510949,-0.111629493,1.107408824
11113000,0.035504936,55,2,121,1.053355137,0.174913799,1,1,12.550943,0.240796008,1,53,87.62528913,67.30917502,1.41,650,68.34,45.4,34.7,663.4,7.7,0.69,1.22,4,1.67,44.6,9.91,2,22.07,41.65,36.28,1251.5,0.512,32.7,-1,0.016,7.03,17.46,16.054577,8.618055904,10.59078462,14.98787692,8.055507692,-0.003564655,-0.007694585,0.00085488,1.626622216
11123500,0.022595095,281.5,2,855,1.098397395,0.265728752,1,1,11.243107,1.233641415,1,54.94138889,87.62517883,74.67811159,1.89,718.1,79.99,52.6,34.3,660.8,3.8,0.712,1.27,5,1.39,25.8,9.92,1.14,22.63,41.55,35.82,934.1,0.378,31.2,-0.578,-0.816,11.91,3.74,18.753658,7.582963909,7.580629439,16.02817156,5.57082579,0.229292474,0.028243746,-0.09941149,0.921230013
11274500,0.020598492,44.5,2,152,1.081791893,0.216769167,1,1,27.069601,1.263529895,1,39.5,87.61804827,67.78593914,1.48,347.8,45.32,61.6,45.7,861,1.4,0.624,1.05,4,1.63,30.1,10.73,1.77,24.88,42.82,32.31,475.6,0.378,24.4,-0.349,0.937,9.66,9.63,18.273952,7.729944851,9.815899942,,,-0.019154762,-0.045495344,0.000196474,0.856351492
11109600,0.002661863,0,2,469,1.012329868,0.420594834,1,1,41.681744,1.066478672,1,44,87.59736369,80.94667466,1.66,963.8,55.61,42.7,35,676,11.8,0.673,1.1,5,2.08,52.1,10.21,5.72,18.55,37.45,44,1385.2,0.448,26,-0.765,0.644,5.53,7.27,16.693884,12.52429966,19.22524383,6.542218303,3.126727537,-0.088556875,-0.173314458,-0.010977479,0.46186249
11149900,0.008142867,17.3,2,216,1.122586787,0.304121615,1,1,8.664033,1.715767974,1,35.5,87.58694489,69.23488497,1.56,556.4,63.26,62,54,737.5,1.5,0.659,1.13,4,1.35,33.5,10.91,2.31,24.37,37.78,37.85,533.4,0.186,19.5,-0.995,-0.102,12.47,3.3,16.227347,1.544994989,3.774209202,28.84609993,15.65149173,0.015682926,0.015878051,0.003511839,
11159200,0.054639498,22.1,2,683,1.092669062,0.259748837,1,1,12.563615,1.632601188,1,26.5,87.57352941,91.42156863,1.76,71,84.62,68.1,68.6,691.1,0.1,0.629,0.85,3,1.21,34.5,10.12,2.59,21.18,36.59,42.23,305.2,0.333,21,-0.996,-0.089,13.16,5.22,16.438445,0.115679955,6.346901408,,,-0.065019601,-0.122480704,-0.014327841,0.614253963
11143000,0.130783322,1.1,2,659,1.005888123,0.035410497,1,1,99.985297,0.997222043,1,42,87.57035647,82.50469043,2.74,120.6,116.26,67.4,72.8,639.5,3.4,0.654,0.98,4,1.47,40.3,10.29,4.14,14.13,31.45,54.42,779,0.492,43.6,-0.447,-0.894,11.22,7.58,18.127121,33.21126627,44.52462687,86.30373134,57.91119403,-0.101820656,-0.155859565,-0.024091851,0.453496031
11149900,0.51910777,211.6,2,1018,1.072044554,0.186271719,1,1,21.73561,1.616261858,1,52,87.56613757,74.44444444,1.56,556.4,63.26,62,54,737.5,1.5,0.659,1.13,4,1.35,33.5,10.91,2.31,24.37,37.78,37.85,533.4,0.186,19.5,-0.995,-0.102,10.24,10.95,16.227347,8.848335816,13.12359813,28.84609993,15.65149173,-0.018115559,-0.040637275,-0.022927574,0.784858977
11073360,0.841157235,0,2,85,1.038961451,0.158701468,1,1,8.872533,,1,20,87.56254467,95.13938528,0.95,132.3,74.76,53,45.8,744.3,3.4,0.65,0.9,3,1.12,44.1,10.29,6.95,11.8,32.18,56.02,1050.4,0.295,27.1,-0.86,-0.509,8.73,9.83,14.250404,2.105303694,2.33537415,,,-0.061345468,-0.073095211,-0.009948306,
11138500,0.018802772,136.3,2,125,1.022397717,0.221215062,1,1,14.684484,0.673222561,1,64,87.53453039,79.14364641,2,728.9,69.82,57.6,39.6,665.2,7.1,0.686,1.16,5,1.44,28.2,9.8,1.39,21.86,41.68,36.45,994.2,0.424,34.2,0.199,-0.98,8.18,9.48,16.60856,2.711386657,3.72223899,,,-0.041432708,-0.117482834,-0.00731285,0.692060588
11113000,0.018558408,4,2,268,0.957674414,0.203102179,1,1,12.968352,1.380960091,1,37.5,87.50857927,86.27316404,1.41,650,68.34,45.4,34.7,663.4,7.7,0.69,1.22,4,1.67,44.6,9.91,2,22.07,41.65,36.28,1251.5,0.512,32.7,-1,0.016,7.03,17.46,16.054577,9.342552197,9.277615385,14.98787692,8.055507692,-0.140479958,-0.290401385,-0.017833839,
11274538,0.01019502,44.6,2,152,1.103330988,0.281355651,1,1,20.054364,1.350921136,1,39.75,87.48668797,67.57188498,1.27,469.4,42.12,61.9,44.8,864.4,1.3,0.619,0.06,4,1.31,29.8,10.95,1.77,24.47,43.22,32.31,405.1,0.34,20.9,-0.28,0.96,9.82,8.8,18.511698,5.650655605,7.274584576,,,-0.019154762,-0.045495344,0.000196474,0.856351492
11113000,0.005184156,4.2,1,527,1.00605962,0.143838475,1,1,18.928716,1.316921813,1,29.98861111,87.48481166,86.93803159,1.41,650,68.34,45.4,34.7,663.4,7.7,0.69,1.22,4,1.67,44.6,9.91,2,22.07,41.65,36.28,1251.5,0.512,32.7,-1,0.016,13.9,1.67,16.054577,6.141831074,9.616984615,14.98787692,8.055507692,0.164198315,-0.115015669,-0.082551455,0.693251489
14377100,0.097703661,74,1,284,,0.32567434,0.999353169,1,9.194173,1.448795502,0.993103448,41.75,87.48221906,75.67567568,1.76,985.4,191.3,67.1,117.4,611.4,14.9,0.517,0.73,5,1.23,48.6,11.28,1.86,26.48,40.95,32.57,880.2,0.289,27.4,0.76,-0.65,7.92,13.49,15.365487,6.337759213,7.258088086,28.04867059,7.48110412,-0.018185424,-0.025822709,-0.004680866,
11129800,0.009959022,2.4,2,542,1.083734675,0.149305737,1,1,19.694249,2.110868413,1,24.5,87.47390397,83.15935978,0.98,85.3,58.44,66.4,39.6,749.9,0.1,0.68,0.97,3,1.28,24.6,11.29,2.31,24.04,39.55,36.41,443.7,0.254,20,-0.839,-0.544,11.75,12.6,15.248683,0.276776534,1.44021102,,,0.026378043,0.019077106,0.000568816,
11451715,0.098577715,100.7,2,165,1.08059165,0.188245043,1,1,24.133838,1.666551161,1,35.5,87.45136187,87.93774319,0.9,247.9,70.02,59.6,55.5,854.4,1,0.615,0.96,4,1.19,43.2,10.66,0.49,37.34,42.78,19.88,560.5,0.34,18.2,-0.265,0.964,7.28,15.2,18.827651,2.888346264,4.86014522,23.98777733,10.34183138,0.14819574,-0.007832966,-0.033504715,0.809356648
11063510,0.593771379,42.4,2,129,1.000016485,0.025817287,1,1,75.044644,1.007263416,1,40,87.44534666,83.32292317,2.04,144.5,66.42,46,40.7,690.4,4.5,0.635,0.96,4,1.54,50.7,9.96,6.14,10.54,26.94,62.52,1273.4,0.272,22.4,-0.728,0.686,6.77,8.28,18.45637,20.60685912,23.61986159,74.67695502,36.88442907,-0.009704062,-0.01753329,-0.004633778,0.798144832
8380500,0.088195244,243,1,123,1.237717305,0.591958473,1,1,99.368957,1.001978058,1,15,87.43754461,95.07494647,2.1,198.1,68.57,50.8,80.7,464.5,19.2,0.221,0.66,4,1.18,58,10.64,1.87,31.03,41.4,27.57,2652.5,0.381,25,-0.636,0.772,15.49,10.72,17.995738,30.00276242,42.76158506,96.58440182,48.47415447,0.009804609,0.004280286,0.019648497,1.00779206
9484000,0.06198571,0.4,1,445,1.148774802,0.461196376,1,1,85.517068,1.046778775,1,35,87.40660025,84.99377335,2.39,103.7,75.97,43.3,71.1,767.1,3.1,0.167,0.8,3,1.52,9.5,9.14,1.65,18.36,43.38,38.26,1878.8,0.534,35.6,-0.977,-0.213,19.35,6.84,17.656755,21.59321881,31.624108,59.10578592,25.9246866,-0.074892772,-0.116415733,-0.009778556,0.427145513
11152000,0.082898385,148.4,2,846,1.119082981,0.361544461,1,1,7.156277,1.825105706,1,27,87.37319808,91.35077416,2.07,625.1,80.89,63.9,60.5,663.8,2.9,0.654,1.03,5,2.35,38.3,10.02,3.14,20.17,34.81,45.02,759.1,0.387,34.7,-0.132,0.991,8.25,16.63,17.294107,3.419893111,4.751959686,14.97461206,10.20955047,-0.083696349,-0.130360625,-0.01582025,
9512280,0.003151315,20,1,761,0.910405251,0.27586844,1,1,77.294582,1.157801676,1,7.989722222,87.33877902,96.73258813,2.43,188.7,50.78,38.1,53.2,973.2,0.5,0.208,0.98,4,1.51,22.7,10.42,5.25,18.83,28.78,52.39,1150.1,0.484,21.1,-0.665,-0.747,27.52,3.99,17.665115,26.94965959,28.43465819,,,-0.005889694,-0.027469315,-0.008661002,0.780488717
11152000,0.139069968,14.5,2,593,1.06156579,0.301554725,1,1,38.563747,1.45200031,1,27,87.30864198,88.49382716,2.07,625.1,80.89,63.9,60.5,663.8,2.9,0.654,1.03,5,2.35,38.3,10.02,3.14,20.17,34.81,45.02,759.1,0.387,34.7,-0.132,0.991,8.78,16.68,17.294107,14.91749383,22.51871701,14.97461206,10.20955047,-0.106418682,-0.184356043,-0.025092694,0.456406466
11124500,0.057520851,32,2,234,1.058717347,0.171402872,1,1,71.062545,1.035623791,1,41,87.27691422,71.79044329,2.37,191.5,83.1,54.6,38.1,636.9,4.5,0.711,1.17,4,1.85,23.3,9.72,1.35,23.93,41.12,34.95,1023.6,0.444,33.5,-0.78,-0.626,7.9,21.39,17.185694,68.62677395,63.6551436,,,-0.118361646,-0.255882945,-0.008246482,0.648680925
11451715,0.11011462,37.3,2,163,1.04824679,0.111260148,1,1,24.133838,1.666551161,1,13.66666667,87.25680934,95.42801556,0.9,247.9,70.02,59.6,55.5,854.4,1,0.615,0.96,4,1.19,43.2,10.66,0.49,37.34,42.78,19.88,560.5,0.34,18.2,-0.265,0.964,7.28,15.2,18.827651,2.888346264,4.86014522,23.98777733,10.34183138,0.14819574,-0.007832966,-0.033504715,0.809356648
11159200,0.100504769,22.8,2,643,1.031336557,0.114402363,1,1,12.563615,1.632601188,1,31.9,87.25490196,77.64705882,1.76,71,84.62,68.1,68.6,691.1,0.1,0.629,0.85,3,1.21,34.5,10.12,2.59,21.18,36.59,42.23,305.2,0.333,21,-0.996,-0.089,10.55,16.18,16.438445,0.115679955,6.346901408,,,-0.065019601,-0.122480704,-0.014327841,0.614253963
11152050,0.089923796,15.1,2,593,1.101460886,0.368628875,1,1,31.232187,1.394009406,1,27,87.24565757,88.43672457,1.67,771.5,74.52,63.7,58.2,676.7,2.4,0.652,1.04,6,2.02,38.4,10.1,2.9,21.11,35.63,43.26,674.8,0.359,31.4,0.227,0.974,9.08,15.41,17.029979,12.27500159,18.24777706,12.12311082,8.239170447,-0.106418682,-0.184356043,-0.025092694,0.456406466
11109600,0.030555606,5.8,2,789,0.96999839,0.240782254,1,1,41.681744,1.066478672,1,21.88916667,87.23786699,91.0724985,1.66,963.8,55.61,42.7,35,676,11.8,0.673,1.1,5,2.08,52.1,10.21,5.72,18.55,37.45,44,1385.2,0.448,26,-0.765,0.644,8.74,4.34,16.693884,12.52429966,19.22524383,6.542218303,3.126727537,-0.054237196,-0.108104837,-0.011410457,0.669482329
11480390,0.189090059,107.1,1,611,0.989667808,0.07829708,1,1,99.999876,1,1,45.8,87.23649539,94.00527009,2.41,242.6,166.38,62.2,92.3,637.8,28,0.561,0.77,4,2.23,33.3,10.96,1.59,21.87,41.57,36.56,1130,0.306,28.7,-0.024,-1,7.31,11.22,13.178414,66.45017797,77.02790602,99.99571311,67.92250618,-0.250089728,-0.510751408,-0.21491051,0.278517547
11113000,0.013112866,11.5,2,198,1.095155365,0.223365147,1,1,12.968352,1.380960091,1,20,87.23404255,91.1461908,1.41,650,68.34,45.4,34.7,663.4,7.7,0.69,1.22,4,1.67,44.6,9.91,2,22.07,41.65,36.28,1251.5,0.512,32.7,-1,0.016,6.83,9.22,16.054577,9.342552197,9.277615385,14.98787692,8.055507692,-0.140479958,-0.290401385,-0.017833839,
9210500,0.009526623,36.8,1,1046,1.093900348,0.223745669,1,1,14.018399,1.444180227,1,22.5,87.22323522,73.19614483,1.44,398.3,58.17,50,86.1,388.4,57.6,0.187,0.82,4,1.41,72.3,11.44,2.98,18.64,51.2,30.15,2471.4,0.363,18.9,-0.544,0.839,10.14,3.58,18.78302,3.222772882,4.501129802,,,-0.058483321,-0.121473139,-0.014778857,
11458000,0.042752748,193.5,2,456,0.999514034,0.111579886,1,1,7.469418,0.749639592,1,35.75,87.19392752,84.7208619,1.81,566.3,96.01,63.5,67.6,752.1,1.4,0.629,0.68,4,1.21,26.8,11,1.67,26.49,45.86,27.64,276.3,0.212,18.6,-0.834,0.552,7.91,19.59,16.230256,0.513073094,1.896309377,,,0.278941751,0.094248912,-0.0000965,0.659041598
11462500,0.109200903,202.5,2,165,1.005751578,0.186271285,1,1,5.854759,1.781748803,1,50,87.13369963,95.51282051,1.8,938.7,115.58,63.2,79.6,757,2,0.605,1.01,5,1.18,36.1,11.16,1.09,26.66,42.65,30.69,465.2,0.299,21.1,-0.76,-0.649,7.16,22.52,15.801847,1.319662649,1.833269415,5.881016299,2.132502397,0.247462344,0.074943405,0.002092771,0.783055803
14090350,0.113110182,39.3,1,451,1.068325359,0.269296479,1,1,7.771881,0.395126958,1,77.5,87.13163065,71.31630648,1.95,72.1,182.78,64.8,142.3,455.8,53.1,0.404,0.78,3,1.26,78.8,10.37,6.68,15.1,29.79,55.1,1566.6,0.321,26.1,-0.809,0.588,6.18,15.45,16.829358,2.87103158,3.739805825,44.26407767,17.35811373,-0.082263341,-0.136519084,-0.020180943,
11143000,0.088519412,110.1,2,812,1.007559231,0.0658309,1,1,29.9711,1.327452654,1,20.9775,87.12895377,82.43309002,2.74,120.6,116.26,67.4,72.8,639.5,3.4,0.654,0.98,4,1.47,40.3,10.29,4.14,14.13,31.45,54.42,779,0.492,43.6,-0.447,-0.894,11.4,13.95,18.127121,15.90995837,20.11791045,86.30373134,57.91119403,-0.074426019,-0.115714332,-0.013921207,
11274630,0.013297119,1.6,2,588,1.114593306,0.32898959,1,1,13.905464,1.291954055,1,14,87.12458287,94.04894327,1.77,187.4,43.32,61.7,49.1,799,2.1,0.604,1.08,4,1.42,30.9,10.3,1.62,26.46,42.13,31.41,559.2,0.472,26.1,-0.722,0.692,9.37,8.63,18.975462,4.696483564,5.048932764,,,-0.041494034,-0.069598546,-0.019274809,0.736767118
11113000,0.029493057,116.2,2,403,1.070100877,0.164319521,1,1,18.928716,1.316921813,1,20.95472222,87.12029162,87.72782503,1.41,650,68.34,45.4,34.7,663.4,7.7,0.69,1.22,4,1.67,44.6,9.91,2,22.07,41.65,36.28,1251.5,0.512,32.7,-1,0.016,6.44,14.64,16.054577,6.141831074,9.616984615,14.98787692,8.055507692,0.164198315,-0.115015669,-0.082551455,0.693251489
11453500,0.154420286,83.1,2,116,1.019919815,0.061911041,1,1,68.402353,0.917637249,1,20,87.12026633,95.08947149,1.47,293.4,112.6,63,63.1,752.4,2,0.624,0.62,3,1.5,36.4,10.72,0.99,28.71,44.41,26.88,554.7,0.243,19.3,-0.169,0.986,7.16,23.78,17.47691,38.71637619,46.98312883,,,-0.005397959,-0.024779725,-0.001144985,0.927361723
11057500,0.025132254,12.1,2,460,1.037914569,0.139726368,1,1,5.10267,0.753186471,1,26.5,87.11340206,95.87628866,1.6,329,50.34,46.1,42.4,822.1,3.2,0.566,1.05,4,1.49,23.2,10.74,3.94,14.73,32.5,52.77,880.7,0.238,13.8,-0.199,-0.98,9.81,5.41,19.193511,2.02402941,2.564042553,11.73519757,9.619696049,0.05021704,-0.086611812,-0.126789437,0.760136168
11159200,0.027838226,81.4,2,570,1.064407417,0.187015519,1,1,12.563615,1.632601188,1,35.97694444,87.10784314,74.60784314,1.76,71,84.62,68.1,68.6,691.1,0.1,0.629,0.85,3,1.21,34.5,10.12,2.59,21.18,36.59,42.23,305.2,0.333,21,-0.996,-0.089,10.19,12.34,16.438445,0.115679955,6.346901408,,,-0.065019601,-0.122480704,-0.014327841,0.614253963
9510200,0.064250485,92.8,2,877,1.019103018,0.137021136,1,1,38.424484,0.967102488,1,48.66666667,87.10016835,72.26430976,1.74,425.3,61.33,36.1,50,956.2,2.1,0.215,1.04,5,1.39,30.1,10.19,4.14,15.96,29.86,54.17,1161.3,0.383,21.4,-0.57,-0.822,7.77,5.8,17.785195,16.38612732,18.54300494,51.02477531,24.56769952,-0.018953429,-0.046296014,-0.012013773,0.868715379
11451715,0.054943083,0,2,497,1.055066292,0.12600813,1,1,11.690112,0.296371599,1,77,87.04545455,78.75,0.9,247.9,70.02,59.6,55.5,854.4,1,0.615,0.96,4,1.19,43.2,10.66,0.49,37.34,42.78,19.88,560.5,0.34,18.2,-0.265,0.964,7.69,10.4,18.827651,1.945488238,3.78987495,23.98777733,10.34183138,-0.028831435,-0.039762042,-0.011139522,0.691053957
11149900,0.035167007,18.5,2,625,1.179752228,0.410883073,1,1,21.73561,1.616261858,1,30.5,87.03703704,75.07936508,1.56,556.4,63.26,62,54,737.5,1.5,0.659,1.13,4,1.35,33.5,10.91,2.31,24.37,37.78,37.85,533.4,0.186,19.5,-0.995,-0.102,9.33,13.34,16.227347,8.848335816,13.12359813,28.84609993,15.65149173,-0.084847199,-0.178495399,-0.026298828,0.494408205
11453500,0.264444739,149.8,2,129,0.998005634,0.031832528,1,1,68.402353,0.917637249,1,12.75,87.01622971,96.42114024,1.47,293.4,112.6,63,63.1,752.4,2,0.624,0.62,3,1.5,36.4,10.72,0.99,28.71,44.41,26.88,554.7,0.243,19.3,-0.169,0.986,7.16,23.78,17.47691,38.71637619,46.98312883,,,-0.005397959,-0.024779725,-0.001144985,0.927361723
11042900,0.012094811,116.4,2,437,1.007794187,0.071244019,1,1,15.117915,0.970781969,1,47,87.01594533,70.8428246,1.45,227.1,38.42,52.1,30.4,862.2,0.2,0.588,1,3,1.35,24,11.73,2.76,18.12,34.83,47.04,611.1,0.274,8.4,-0.245,-0.97,10.65,8.7,16.576693,2.290242769,3.785468956,,,,,,
9484000,0.023783944,121.1,1,755,1.191580466,0.82267179,1,1,69.267296,1.388299086,1,7.75,87.00062422,98.43945069,2.39,103.7,75.97,43.3,71.1,767.1,3.1,0.167,0.8,3,1.52,9.5,9.14,1.65,18.36,43.38,38.26,1878.8,0.534,35.6,-0.977,-0.213,22.08,10.6,17.656755,12.27435075,20.33982642,59.10578592,25.9246866,0.032199617,-0.082769652,-0.028765416,0.762986287
11065000,0.097055182,106,2,149,1.010784593,0.090109692,1,1,33.742927,1.953161117,1,30.5,86.98186528,84.58549223,1.55,364.7,81.4,47.7,43.6,701.5,4.2,0.649,1.11,5,1.12,49.6,10,6.62,10.83,28.51,60.66,1250.1,0.343,27.3,-0.675,0.738,6.97,17.4,19.024359,9.084707504,11.94332328,33.44313134,17.52322457,-0.009785177,-0.017146948,-0.004747299,0.8073376
11152000,0.091505321,10,2,659,1.083718286,0.241344651,1,1,38.563747,1.45200031,1,44,86.96296296,80.49382716,2.07,625.1,80.89,63.9,60.5,663.8,2.9,0.654,1.03,5,2.35,38.3,10.02,3.14,20.17,34.81,45.02,759.1,0.387,34.7,-0.132,0.991,11.91,5.11,17.294107,14.91749383,22.51871701,14.97461206,10.20955047,-0.106418682,-0.184356043,-0.025092694,0.456406466
11466170,0.180014069,57.7,2,482,1.023228761,0.082556671,1,1,22.469984,1.304360211,1,40.9725,86.92810458,89.68253968,1.63,56,106,64.2,74.7,734.4,0.9,0.619,0.66,2,1.24,27,11.09,1.2,26.85,43.61,29.55,220.7,0.248,12.2,0.779,-0.627,9.94,19.59,16.615901,0.386782233,1.523571429,,,0.264541567,0.141533693,-0.032432584,0.840366825
11475800,0.11730687,0,1,980,1.014121958,0.0931231,1,1,7.751945,0.72069388,1,55,86.92277842,92.62708576,2.23,642.1,206.67,64.8,106,657.8,7.2,0.589,0.89,5,1.8,28.1,11.21,2.07,25.53,42.82,31.65,626.1,0.382,26.8,-0.449,-0.893,9.63,12.94,16.808763,1.088201084,1.580221149,,,-0.048942164,-0.081314107,-0.004481932,0.75166344
7104905,0.11446734,20.7,1,1044,1.077022151,0.321302257,1,1,5.351106,0.612912952,1,18.5,86.90188497,87.26437893,2.32,613.5,54.77,51.4,80.5,521.8,16.6,0.322,0.71,3,1.84,50.4,11.26,7.38,13.5,29.69,56.81,2279.5,0.411,10.1,-1,0.006,10.3,7.23,13.421778,3.217745165,3.097555012,4.981222494,2.570904645,-0.035672741,-0.09085869,-0.017775988,0.640264154
11152050,0.046246524,11.5,2,659,1.108096265,0.30645744,1,1,31.232187,1.394009406,1,44,86.89826303,80.39702233,1.67,771.5,74.52,63.7,58.2,676.7,2.4,0.652,1.04,6,2.02,38.4,10.1,2.9,21.11,35.63,43.26,674.8,0.359,31.4,0.227,0.974,12.1,4.74,17.029979,12.27500159,18.24777706,12.12311082,8.239170447,-0.106418682,-0.184356043,-0.025092694,0.456406466
11143000,0.224468324,13.4,2,593,1.038353543,0.162627141,1,1,99.985297,0.997222043,1,22.5,86.81988743,86.02251407,2.74,120.6,116.26,67.4,72.8,639.5,3.4,0.654,0.98,4,1.47,40.3,10.29,4.14,14.13,31.45,54.42,779,0.492,43.6,-0.447,-0.894,8.68,23.37,18.127121,33.21126627,44.52462687,86.30373134,57.91119403,-0.101820656,-0.155859565,-0.024091851,0.453496031
11451715,0.290136033,113.6,2,542,0.989526112,0.030660521,1,1,11.690112,0.296371599,1,16,86.81818182,92.67045455,0.9,247.9,70.02,59.6,55.5,854.4,1,0.615,0.96,4,1.19,43.2,10.66,0.49,37.34,42.78,19.88,560.5,0.34,18.2,-0.265,0.964,7.28,15.2,18.827651,1.945488238,3.78987495,23.98777733,10.34183138,-0.028831435,-0.039762042,-0.011139522,0.691053957
11113000,0.031889096,141.8,2,729,1.088509389,0.186426626,1,1,18.928716,1.316921813,1,18.5,86.81652491,88.63912515,1.41,650,68.34,45.4,34.7,663.4,7.7,0.69,1.22,4,1.67,44.6,9.91,2,22.07,41.65,36.28,1251.5,0.512,32.7,-1,0.016,6.83,9.22,16.054577,6.141831074,9.616984615,14.98787692,8.055507692,0.266680581,0.059727096,-0.059527782,0.966690077
11149900,0.033436648,28.3,2,829,1.152763012,0.346069709,1,1,8.664033,1.715767974,1,35,86.78437667,74.10379882,1.56,556.4,63.26,62,54,737.5,1.5,0.659,1.13,4,1.35,33.5,10.91,2.31,24.37,37.78,37.85,533.4,0.186,19.5,-0.995,-0.102,8.45,9.76,16.227347,1.544994989,3.774209202,28.84609993,15.65149173,,,,
11063510,0.063688349,35.5,2,503,1.069266692,0.216851229,1,1,19.701106,0.914667921,1,13,86.78385417,88.28125,2.04,144.5,66.42,46,40.7,690.4,4.5,0.635,0.96,4,1.54,50.7,9.96,6.14,10.54,26.94,62.52,1273.4,0.272,22.4,-0.728,0.686,7.51,15.53,18.45637,6.090614167,8.283114187,74.67695502,36.88442907,-0.045797929,-0.085871561,-0.017805592,0.668526212
11204100,0.007559488,0.3,2,845,1.088132918,0.205293766,1,1,14.215553,0.967391659,1,107.75,86.77819752,78.68321641,2.9,249.1,79.83,55.9,53.1,703.2,25.2,0.595,0.74,4,1.36,65.9,9.43,2.64,18.72,31.31,49.98,1348.7,0.417,34.4,0.119,-0.993,5.19,10.48,17.505672,1.184458719,2.632436772,48.9626656,16.38281815,0.301182649,0.096928178,-0.011631839,0.837459498
11143000,0.153089275,87.6,2,887,0.989132487,0.043145761,1,1,13.697515,0.363115177,1,28,86.73740053,84.08488064,2.74,120.6,116.26,67.4,72.8,639.5,3.4,0.654,0.98,4,1.47,40.3,10.29,4.14,14.13,31.45,54.42,779,0.492,43.6,-0.447,-0.894,9.44,19.35,18.127121,0.979707657,4.544776119,86.30373134,57.91119403,-0.02982169,-0.041495503,-0.00798715,
11023340,0.094044913,2.7,2,885,1.047940124,0.127554245,1,1,37.099197,1.443643241,1,28,86.6873065,79.87616099,2.81,109.6,39.02,60.2,39.8,841.8,0,0.626,1.08,3,1.17,24.2,11.67,2.82,23.07,37.6,39.33,263,0.251,12.8,-0.28,-0.96,13.45,8.4,14.786058,26.23438145,28.43786496,,,-0.005470648,-0.009368654,-0.017733134,1.48298974
11113000,0.026356425,32.2,2,838,1.090215511,0.200860842,1,1,18.928716,1.316921813,1,27.9,86.66464156,91.98055893,1.41,650,68.34,45.4,34.7,663.4,7.7,0.69,1.22,4,1.67,44.6,9.91,2,22.07,41.65,36.28,1251.5,0.512,32.7,-1,0.016,8.13,13.21,16.054577,6.141831074,9.616984615,14.98787692,8.055507692,0.266680581,0.059727096,-0.059527782,0.966690077
11114495,0.059914108,65.7,2,452,0.989734214,0.059129179,1,1,99.929207,1.004411539,1,8.986944444,86.66253102,95.71960298,2.46,124.3,88.3,49.7,35.9,606.1,3.8,0.706,1.05,4,1.37,38.6,9.71,1.12,21.93,42.54,35.53,1162,0.521,38.3,-0.875,0.484,8.21,17.52,13.969926,72.44200871,74.63990346,91.62960579,77.48479485,0.109225139,-0.198628136,-0.101844596,0.531856898
11466170,0.259907954,124.3,2,456,1.042872064,0.126696084,1,1,22.469984,1.304360211,1,29.5,86.64799253,89.16900093,1.63,56,106,64.2,74.7,734.4,0.9,0.619,0.66,2,1.24,27,11.09,1.2,26.85,43.61,29.55,220.7,0.248,12.2,0.779,-0.627,8.29,21.98,16.615901,0.386782233,1.523571429,,,0.264541567,0.141533693,-0.032432584,0.840366825
11274630,0.097310737,61.9,2,565,1.101020338,0.274057458,1,1,14.544513,0.969698236,1,24,86.58892128,73.35276968,1.77,187.4,43.32,61.7,49.1,799,2.1,0.604,1.08,4,1.42,30.9,10.3,1.62,26.46,42.13,31.41,559.2,0.472,26.1,-0.722,0.692,7.89,8.15,18.975462,2.596224212,4.075933831,,,-0.045234715,-0.097401651,-0.006249959,0.568651794
11042800,0.01449211,0,2,537,0.963060589,0.107714306,1,1,36.399541,1.263146869,1,17.75,86.58357771,98.46041056,1.14,148.5,33.74,54.3,29.5,884.7,0,0.599,0.94,4,1.23,20.3,12.27,2.7,18.97,36.43,44.59,484.1,0.326,8,-0.21,-0.978,15.34,1.81,14.66485,1.917557957,7.655757576,,,0.002190242,0.016333038,-0.015743666,
11453500,0.694891286,159.2,2,497,1.003377157,0.014824985,1,1,68.402353,0.917637249,1,21,86.55846858,84.39450687,1.47,293.4,112.6,63,63.1,752.4,2,0.624,0.62,3,1.5,36.4,10.72,0.99,28.71,44.41,26.88,554.7,0.243,19.3,-0.169,0.986,7.16,23.78,17.47691,38.71637619,46.98312883,,,-0.106642653,-0.150364536,-0.029878285,0.389033416
11065000,0.069724443,50.1,2,129,1.036828675,0.130930275,1,1,33.742927,1.953161117,1,40,86.49611399,82.64248705,1.55,364.7,81.4,47.7,43.6,701.5,4.2,0.649,1.11,5,1.12,49.6,10,6.62,10.83,28.51,60.66,1250.1,0.343,27.3,-0.675,0.738,7.23,10.24,19.024359,9.084707504,11.94332328,33.44313134,17.52322457,-0.009785177,-0.017146948,-0.004747299,0.8073376
11014000,0.011915494,83.8,2,625,1.020999033,0.107495608,1,1,5.043274,0.752773408,1,10.83333333,86.49579189,95.63886764,2.91,181.8,44.33,55.8,42.1,846.3,0,0.609,1.26,5,1.39,33.8,10.3,3.01,18.77,38.69,42.55,490.9,0.343,19.4,-0.048,-0.999,11.77,8.75,16.12831,1.534653813,2.248514851,,,0.108115657,-0.065945541,-0.170737304,1.025194801
11123500,0.033833493,77.3,2,145,0.955237133,0.165772266,1,1,16.457797,0.447891372,1,71,86.46934461,73.50246653,1.89,718.1,79.99,52.6,34.3,660.8,3.8,0.712,1.27,5,1.39,25.8,9.92,1.14,22.63,41.55,35.82,934.1,0.378,31.2,-0.578,-0.816,8.31,17.22,18.753658,5.2299529,5.452388247,16.02817156,5.57082579,-0.013665477,-0.012168644,-0.003767537,0.771068736
11129800,0.009959022,108.5,2,862,1.048159152,0.096664419,1,1,19.694249,2.110868413,1,31.5,86.46485734,77.03549061,0.98,85.3,58.44,66.4,39.6,749.9,0.1,0.68,0.97,3,1.28,24.6,11.29,2.31,24.04,39.55,36.41,443.7,0.254,20,-0.839,-0.544,11.04,13.89,15.248683,0.276776534,1.44021102,,,0.039086975,0.044317388,0.003693344,
11113500,0.010581116,100.5,2,729,1.041276723,0.118457772,1,1,85.14101,0.938475197,1,17.8,86.46258503,89.18367347,2.67,103.3,67.78,49.9,39.1,708.5,2.6,0.693,1.18,4,1.59,40.1,9.58,1.4,23.56,44.22,32.23,996,0.437,34.4,-0.944,-0.329,8.69,8.85,15.259699,30.60330822,37.52207164,84.35972894,53.69332043,0.244986512,0.024449276,-0.077576051,0.956848087
11043000,0.020674988,211.5,2,437,0.962237186,0.320437785,1,1,15.431556,1.785573251,1,59.875,86.45357686,70.3957382,1.41,572.5,37.11,54,29.9,879.2,0.1,0.614,1.02,5,1.08,23.8,12.19,2.65,18.48,35.38,46.14,520.6,0.207,8.3,-0.454,-0.891,11.03,9.09,16.167722,1.382765683,3.507877729,,,0.003075695,0.016354704,-0.015242001,
11152000,0.274515963,7.2,2,978,1.086613245,0.297079373,1,1,38.563747,1.45200031,1,38,86.44444444,78.66666667,2.07,625.1,80.89,63.9,60.5,663.8,2.9,0.654,1.03,5,2.35,38.3,10.02,3.14,20.17,34.81,45.02,759.1,0.387,34.7,-0.132,0.991,8.78,16.68,17.294107,14.91749383,22.51871701,14.97461206,10.20955047,-0.040209457,-0.070277138,-0.018460304,0.651840956
11077500,0.007514306,2.6,2,509,1.052912639,0.178978804,1,1,11.075228,0.62641764,1,19.85722222,86.39484979,96.39484979,1.28,240.8,51.01,60.8,37.1,825.6,0,0.654,1.13,5,1.61,20.2,10.37,1.7,25.4,46.19,28.41,553.2,0.308,25.4,-0.221,-0.975,12.93,9.51,17.754193,2.800140695,1.788413621,,,0.051188561,-0.157130797,-0.11617759,0.627282338
11077500,0.038453489,70.5,2,885,1.069569334,0.244780398,1,1,11.075228,0.62641764,1,7.961666667,86.39484979,94.24892704,1.28,240.8,51.01,60.8,37.1,825.6,0,0.654,1.13,5,1.61,20.2,10.37,1.7,25.4,46.19,28.41,553.2,0.308,25.4,-0.221,-0.975,12.93,9.51,17.754193,2.800140695,1.788413621,,,0.182826607,0.004510949,-0.111629493,1.107408824
11152050,0.122957027,7.2,2,978,1.117104066,0.362237471,1,1,31.232187,1.394009406,1,38,86.37717122,78.56079404,1.67,771.5,74.52,63.7,58.2,676.7,2.4,0.652,1.04,6,2.02,38.4,10.1,2.9,21.11,35.63,43.26,674.8,0.359,31.4,0.227,0.974,9.08,15.41,17.029979,12.27500159,18.24777706,12.12311082,8.239170447,-0.040209457,-0.070277138,-0.018460304,0.651840956
11109600,0.002300485,0.1,2,871,1.006754871,0.217199979,1,1,41.681744,1.066478672,1,75.8,86.36908328,66.86638706,1.66,963.8,55.61,42.7,35,676,11.8,0.673,1.1,5,2.08,52.1,10.21,5.72,18.55,37.45,44,1385.2,0.448,26,-0.765,0.644,5.21,11.63,16.693884,12.52429966,19.22524383,6.542218303,3.126727537,-0.054237196,-0.108104837,-0.011410457,0.669482329
11118500,0.009328168,0,2,747,1.044758977,0.153206506,1,1,82.190611,1.092289043,1,11.83333333,86.36081835,84.74891507,2.11,485.7,69.88,51.4,33.4,711.7,1.4,0.702,1.2,6,1.39,38.3,10.32,1.3,23.76,41.87,34.37,702.1,0.36,29.1,-0.979,-0.203,9.73,9.35,16.615606,33.83108468,42.24663372,80.03368334,50.47848466,0.252358865,0.015863939,-0.088528978,0.913104719
11149900,0.041172371,8.9,2,139,1.176409096,0.396306248,1,1,8.664033,1.715767974,1,14.96444444,86.32958801,87.69395399,1.56,556.4,63.26,62,54,737.5,1.5,0.659,1.13,4,1.35,33.5,10.91,2.31,24.37,37.78,37.85,533.4,0.186,19.5,-0.995,-0.102,8.3,13.77,16.227347,1.544994989,3.774209202,28.84609993,15.65149173,0.015682926,0.015878051,0.003511839,
11143000,0.307587347,87.1,2,94,0.989867925,0.085508042,1,1,13.697515,0.363115177,1,13.75,86.31299735,90.55702918,2.74,120.6,116.26,67.4,72.8,639.5,3.4,0.654,0.98,4,1.47,40.3,10.29,4.14,14.13,31.45,54.42,779,0.492,43.6,-0.447,-0.894,8.33,25.11,18.127121,0.979707657,4.544776119,86.30373134,57.91119403,0.014848658,0.011437441,0.000869751,
11463200,0.575565964,110.4,2,784,1.019526163,0.089653819,1,1,26.99712,1.422792662,1,19.5,86.23608018,76.70378619,2.22,220.9,130.76,61.7,78,793.4,1.1,0.617,0.65,4,1.29,31.1,10.07,1.12,28.01,43.94,28.05,641.5,0.429,28.1,-0.469,-0.883,7.95,18.09,12.856578,8.36721598,13.11946582,,,0.068603409,-0.054718704,-0.102410332,0.639128666
11462500,0.139970219,65.3,2,221,1.01276596,0.127076027,1,1,5.854759,1.781748803,1,61.96555556,86.21794872,88.41575092,1.8,938.7,115.58,63.2,79.6,757,2,0.605,1.01,5,1.18,36.1,11.16,1.09,26.66,42.65,30.69,465.2,0.299,21.1,-0.76,-0.649,9.49,18.21,15.801847,1.319662649,1.833269415,5.881016299,2.132502397,0.247462344,0.074943405,0.002092771,0.783055803
9484000,0.053520701,0,2,536,1.063872738,0.218036117,1,1,85.517068,1.046778775,1,33,86.20797011,76.27646326,2.39,103.7,75.97,43.3,71.1,767.1,3.1,0.167,0.8,3,1.52,9.5,9.14,1.65,18.36,43.38,38.26,1878.8,0.534,35.6,-0.977,-0.213,5.25,6.72,17.656755,21.59321881,31.624108,59.10578592,25.9246866,-0.075001263,-0.13012394,-0.017316944,0.572519765
12447390,0.164734684,61.9,1,112,1.110175406,0.329194215,1,1,96.10441,0.944237769,1,27,86.19860017,81.01487314,2.51,58.1,88.33,65.2,107.7,404.9,59.4,0.103,0.75,3,1.13,66.5,9.85,2.71,10.13,49.07,40.8,1936.8,0.477,35.3,-0.938,0.348,1.84,6.3,14.135952,78.74465383,66.63872633,,,-0.103767022,-0.170909208,-0.012712586,0.341069728
11028500,0.006290476,1.7,2,867,1.066257645,0.146984274,1,1,59.833561,1.393602004,1,63,86.15096694,72.92576419,1.75,146.3,47.31,53.2,40,817.6,0.1,0.607,0.82,3,1.39,26.8,11.3,2.46,16.66,32,51.34,561.3,0.27,8.7,-0.125,-0.992,11.9,10.67,15.589059,13.30200551,18.34757348,,,0.008513387,-0.004570397,-0.010924288,0.927810373
11077500,0.014111372,0,1,104,1.040497084,0.169056535,1,1,11.867328,0.9068181,1,32,86.14357262,93.8230384,1.28,240.8,51.01,60.8,37.1,825.6,0,0.654,1.13,5,1.61,20.2,10.37,1.7,25.4,46.19,28.41,553.2,0.308,25.4,-0.221,-0.975,16.71,1.09,17.754193,4.617074093,6.360921927,,,0.033667922,0.042852639,0.004524728,1.367628761
11152000,0.044846667,17.2,2,220,1.062669882,0.215764099,1,1,7.156277,1.825105706,1,37,86.11852643,74.31927389,2.07,625.1,80.89,63.9,60.5,663.8,2.9,0.654,1.03,5,2.35,38.3,10.02,3.14,20.17,34.81,45.02,759.1,0.387,34.7,-0.132,0.991,11.91,5.11,17.294107,3.419893111,4.751959686,14.97461206,10.20955047,0.01157158,0.010173132,0.002783593,
11153000,0.052122862,51.7,2,152,0.996437066,0.109021068,1,1,10.488957,2.512752181,1,41.66666667,86.11266035,69.04629113,1.11,375.4,52.87,62.6,46.9,835.2,1.3,0.643,1.11,5,1.85,28.4,10.45,2.08,24.44,44.87,30.7,424.1,0.363,20.9,-0.996,-0.088,10.04,11.66,15.589845,3.405985647,4.396909963,,,-0.017526788,-0.036764162,-0.000810826,0.88266913
11114495,0.020525708,98.3,2,729,1.026906612,0.126169774,1,1,99.929207,1.004411539,1,17.66666667,86.10421836,84.1191067,2.46,124.3,88.3,49.7,35.9,606.1,3.8,0.706,1.05,4,1.37,38.6,9.71,1.12,21.93,42.54,35.53,1162,0.521,38.3,-0.875,0.484,7.03,11.91,13.969926,72.44200871,74.63990346,91.62960579,77.48479485,0.239729372,0.026164334,-0.081860101,0.853478916
11073300,0.303491276,0,1,358,1.029813147,0.211524185,1,1,30.521869,0.844669747,1,27,86.09406953,82.00408998,0.81,83.6,90.33,49.8,53.3,682.5,5.3,0.643,1.21,3,1.12,50,9.57,6.38,11.96,34.18,53.86,1477.5,0.443,40.8,-0.829,-0.56,14.25,3.33,20.142177,17.99244488,18.93767943,,,-0.094432774,-0.154988647,-0.020724766,0.607662358
11274630,0.007857389,49.6,2,593,1.115682027,0.301242693,1,1,13.905464,1.291954055,1,21.5,86.06785317,84.76084538,1.77,187.4,43.32,61.7,49.1,799,2.1,0.604,1.08,4,1.42,30.9,10.3,1.62,26.46,42.13,31.41,559.2,0.472,26.1,-0.722,0.692,10.16,8.15,18.975462,4.696483564,5.048932764,,,-0.041494034,-0.069598546,-0.019274809,0.736767118
11123500,0.014669067,27.5,2,838,0.986407405,0.08687457,1,1,11.243107,1.233641415,1,15.9,86.05150215,94.13447783,1.89,718.1,79.99,52.6,34.3,660.8,3.8,0.712,1.27,5,1.39,25.8,9.92,1.14,22.63,41.55,35.82,934.1,0.378,31.2,-0.578,-0.816,9.59,16.27,18.753658,7.582963909,7.580629439,16.02817156,5.57082579,0.229292474,0.028243746,-0.09941149,0.921230013
11073360,0.32105238,0,1,358,1.095802707,0.26519344,1,1,20.134001,,1,27,86.04651163,81.94254446,0.95,132.3,74.76,53,45.8,744.3,3.4,0.65,0.9,3,1.12,44.1,10.29,6.95,11.8,32.18,56.02,1050.4,0.295,27.1,-0.86,-0.509,16.03,2.66,14.250404,16.06905269,12.00204082,,,-0.092496442,-0.15177602,-0.020368538,0.608914885
11047300,0.094929153,56.7,2,212,1.134780768,0.28831504,1,1,11.921157,1.8590446,1,51.75,86.01532567,94.25287356,1.1,139.9,46.85,61.6,36.6,812.1,0,0.652,1.08,3,1.27,23.9,11.46,2.26,24.89,42.68,32.43,423.2,0.234,19.1,-0.597,-0.802,13.12,9.25,13.66011,4.902997679,7.699857041,11.53209435,10.94796283,0.041259974,-0.235467907,-0.063706538,0.495678495
11077500,0.055857514,0,2,805,1.038396646,0.142715378,1,1,11.075228,0.62641764,1,12.75,86.00858369,84.03433476,1.28,240.8,51.01,60.8,37.1,825.6,0,0.654,1.13,5,1.61,20.2,10.37,1.7,25.4,46.19,28.41,553.2,0.308,25.4,-0.221,-0.975,12.94,6.47,17.754193,2.800140695,1.788413621,,,0.182826607,0.004510949,-0.111629493,1.107408824
11451715,0.052772774,34,2,996,0.986052505,0.170576076,1,1,11.655139,0.944331954,1,30.875,85.98304187,92.58081611,0.9,247.9,70.02,59.6,55.5,854.4,1,0.615,0.96,4,1.19,43.2,10.66,0.49,37.34,42.78,19.88,560.5,0.34,18.2,-0.265,0.964,10.43,10.33,18.827651,2.304121352,5.157482856,23.98777733,10.34183138,-0.020201164,-0.037042487,-0.012948582,0.829864732
11159200,0.050252385,22.9,2,624,1.144710658,0.43515284,1,1,12.563615,1.632601188,1,16,85.98039216,85.19607843,1.76,71,84.62,68.1,68.6,691.1,0.1,0.629,0.85,3,1.21,34.5,10.12,2.59,21.18,36.59,42.23,305.2,0.333,21,-0.996,-0.089,10.55,16.18,16.438445,0.115679955,6.346901408,,,-0.065019601,-0.122480704,-0.014327841,0.614253963
7104905,0.112159531,56.6,1,749,0.8813773,0.906861563,1,1,5.351106,0.612912952,1,11.99305556,85.95940068,78.97535041,2.32,613.5,54.77,51.4,80.5,521.8,16.6,0.322,0.71,3,1.84,50.4,11.26,7.38,13.5,29.69,56.81,2279.5,0.411,10.1,-1,0.006,18.71,7.64,13.421778,3.217745165,3.097555012,4.981222494,2.570904645,-0.064060833,-0.128927104,-0.023282184,0.56043363
11059300,0.129311482,90.2,2,585,1.003005302,0.065488869,1,1,5.953975,1.553102126,1,41.88916667,85.89815333,68.60660325,1.38,946,67.84,42.5,47.8,641.9,27.6,0.57,1.05,5,1.86,28.1,10.09,7.16,11.69,29.16,59.16,1661,0.43,26,0.124,-0.992,4.14,13.57,19.036583,2.220004155,3.071511628,5.803953488,2.260084567,-0.079580129,-0.141999495,-0.013038604,0.562875645
11453500,0.134152623,206.2,2,132,0.993678645,0.065021215,1,1,68.402353,0.917637249,1,46,85.89263421,70.62005826,1.47,293.4,112.6,63,63.1,752.4,2,0.624,0.62,3,1.5,36.4,10.72,0.99,28.71,44.41,26.88,554.7,0.243,19.3,-0.169,0.986,7.16,23.78,17.47691,38.71637619,46.98312883,,,-0.005397959,-0.024779725,-0.001144985,0.927361723
11143000,0.077483836,0,2,290,0.991263023,0.04457898,1,1,99.985297,0.997222043,1,28.5,85.88180113,86.1163227,2.74,120.6,116.26,67.4,72.8,639.5,3.4,0.654,0.98,4,1.47,40.3,10.29,4.14,14.13,31.45,54.42,779,0.492,43.6,-0.447,-0.894,11.22,7.58,18.127121,33.21126627,44.52462687,86.30373134,57.91119403,-0.174384752,-0.24477222,-0.020714274,0.306190458
11114495,0.017199677,0,2,747,1.001338796,0.058683242,1,1,99.929207,1.004411539,1,11.83333333,85.8560794,83.18858561,2.46,124.3,88.3,49.7,35.9,606.1,3.8,0.706,1.05,4,1.37,38.6,9.71,1.12,21.93,42.54,35.53,1162,0.521,38.3,-0.875,0.484,7.03,11.91,13.969926,72.44200871,74.63990346,91.62960579,77.48479485,0.239729372,0.026164334,-0.081860101,0.853478916
11458000,0.089505752,103.7,2,482,1.021342397,0.121427106,1,1,7.469418,0.749639592,1,37.97638889,85.84720862,91.38099902,1.81,566.3,96.01,63.5,67.6,752.1,1.4,0.629,0.68,4,1.21,26.8,11,1.67,26.49,45.86,27.64,276.3,0.212,18.6,-0.834,0.552,9.47,18.58,16.230256,0.513073094,1.896309377,,,0.278941751,0.094248912,-0.0000965,0.659041598
11138500,0.008857504,37.7,2,235,1.100201639,0.350556218,1,1,43.010103,1.393757,1,29,85.84422968,71.176805,2,728.9,69.82,57.6,39.6,665.2,7.1,0.686,1.16,5,1.44,28.2,9.8,1.39,21.86,41.68,36.45,994.2,0.424,34.2,0.199,-0.98,8.21,17.01,16.60856,32.67864011,35.43658938,,,-0.079948795,-0.1583225,-0.003626793,0.635399474
8294195,0.007925827,44.2,1,801,1.161910375,0.46805235,1,1,17.374893,0.678045527,1,9.928611111,85.81192552,93.23591798,2.27,78.6,73.93,49.1,74.6,399.9,36.7,0.115,0.4,2,1.21,73.1,9.46,3.82,21.29,50.78,27.93,2909.1,0.463,34.2,0.36,-0.933,10.91,5.82,13.3997,7.408677581,8.567175573,6.818708651,2.85470229,-0.073493588,-0.117281151,-0.017968705,0.709969796
11118500,0.039819617,132.4,2,751,1.049068345,0.154912906,1,1,82.190611,1.092289043,1,12.96777778,85.80285183,87.29076255,2.11,485.7,69.88,51.4,33.4,711.7,1.4,0.702,1.2,6,1.39,38.3,10.32,1.3,23.76,41.87,34.37,702.1,0.36,29.1,-0.979,-0.203,9.73,9.35,16.615606,33.83108468,42.24663372,80.03368334,50.47848466,0.252358865,0.015863939,-0.088528978,0.913104719
11458500,0.035207748,19.2,1,583,1.028555156,0.092614054,1,1,63.695385,1.042728974,1,8.964444444,85.7942316,93.75807146,2.59,150.4,107.96,63.9,77.4,739.6,1.4,0.626,0.64,3,1.77,23.2,10.42,1.81,24.93,43.89,31.18,301.1,0.336,17.6,-0.861,-0.509,15.88,2.82,19.519202,10.35774737,23.62679521,,,0.19127005,-0.008569863,-0.068260773,0.620423687
11143000,0.401507148,183.1,2,166,1.055083277,0.184720439,1,1,29.9711,1.327452654,1,27,85.79075426,78.05352798,2.74,120.6,116.26,67.4,72.8,639.5,3.4,0.654,0.98,4,1.47,40.3,10.29,4.14,14.13,31.45,54.42,779,0.492,43.6,-0.447,-0.894,8.68,23.37,18.127121,15.90995837,20.11791045,86.30373134,57.91119403,0.010770338,0.00564021,0.002104102,
11101250,0.569200299,120.7,2,434,1.00270906,0.231424761,1,1,9.043463,1.218738623,1,26,85.78571429,87,3.16,237.3,62.69,59.1,33.7,843.8,0.3,0.655,0.85,3,1.36,34,10.8,2.61,18.95,41.98,39.07,471.3,0.228,19.6,-0.987,-0.161,11.31,13.13,13.411358,0,3.349683944,19.49397387,12.38921197,-0.042418249,-0.066936498,-0.019972415,
8294195,0.015383311,106.5,1,683,1.152351327,0.42517588,1,1,6.622959,0.594145955,1,15.92333333,85.76799141,91.59505908,2.27,78.6,73.93,49.1,74.6,399.9,36.7,0.115,0.4,2,1.21,73.1,9.46,3.82,21.29,50.78,27.93,2909.1,0.463,34.2,0.36,-0.933,15.09,10.1,13.3997,0.743431314,2.016412214,6.818708651,2.85470229,-0.028225705,-0.226721244,-0.093833455,0.691626384
11451715,0.108515445,0.1,2,91,1.098714672,0.22726141,1,1,5.595129,0.165455251,1,38.75,85.74712644,81.43678161,0.9,247.9,70.02,59.6,55.5,854.4,1,0.615,0.96,4,1.19,43.2,10.66,0.49,37.34,42.78,19.88,560.5,0.34,18.2,-0.265,0.964,7.69,10.4,18.827651,0.869588895,1.310246067,23.98777733,10.34183138,,,,1.003780864
11123500,0.044953592,36,2,234,1.000909407,0.13658021,1,1,47.106742,1.207876628,1,43,85.73923166,69.84866123,1.89,718.1,79.99,52.6,34.3,660.8,3.8,0.712,1.27,5,1.39,25.8,9.92,1.14,22.63,41.55,35.82,934.1,0.378,31.2,-0.578,-0.816,8.67,20.64,18.753658,43.16949878,44.25628743,16.02817156,5.57082579,-0.080627628,-0.178775475,-0.002100091,0.737099819
9513780,0.025684552,44.1,1,45,1.321660478,0.879277069,1,1,90.81327,1.095059029,1,12.97166667,85.72899506,94.93410214,2.34,177.5,52.71,40,52.6,949,0.8,0.196,0.87,3,1.36,22.1,10.1,3.45,30.93,30.45,38.62,1208.9,0.467,22.5,-0.241,-0.97,25.88,6.09,18.230644,38.35176222,28.51808451,16.69070423,2.558647887,-0.000477036,-0.000336455,0.001720673,1.029836206
11014000,0.002336371,11.6,2,46,1.013089519,0.137296702,1,1,7.06468,1.142409136,1,41.8,85.65121413,59.1611479,2.91,181.8,44.33,55.8,42.1,846.3,0,0.609,1.26,5,1.39,33.8,10.3,3.01,18.77,38.69,42.55,490.9,0.343,19.4,-0.048,-0.999,11.77,8.75,16.12831,6.01277364,6.221287129,,,0.02049427,0.036833318,0.003156383,
11118500,0.013117736,126.8,2,729,1.095115631,0.234854619,1,1,82.190611,1.092289043,1,17.66666667,85.64786113,88.15871048,2.11,485.7,69.88,51.4,33.4,711.7,1.4,0.702,1.2,6,1.39,38.3,10.32,1.3,23.76,41.87,34.37,702.1,0.36,29.1,-0.979,-0.203,9.73,9.35,16.615606,33.83108468,42.24663372,80.03368334,50.47848466,0.252358865,0.015863939,-0.088528978,0.913104719
9404450,0.039174046,39.6,1,50,0.969442171,0.129332339,1,1,14.12125,1.495243097,1,37,85.625,89.69594595,2.21,193,46.03,54.3,64.1,511.3,37.5,0.146,0.49,3,1.1,77.9,10.5,1.53,27.11,45.25,27.64,2214.5,0.528,23.3,-0.996,0.092,17.5,4.15,16.150084,4.678595116,7.601968912,13.95839378,7.030725389,0.005865972,0.002399309,-0.003304595,1.046107973
10257600,0.003352907,0,2,544,1.083795039,0.248068397,1,1,70.099582,0.942865524,1,25,85.58558559,78.04054054,1.68,92.9,55.02,38.1,39.9,737.5,7.4,0.582,0.91,3,1.32,44,9.6,5.01,12.16,30.05,57.78,1746.6,0.466,38.3,-0.947,0.322,4.22,11.71,18.430912,34.09728829,40.43799785,21.86157158,3.477933262,-0.065405744,-0.143502026,-0.004785318,0.459862484
11152000,0.083351382,42.8,2,652,1.070521071,0.230839886,1,1,38.563747,1.45200031,1,22,85.58024691,75.80246914,2.07,625.1,80.89,63.9,60.5,663.8,2.9,0.654,1.03,5,2.35,38.3,10.02,3.14,20.17,34.81,45.02,759.1,0.387,34.7,-0.132,0.991,11.91,5.11,17.294107,14.91749383,22.51871701,14.97461206,10.20955047,-0.106418682,-0.184356043,-0.025092694,0.456406466
11466800,0.0864006,96.1,2,482,1.028325885,0.112329937,1,1,12.714225,1.001456134,1,41.88916667,85.56851312,89.55296404,2.06,652.2,100.52,64.6,68.1,730.4,0.8,0.63,0.68,4,1.71,30,13.03,1.22,29.33,42.59,28.08,155.1,0.185,9.2,-0.054,-0.999,9.93,19.46,16.611166,3.097905528,3.795124195,,,0.138750571,-0.02055757,-0.092766442,0.594232737
11025500,0.042274158,67.4,2,821,1.042384518,0.146883665,1,1,57.038453,0.63853309,1,15.94472222,85.51724138,97.5862069,1.59,288.7,61.83,49,43.1,760.7,1.6,0.57,0.88,4,1.39,32.2,10.45,3.04,16.47,31.29,52.24,891.8,0.428,20.2,-0.631,-0.776,8.73,11.95,16.426629,35.29497486,34.52483547,,,0.004601165,-0.01412555,-0.015278874,0.884453394
11152050,0.046246524,43,2,652,1.096402268,0.290520192,1,1,31.232187,1.394009406,1,22,85.50868486,75.68238213,1.67,771.5,74.52,63.7,58.2,676.7,2.4,0.652,1.04,6,2.02,38.4,10.1,2.9,21.11,35.63,43.26,674.8,0.359,31.4,0.227,0.974,12.1,4.74,17.029979,12.27500159,18.24777706,12.12311082,8.239170447,-0.106418682,-0.184356043,-0.025092694,0.456406466
11015000,0.006249892,0.8,1,902,1.02000809,0.115079031,1,1,81.490142,1.480326105,1,23,85.49317943,73.29485834,1.44,117.8,76.11,45.5,48.7,677.6,11.1,0.564,0.71,3,1.32,40,10.19,5.47,12.93,24.7,62.37,1330.9,0.351,17.6,-0.501,-0.865,10.57,4.98,15.126983,64.84675838,71.42852292,,,-0.047403302,-0.083739091,-0.016223618,1.021402429
9484000,0.018950697,39.3,1,861,1.076240815,0.331911841,1,1,69.267296,1.388299086,1,15.96305556,85.48689139,84.33208489,2.39,103.7,75.97,43.3,71.1,767.1,3.1,0.167,0.8,3,1.52,9.5,9.14,1.65,18.36,43.38,38.26,1878.8,0.534,35.6,-0.977,-0.213,14.33,5.94,17.656755,12.27435075,20.33982642,59.10578592,25.9246866,0.061976943,-0.000808491,-0.011439573,0.861433391
11113000,0.015421776,0,2,469,1.307222774,0.625328322,1,1,34.168763,0.626898493,1,45,85.47745358,77.32095491,1.41,650,68.34,45.4,34.7,663.4,7.7,0.69,1.22,4,1.67,44.6,9.91,2,22.07,41.65,36.28,1251.5,0.512,32.7,-1,0.016,6.83,9.22,16.054577,19.70198669,21.99904615,14.98787692,8.055507692,-0.100884584,-0.203599969,-0.018163254,0.353398313
9342500,0.022905888,32.2,1,473,0.989102413,0.715607294,1,1,10.452957,1.515753581,1,36.9375,85.45372664,92.79441567,2,726.9,99.32,50.6,102.4,399.5,54.9,0.122,0.66,4,1.3,63.2,9.73,5.26,19.93,41.58,38.49,2968.1,0.436,31.2,-0.871,-0.491,9.26,7.87,11.980939,3.405147869,4.768551383,,,-0.039648096,-0.132480771,-0.006367292,0.631351818
8380500,0.015151857,75.8,1,136,1.08605548,0.199693171,1,1,99.368957,1.001978058,1,16.66666667,85.43897216,71.0028551,2.1,198.1,68.57,50.8,80.7,464.5,19.2,0.221,0.66,4,1.18,58,10.64,1.87,31.03,41.4,27.57,2652.5,0.381,25,-0.636,0.772,15.49,10.72,17.995738,30.00276242,42.76158506,96.58440182,48.47415447,0.009804609,0.004280286,0.019648497,1.00779206
11458000,0.061003921,45,2,529,0.984437912,0.092512168,1,1,7.469418,0.749639592,1,25.95666667,85.43095005,91.42997062,1.81,566.3,96.01,63.5,67.6,752.1,1.4,0.629,0.68,4,1.21,26.8,11,1.67,26.49,45.86,27.64,276.3,0.212,18.6,-0.834,0.552,10.87,15.05,16.230256,0.513073094,1.896309377,,,0.278941751,0.094248912,-0.0000965,0.659041598
10308200,0.04031708,98.3,1,497,1.045436677,0.130789158,1,1,10.319266,0.492347313,1,37,85.41506533,85.24212145,1.86,716.4,98.02,59.8,85.2,431.7,67.2,0.457,0.84,5,1.42,68.4,9.81,7.37,12.65,29.7,57.65,2410.5,0.42,29.6,0.895,0.445,6.01,5.87,17.280325,3.293936015,4.147236181,15.78961474,8.075935232,-0.057478481,-0.096990859,-0.01741291,0.619771212
11169800,0.054351478,56.4,2,152,0.977341272,0.070855535,1,1,19.710195,1.254471196,1,38.66666667,85.40356394,63.31236897,1.22,282.9,60.85,63.3,56.7,817.9,1.8,0.626,0.99,4,1.41,31.7,10.98,2.22,23.01,45.71,31.28,604,0.421,25.6,-0.968,-0.251,9.29,13.42,15.108,8.512952968,12.39353128,,,-0.020831647,-0.039457795,-0.000658374,0.883383447
11461000,0.218157318,38.6,2,441,1.089474093,0.352658608,1,1,32.301184,1.065652935,1,7.971666667,85.34820031,99.29577465,1.95,259.6,118.6,63.1,81.2,730.9,3,0.607,0.95,4,1.1,36,11.3,1.16,28.24,42.59,29.17,448.3,0.314,20.6,-0.997,0.077,7.07,18.28,15.086673,6.630779176,11.66221109,,,0.168591806,-0.024895358,-0.112839417,0.580309863
11065000,0.008773788,0.1,2,65,0.982902131,0.390087612,1,1,8.140156,1.901694811,1,14.97972222,85.33604888,88.25526137,1.55,364.7,81.4,47.7,43.6,701.5,4.2,0.649,1.11,5,1.12,49.6,10,6.62,10.83,28.51,60.66,1250.1,0.343,27.3,-0.675,0.738,7.23,10.24,19.024359,2.365863291,3.388017549,33.44313134,17.52322457,0.003139483,-0.006888002,-0.00523758,0.924603841
11073495,0.383541941,0,1,362,1.161232973,0.432865615,1,1,26.085866,1.717892731,1,30,85.3221957,84.72553699,2.67,208.2,61.85,53.7,37.7,823.2,0.2,0.66,0.75,4,1.15,47.4,10.92,8.04,10,27.26,62.74,638.5,0.176,13.5,-0.99,-0.14,18,2.08,10.502607,21.64413972,15.30172911,,,-0.100140609,-0.156993692,-0.019652861,0.478553645
11143000,0.160837659,43.6,2,652,1.000346048,0.03747165,1,1,99.985297,0.997222043,1,21,85.31894934,75.79737336,2.74,120.6,116.26,67.4,72.8,639.5,3.4,0.654,0.98,4,1.47,40.3,10.29,4.14,14.13,31.45,54.42,779,0.492,43.6,-0.447,-0.894,11.22,7.58,18.127121,33.21126627,44.52462687,86.30373134,57.91119403,-0.101820656,-0.155859565,-0.024091851,0.453496031
9512280,0.065127185,0.8,1,118,0.952295916,0.179614238,1,1,77.294582,1.157801676,1,30,85.31814273,84.99570077,2.43,188.7,50.78,38.1,53.2,973.2,0.5,0.208,0.98,4,1.51,22.7,10.42,5.25,18.83,28.78,52.39,1150.1,0.484,21.1,-0.665,-0.747,17.98,4.72,17.665115,26.94965959,28.43465819,,,-0.008494311,-0.052430125,0.002836052,0.847229552
14180300,0.291671749,36.6,1,634,1.00799221,0.036622298,1,1,8.351728,1.069416516,1,29,85.30701754,86.7202729,2.72,66.6,217.85,69,177.2,547.1,33.6,0.423,0.62,3,1.28,64.1,9.46,2.82,16.13,50.93,32.94,1027.9,0.395,26.5,0.8,-0.6,8.96,12.8,13.559303,0.338613903,3.914864865,7.992792793,1.667267267,-0.005926427,-0.192881297,-0.113116426,0.687926088
9430600,0.022296709,51.5,1,94,1.058404229,0.167907963,1,1,13.587343,1.818895817,1,33.66666667,85.27542373,62.83292978,1.85,190.5,67.41,44.7,72,593.8,14,0.222,0.58,3,1.32,53.1,9.96,2.05,31.86,33.61,34.53,2371.3,0.444,40.6,-0.973,-0.231,18.25,10.8,15.895541,1.566147544,2.401417323,91.38944882,35.34944882,0.008405853,0.015894222,0.001934381,
10260950,0.016980389,36.8,2,138,1.005549462,0.08980925,1,1,10.926878,0.653202168,1,27,85.2439969,81.87451588,2.1,175.1,66.31,43.9,49,724,6.7,0.611,0.97,4,1.24,39.2,10.29,5.47,13.39,28.27,58.34,1271.7,0.362,20.2,0.925,0.379,6.68,8.08,18.304836,7.69524916,7.127527127,10.63038264,5.662649914,-0.010153694,-0.015770832,-0.004230654,0.796029693
11028500,0.031355604,0,2,105,1.001927237,0.056864045,1,1,59.833561,1.393602004,1,22.75,85.21522146,79.66313163,1.75,146.3,47.31,53.2,40,817.6,0.1,0.607,0.82,3,1.39,26.8,11.3,2.46,16.66,32,51.34,561.3,0.27,8.7,-0.125,-0.992,11.32,9.59,15.589059,13.30200551,18.34757348,,,-0.007998975,-0.01189086,0.000644096,0.929987858
11114495,0.018817131,74.3,2,403,1.026802375,0.090910034,1,1,99.929207,1.004411539,1,11.95666667,85.20471464,86.60049628,2.46,124.3,88.3,49.7,35.9,606.1,3.8,0.706,1.05,4,1.37,38.6,9.71,1.12,21.93,42.54,35.53,1162,0.521,38.3,-0.875,0.484,6.78,18.37,13.969926,72.44200871,74.63990346,91.62960579,77.48479485,0.109225139,-0.198628136,-0.101844596,0.531856898
11478500,0.422476663,171.2,1,450,0.955504455,0.099512653,1,1,12.895813,1.546514251,1,46,85.19796586,77.58808572,1.44,572.4,186.88,62.5,90.6,614.2,24.9,0.537,0.86,6,1.67,36.7,10.37,1.41,23.84,42.24,33.92,923,0.484,25.8,0.884,-0.467,13.6,11.98,14.61381,1.95071882,5.137264151,8.748707198,1.959399022,-0.086162704,-0.125107951,-0.015183729,0.585520602
11113500,0.007264237,21.4,2,723,1.029311632,0.123200186,1,1,85.14101,0.938475197,1,8.928611111,85.17006803,95.10204082,2.67,103.3,67.78,49.9,39.1,708.5,2.6,0.693,1.18,4,1.59,40.1,9.58,1.4,23.56,44.22,32.23,996,0.437,34.4,-0.944,-0.329,11.8,5.06,15.259699,30.60330822,37.52207164,84.35972894,53.69332043,0.244986512,0.024449276,-0.077576051,0.956848087
11043000,0.013107349,0,2,537,0.950867787,0.1780101,1,1,15.431556,1.785573251,1,17.91666667,85.15981735,98.09741248,1.41,572.5,37.11,54,29.9,879.2,0.1,0.614,1.02,5,1.08,23.8,12.19,2.65,18.48,35.38,46.14,520.6,0.207,8.3,-0.454,-0.891,15.12,1.99,16.167722,1.382765683,3.507877729,,,0.003075695,0.016354704,-0.015242001,
11148900,0.309484946,105.5,2,468,1.12305204,0.363039902,1,1,19.551763,1.597078602,1,29,85.14190317,90.31719533,1.48,403.5,69.16,62.7,52.5,745.3,1.5,0.653,0.99,5,1.22,31.2,11.37,2.86,22.94,36.87,40.19,551.8,0.337,21.3,-0.586,0.81,8.56,15,16.11163,4.013803818,9.585947955,20.74907063,12.52795539,-0.082928249,-0.141070909,-0.02402486,
10309000,0.031517532,102.3,1,497,,0.224848259,1,1,8.083485,0.930221123,1,37,85.12299883,85.20109332,1.41,925.4,89.65,58.8,81.3,450,63.3,0.454,0.83,5,1.51,68.6,9.84,6.3,15.83,30.77,53.4,2325.5,0.415,27.7,0.995,0.101,6.49,5.45,17.09045,2.578302267,3.229263021,23.82247677,11.97263886,-0.057131073,-0.096480389,-0.01730306,0.62317111
11118500,0.072293302,0,2,422,1.043317661,0.255475377,1,1,82.190611,1.092289043,1,12.83333333,85.12089275,87.60074396,2.11,485.7,69.88,51.4,33.4,711.7,1.4,0.702,1.2,6,1.39,38.3,10.32,1.3,23.76,41.87,34.37,702.1,0.36,29.1,-0.979,-0.203,9.39,15.31,16.615606,33.83108468,42.24663372,80.03368334,50.47848466,0.124952005,-0.160521487,-0.114735616,0.588751203
11451715,0.039979375,0,1,617,0.995477039,0.023417974,1,1,11.690112,0.296371599,1,20,85.11363636,97.78409091,0.9,247.9,70.02,59.6,55.5,854.4,1,0.615,0.96,4,1.19,43.2,10.66,0.49,37.34,42.78,19.88,560.5,0.34,18.2,-0.265,0.964,13.19,3.31,18.827651,1.945488238,3.78987495,23.98777733,10.34183138,-0.028831435,-0.039762042,-0.011139522,0.691053957
11025500,0.021186121,33.8,1,295,1.009878526,0.104631977,1,1,7.499671,0.63456728,1,25.75,85.08655126,66.24500666,1.59,288.7,61.83,49,43.1,760.7,1.6,0.57,0.88,4,1.39,32.2,10.45,3.04,16.47,31.29,52.24,891.8,0.428,20.2,-0.631,-0.776,12.79,4.12,16.426629,5.200985221,3.255836508,,,-0.074054021,-0.169407355,0.0000527,
11124500,0.758565463,128.4,2,185,1.038600849,0.15592954,1,1,71.062545,1.035623791,1,16.75,85.03166379,84.05296488,2.37,191.5,83.1,54.6,38.1,636.9,4.5,0.711,1.17,4,1.85,23.3,9.72,1.35,23.93,41.12,34.95,1023.6,0.444,33.5,-0.78,-0.626,7.6,19.21,17.185694,68.62677395,63.6551436,,,-0.118361646,-0.255882945,-0.008246482,0.648680925
11113500,0.03536176,0,2,469,1.063368315,0.212744824,1,1,18.940755,1.81859973,1,43,84.96890117,76.64132688,2.67,103.3,67.78,49.9,39.1,708.5,2.6,0.693,1.18,4,1.59,40.1,9.58,1.4,23.56,44.22,32.23,996,0.437,34.4,-0.944,-0.329,8.69,8.85,15.259699,12.37726183,14.70493708,84.35972894,53.69332043,-0.126354742,-0.249047754,-0.015440147,0.416299326
11449500,0.897343086,124.3,1,176,1.010664491,0.023870859,1,1,20.124733,1.609944458,1,17.66666667,84.9471831,94.14612676,1.81,95.3,148.47,60,80.8,774.8,1.3,0.621,0.7,3,1.52,33.3,10.94,1.18,24.63,43.26,32.11,804.1,0.359,20,0.851,-0.526,9.33,21.02,16.804113,7.764004234,10.69045121,,,-0.006529944,-0.018189741,-0.000934813,0.82201641
11461500,0.29182814,63.3,2,163,0.988796937,0.043294608,1,1,23.026463,1.979605621,1,12.95666667,84.92333901,92.24872232,2.19,238.7,114.45,62.5,77.8,761.6,2,0.595,1.06,4,1.35,37.3,11.11,0.92,28.71,43.04,28.25,497.3,0.27,20.9,-0.276,-0.961,6.91,22.15,16.250428,5.04689448,7.209426058,23.12739841,8.386175115,0.247462344,0.074943405,0.002092771,0.783055803
9430600,0.01070242,61.7,1,782,1.032155821,0.672761796,1,1,31.471915,0.982202585,1,14.5,84.89100817,81.28065395,1.85,190.5,67.41,44.7,72,593.8,14,0.222,0.58,3,1.32,53.1,9.96,2.05,31.86,33.61,34.53,2371.3,0.444,40.6,-0.973,-0.231,19.49,9.71,15.895541,5.696973135,9.305669291,91.38944882,35.34944882,-0.06664314,-0.115874287,-0.01842746,
11057500,0.013168612,0.2,2,920,1.044632237,0.16177512,1,1,5.10267,0.753186471,1,22.75,84.87972509,78.95189003,1.6,329,50.34,46.1,42.4,822.1,3.2,0.566,1.05,4,1.49,23.2,10.74,3.94,14.73,32.5,52.77,880.7,0.238,13.8,-0.199,-0.98,10.91,9.71,19.193511,2.02402941,2.564042553,11.73519757,9.619696049,0.124387617,0.004133387,-0.131043916,1.193373124
11025500,0.005590782,1.9,2,249,1.024531697,0.121483914,1,1,7.499671,0.63456728,1,37,84.85352863,51.19840213,1.59,288.7,61.83,49,43.1,760.7,1.6,0.57,0.88,4,1.39,32.2,10.45,3.04,16.47,31.29,52.24,891.8,0.428,20.2,-0.631,-0.776,10.28,13.15,16.426629,5.200985221,3.255836508,,,-0.074054021,-0.169407355,0.0000527,
11200800,0.006080137,0,2,447,1.09903639,0.27028424,1,1,37.21031,1.51904651,1,16.66666667,84.85070974,83.01517376,2.53,214.7,72.15,53.2,42.8,740.6,18.4,0.594,0.64,3,1.41,65.7,9.77,2.77,17.27,29.31,53.42,1214.9,0.417,30.8,-0.155,-0.988,5.44,9.36,15.133741,23.12020326,27.05533302,40.09669306,23.41741966,-0.253323206,-0.479090627,-0.159625748,0.40057673
11113000,0.057069283,0,1,369,1.085308024,0.234145832,1,1,12.550943,0.240796008,1,16.875,84.81110254,82.88357749,1.41,650,68.34,45.4,34.7,663.4,7.7,0.69,1.22,4,1.67,44.6,9.91,2,22.07,41.65,36.28,1251.5,0.512,32.7,-1,0.016,14.72,2.17,16.054577,8.618055904,10.59078462,14.98787692,8.055507692,-0.076190649,-0.121304535,-0.021148163,0.784575117
11025500,0.018734024,4.7,2,867,0.986938134,0.127047116,1,1,57.038453,0.63853309,1,62,84.77011494,69.77011494,1.59,288.7,61.83,49,43.1,760.7,1.6,0.57,0.88,4,1.39,32.2,10.45,3.04,16.47,31.29,52.24,891.8,0.428,20.2,-0.631,-0.776,10.28,13.15,16.426629,35.29497486,34.52483547,,,0.004601165,-0.01412555,-0.015278874,0.884453394
11059300,0.043103827,0,2,547,1.029030214,0.219026656,1,1,5.953975,1.553102126,1,34,84.75097929,73.47509793,1.38,946,67.84,42.5,47.8,641.9,27.6,0.57,1.05,5,1.86,28.1,10.09,7.16,11.69,29.16,59.16,1661,0.43,26,0.124,-0.992,4.66,8.01,19.036583,2.220004155,3.071511628,5.803953488,2.260084567,-0.079580129,-0.141999495,-0.013038604,0.562875645
11451715,0.020903502,59.5,1,651,1.039721686,0.254270394,1,1,11.655139,0.944331954,1,17.5,84.73767886,96.44939057,0.9,247.9,70.02,59.6,55.5,854.4,1,0.615,0.96,4,1.19,43.2,10.66,0.49,37.34,42.78,19.88,560.5,0.34,18.2,-0.265,0.964,13.19,3.31,18.827651,2.304121352,5.157482856,23.98777733,10.34183138,-0.053507114,-0.11941711,-0.015162012,0.608025122
11451100,0.087269116,0,1,292,1.01899579,0.094053752,1,1,100.000193,0.993923055,1,18.8,84.6877502,91.27301841,2.44,155.1,122.99,60.8,72.9,711.9,2.9,0.62,0.88,4,1.26,40.7,10.13,1.39,20.14,45.4,34.46,910.7,0.327,31.1,-0.452,0.892,15.03,3.99,14.155992,56.45113612,70.47272727,99.99632495,87.05802708,0.245391773,0.108819985,0.019283084,0.555934591
11073300,0.201875893,0,2,155,1.069449152,0.237060335,1,1,14.041929,0.918572705,1,31,84.68660969,84.11680912,0.81,83.6,90.33,49.8,53.3,682.5,5.3,0.643,1.21,3,1.12,50,9.57,6.38,11.96,34.18,53.86,1477.5,0.443,40.8,-0.829,-0.56,6.54,20.46,20.142177,2.357298929,3.695813397,,,-0.061335337,-0.073084818,-0.009951513,
11042900,0.01009979,55.2,2,150,0.957421459,0.11434965,1,1,15.117915,0.970781969,1,12,84.66211086,88.61047836,1.45,227.1,38.42,52.1,30.4,862.2,0.2,0.588,1,3,1.35,24,11.73,2.76,18.12,34.83,47.04,611.1,0.274,8.4,-0.245,-0.97,12.22,7.24,16.576693,2.290242769,3.785468956,,,,,,
11073360,0.252561206,0.2,2,155,1.124868798,0.277128147,1,1,8.872533,,1,31,84.63187991,84.06004289,0.95,132.3,74.76,53,45.8,744.3,3.4,0.65,0.9,3,1.12,44.1,10.29,6.95,11.8,32.18,56.02,1050.4,0.295,27.1,-0.86,-0.509,8.84,17.06,14.250404,2.105303694,2.33537415,,,-0.061345468,-0.073095211,-0.009948306,
11114495,0.065609366,14.9,2,838,1.027994122,0.097743169,1,1,99.929207,1.004411539,1,13.85722222,84.61538462,92.05955335,2.46,124.3,88.3,49.7,35.9,606.1,3.8,0.706,1.05,4,1.37,38.6,9.71,1.12,21.93,42.54,35.53,1162,0.521,38.3,-0.875,0.484,8.21,17.52,13.969926,72.44200871,74.63990346,91.62960579,77.48479485,0.239729372,0.026164334,-0.081860101,0.853478916
11123500,0.011593295,2.1,2,422,1.000229026,0.075808021,1,1,11.243107,1.233641415,1,19.8,84.5851216,85.90844063,1.89,718.1,79.99,52.6,34.3,660.8,3.8,0.712,1.27,5,1.39,25.8,9.92,1.14,22.63,41.55,35.82,934.1,0.378,31.2,-0.578,-0.816,8.31,17.22,18.753658,7.582963909,7.580629439,16.02817156,5.57082579,0.091631876,-0.223591681,-0.115236239,0.553130696
11109600,0.008902258,101.3,2,488,0.914567727,0.332242167,1,1,41.681744,1.066478672,1,61.875,84.5416417,75.97363691,1.66,963.8,55.61,42.7,35,676,11.8,0.673,1.1,5,2.08,52.1,10.21,5.72,18.55,37.45,44,1385.2,0.448,26,-0.765,0.644,5.21,11.63,16.693884,12.52429966,19.22524383,6.542218303,3.126727537,-0.088556875,-0.173314458,-0.010977479,0.46186249
11466200,0.238580941,68.2,2,482,1.032554535,0.109113677,1,1,7.676397,0.941665039,1,40.97638889,84.53996983,88.23529412,1.32,144.8,107.68,64.2,75.1,733.1,1.3,0.62,0.7,4,1.27,28.1,11.03,1.27,27,44.02,28.98,258.7,0.293,15.8,0.094,-0.996,9.74,20.11,17.015969,0.862305695,1.310220994,,,0.11286134,0.003010738,-0.118101618,0.654883262
11149900,0.041783086,125.5,2,842,1.157387225,0.350103715,1,1,8.664033,1.715767974,1,24,84.53718566,88.06848582,1.56,556.4,63.26,62,54,737.5,1.5,0.659,1.13,4,1.35,33.5,10.91,2.31,24.37,37.78,37.85,533.4,0.186,19.5,-0.995,-0.102,8.3,13.77,16.227347,1.544994989,3.774209202,28.84609993,15.65149173,,,,
11073300,0.287571532,2.4,2,551,1.057224132,0.194590609,1,1,30.521869,0.844669747,1,13.66666667,84.52624404,98.36400818,0.81,83.6,90.33,49.8,53.3,682.5,5.3,0.643,1.21,3,1.12,50,9.57,6.38,11.96,34.18,53.86,1477.5,0.443,40.8,-0.829,-0.56,9.97,4.96,20.142177,17.99244488,18.93767943,,,-0.094432774,-0.154988647,-0.020724766,0.607662358
11042400,0.001903235,0,1,356,1.048244164,0.20228497,1,1,5.418644,1.623115625,1,32,84.49266114,65.66687939,2.17,342.2,45.9,47.5,35.2,738.3,4.5,0.519,0.92,4,1.33,34.5,10.18,6.63,11.08,22.22,66.7,1119.3,0.457,17,0.473,-0.881,19.54,0.32,17.322787,2.08734395,4.6735827,,,-0.082501895,-0.21372596,-0.002731465,
11055800,0.028597184,0,2,798,1.002248172,0.124992476,1,1,84.009376,1.028498129,1,16.66666667,84.49230769,90.09230769,2.27,50.5,78.15,44,42.4,729.1,7.1,0.609,1.21,3,1.35,32.7,9.72,5.91,13.16,30.59,56.25,1197,0.48,34.4,-0.802,-0.597,6.9,9.23,21.01686,69.21590056,59.36613861,,,-0.06861585,-0.100423765,-0.020662158,0.809620196
11143000,0.145340892,53.5,2,921,1.007425746,0.119054543,1,1,99.985297,0.997222043,1,23,84.42776735,78.79924953,2.74,120.6,116.26,67.4,72.8,639.5,3.4,0.654,0.98,4,1.47,40.3,10.29,4.14,14.13,31.45,54.42,779,0.492,43.6,-0.447,-0.894,8.75,17.47,18.127121,33.21126627,44.52462687,86.30373134,57.91119403,-0.041323742,-0.061614597,-0.016607488,0.638570704
11043000,0.033040412,1.6,2,60,1.065401027,0.224759194,1,1,7.514724,1.797661564,1,26,84.37961595,78.8774003,1.41,572.5,37.11,54,29.9,879.2,0.1,0.614,1.02,5,1.08,23.8,12.19,2.65,18.48,35.38,46.14,520.6,0.207,8.3,-0.454,-0.891,11.37,3.76,16.167722,3.722381881,4.124593886,,,-0.010855484,-0.00442999,-0.004773296,1.717087019
11458500,0.059683723,23.2,2,433,1.004836955,0.042355356,1,1,63.695385,1.042728974,1,15.66666667,84.37365476,95.39388721,2.59,150.4,107.96,63.9,77.4,739.6,1.4,0.626,0.64,3,1.77,23.2,10.42,1.81,24.93,43.89,31.18,301.1,0.336,17.6,-0.861,-0.509,8.48,16.55,19.519202,10.35774737,23.62679521,,,0.19127005,-0.008569863,-0.068260773,0.620423687
11059300,0.070642384,0,1,722,1.153358126,0.502529837,1,1,10.204954,0.671506587,1,58.83333333,84.32883751,75.8509955,1.38,946,67.84,42.5,47.8,641.9,27.6,0.57,1.05,5,1.86,28.1,10.09,7.16,11.69,29.16,59.16,1661,0.43,26,0.124,-0.992,12.48,2.89,19.036583,5.853874082,5.295634249,5.803953488,2.260084567,-0.04443445,-0.057957017,-0.017113832,0.984463275
11138500,0.006021549,0,2,75,1.030727456,0.206938805,1,1,5.562678,0.956816384,1,65,84.30316092,54.45402299,2,728.9,69.82,57.6,39.6,665.2,7.1,0.686,1.16,5,1.44,28.2,9.8,1.39,21.86,41.68,36.45,994.2,0.424,34.2,0.199,-0.98,8.18,9.48,16.60856,2.132233872,2.931760187,,,0.030284293,0.031200972,0.00251511,
11138500,0.017248824,52,2,508,1.005987761,0.172334123,1,1,14.684484,0.673222561,1,12.8,84.28867403,96.33977901,2,728.9,69.82,57.6,39.6,665.2,7.1,0.686,1.16,5,1.44,28.2,9.8,1.39,21.86,41.68,36.45,994.2,0.424,34.2,0.199,-0.98,8.18,9.48,16.60856,2.711386657,3.72223899,,,-0.017412532,-0.069081844,-0.02870181,0.694239571
11466200,0.455650486,122.5,2,444,1.047796997,0.137145832,1,1,34.361034,1.403707824,1,20,84.28761651,65.24633822,1.32,144.8,107.68,64.2,75.1,733.1,1.3,0.62,0.7,4,1.27,28.1,11.03,1.27,27,44.02,28.98,258.7,0.293,15.8,0.094,-0.996,8.63,16.48,17.015969,18.43726499,19.21139503,,,-0.164582387,-0.334582733,-0.17495533,0.362637882
11451715,0.037923292,19.6,2,977,0.980477551,0.131268526,1,1,11.655139,0.944331954,1,35,84.2872284,91.78590355,0.9,247.9,70.02,59.6,55.5,854.4,1,0.615,0.96,4,1.19,43.2,10.66,0.49,37.34,42.78,19.88,560.5,0.34,18.2,-0.265,0.964,8.75,13.34,18.827651,2.304121352,5.157482856,23.98777733,10.34183138,-0.020201164,-0.037042487,-0.012948582,0.829864732
11148900,0.138952425,27.1,2,554,1.048971843,0.231855811,1,1,6.063932,1.901817314,1,21,84.27690583,76.96188341,1.48,403.5,69.16,62.7,52.5,745.3,1.5,0.653,0.99,5,1.22,31.2,11.37,2.86,22.94,36.87,40.19,551.8,0.337,21.3,-0.586,0.81,12.18,3.6,16.11163,1.860832125,3.682081784,20.74907063,12.52795539,-0.090459047,-0.151929141,-0.023852705,0.554964854
11138500,0.016122212,227.4,2,862,1.034839215,0.236031898,1,1,5.562678,0.956816384,1,33,84.1954023,84.77011494,2,728.9,69.82,57.6,39.6,665.2,7.1,0.686,1.16,5,1.44,28.2,9.8,1.39,21.86,41.68,36.45,994.2,0.424,34.2,0.199,-0.98,8.21,17.01,16.60856,2.132233872,2.931760187,,,0.003977115,-0.021846194,-0.005142232,
11159200,0.079366861,87.1,2,955,1.054654866,0.163464498,1,1,12.563615,1.632601188,1,36,84.19117647,76.61764706,1.76,71,84.62,68.1,68.6,691.1,0.1,0.629,0.85,3,1.21,34.5,10.12,2.59,21.18,36.59,42.23,305.2,0.333,21,-0.996,-0.089,9.86,16.46,16.438445,0.115679955,6.346901408,,,-0.027017337,-0.065208871,-0.013067387,0.783301461
11466320,0.247097626,75.4,2,482,1.04378868,0.128282439,1,1,11.48391,1.070572978,1,41,84.16164659,88.10240964,1.27,199.4,102.63,64.2,72,732.8,1,0.622,0.67,4,1.3,28.7,12.14,1.14,27.37,43.92,28.71,204.1,0.243,12.2,-0.118,-0.993,9.84,19.44,16.638396,1.207236838,1.65330993,,,0.107350829,-0.005919632,-0.100306364,0.654534435
11152000,0.02835759,113.8,2,812,1.099305005,0.321169677,1,1,7.156277,1.825105706,1,27.96,84.14308596,82.91510945,2.07,625.1,80.89,63.9,60.5,663.8,2.9,0.654,1.03,5,2.35,38.3,10.02,3.14,20.17,34.81,45.02,759.1,0.387,34.7,-0.132,0.991,11.39,9.04,17.294107,3.419893111,4.751959686,14.97461206,10.20955047,-0.083696349,-0.130360625,-0.01582025,
11123500,0.039432976,92.9,2,452,0.987593522,0.102821715,1,1,11.243107,1.233641415,1,12.66666667,84.12017167,92.56080114,1.89,718.1,79.99,52.6,34.3,660.8,3.8,0.712,1.27,5,1.39,25.8,9.92,1.14,22.63,41.55,35.82,934.1,0.378,31.2,-0.578,-0.816,9.59,16.27,18.753658,7.582963909,7.580629439,16.02817156,5.57082579,0.091631876,-0.223591681,-0.115236239,0.553130696
9497980,0.031450957,195.6,1,442,1.23166314,0.48189293,1,1,7.772327,1.760716106,1,13,84.10330446,90.79242862,1.21,516.8,68.36,41,69.3,673.1,9.8,0.135,0.7,3,1.67,36.3,10.57,3.03,22.54,34.63,42.83,1688.6,0.518,19.9,-0.996,0.089,21.95,9.19,17.814094,2.221099145,1.845975232,7.793188854,1.943034056,,,,0.49186069
9361000,0.019591477,4.6,1,735,0.973665742,0.154848156,1,1,43.599514,0.591947759,1,24.66666667,84.08444542,87.88011376,2.08,436.5,85.38,49.5,108.6,401.4,45.1,0.12,0.54,4,1.3,62.2,10.02,1.23,23.43,44.06,32.51,2924.2,0.497,33.4,-0.916,0.4,10.66,2.79,10.527019,14.8159509,13.19154639,42.72953036,13.19221077,0.197596159,-0.079090577,-0.03381068,0.661908379
11153000,0.06901942,62,2,547,1.021751671,0.177761414,1,1,10.488957,2.512752181,1,19,84.07696598,81.65086447,1.11,375.4,52.87,62.6,46.9,835.2,1.3,0.643,1.11,5,1.85,28.4,10.45,2.08,24.44,44.87,30.7,424.1,0.363,20.9,-0.996,-0.088,11,8.79,15.589845,3.405985647,4.396909963,,,-0.058396426,-0.094965766,-0.016198634,0.657705534
11114495,0.024147891,0,2,422,1.002202087,0.147368547,1,1,99.929207,1.004411539,1,6.833333333,84.05707196,86.91066998,2.46,124.3,88.3,49.7,35.9,606.1,3.8,0.706,1.05,4,1.37,38.6,9.71,1.12,21.93,42.54,35.53,1162,0.521,38.3,-0.875,0.484,6.78,18.37,13.969926,72.44200871,74.63990346,91.62960579,77.48479485,0.109225139,-0.198628136,-0.101844596,0.531856898
9484000,0.224459267,47.7,1,35,1.295583544,0.890746815,0.843971631,1,85.517068,1.046778775,0.925619835,11.66666667,84.04420922,91.03362391,2.39,103.7,75.97,43.3,71.1,767.1,3.1,0.167,0.8,3,1.52,9.5,9.14,1.65,18.36,43.38,38.26,1878.8,0.534,35.6,-0.977,-0.213,22.08,10.6,17.656755,21.59321881,31.624108,59.10578592,25.9246866,-0.021709168,-0.022643293,-0.005135702,1
11114495,0.097047186,119.4,2,406,1.001902632,0.049624717,1,1,99.929207,1.004411539,1,16.75,83.99503722,81.26550868,2.46,124.3,88.3,49.7,35.9,606.1,3.8,0.706,1.05,4,1.37,38.6,9.71,1.12,21.93,42.54,35.53,1162,0.521,38.3,-0.875,0.484,6.78,18.37,13.969926,72.44200871,74.63990346,91.62960579,77.48479485,0.109225139,-0.198628136,-0.101844596,0.531856898
11022480,0.065031287,3.4,2,820,1.012927815,0.126456521,1,1,18.106704,1.206871256,1,18.66666667,83.97553517,89.35779817,1.63,953.6,51.86,51.9,43.3,807.8,2.2,0.585,0.84,5,1.19,31,10.52,3.4,17.08,31.75,51.17,640.4,0.294,18.5,0.017,-1,10.15,9.92,15.3664,5.172206094,4.374381292,,,0.017516316,0.024627778,-0.009151997,1.066980112
9404450,0.088765161,51.3,1,433,1.00454735,0.101408844,1,1,14.12125,1.495243097,1,30.5,83.96959459,86.79054054,2.21,193,46.03,54.3,64.1,511.3,37.5,0.146,0.49,3,1.1,77.9,10.5,1.53,27.11,45.25,27.64,2214.5,0.528,23.3,-0.996,0.092,13.41,3.77,16.150084,4.678595116,7.601968912,13.95839378,7.030725389,,,,0.42238348
11143000,0.181265215,3.3,2,583,1.055900753,0.153745464,1,1,99.985297,0.997222043,1,37.5,83.91181989,77.7673546,2.74,120.6,116.26,67.4,72.8,639.5,3.4,0.654,0.98,4,1.47,40.3,10.29,4.14,14.13,31.45,54.42,779,0.492,43.6,-0.447,-0.894,8.33,25.11,18.127121,33.21126627,44.52462687,86.30373134,57.91119403,-0.101820656,-0.155859565,-0.024091851,0.453496031
11138500,0.008624412,73.6,2,124,1.023752133,0.17834871,1,1,14.684484,0.673222561,1,10.5,83.90883978,91.16022099,2,728.9,69.82,57.6,39.6,665.2,7.1,0.686,1.16,5,1.44,28.2,9.8,1.39,21.86,41.68,36.45,994.2,0.424,34.2,0.199,-0.98,8.18,9.48,16.60856,2.711386657,3.72223899,,,-0.041432708,-0.117482834,-0.00731285,0.692060588
11014000,0.04314499,1.3,2,564,0.969888767,0.130805256,1,1,5.043274,0.752773408,1,26.8,83.89441469,85.08033665,2.91,181.8,44.33,55.8,42.1,846.3,0,0.609,1.26,5,1.39,33.8,10.3,3.01,18.77,38.69,42.55,490.9,0.343,19.4,-0.048,-0.999,11.45,4.97,16.12831,1.534653813,2.248514851,,,0.108115657,-0.065945541,-0.170737304,1.025194801
11014000,0.01137034,10.9,1,853,1.023349178,0.159257352,1,1,7.06468,1.142409136,1,49,83.88520971,81.75128771,2.91,181.8,44.33,55.8,42.1,846.3,0,0.609,1.26,5,1.39,33.8,10.3,3.01,18.77,38.69,42.55,490.9,0.343,19.4,-0.048,-0.999,16.89,1.08,16.12831,6.01277364,6.221287129,,,-0.031159249,-0.061151788,-0.024314305,
9510200,0.002969504,10,1,41,1.138922137,0.778905809,0.996632997,1,51.64207,0.937840864,1,10.94138889,83.87803906,94.30051813,1.74,425.3,61.33,36.1,50,956.2,2.1,0.215,1.04,5,1.39,30.1,10.19,4.14,15.96,29.86,54.17,1161.3,0.383,21.4,-0.57,-0.822,27.56,4.68,17.785195,13.07368334,14.52337174,51.02477531,24.56769952,0.076011285,0.041701609,-0.025352264,1.101867789
11466320,0.364966034,127.4,2,444,1.058326765,0.162708545,1,1,24.946189,1.516647465,1,20,83.83017164,65.04065041,1.27,199.4,102.63,64.2,72,732.8,1,0.622,0.67,4,1.3,28.7,12.14,1.14,27.37,43.92,28.71,204.1,0.243,12.2,-0.118,-0.993,8.61,15.5,16.638396,13.68925187,13.95090271,,,-0.164623234,-0.334630793,-0.174980231,0.362440977
11070465,0.006320165,0,2,97,0.986639803,0.187848833,1,1,12.744957,1.953907238,1,32,83.80645161,73.03225806,0.92,274.2,33.63,52.5,30.5,879.8,0.1,0.581,0.62,3,1.31,19,12.47,3.62,16.87,32.2,50.94,555.4,0.135,7.7,0.456,-0.89,10.93,3.14,9.933606,8.348999102,5.762035011,,,-0.052103119,-0.12307969,-0.000263395,0.729581126
11461500,0.039266307,55,1,293,1.057010359,0.21316008,1,1,23.026463,1.979605621,1,8.9975,83.77342419,98.4241908,2.19,238.7,114.45,62.5,77.8,761.6,2,0.595,1.06,4,1.35,37.3,11.11,0.92,28.71,43.04,28.25,497.3,0.27,20.9,-0.276,-0.961,15.02,3.77,16.250428,5.04689448,7.209426058,23.12739841,8.386175115,0.247462344,0.074943405,0.002092771,0.783055803
11463900,0.337518625,102.8,2,794,1.039251225,0.125455144,1,1,78.702752,0.833942644,1,59.97833333,83.69423993,62.45127761,2.86,114.1,115.9,65.1,67.8,746.4,0.7,0.617,0.72,3,1.38,36.4,11.12,1.75,27.22,44.13,28.65,413,0.282,23.9,-0.601,-0.799,8.17,17.79,15.761656,11.07121403,21.33260298,,,0.037737626,-0.049186816,-0.115248336,0.675231242
11383500,0.086031094,0,1,611,0.992990545,0.139262314,1,1,11.562981,0.56710067,1,33.9725,83.67838228,98.60375542,1.18,539.8,148.35,51.6,86.3,606.3,32.5,0.527,0.62,4,1.49,64.2,10.29,2.55,21.19,39.81,39,1278.9,0.504,23,-0.103,-0.995,11.85,7.23,15.939202,1.378728005,1.962393479,11.6002223,5.542645424,-0.039875523,-0.037154001,-0.018046101,
11480390,0.217103401,121.1,1,606,1.003143549,0.074166124,1,1,99.999876,1,1,19,83.6627141,82.50988142,2.41,242.6,166.38,62.2,92.3,637.8,28,0.561,0.77,4,2.23,33.3,10.96,1.59,21.87,41.57,36.56,1130,0.306,28.7,-0.024,-1,7.31,11.22,13.178414,66.45017797,77.02790602,99.99571311,67.92250618,-0.250089728,-0.510751408,-0.21491051,0.278517547
11204100,0.054110021,0.7,2,568,1.065651843,0.228687591,1,1,14.215553,0.967391659,1,40.83333333,83.59417161,88.72099298,2.9,249.1,79.83,55.9,53.1,703.2,25.2,0.595,0.74,4,1.36,65.9,9.43,2.64,18.72,31.31,49.98,1348.7,0.417,34.4,0.119,-0.993,6.92,15.82,17.505672,1.184458719,2.632436772,48.9626656,16.38281815,0.233425458,0.031386928,-0.05449696,0.690050419
11046100,0.00751774,0,2,74,1.012119215,0.073471361,1,1,36.53273,0.507830697,1,16.875,83.58837031,87.75822494,2.11,67.8,40.34,64.9,35,816,0,0.655,0.95,3,1.15,23,11.12,2.52,22.77,32.67,44.56,187.1,0.264,14.1,-0.987,-0.159,12.99,9.03,16.06083,9.384390759,11.96150442,30.20707965,9.995575221,-0.015936008,-0.033325524,0.000347101,0.802610731
11153000,0.013426729,16.8,2,904,1.016920919,0.120440893,1,1,10.488957,2.512752181,1,32,83.57501394,76.96597881,1.11,375.4,52.87,62.6,46.9,835.2,1.3,0.643,1.11,5,1.85,28.4,10.45,2.08,24.44,44.87,30.7,424.1,0.363,20.9,-0.996,-0.088,10.04,11.66,15.589845,3.405985647,4.396909963,,,-0.039911175,-0.064240113,-0.013477485,0.728067193
11113500,0.048519624,84.2,2,406,1.033812518,0.105354732,1,1,85.14101,0.938475197,1,14.90916667,83.57142857,82.78911565,2.67,103.3,67.78,49.9,39.1,708.5,2.6,0.693,1.18,4,1.59,40.1,9.58,1.4,23.56,44.22,32.23,996,0.437,34.4,-0.944,-0.329,8.24,15.01,15.259699,30.60330822,37.52207164,84.35972894,53.69332043,0.13520071,-0.143701071,-0.106993406,0.625855641
11475800,0.125685932,6.2,1,948,1.008056513,0.09374925,1,1,7.751945,0.72069388,1,93.85722222,83.5661622,48.7000388,2.23,642.1,206.67,64.8,106,657.8,7.2,0.589,0.89,5,1.8,28.1,11.21,2.07,25.53,42.82,31.65,626.1,0.382,26.8,-0.449,-0.893,8.47,31.48,16.808763,1.088201084,1.580221149,,,-0.048942164,-0.081314107,-0.004481932,0.75166344
11456000,0.153388332,80.6,2,482,1.001159523,0.048653704,1,1,8.882523,2.160787162,1,35.97638889,83.50114416,92.44851259,1.79,212.3,104.44,64,69.8,743.7,1.5,0.624,0.68,4,1.39,28.5,10.89,2.14,24.23,44.57,31.21,305.3,0.209,20.9,-0.876,0.483,9.41,19.91,16.071526,1.060217481,3.36895902,,,0.151115828,-0.041238275,-0.085423292,0.601416408
11274538,0.001689116,0,2,228,1.163679328,0.450983377,1,1,21.29077,1.252220249,1,22.91666667,83.49673203,82.46187364,1.27,469.4,42.12,61.9,44.8,864.4,1.3,0.619,0.06,4,1.31,29.8,10.95,1.77,24.47,43.22,32.31,405.1,0.34,20.9,-0.28,0.96,9.82,8.8,18.511698,8.636513396,9.777673626,,,-0.061436979,-0.126443083,0.002099572,0.611608627
11044800,0.005630245,13.1,2,430,0.998456051,0.080231927,1,1,5.29932,0.732504198,1,22.90916667,83.49593496,88.04878049,1.68,85.5,40.9,59,33,853.1,0,0.666,0.86,3,1.19,26.7,10.3,3.33,15.97,31.55,52.47,405.4,0.415,18.9,-0.922,0.386,15.7,2.85,15.319151,2.005988961,2.867368421,,,-0.01057592,-0.065825723,-0.009952014,
11042900,0.009351658,0.4,2,114,0.963484479,0.134245316,1,1,15.117915,0.970781969,1,13.98805556,83.48519362,97.79802582,1.45,227.1,38.42,52.1,30.4,862.2,0.2,0.588,1,3,1.35,24,11.73,2.76,18.12,34.83,47.04,611.1,0.274,8.4,-0.245,-0.97,11.22,8.09,16.576693,2.290242769,3.785468956,,,,,,
11042800,0.011441139,2.8,2,511,1.047136565,0.166332462,1,1,36.399541,1.263146869,1,10.96888889,83.46774194,98.31378299,1.14,148.5,33.74,54.3,29.5,884.7,0,0.599,0.94,4,1.23,20.3,12.27,2.7,18.97,36.43,44.59,484.1,0.326,8,-0.21,-0.978,12.83,6.5,14.66485,1.917557957,7.655757576,,,0.002190242,0.016333038,-0.015743666,
11461500,0.150659243,0,2,189,1.01600002,0.109353582,1,1,23.026463,1.979605621,1,17.96305556,83.45400341,78.70528109,2.19,238.7,114.45,62.5,77.8,761.6,2,0.595,1.06,4,1.35,37.3,11.11,0.92,28.71,43.04,28.25,497.3,0.27,20.9,-0.276,-0.961,8.11,20.37,16.250428,5.04689448,7.209426058,23.12739841,8.386175115,0.247462344,0.074943405,0.002092771,0.783055803
11152000,0.069308486,0.3,2,583,1.03217637,0.412136228,1,1,38.563747,1.45200031,1,37.5,83.40740741,76.74074074,2.07,625.1,80.89,63.9,60.5,663.8,2.9,0.654,1.03,5,2.35,38.3,10.02,3.14,20.17,34.81,45.02,759.1,0.387,34.7,-0.132,0.991,8.25,16.63,17.294107,14.91749383,22.51871701,14.97461206,10.20955047,-0.106418682,-0.184356043,-0.025092694,0.456406466
11063510,0.010503679,0,2,904,1.061626527,0.324519857,1,1,19.701106,0.914667921,1,22,83.3984375,80.79427083,2.04,144.5,66.42,46,40.7,690.4,4.5,0.635,0.96,4,1.54,50.7,9.96,6.14,10.54,26.94,62.52,1273.4,0.272,22.4,-0.728,0.686,8.58,13.15,18.45637,6.090614167,8.283114187,74.67695502,36.88442907,-0.009358646,-0.03421115,-0.011835585,0.890966919
11461000,0.080281893,64.7,2,529,1.046569176,0.142892799,1,1,32.301184,1.065652935,1,6.9825,83.37245696,99.33489828,1.95,259.6,118.6,63.1,81.2,730.9,3,0.607,0.95,4,1.1,36,11.3,1.16,28.24,42.59,29.17,448.3,0.314,20.6,-0.997,0.077,9.33,18.36,15.086673,6.630779176,11.66221109,,,0.168591806,-0.024895358,-0.112839417,0.580309863
11023340,0.125565461,3.9,2,482,1.018656819,0.080414208,1,1,37.099197,1.443643241,1,49.5,83.35913313,70.20123839,2.81,109.6,39.02,60.2,39.8,841.8,0,0.626,1.08,3,1.17,24.2,11.67,2.82,23.07,37.6,39.33,263,0.251,12.8,-0.28,-0.96,12.68,7.97,14.786058,26.23438145,28.43786496,,,-0.043319158,-0.108905474,-0.02265705,0.915032406
11462500,0.118552362,0,2,196,1.011999937,0.081713976,1,1,5.854759,1.781748803,1,43,83.35622711,77.28937729,1.8,938.7,115.58,63.2,79.6,757,2,0.605,1.01,5,1.18,36.1,11.16,1.09,26.66,42.65,30.69,465.2,0.299,21.1,-0.76,-0.649,8.32,20.94,15.801847,1.319662649,1.833269415,5.881016299,2.132502397,0.247462344,0.074943405,0.002092771,0.783055803
11022480,0.011165189,0,2,406,1.018003631,0.305939928,1,1,79.360851,1.036983012,1,23,83.33333333,80.24883359,1.63,953.6,51.86,51.9,43.3,807.8,2.2,0.585,0.84,5,1.19,31,10.52,3.4,17.08,31.75,51.17,640.4,0.294,18.5,0.017,-1,10.6,5.73,15.3664,57.24252031,58.6542156,,,-0.06719382,-0.136575236,-0.023271114,0.762980732
11046100,0.019212002,2.6,2,38,1.020560148,0.069858584,1,1,36.53273,0.507830697,1,20.88916667,83.28232594,64.19280796,2.11,67.8,40.34,64.9,35,816,0,0.655,0.95,3,1.15,23,11.12,2.52,22.77,32.67,44.56,187.1,0.264,14.1,-0.987,-0.159,15.7,3.36,16.06083,9.384390759,11.96150442,30.20707965,9.995575221,-0.015936008,-0.033325524,0.000347101,0.802610731
8377900,0.027094511,114.3,1,109,1.26610374,0.779572287,0.950248756,1,65.272425,1.140346217,1,10.94472222,83.23600137,90.02061147,2.05,139,89.76,48.6,96.1,380.6,31.6,0.11,0.5,3,1.21,65.4,9.68,2.96,22.74,43.83,33.43,3141.5,0.593,24.8,0.023,-1,13.35,11.76,13.047006,25.24947925,36.74589928,66.46402878,35.36093525,-0.03378568,-0.041146736,-0.00861868,0.946858376
8377900,0.064782365,246,1,122,1.066297016,0.295666636,1,1,65.272425,1.140346217,1,6.970833333,83.23600137,93.04362762,2.05,139,89.76,48.6,96.1,380.6,31.6,0.11,0.5,3,1.21,65.4,9.68,2.96,22.74,43.83,33.43,3141.5,0.593,24.8,0.023,-1,12.48,12.57,13.047006,25.24947925,36.74589928,66.46402878,35.36093525,-0.03378568,-0.041146736,-0.00861868,0.946858376
11113000,0.02008316,23,2,552,0.998637714,0.245031803,1,1,12.550943,0.240796008,1,47.8,83.230532,95.14263685,1.41,650,68.34,45.4,34.7,663.4,7.7,0.69,1.22,4,1.67,44.6,9.91,2,22.07,41.65,36.28,1251.5,0.512,32.7,-1,0.016,10.45,3.09,16.054577,8.618055904,10.59078462,14.98787692,8.055507692,-0.076190649,-0.121304535,-0.021148163,0.784575117
10260500,0.039166735,23.3,1,233,1.064970577,0.340352604,1,1,42.406867,0.740817112,1,29,83.19551093,79.9763733,1.66,349.2,58.83,40,50.2,614.2,29.5,0.571,1.07,4,1.96,33.1,10.18,7.95,11.93,24.18,63.89,1783.4,0.526,18.9,0.47,-0.882,8.24,3.13,21.118823,23.20861916,25.41752577,,,-0.006294087,-0.005259896,0.000795715,
10308200,0.034743837,9,1,777,1.124899232,0.347590155,1,1,10.319266,0.492347313,1,95.5,83.1283628,85.6264412,1.86,716.4,98.02,59.8,85.2,431.7,67.2,0.457,0.84,5,1.42,68.4,9.81,7.37,12.65,29.7,57.65,2410.5,0.42,29.6,0.895,0.445,14.15,2.21,17.280325,3.293936015,4.147236181,15.78961474,8.075935232,-0.057478481,-0.096990859,-0.01741291,0.619771212
11057500,0.011361156,0.6,2,827,1.058523159,0.205388569,1,1,11.248274,1.350759162,1,34,83.11353211,75,1.6,329,50.34,46.1,42.4,822.1,3.2,0.566,1.05,4,1.49,23.2,10.74,3.94,14.73,32.5,52.77,880.7,0.238,13.8,-0.199,-0.98,9.81,5.41,19.193511,6.522506043,7.626474164,11.73519757,9.619696049,-0.110660722,-0.244874442,-0.100588062,0.506879596
11461500,0.137610017,19.7,2,141,0.994668205,0.036802847,1,1,23.026463,1.979605621,1,38,83.09199319,93.99488927,2.19,238.7,114.45,62.5,77.8,761.6,2,0.595,1.06,4,1.35,37.3,11.11,0.92,28.71,43.04,28.25,497.3,0.27,20.9,-0.276,-0.961,6.98,17.26,16.250428,5.04689448,7.209426058,23.12739841,8.386175115,0.247462344,0.074943405,0.002092771,0.783055803
11159200,0.141982928,42.3,2,948,1.049523663,0.148480094,1,1,12.563615,1.632601188,1,13.83333333,83.03921569,93.43137255,1.76,71,84.62,68.1,68.6,691.1,0.1,0.629,0.85,3,1.21,34.5,10.12,2.59,21.18,36.59,42.23,305.2,0.333,21,-0.996,-0.089,10.19,12.34,16.438445,0.115679955,6.346901408,,,-0.027017337,-0.065208871,-0.013067387,0.783301461
11449500,0.157777874,0,1,572,1.012777887,0.033750748,1,1,20.124733,1.609944458,1,19.95666667,83.01056338,91.63732394,1.81,95.3,148.47,60,80.8,774.8,1.3,0.621,0.7,3,1.52,33.3,10.94,1.18,24.63,43.26,32.11,804.1,0.359,20,0.851,-0.526,11.4,8.74,16.804113,7.764004234,10.69045121,,,-0.138931474,-0.194389354,-0.031460759,0.448167619
11143000,0.172812433,192.2,2,415,1.007064398,0.101869114,1,1,13.697515,0.363115177,1,44,82.97082228,65.83554377,2.74,120.6,116.26,67.4,72.8,639.5,3.4,0.654,0.98,4,1.47,40.3,10.29,4.14,14.13,31.45,54.42,779,0.492,43.6,-0.447,-0.894,8.75,17.47,18.127121,0.979707657,4.544776119,86.30373134,57.91119403,-0.06088307,-0.108076154,-0.019716675,
9513780,0.007178912,32.9,1,39,0.964568591,0.264043693,1,1,90.81327,1.095059029,1,4.5,82.96952224,96.29324547,2.34,177.5,52.71,40,52.6,949,0.8,0.196,0.87,3,1.36,22.1,10.1,3.45,30.93,30.45,38.62,1208.9,0.467,22.5,-0.241,-0.97,26.92,4.37,18.230644,38.35176222,28.51808451,16.69070423,2.558647887,-0.000477036,-0.000336455,0.001720673,1.029836206
9484000,0.07509282,30.6,2,255,1.11774807,0.388631293,1,1,85.517068,1.046778775,1,26.85722222,82.93897883,65.44209215,2.39,103.7,75.97,43.3,71.1,767.1,3.1,0.167,0.8,3,1.52,9.5,9.14,1.65,18.36,43.38,38.26,1878.8,0.534,35.6,-0.977,-0.213,5.78,6.97,17.656755,21.59321881,31.624108,59.10578592,25.9246866,-0.074892772,-0.116415733,-0.009778556,0.427145513
11124500,0.009567093,0,2,609,1.026626908,0.153523981,1,1,71.062545,1.035623791,1,18.8,82.93033967,81.75014393,2.37,191.5,83.1,54.6,38.1,636.9,4.5,0.711,1.17,4,1.85,23.3,9.72,1.35,23.93,41.12,34.95,1023.6,0.444,33.5,-0.78,-0.626,8.76,15.75,17.185694,68.62677395,63.6551436,,,-0.09435575,-0.192078714,-0.024127768,0.395823123
11113500,0.01694075,80.3,2,403,1.035203235,0.102346702,1,1,85.14101,0.938475197,1,18.875,82.92517007,77.4829932,2.67,103.3,67.78,49.9,39.1,708.5,2.6,0.693,1.18,4,1.59,40.1,9.58,1.4,23.56,44.22,32.23,996,0.437,34.4,-0.944,-0.329,8.24,15.01,15.259699,30.60330822,37.52207164,84.35972894,53.69332043,0.13520071,-0.143701071,-0.106993406,0.625855641
11204100,0.0069229,0.3,1,993,1.08120691,0.226633856,1,1,14.215553,0.967391659,1,47.88916667,82.89260658,97.73340529,2.9,249.1,79.83,55.9,53.1,703.2,25.2,0.595,0.74,4,1.36,65.9,9.43,2.64,18.72,31.31,49.98,1348.7,0.417,34.4,0.119,-0.993,13.81,2.81,17.505672,1.184458719,2.632436772,48.9626656,16.38281815,0.301182649,0.096928178,-0.011631839,0.837459498
11059300,0.065553737,15.1,2,572,1.020831947,0.123107038,1,1,5.953975,1.553102126,1,60.5,82.87632904,78.56743145,1.38,946,67.84,42.5,47.8,641.9,27.6,0.57,1.05,5,1.86,28.1,10.09,7.16,11.69,29.16,59.16,1661,0.43,26,0.124,-0.992,4.14,13.57,19.036583,2.220004155,3.071511628,5.803953488,2.260084567,-0.079580129,-0.141999495,-0.013038604,0.562875645
11462500,0.050980532,77.2,1,293,1.084775996,0.376589154,1,1,5.854759,1.781748803,1,29.83333333,82.87545788,98.35164835,1.8,938.7,115.58,63.2,79.6,757,2,0.605,1.01,5,1.18,36.1,11.16,1.09,26.66,42.65,30.69,465.2,0.299,21.1,-0.76,-0.649,15.05,3.58,15.801847,1.319662649,1.833269415,5.881016299,2.132502397,0.247462344,0.074943405,0.002092771,0.783055803
10309000,0.027294795,9,1,777,,0.343306643,1,1,8.083485,0.930221123,1,95.5,82.85825849,85.55251855,1.41,925.4,89.65,58.8,81.3,450,63.3,0.454,0.83,5,1.51,68.6,9.84,6.3,15.83,30.77,53.4,2325.5,0.415,27.7,0.995,0.101,14.76,2.03,17.09045,2.578302267,3.229263021,23.82247677,11.97263886,-0.057131073,-0.096480389,-0.01730306,0.62317111
11451715,0.073562049,7.4,2,592,1.069064163,0.205046605,1,1,11.655139,0.944331954,1,23.5,82.8563858,85.10863805,0.9,247.9,70.02,59.6,55.5,854.4,1,0.615,0.96,4,1.19,43.2,10.66,0.49,37.34,42.78,19.88,560.5,0.34,18.2,-0.265,0.964,8.75,13.34,18.827651,2.304121352,5.157482856,23.98777733,10.34183138,-0.053507114,-0.11941711,-0.015162012,0.608025122
11022480,0.006117098,1,2,867,0.974904839,0.10015112,1,1,18.106704,1.206871256,1,63,82.8440367,64.58715596,1.63,953.6,51.86,51.9,43.3,807.8,2.2,0.585,0.84,5,1.19,31,10.52,3.4,17.08,31.75,51.17,640.4,0.294,18.5,0.017,-1,11.62,11.2,15.3664,5.172206094,4.374381292,,,0.017516316,0.024627778,-0.009151997,1.066980112
10260950,0.136166547,0,2,194,1.006566938,0.04181167,1,1,10.926878,0.653202168,1,35,82.80402789,79.08597986,2.1,175.1,66.31,43.9,49,724,6.7,0.611,0.97,4,1.24,39.2,10.29,5.47,13.39,28.27,58.34,1271.7,0.362,20.2,0.925,0.379,7.19,15.35,18.304836,7.69524916,7.127527127,10.63038264,5.662649914,-0.010153694,-0.015770832,-0.004230654,0.796029693
11466800,0.099425817,65.5,2,513,1.001112533,0.161309023,1,1,12.714225,1.001456134,1,37.5,82.72594752,97.32750243,2.06,652.2,100.52,64.6,68.1,730.4,0.8,0.63,0.68,4,1.71,30,13.03,1.22,29.33,42.59,28.08,155.1,0.185,9.2,-0.054,-0.999,11.27,16.5,16.611166,3.097905528,3.795124195,,,0.138750571,-0.02055757,-0.092766442,0.594232737
11143000,0.403855143,162.9,2,451,1.015572074,0.063979272,1,1,13.697515,0.363115177,1,24,82.70557029,85.99469496,2.74,120.6,116.26,67.4,72.8,639.5,3.4,0.654,0.98,4,1.47,40.3,10.29,4.14,14.13,31.45,54.42,779,0.492,43.6,-0.447,-0.894,8.33,25.11,18.127121,0.979707657,4.544776119,86.30373134,57.91119403,-0.06088307,-0.108076154,-0.019716675,
11063510,0.063492385,97.8,2,127,1.017490875,0.0473868,1,1,75.044644,1.007263416,1,32,82.66708307,68.26983136,2.04,144.5,66.42,46,40.7,690.4,4.5,0.635,0.96,4,1.54,50.7,9.96,6.14,10.54,26.94,62.52,1273.4,0.272,22.4,-0.728,0.686,6.77,8.28,18.45637,20.60685912,23.61986159,74.67695502,36.88442907,-0.009704062,-0.01753329,-0.004633778,0.798144832
11113000,0.014637618,0,2,422,1.069592437,0.15751116,1,1,18.928716,1.316921813,1,20.83333333,82.62454435,85.41919806,1.41,650,68.34,45.4,34.7,663.4,7.7,0.69,1.22,4,1.67,44.6,9.91,2,22.07,41.65,36.28,1251.5,0.512,32.7,-1,0.016,6.44,14.64,16.054577,6.141831074,9.616984615,14.98787692,8.055507692,0.164198315,-0.115015669,-0.082551455,0.693251489
10321590,0.002554812,36.2,1,252,1.026467581,0.099957933,1,1,10.934387,0.579158788,1,27,82.53317721,94.18423107,1.45,476.6,31.03,52.6,69.9,545.9,39,0.172,1.1,4,1.34,63.8,11.2,2.06,27.06,43.56,29.38,1821.7,0.301,12.2,-0.936,0.351,5.48,2.71,21.107389,4.108979966,3.921023919,,,0.006897289,0.002120577,0.008203922,
11025500,0.00353102,15.7,2,609,1.043990865,0.11987343,1,1,7.499671,0.63456728,1,45,82.52330226,55.52596538,1.59,288.7,61.83,49,43.1,760.7,1.6,0.57,0.88,4,1.39,32.2,10.45,3.04,16.47,31.29,52.24,891.8,0.428,20.2,-0.631,-0.776,9.46,12.2,16.426629,5.200985221,3.255836508,,,0.008491982,-0.028601102,-0.009951843,
11453500,0.199781245,40.8,2,862,1.036269447,0.120547045,1,1,68.402353,0.917637249,1,27.66666667,82.52184769,89.72118186,1.47,293.4,112.6,63,63.1,752.4,2,0.624,0.62,3,1.5,36.4,10.72,0.99,28.71,44.41,26.88,554.7,0.243,19.3,-0.169,0.986,7.16,23.78,17.47691,38.71637619,46.98312883,,,0.098622258,-0.053867392,-0.128054236,0.478776431
11065000,0.036026884,0,1,362,0.846021237,0.545111065,1,1,24.135281,0.744402096,1,27,82.47734139,83.98791541,1.55,364.7,81.4,47.7,43.6,701.5,4.2,0.649,1.11,5,1.12,49.6,10,6.62,10.83,28.51,60.66,1250.1,0.343,27.3,-0.675,0.738,15.23,2.84,19.024359,10.41161438,14.07153825,33.44313134,17.52322457,-0.103024742,-0.16457491,-0.019126961,0.529473004
11152000,0.3234396,15.2,2,210,1.001319001,0.075476899,1,1,10.954941,1.60170771,1,44,82.40165631,71.73913043,2.07,625.1,80.89,63.9,60.5,663.8,2.9,0.654,1.03,5,2.35,38.3,10.02,3.14,20.17,34.81,45.02,759.1,0.387,34.7,-0.132,0.991,8.78,16.68,17.294107,2.102052119,3.129195329,14.97461206,10.20955047,0.008995308,0.013725339,0.004678276,1.119487192
8380500,0.034449034,5.2,1,199,0.944765542,0.179986643,1,1,99.368957,1.001978058,1,28.66666667,82.3697359,86.15274804,2.1,198.1,68.57,50.8,80.7,464.5,19.2,0.221,0.66,4,1.18,58,10.64,1.87,31.03,41.4,27.57,2652.5,0.381,25,-0.636,0.772,7.23,4.83,17.995738,30.00276242,42.76158506,96.58440182,48.47415447,-0.199068604,-0.335592939,-0.086661644,0.521622128
11073495,0.474667154,3.6,1,727,1.176216076,0.476884525,1,1,26.085866,1.717892731,1,21.83333333,82.33890215,80.31026253,2.67,208.2,61.85,53.7,37.7,823.2,0.2,0.66,0.75,4,1.15,47.4,10.92,8.04,10,27.26,62.74,638.5,0.176,13.5,-0.99,-0.14,18,2.08,10.502607,21.64413972,15.30172911,,,-0.047959038,-0.060850333,-0.019647186,0.841883212
11451715,0.12222266,92.2,2,174,1.000499492,0.091306117,1,1,11.690112,0.296371599,1,12.5,82.27272727,94.65909091,0.9,247.9,70.02,59.6,55.5,854.4,1,0.615,0.96,4,1.19,43.2,10.66,0.49,37.34,42.78,19.88,560.5,0.34,18.2,-0.265,0.964,7.28,15.2,18.827651,1.945488238,3.78987495,23.98777733,10.34183138,-0.03605718,-0.06584007,0.002251203,0.654581878
14090400,0.11690003,15.8,1,404,1.174413585,0.452736995,1,1,36.85011,0.50286905,1,39,82.25931677,82.42753623,2.44,60.8,179.14,64.7,149,470.7,55.9,0.408,0.88,3,1.21,79.3,9.42,5.77,16.41,30.13,53.46,1587.3,0.28,32.5,0.173,0.985,14.22,2.87,16.157364,18.80299516,23.00625,92.19934211,43.30855263,-0.018342964,-0.030861208,-0.002493921,0.634657182
11123500,0.002377808,148.6,2,750,1.031537463,0.100721852,1,1,11.243107,1.233641415,1,18.66666667,82.22460658,88.12589413,1.89,718.1,79.99,52.6,34.3,660.8,3.8,0.712,1.27,5,1.39,25.8,9.92,1.14,22.63,41.55,35.82,934.1,0.378,31.2,-0.578,-0.816,8.52,11.34,18.753658,7.582963909,7.580629439,16.02817156,5.57082579,0.229292474,0.028243746,-0.09941149,0.921230013
11124500,0.015230457,69.7,2,890,1.07681499,0.232839256,1,1,71.062545,1.035623791,1,10,82.21070812,89.06160046,2.37,191.5,83.1,54.6,38.1,636.9,4.5,0.711,1.17,4,1.85,23.3,9.72,1.35,23.93,41.12,34.95,1023.6,0.444,33.5,-0.78,-0.626,7.83,11.57,17.185694,68.62677395,63.6551436,,,-0.043692357,-0.109650374,-0.026983016,0.583171137
11143000,0.084058222,32.1,2,917,1.04093698,0.126986453,1,1,99.985297,0.997222043,1,13.91666667,82.19981238,88.83677298,2.74,120.6,116.26,67.4,72.8,639.5,3.4,0.654,0.98,4,1.47,40.3,10.29,4.14,14.13,31.45,54.42,779,0.492,43.6,-0.447,-0.894,8.75,17.47,18.127121,33.21126627,44.52462687,86.30373134,57.91119403,-0.041323742,-0.061614597,-0.016607488,0.638570704
11062000,0.002838779,0,1,362,0.905170679,0.393205944,1,1,45.631597,0.587979741,1,26,82.18149038,83.83413462,1.97,119.7,109.2,48.3,52.3,619.9,7.1,0.655,0.94,4,1.19,53.5,9.25,6.33,11.52,31.03,57.45,1697.8,0.416,43.5,-0.072,0.997,12.73,3.71,17.137994,20.85678981,29.43759398,4.942857143,3.360902256,-0.119751885,-0.18363737,-0.01921793,0.485560207
7103700,0.005080308,28.1,1,773,0.889273072,0.416323039,1,1,10.334753,0.918584336,1,7,82.12239285,91.42791657,2.23,264.2,59.97,52.8,94.9,393.5,27.6,0.361,0.86,4,1.42,49.5,10.03,9,11.62,33.61,54.77,2775.2,0.373,26.9,0.329,0.944,14.17,10.32,15.226314,5.396997417,6.578652536,9.350870553,5.675132475,-0.073427221,-0.138797398,-0.02782991,0.527450528
11113500,0.010334406,0,2,747,1.019035432,0.069251727,1,1,85.14101,0.938475197,1,9.9375,82.10884354,80.95238095,2.67,103.3,67.78,49.9,39.1,708.5,2.6,0.693,1.18,4,1.59,40.1,9.58,1.4,23.56,44.22,32.23,996,0.437,34.4,-0.944,-0.329,8.69,8.85,15.259699,30.60330822,37.52207164,84.35972894,53.69332043,0.244986512,0.024449276,-0.077576051,0.956848087
11451715,0.001302185,84.5,2,134,1.028396162,0.165570493,1,1,11.690112,0.296371599,1,8.988333333,82.10227273,98.75,0.9,247.9,70.02,59.6,55.5,854.4,1,0.615,0.96,4,1.19,43.2,10.66,0.49,37.34,42.78,19.88,560.5,0.34,18.2,-0.265,0.964,7.69,10.4,18.827651,1.945488238,3.78987495,23.98777733,10.34183138,-0.03605718,-0.06584007,0.002251203,0.654581878
8380500,0.009805825,92.5,1,185,1.016027682,0.253810654,1,1,99.368957,1.001978058,1,17.66666667,82.10206995,57.61955746,2.1,198.1,68.57,50.8,80.7,464.5,19.2,0.221,0.66,4,1.18,58,10.64,1.87,31.03,41.4,27.57,2652.5,0.381,25,-0.636,0.772,7.23,4.83,17.995738,30.00276242,42.76158506,96.58440182,48.47415447,-0.199068604,-0.335592939,-0.086661644,0.521622128
11023340,0.052189759,0,1,722,1.060996075,0.16197137,1,1,37.099197,1.443643241,1,37,82.08204334,74.38080495,2.81,109.6,39.02,60.2,39.8,841.8,0,0.626,1.08,3,1.17,24.2,11.67,2.82,23.07,37.6,39.33,263,0.251,12.8,-0.28,-0.96,18.71,1.45,14.786058,26.23438145,28.43786496,,,-0.005470648,-0.009368654,-0.017733134,1.48298974
11027000,0.016396509,57.9,2,821,1.041807255,0.115994213,1,1,50.900245,0.591991427,1,5.961666667,82.07422134,96.95162359,1.62,58.2,51.93,53.2,38.8,797.9,0.2,0.625,1,3,1.16,28.6,11.16,2.59,16.4,30.84,52.76,653.6,0.433,13,-0.467,-0.884,9.92,11.16,15.624757,10.30581508,11.12010309,,,0.010100541,-0.003177161,-0.009773989,0.978380779
11451715,0.008532741,0,1,292,0.996851414,0.10094858,1,1,24.133838,1.666551161,1,18.92861111,82.00389105,93.38521401,0.9,247.9,70.02,59.6,55.5,854.4,1,0.615,0.96,4,1.19,43.2,10.66,0.49,37.34,42.78,19.88,560.5,0.34,18.2,-0.265,0.964,17.68,2.67,18.827651,2.888346264,4.86014522,23.98777733,10.34183138,0.14819574,-0.007832966,-0.033504715,0.809356648
11059300,0.02328804,7.3,2,798,0.91133789,0.595223296,0.999245283,1,10.204954,0.671506587,1,16.66666667,81.98458574,89.4026975,1.38,946,67.84,42.5,47.8,641.9,27.6,0.57,1.05,5,1.86,28.1,10.09,7.16,11.69,29.16,59.16,1661,0.43,26,0.124,-0.992,4.66,8.01,19.036583,5.853874082,5.295634249,5.803953488,2.260084567,-0.04443445,-0.057957017,-0.017113832,0.984463275
10257600,0.012192387,4.5,1,418,1.344522948,0.765201151,1,1,70.099582,0.942865524,1,5,81.98198198,94.59459459,1.68,92.9,55.02,38.1,39.9,737.5,7.4,0.582,0.91,3,1.32,44,9.6,5.01,12.16,30.05,57.78,1746.6,0.466,38.3,-0.947,0.322,20.39,1.6,18.430912,34.09728829,40.43799785,21.86157158,3.477933262,-0.047580923,-0.121901129,0.001309405,0.56005622
11113500,0.009292741,72.4,1,529,1.03920804,0.12430167,1,1,85.14101,0.938475197,1,36.66666667,81.97278912,74.55782313,2.67,103.3,67.78,49.9,39.1,708.5,2.6,0.693,1.18,4,1.59,40.1,9.58,1.4,23.56,44.22,32.23,996,0.437,34.4,-0.944,-0.329,14.94,1.75,15.259699,30.60330822,37.52207164,84.35972894,53.69332043,0.13520071,-0.143701071,-0.106993406,0.625855641
9183500,0.012005112,6,1,132,1.143791415,0.270555672,1,1,9.554376,1.58693339,1,11.96777778,81.96603339,72.94185377,0.97,74.3,66.99,52.1,75.1,523.8,35.2,0.117,0.82,2,1.82,55.8,9.43,4.38,18.47,33.98,47.55,2553,0.424,25.3,-0.048,-0.999,7.27,6.93,20.493111,2.287409489,3.148183042,10.63889637,3.052489906,-0.068280905,-0.240527158,-0.071704447,0.696418606
11057500,0.012480057,64.4,2,932,1.05830344,0.21054091,1,1,5.10267,0.753186471,1,19.8,81.95876289,70.79037801,1.6,329,50.34,46.1,42.4,822.1,3.2,0.566,1.05,4,1.49,23.2,10.74,3.94,14.73,32.5,52.77,880.7,0.238,13.8,-0.199,-0.98,10.91,9.71,19.193511,2.02402941,2.564042553,11.73519757,9.619696049,0.124387617,0.004133387,-0.131043916,1.193373124
11124500,0.009019979,100.4,2,180,0.998099475,0.1147593,1,1,10.349061,0.625957006,1,9.833333333,81.94635488,87.27647868,2.37,191.5,83.1,54.6,38.1,636.9,4.5,0.711,1.17,4,1.85,23.3,9.72,1.35,23.93,41.12,34.95,1023.6,0.444,33.5,-0.78,-0.626,8.76,15.75,17.185694,6.08393386,7.478694517,,,0.03041636,0.030588094,0.002068006,
11138500,0.000858556,24.1,1,423,1.001185874,0.243270318,1,1,14.684484,0.673222561,1,27.83333333,81.94060773,78.52209945,2,728.9,69.82,57.6,39.6,665.2,7.1,0.686,1.16,5,1.44,28.2,9.8,1.39,21.86,41.68,36.45,994.2,0.424,34.2,0.199,-0.98,16.64,2.46,16.60856,2.711386657,3.72223899,,,-0.017412532,-0.069081844,-0.02870181,0.694239571
11138500,0.008507866,21,2,145,1.033192968,0.227103652,1,1,5.562678,0.956816384,1,22.95666667,81.93247126,81.82471264,2,728.9,69.82,57.6,39.6,665.2,7.1,0.686,1.16,5,1.44,28.2,9.8,1.39,21.86,41.68,36.45,994.2,0.424,34.2,0.199,-0.98,8.21,17.01,16.60856,2.132233872,2.931760187,,,0.030284293,0.031200972,0.00251511,
11065000,0.018401663,101.1,2,127,1.024591873,0.088325567,1,1,33.742927,1.953161117,1,32,81.93005181,67.74611399,1.55,364.7,81.4,47.7,43.6,701.5,4.2,0.649,1.11,5,1.12,49.6,10,6.62,10.83,28.51,60.66,1250.1,0.343,27.3,-0.675,0.738,7.23,10.24,19.024359,9.084707504,11.94332328,33.44313134,17.52322457,-0.009785177,-0.017146948,-0.004747299,0.8073376
9510200,0.003795106,10.7,1,7,1.22940151,0.533687749,1,1,38.424484,0.967102488,1,15.5,81.92340067,96.67508418,1.74,425.3,61.33,36.1,50,956.2,2.1,0.215,1.04,5,1.39,30.1,10.19,4.14,15.96,29.86,54.17,1161.3,0.383,21.4,-0.57,-0.822,27.56,4.68,17.785195,16.38612732,18.54300494,51.02477531,24.56769952,-0.003355298,-0.003700994,0.002072383,1.043331469
11143000,0.111999362,178,1,415,1.036071269,0.112702729,1,1,29.9711,1.327452654,1,17,81.89781022,81.60583942,2.74,120.6,116.26,67.4,72.8,639.5,3.4,0.654,0.98,4,1.47,40.3,10.29,4.14,14.13,31.45,54.42,779,0.492,43.6,-0.447,-0.894,16.01,5.19,18.127121,15.90995837,20.11791045,86.30373134,57.91119403,-0.136880481,-0.207611445,-0.024214942,
9484000,0.28944869,130.4,1,784,0.921833335,0.277011995,1,1,69.267296,1.388299086,1,14.66666667,81.89762797,82.39700375,2.39,103.7,75.97,43.3,71.1,767.1,3.1,0.167,0.8,3,1.52,9.5,9.14,1.65,18.36,43.38,38.26,1878.8,0.534,35.6,-0.977,-0.213,22.08,10.6,17.656755,12.27435075,20.33982642,59.10578592,25.9246866,0.032199617,-0.082769652,-0.028765416,0.762986287
11274538,0.002473348,17.8,2,170,1.124504786,0.363681724,1,1,21.29077,1.252220249,1,30,81.8627451,70.26143791,1.27,469.4,42.12,61.9,44.8,864.4,1.3,0.619,0.06,4,1.31,29.8,10.95,1.77,24.47,43.22,32.31,405.1,0.34,20.9,-0.28,0.96,8.64,5.48,18.511698,8.636513396,9.777673626,,,-0.061436979,-0.126443083,0.002099572,0.611608627
11015000,0.006730653,0,1,875,1.018673458,0.087865765,1,1,81.490142,1.480326105,1,30,81.82056663,74.34417629,1.44,117.8,76.11,45.5,48.7,677.6,11.1,0.564,0.71,3,1.32,40,10.19,5.47,12.93,24.7,62.37,1330.9,0.351,17.6,-0.501,-0.865,7.93,16.06,15.126983,64.84675838,71.42852292,,,-0.047403302,-0.083739091,-0.016223618,1.021402429
11478500,0.248835786,58.2,1,446,0.958948087,0.091067865,1,1,12.895813,1.546514251,1,51.5,81.65637486,84.59861969,1.44,572.4,186.88,62.5,90.6,614.2,24.9,0.537,0.86,6,1.67,36.7,10.37,1.41,23.84,42.24,33.92,923,0.484,25.8,0.884,-0.467,13.6,11.98,14.61381,1.95071882,5.137264151,8.748707198,1.959399022,-0.086162704,-0.125107951,-0.015183729,0.585520602
11143000,0.130313723,54.7,2,504,1.003205575,0.088819199,1,1,29.9711,1.327452654,1,13,81.60583942,91.72749392,2.74,120.6,116.26,67.4,72.8,639.5,3.4,0.654,0.98,4,1.47,40.3,10.29,4.14,14.13,31.45,54.42,779,0.492,43.6,-0.447,-0.894,8.33,25.11,18.127121,15.90995837,20.11791045,86.30373134,57.91119403,-0.136880481,-0.207611445,-0.024214942,
11148900,0.131232846,56.5,2,500,1.073345042,0.264428943,1,1,10.274829,1.729434032,1,28.5,81.58188932,90.72107323,1.48,403.5,69.16,62.7,52.5,745.3,1.5,0.653,0.99,5,1.22,31.2,11.37,2.86,22.94,36.87,40.19,551.8,0.337,21.3,-0.586,0.81,8.56,15,16.11163,2.112819809,3.949739777,20.74907063,12.52795539,-0.089672211,-0.151613332,-0.019478339,
11143000,0.063865464,169.1,2,827,0.995359885,0.056149091,1,1,13.697515,0.363115177,1,12.96777778,81.56498674,72.20159151,2.74,120.6,116.26,67.4,72.8,639.5,3.4,0.654,0.98,4,1.47,40.3,10.29,4.14,14.13,31.45,54.42,779,0.492,43.6,-0.447,-0.894,8.33,25.11,18.127121,0.979707657,4.544776119,86.30373134,57.91119403,-0.02982169,-0.041495503,-0.00798715,
7103700,0.170415381,181.3,1,752,0.990407517,0.270454143,1,1,10.334753,0.918584336,1,16.875,81.54939262,87.14187486,2.23,264.2,59.97,52.8,94.9,393.5,27.6,0.361,0.86,4,1.42,49.5,10.03,9,11.62,33.61,54.77,2775.2,0.373,26.9,0.329,0.944,15.24,9.63,15.226314,5.396997417,6.578652536,9.350870553,5.675132475,-0.073427221,-0.138797398,-0.02782991,0.527450528
14182500,0.362352612,36.4,1,622,1.008575322,0.053461567,1,1,94.322738,0.972852816,1,27,81.51427939,73.45583352,1.73,286.8,224.25,70.2,175.5,549.7,22.8,0.386,0.68,3,1.26,56.8,10.1,2.57,20.62,47.93,31.45,818.3,0.42,35.9,-0.784,-0.621,6.18,19.4,13.492479,74.72694879,73.6289749,93.98661088,73.25648536,-0.244625316,-0.502415227,-0.227598821,0.304124638
11152000,0.071120472,51.3,2,920,1.080911699,0.264542114,1,1,38.563747,1.45200031,1,23.66666667,81.48148148,75.7037037,2.07,625.1,80.89,63.9,60.5,663.8,2.9,0.654,1.03,5,2.35,38.3,10.02,3.14,20.17,34.81,45.02,759.1,0.387,34.7,-0.132,0.991,8.57,12.76,17.294107,14.91749383,22.51871701,14.97461206,10.20955047,-0.040209457,-0.070277138,-0.018460304,0.651840956
11152000,0.239182225,54.8,2,182,1.009473431,0.090089663,1,1,10.954941,1.60170771,1,23.9,81.44409938,92.80538302,2.07,625.1,80.89,63.9,60.5,663.8,2.9,0.654,1.03,5,2.35,38.3,10.02,3.14,20.17,34.81,45.02,759.1,0.387,34.7,-0.132,0.991,8.25,16.63,17.294107,2.102052119,3.129195329,14.97461206,10.20955047,0.008995308,0.013725339,0.004678276,1.119487192
11143000,0.050481893,4.8,2,133,0.994130087,0.201513102,1,1,99.985297,0.997222043,1,29.5,81.42589118,82.97373358,2.74,120.6,116.26,67.4,72.8,639.5,3.4,0.654,0.98,4,1.47,40.3,10.29,4.14,14.13,31.45,54.42,779,0.492,43.6,-0.447,-0.894,11.4,13.95,18.127121,33.21126627,44.52462687,86.30373134,57.91119403,-0.174384752,-0.24477222,-0.020714274,0.306190458
11028500,0.024581245,52.9,2,842,1.035673051,0.101253572,1,1,59.833561,1.393602004,1,18,81.40985652,81.03555833,1.75,146.3,47.31,53.2,40,817.6,0.1,0.607,0.82,3,1.39,26.8,11.3,2.46,16.66,32,51.34,561.3,0.27,8.7,-0.125,-0.992,11.32,9.59,15.589059,13.30200551,18.34757348,,,0.008513387,-0.004570397,-0.010924288,0.927810373
11149900,0.017201806,50.4,2,500,1.128571081,0.290194252,1,1,8.664033,1.715767974,1,28.5,81.40716961,90.90422686,1.56,556.4,63.26,62,54,737.5,1.5,0.659,1.13,4,1.35,33.5,10.91,2.31,24.37,37.78,37.85,533.4,0.186,19.5,-0.995,-0.102,8.3,13.77,16.227347,1.544994989,3.774209202,28.84609993,15.65149173,-0.095944476,-0.147464849,-0.019542126,
11152050,0.033436971,52.2,2,920,1.08041161,0.283463762,1,1,31.232187,1.394009406,1,25,81.38957816,75.58312655,1.67,771.5,74.52,63.7,58.2,676.7,2.4,0.652,1.04,6,2.02,38.4,10.1,2.9,21.11,35.63,43.26,674.8,0.359,31.4,0.227,0.974,8.75,11.74,17.029979,12.27500159,18.24777706,12.12311082,8.239170447,-0.040209457,-0.070277138,-0.018460304,0.651840956
11152050,0.154889151,55.3,2,182,1.026398121,0.112348425,1,1,8.868908,1.491041107,1,23.9,81.32154006,92.76795005,1.67,771.5,74.52,63.7,58.2,676.7,2.4,0.652,1.04,6,2.02,38.4,10.1,2.9,21.11,35.63,43.26,674.8,0.359,31.4,0.227,0.974,8.44,15.13,17.029979,1.729693567,2.523499676,12.12311082,8.239170447,0.008995308,0.013725339,0.004678276,1.119487192
11113500,0.025575598,9.3,2,838,1.036277852,0.114111483,1,1,85.14101,0.938475197,1,14.75,81.29251701,90.6122449,2.67,103.3,67.78,49.9,39.1,708.5,2.6,0.693,1.18,4,1.59,40.1,9.58,1.4,23.56,44.22,32.23,996,0.437,34.4,-0.944,-0.329,9.53,12.82,15.259699,30.60330822,37.52207164,84.35972894,53.69332043,0.244986512,0.024449276,-0.077576051,0.956848087
9404450,0.005223206,14.9,1,45,1.071825098,0.211517787,1,1,14.12125,1.495243097,1,10.5,81.26689189,92.26351351,2.21,193,46.03,54.3,64.1,511.3,37.5,0.146,0.49,3,1.1,77.9,10.5,1.53,27.11,45.25,27.64,2214.5,0.528,23.3,-0.996,0.092,17.5,4.15,16.150084,4.678595116,7.601968912,13.95839378,7.030725389,0.005865972,0.002399309,-0.003304595,1.046107973
11014000,0.012351616,153.1,2,638,1.057936971,0.168045833,1,1,5.043274,0.752773408,1,55.88916667,81.25478194,74.44529457,2.91,181.8,44.33,55.8,42.1,846.3,0,0.609,1.26,5,1.39,33.8,10.3,3.01,18.77,38.69,42.55,490.9,0.343,19.4,-0.048,-0.999,11.77,8.75,16.12831,1.534653813,2.248514851,,,0.108115657,-0.065945541,-0.170737304,1.025194801
11073300,0.287571532,28.3,2,799,1.106213208,0.32026556,1,1,30.521869,0.844669747,1,34.5,81.2542604,83.9127471,0.81,83.6,90.33,49.8,53.3,682.5,5.3,0.643,1.21,3,1.12,50,9.57,6.38,11.96,34.18,53.86,1477.5,0.443,40.8,-0.829,-0.56,6.43,18.88,20.142177,17.99244488,18.93767943,,,-0.040385227,-0.049763671,-0.021835675,0.961353526
11149900,0.019339309,15.4,2,983,1.143579801,0.34903568,1,1,21.73561,1.616261858,1,28,81.24338624,83.49206349,1.56,556.4,63.26,62,54,737.5,1.5,0.659,1.13,4,1.35,33.5,10.91,2.31,24.37,37.78,37.85,533.4,0.186,19.5,-0.995,-0.102,9.33,13.34,16.227347,8.848335816,13.12359813,28.84609993,15.65149173,-0.018115559,-0.040637275,-0.022927574,0.784858977
11372000,0.03129779,0,1,674,1.058310559,0.189118186,1,1,6.341896,0.624858698,1,56,81.19843682,66.86930091,1.46,589.9,149.15,61.6,92.2,773.2,13.3,0.544,0.71,4,1.55,62,10.11,2.48,20.64,39.59,39.77,857.8,0.39,33.5,-0.806,0.592,9.94,9.97,14.264321,1.867578044,3.624563485,,,-0.121718287,-0.174870667,-0.022687286,0.503725216
11073360,0.385262856,28.3,2,799,1.195607905,0.399157742,1,1,20.134001,,1,34.5,81.19015048,83.85772914,0.95,132.3,74.76,53,45.8,744.3,3.4,0.65,0.9,3,1.12,44.1,10.29,6.95,11.8,32.18,56.02,1050.4,0.295,27.1,-0.86,-0.509,8.45,15.84,14.250404,16.06905269,12.00204082,,,-0.03889716,-0.047009512,-0.021770958,0.962903443
11138500,0.004972634,6.4,2,161,0.98549833,0.203241427,1,1,5.562678,0.956816384,1,28.8,81.14224138,79.66954023,2,728.9,69.82,57.6,39.6,665.2,7.1,0.686,1.16,5,1.44,28.2,9.8,1.39,21.86,41.68,36.45,994.2,0.424,34.2,0.199,-0.98,9.16,14.96,16.60856,2.132233872,2.931760187,,,0.030284293,0.031200972,0.00251511,
9484000,0.016930018,36.8,2,538,1.064680655,0.209014834,1,1,85.517068,1.046778775,1,28,81.08655044,67.31008717,2.39,103.7,75.97,43.3,71.1,767.1,3.1,0.167,0.8,3,1.52,9.5,9.14,1.65,18.36,43.38,38.26,1878.8,0.534,35.6,-0.977,-0.213,5.25,6.72,17.656755,21.59321881,31.624108,59.10578592,25.9246866,-0.075001263,-0.13012394,-0.017316944,0.572519765
11383500,0.044012249,97.7,1,1027,1.057677959,0.181022497,1,1,21.253635,0.395356367,1,99.5,81.06280193,83.67149758,1.18,539.8,148.35,51.6,86.3,606.3,32.5,0.527,0.62,4,1.49,64.2,10.29,2.55,21.19,39.81,39,1278.9,0.504,23,-0.103,-0.995,11.85,7.23,15.939202,4.402933364,6.852537977,11.6002223,5.542645424,-0.06398127,-0.04151837,-0.008385857,
11169800,0.066362855,75.6,2,912,0.961638489,0.126626151,1,1,19.710195,1.254471196,1,17.75,81.05345912,82.2851153,1.22,282.9,60.85,63.3,56.7,817.9,1.8,0.626,0.99,4,1.41,31.7,10.98,2.22,23.01,45.71,31.28,604,0.421,25.6,-0.968,-0.251,9.94,10.2,15.108,8.512952968,12.39353128,,,-0.05197041,-0.089555726,-0.018581726,0.693486301
11065000,0.00550497,24.6,1,1003,0.939995418,0.398252983,1,1,33.742927,1.953161117,1,23.9,81.02331606,78.30310881,1.55,364.7,81.4,47.7,43.6,701.5,4.2,0.649,1.11,5,1.12,49.6,10,6.62,10.83,28.51,60.66,1250.1,0.343,27.3,-0.675,0.738,14.32,1.99,19.024359,9.084707504,11.94332328,33.44313134,17.52322457,0.084418299,-0.035580624,-0.099919284,0.745010548
11025500,0.002452097,2.4,1,901,1.057071406,0.210925279,1,1,16.382785,0.674671611,1,23,81.0012837,74.19768935,1.59,288.7,61.83,49,43.1,760.7,1.6,0.57,0.88,4,1.39,32.2,10.45,3.04,16.47,31.29,52.24,891.8,0.428,20.2,-0.631,-0.776,12.79,4.12,16.426629,11.15906388,12.28919293,,,-0.027877997,-0.041292397,-0.019523264,1.382956825
11143000,0.455511033,11.8,2,210,1.020516718,0.122799176,1,1,86.219962,1.022908078,1,40.8,80.97826087,68.10018904,2.74,120.6,116.26,67.4,72.8,639.5,3.4,0.654,0.98,4,1.47,40.3,10.29,4.14,14.13,31.45,54.42,779,0.492,43.6,-0.447,-0.894,8.68,23.37,18.127121,14.47744466,22.15223881,86.30373134,57.91119403,-0.031238989,-0.040315131,0.002169895,1.009060924
11451100,0.106073968,85.5,1,945,1.057155397,0.214048358,1,1,99.307087,1,1,22.96305556,80.96477182,72.57806245,2.44,155.1,122.99,60.8,72.9,711.9,2.9,0.62,0.88,4,1.26,40.7,10.13,1.39,20.14,45.4,34.46,910.7,0.327,31.1,-0.452,0.892,8.57,17.58,14.155992,57.75060676,75.95280464,99.99632495,87.05802708,-0.061798733,-0.106175213,-0.013565527,
11153000,0.057780192,83.4,2,912,1.002083474,0.121439338,1,1,10.488957,2.512752181,1,16.8,80.95370887,80.08923592,1.11,375.4,52.87,62.6,46.9,835.2,1.3,0.643,1.11,5,1.85,28.4,10.45,2.08,24.44,44.87,30.7,424.1,0.363,20.9,-0.996,-0.088,11,8.79,15.589845,3.405985647,4.396909963,,,-0.039911175,-0.064240113,-0.013477485,0.728067193
9404450,0.013028672,39.8,1,35,1.081406508,0.222393702,1,1,14.12125,1.495243097,1,13,80.92905405,85.2027027,2.21,193,46.03,54.3,64.1,511.3,37.5,0.146,0.49,3,1.1,77.9,10.5,1.53,27.11,45.25,27.64,2214.5,0.528,23.3,-0.996,0.092,17.5,4.15,16.150084,4.678595116,7.601968912,13.95839378,7.030725389,0.005865972,0.002399309,-0.003304595,1.046107973
11148900,0.432998213,138.7,2,162,1.12329474,0.361517702,1,1,10.274829,1.729434032,1,27,80.82727781,72.49860257,1.48,403.5,69.16,62.7,52.5,745.3,1.5,0.653,0.99,5,1.22,31.2,11.37,2.86,22.94,36.87,40.19,551.8,0.337,21.3,-0.586,0.81,9.43,14.72,16.11163,2.112819809,3.949739777,20.74907063,12.52795539,0.006038307,0.003284054,0.005339703,
11025500,0.002648265,3.5,2,977,1.068921984,0.177326742,1,1,7.499671,0.63456728,1,32.66666667,80.82556591,67.97603196,1.59,288.7,61.83,49,43.1,760.7,1.6,0.57,0.88,4,1.39,32.2,10.45,3.04,16.47,31.29,52.24,891.8,0.428,20.2,-0.631,-0.776,9.46,12.2,16.426629,5.200985221,3.255836508,,,0.005724847,-0.008200152,-0.023048129,
11456000,0.106838308,153,2,456,0.957112667,0.128863093,1,1,8.882523,2.160787162,1,35.66666667,80.82379863,89.01601831,1.79,212.3,104.44,64,69.8,743.7,1.5,0.624,0.68,4,1.39,28.5,10.89,2.14,24.23,44.57,31.21,305.3,0.209,20.9,-0.876,0.483,7.94,21.08,16.071526,1.060217481,3.36895902,,,0.151115828,-0.041238275,-0.085423292,0.601416408
9430600,0.070903533,55.6,1,839,1.090272251,0.499398243,1,1,91.945834,1.032051864,1,11.8,80.75761389,91.56808457,1.85,190.5,67.41,44.7,72,593.8,14,0.222,0.58,3,1.32,53.1,9.96,2.05,31.86,33.61,34.53,2371.3,0.444,40.6,-0.973,-0.231,18.25,10.8,15.895541,15.38212465,16.98897638,91.38944882,35.34944882,-0.033410195,-0.0663011,-0.011012309,0.650067681
11042400,0.001820485,44.4,2,611,1.052353225,0.236335632,1,1,5.418644,1.623115625,1,33.85722222,80.72750479,66.94320357,2.17,342.2,45.9,47.5,35.2,738.3,4.5,0.519,0.92,4,1.33,34.5,10.18,6.63,11.08,22.22,66.7,1119.3,0.457,17,0.473,-0.881,8.41,8.93,17.322787,2.08734395,4.6735827,,,-0.013044584,-0.070847167,-0.014318167,
11022480,0.015886639,9.7,2,124,1.08225862,0.222402667,1,1,18.106704,1.206871256,1,35,80.6116208,69.5412844,1.63,953.6,51.86,51.9,43.3,807.8,2.2,0.585,0.84,5,1.19,31,10.52,3.4,17.08,31.75,51.17,640.4,0.294,18.5,0.017,-1,10.9,10.13,15.3664,5.172206094,4.374381292,,,-0.002651266,0.004306109,-0.002820247,0.966853157
11149900,0.155223402,26.1,2,991,1.138830135,0.334018419,1,1,21.73561,1.616261858,1,37,80.60846561,67.67195767,1.56,556.4,63.26,62,54,737.5,1.5,0.659,1.13,4,1.35,33.5,10.91,2.31,24.37,37.78,37.85,533.4,0.186,19.5,-0.995,-0.102,9.33,13.34,16.227347,8.848335816,13.12359813,28.84609993,15.65149173,-0.018115559,-0.040637275,-0.022927574,0.784858977
11042400,0.006868194,15.5,2,946,0.969638824,0.205783956,1,1,5.418644,1.623115625,1,23.5,80.56796426,75.30312699,2.17,342.2,45.9,47.5,35.2,738.3,4.5,0.519,0.92,4,1.33,34.5,10.18,6.63,11.08,22.22,66.7,1119.3,0.457,17,0.473,-0.881,7.88,8.66,17.322787,2.08734395,4.6735827,,,-0.023759569,-0.085498497,-0.017434759,
11025500,0.003629104,37.2,2,897,1.086395575,0.212331689,1,1,7.499671,0.63456728,1,21.8,80.55925433,87.81624501,1.59,288.7,61.83,49,43.1,760.7,1.6,0.57,0.88,4,1.39,32.2,10.45,3.04,16.47,31.29,52.24,891.8,0.428,20.2,-0.631,-0.776,9.34,6.58,16.426629,5.200985221,3.255836508,,,0.005724847,-0.008200152,-0.023048129,
11065000,0.03540573,3.9,1,727,0.991340722,0.352507269,1,1,24.135281,0.744402096,1,23.5,80.54380665,75.34743202,1.55,364.7,81.4,47.7,43.6,701.5,4.2,0.649,1.11,5,1.12,49.6,10,6.62,10.83,28.51,60.66,1250.1,0.343,27.3,-0.675,0.738,15.23,2.84,19.024359,10.41161438,14.07153825,33.44313134,17.52322457,-0.06041197,-0.08610189,-0.015125256,0.79787982
9508300,0.414095431,91.6,2,241,1.082963278,0.219969264,1,1,83.630661,1.091927993,1,13,80.51444679,81.88865398,1.24,93,61.67,39.9,60.5,779.9,8.4,0.144,0.7,3,1.58,36,10.05,2.68,22.26,37.89,39.84,1496.5,0.503,27.8,0.203,-0.979,5.2,6.96,16.736963,25.49898573,26.68935484,,,-0.07765983,-0.144763968,-0.009734719,0.3593483
11451715,0.214746355,83.7,2,221,1.003486397,0.048796632,1,1,11.690112,0.296371599,1,32.5,80.51136364,90.79545455,0.9,247.9,70.02,59.6,55.5,854.4,1,0.615,0.96,4,1.19,43.2,10.66,0.49,37.34,42.78,19.88,560.5,0.34,18.2,-0.265,0.964,10.43,10.33,18.827651,1.945488238,3.78987495,23.98777733,10.34183138,-0.03605718,-0.06584007,0.002251203,0.654581878
9342500,0.042851151,10.6,1,761,0.929883827,0.327519421,1,1,10.452957,1.515753581,1,43,80.43233506,91.24071155,2,726.9,99.32,50.6,102.4,399.5,54.9,0.122,0.66,4,1.3,63.2,9.73,5.26,19.93,41.58,38.49,2968.1,0.436,31.2,-0.871,-0.491,13.75,7.06,11.980939,3.405147869,4.768551383,,,-0.025874019,-0.126403499,-0.011865462,0.768926331
8380500,0.015294799,129.9,1,90,1.123720795,0.80144716,0.930313589,1,99.368957,1.001978058,0.933333333,4.5,80.40685225,92.29122056,2.1,198.1,68.57,50.8,80.7,464.5,19.2,0.221,0.66,4,1.18,58,10.64,1.87,31.03,41.4,27.57,2652.5,0.381,25,-0.636,0.772,16.47,10.22,17.995738,30.00276242,42.76158506,96.58440182,48.47415447,0.009804609,0.004280286,0.019648497,1.00779206
11203580,0.019150682,0.8,1,400,1.020483974,0.120100076,1,1,6.246067,1.193245956,1,20,80.37305122,98.21826281,3,51.9,99.58,58.8,59.6,566.1,44.5,0.588,0.8,3,1.45,66.6,8.94,3.15,17.84,31.45,50.72,1892.1,0.45,34.8,-0.299,-0.954,11.2,3.96,17.121843,2.237154834,3.130057803,95.38420039,49.0867052,0.146144756,-0.169955884,-0.083807146,0.510440537
11463900,0.139226433,17.3,2,67,0.99792749,0.043207503,1,1,78.702752,0.833942644,1,14.66666667,80.33780858,77.39281074,2.86,114.1,115.9,65.1,67.8,746.4,0.7,0.617,0.72,3,1.38,36.4,11.12,1.75,27.22,44.13,28.65,413,0.282,23.9,-0.601,-0.799,8.17,17.79,15.761656,11.07121403,21.33260298,,,0.194109035,0.095483627,0.004804013,1.084489945
11143000,0.394463163,47.8,2,182,1.005997417,0.123816419,1,1,86.219962,1.022908078,1,9.928611111,80.29300567,91.06805293,2.74,120.6,116.26,67.4,72.8,639.5,3.4,0.654,0.98,4,1.47,40.3,10.29,4.14,14.13,31.45,54.42,779,0.492,43.6,-0.447,-0.894,8.33,25.11,18.127121,14.47744466,22.15223881,86.30373134,57.91119403,-0.031238989,-0.040315131,0.002169895,1.009060924
11014000,0.010280034,9.8,2,710,1.033328995,0.166817071,1,1,7.06468,1.142409136,1,43.75,80.27961737,59.82339956,2.91,181.8,44.33,55.8,42.1,846.3,0,0.609,1.26,5,1.39,33.8,10.3,3.01,18.77,38.69,42.55,490.9,0.343,19.4,-0.048,-0.999,11.45,4.97,16.12831,6.01277364,6.221287129,,,-0.031159249,-0.061151788,-0.024314305,
11057500,0.008598329,109.7,2,476,1.061800917,0.307712274,1,1,11.248274,1.350759162,1,24.66666667,80.21788991,71.55963303,1.6,329,50.34,46.1,42.4,822.1,3.2,0.566,1.05,4,1.49,23.2,10.74,3.94,14.73,32.5,52.77,880.7,0.238,13.8,-0.199,-0.98,9.81,5.41,19.193511,6.522506043,7.626474164,11.73519757,9.619696049,-0.17479477,-0.361559937,-0.105857091,0.402129986
11027000,0.006811606,16.9,1,722,1.035940456,0.094636675,1,1,70.526293,1.115871643,1,47,80.21235521,71.87902188,1.62,58.2,51.93,53.2,38.8,797.9,0.2,0.625,1,3,1.16,28.6,11.16,2.59,16.4,30.84,52.76,653.6,0.433,13,-0.467,-0.884,17.76,1.79,15.624757,49.6480909,49.63608247,,,-0.025618471,-0.03325335,-0.013415509,1.239786878
11456000,0.111506648,37.2,2,529,0.972693699,0.075564443,1,1,8.882523,2.160787162,1,21.95666667,80.18306636,82.10526316,1.79,212.3,104.44,64,69.8,743.7,1.5,0.624,0.68,4,1.39,28.5,10.89,2.14,24.23,44.57,31.21,305.3,0.209,20.9,-0.876,0.483,10.83,16.43,16.071526,1.060217481,3.36895902,,,0.151115828,-0.041238275,-0.085423292,0.601416408
11203580,0.082931727,3.6,1,625,1.021128092,0.07792618,1,1,6.246067,1.193245956,1,21.8,80.17817372,88.25167038,3,51.9,99.58,58.8,59.6,566.1,44.5,0.588,0.8,3,1.45,66.6,8.94,3.15,17.84,31.45,50.72,1892.1,0.45,34.8,-0.299,-0.954,10.67,3.7,17.121843,2.237154834,3.130057803,95.38420039,49.0867052,0.146144756,-0.169955884,-0.083807146,0.510440537
11062000,0.019161758,3.5,1,727,1.049509965,0.271058392,1,1,45.631597,0.587979741,1,23.5,80.16826923,75.12019231,1.97,119.7,109.2,48.3,52.3,619.9,7.1,0.655,0.94,4,1.19,53.5,9.25,6.33,11.52,31.03,57.45,1697.8,0.416,43.5,-0.072,0.997,12.73,3.71,17.137994,20.85678981,29.43759398,4.942857143,3.360902256,-0.078821144,-0.112891637,-0.015407568,0.700665482
11173510,0.034385271,101.7,2,486,1.164789847,0.395496607,1,1,77.737397,1.168928262,1,20.5,80.16241299,74.43155452,1.34,360.7,62.25,63.9,58.9,792.6,3.7,0.583,1.01,4,1.32,32.1,10.44,2.07,24.39,45.37,30.25,741.8,0.517,25.7,-0.113,-0.994,8.33,8.8,16.911694,17.24073271,29.29254228,,,-0.03302541,-0.141543883,-0.082939116,0.666629687
11027000,0.017320941,3.9,2,867,1.000194331,0.074260508,1,1,50.900245,0.591991427,1,34,80.05301524,63.75082836,1.62,58.2,51.93,53.2,38.8,797.9,0.2,0.625,1,3,1.16,28.6,11.16,2.59,16.4,30.84,52.76,653.6,0.433,13,-0.467,-0.884,11.4,11.03,15.624757,10.30581508,11.12010309,,,0.010100541,-0.003177161,-0.009773989,0.978380779
9404450,0.019366944,1.5,1,367,1.034486407,0.165400617,1,1,14.12125,1.495243097,1,7.75,80.05067568,87.77027027,2.21,193,46.03,54.3,64.1,511.3,37.5,0.146,0.49,3,1.1,77.9,10.5,1.53,27.11,45.25,27.64,2214.5,0.528,23.3,-0.996,0.092,18.37,3.18,16.150084,4.678595116,7.601968912,13.95839378,7.030725389,,,,0.42238348
11022480,0.010393128,0.6,2,47,1.090864732,0.26701432,1,1,18.106704,1.206871256,1,49,80.03058104,58.96024465,1.63,953.6,51.86,51.9,43.3,807.8,2.2,0.585,0.84,5,1.19,31,10.52,3.4,17.08,31.75,51.17,640.4,0.294,18.5,0.017,-1,10.6,5.73,15.3664,5.172206094,4.374381292,,,-0.002651266,0.004306109,-0.002820247,0.966853157
11173575,0.024172895,102.5,2,486,1.165198056,0.415393688,1,1,73.616074,0.93656286,1,20.5,80.00464468,74.45424988,1.33,385.4,62.15,64.2,58.9,791.9,3.5,0.584,1.05,4,1.31,31.9,10.49,2.02,24.69,45.37,29.94,718.4,0.514,25.8,-0.023,-1,8.39,8.83,17.382289,15.79414913,27.71761806,,,-0.032382521,-0.140382283,-0.082930973,0.668678281
11101250,0.427198547,2.4,2,536,1.165148618,0.250735626,1,1,9.043463,1.218738623,1,18.5,80,89.14285714,3.16,237.3,62.69,59.1,33.7,843.8,0.3,0.655,0.85,3,1.36,34,10.8,2.61,18.95,41.98,39.07,471.3,0.228,19.6,-0.987,-0.161,15.13,3.6,13.411358,0,3.349683944,19.49397387,12.38921197,-0.042418249,-0.066936498,-0.019972415,
11274630,0.038078114,112.7,2,567,1.072872494,0.180954565,1,1,14.544513,0.969698236,1,23,79.97084548,74.11078717,1.77,187.4,43.32,61.7,49.1,799,2.1,0.604,1.08,4,1.42,30.9,10.3,1.62,26.46,42.13,31.41,559.2,0.472,26.1,-0.722,0.692,7.89,8.15,18.975462,2.596224212,4.075933831,,,-0.045234715,-0.097401651,-0.006249959,0.568651794
9510200,0.002956188,89.2,1,827,1.179412103,0.555510711,1,1,13.021051,1.954168424,1,9,79.93589744,98.5042735,1.74,425.3,61.33,36.1,50,956.2,2.1,0.215,1.04,5,1.39,30.1,10.19,4.14,15.96,29.86,54.17,1161.3,0.383,21.4,-0.57,-0.822,26.64,6.95,17.785195,2.9162357,3.650787679,51.02477531,24.56769952,-0.010580844,-0.053186635,-0.012575144,0.712944338
11073495,0.344099685,32.9,2,881,1.160117783,0.427551591,1,1,26.085866,1.717892731,1,14.75,79.89260143,83.29355609,2.67,208.2,61.85,53.7,37.7,823.2,0.2,0.66,0.75,4,1.15,47.4,10.92,8.04,10,27.26,62.74,638.5,0.176,13.5,-0.99,-0.14,12.06,12.59,10.502607,21.64413972,15.30172911,,,-0.047959038,-0.060850333,-0.019647186,0.841883212
11451715,0.008098679,16.5,1,1058,0.983658823,0.275291245,1,1,11.655139,0.944331954,1,49,79.86221516,70.42925278,0.9,247.9,70.02,59.6,55.5,854.4,1,0.615,0.96,4,1.19,43.2,10.66,0.49,37.34,42.78,19.88,560.5,0.34,18.2,-0.265,0.964,17.68,2.67,18.827651,2.304121352,5.157482856,23.98777733,10.34183138,-0.020201164,-0.037042487,-0.012948582,0.829864732
11152000,0.032932856,59.3,2,917,1.133077835,0.418987985,1,1,38.563747,1.45200031,1,13.91666667,79.85185185,87.11111111,2.07,625.1,80.89,63.9,60.5,663.8,2.9,0.654,1.03,5,2.35,38.3,10.02,3.14,20.17,34.81,45.02,759.1,0.387,34.7,-0.132,0.991,8.57,12.76,17.294107,14.91749383,22.51871701,14.97461206,10.20955047,-0.040209457,-0.070277138,-0.018460304,0.651840956
11204100,0.010753798,74.9,2,449,1.132823677,0.310094008,1,1,45.981764,1.33889849,1,35,79.83831455,70.79862812,2.9,249.1,79.83,55.9,53.1,703.2,25.2,0.595,0.74,4,1.36,65.9,9.43,2.64,18.72,31.31,49.98,1348.7,0.417,34.4,0.119,-0.993,5.19,10.48,17.505672,14.70255814,23.47442794,48.9626656,16.38281815,-0.176420369,-0.332865736,-0.145271664,0.486976376
11062000,0.061506877,2.1,1,906,1.049916297,0.363344757,1,1,45.631597,0.587979741,1,18.8,79.83774038,82.45192308,1.97,119.7,109.2,48.3,52.3,619.9,7.1,0.655,0.94,4,1.19,53.5,9.25,6.33,11.52,31.03,57.45,1697.8,0.416,43.5,-0.072,0.997,8.72,5.53,17.137994,20.85678981,29.43759398,4.942857143,3.360902256,-0.078821144,-0.112891637,-0.015407568,0.700665482
11073360,0.212322641,36.9,2,877,1.138998843,0.286980827,1,1,20.134001,,1,15,79.82216142,82.96853625,0.95,132.3,74.76,53,45.8,744.3,3.4,0.65,0.9,3,1.12,44.1,10.29,6.95,11.8,32.18,56.02,1050.4,0.295,27.1,-0.86,-0.509,9.69,15.15,14.250404,16.06905269,12.00204082,,,-0.03889716,-0.047009512,-0.021770958,0.962903443
11113500,0.009703925,1.7,1,527,1.00666531,0.161560708,1,1,85.14101,0.938475197,1,15.98416667,79.79591837,81.83673469,2.67,103.3,67.78,49.9,39.1,708.5,2.6,0.693,1.18,4,1.59,40.1,9.58,1.4,23.56,44.22,32.23,996,0.437,34.4,-0.944,-0.329,14.94,1.75,15.259699,30.60330822,37.52207164,84.35972894,53.69332043,0.13520071,-0.143701071,-0.106993406,0.625855641
11169800,0.051148445,35.2,2,142,0.986812559,0.10788645,1,1,19.710195,1.254471196,1,29,79.79559748,68.29140461,1.22,282.9,60.85,63.3,56.7,817.9,1.8,0.626,0.99,4,1.41,31.7,10.98,2.22,23.01,45.71,31.28,604,0.421,25.6,-0.968,-0.251,8.01,11.87,15.108,8.512952968,12.39353128,,,-0.020831647,-0.039457795,-0.000658374,0.883383447
11025500,0.002452097,209.4,2,195,0.932946378,0.249400586,1,1,7.499671,0.63456728,1,30,79.79360852,59.58721704,1.59,288.7,61.83,49,43.1,760.7,1.6,0.57,0.88,4,1.39,32.2,10.45,3.04,16.47,31.29,52.24,891.8,0.428,20.2,-0.631,-0.776,8.73,11.95,16.426629,5.200985221,3.255836508,,,-0.074054021,-0.169407355,0.0000527,
11114495,0.00266538,41.2,2,723,1.010052444,0.111630314,1,1,99.929207,1.004411539,1,11.96888889,79.77667494,80.64516129,2.46,124.3,88.3,49.7,35.9,606.1,3.8,0.706,1.05,4,1.37,38.6,9.71,1.12,21.93,42.54,35.53,1162,0.521,38.3,-0.875,0.484,9.97,6.35,13.969926,72.44200871,74.63990346,91.62960579,77.48479485,0.239729372,0.026164334,-0.081860101,0.853478916
11152000,0.053000607,52.3,2,504,1.088146286,0.255257872,1,1,7.156277,1.825105706,1,13.8,79.76508275,91.51094501,2.07,625.1,80.89,63.9,60.5,663.8,2.9,0.654,1.03,5,2.35,38.3,10.02,3.14,20.17,34.81,45.02,759.1,0.387,34.7,-0.132,0.991,8.25,16.63,17.294107,3.419893111,4.751959686,14.97461206,10.20955047,-0.144762853,-0.216354713,-0.026505137,
11065000,0.05636965,0,2,173,0.910478043,0.39221836,1,1,7.378567,1.615275352,1,20.5,79.74300831,86.39455782,1.55,364.7,81.4,47.7,43.6,701.5,4.2,0.649,1.11,5,1.12,49.6,10,6.62,10.83,28.51,60.66,1250.1,0.343,27.3,-0.675,0.738,7.23,10.24,19.024359,1.590212935,1.93646833,33.44313134,17.52322457,-0.091922443,-0.176545355,-0.007113512,
9508300,0.073684628,29.2,1,410,1.249541608,0.669230382,0.96124031,1,83.630661,1.091927993,1,22.92861111,79.72163495,60.99365751,1.24,93,61.67,39.9,60.5,779.9,8.4,0.144,0.7,3,1.58,36,10.05,2.68,22.26,37.89,39.84,1496.5,0.503,27.8,0.203,-0.979,23.2,8.16,16.736963,25.49898573,26.68935484,,,-0.07765983,-0.144763968,-0.009734719,0.3593483
11065000,0.01087018,0,2,191,1.021147618,0.464098964,1,1,8.140156,1.901694811,1,23,79.70128988,87.64426341,1.55,364.7,81.4,47.7,43.6,701.5,4.2,0.649,1.11,5,1.12,49.6,10,6.62,10.83,28.51,60.66,1250.1,0.343,27.3,-0.675,0.738,11.2,4.11,19.024359,2.365863291,3.388017549,33.44313134,17.52322457,0.003139483,-0.006888002,-0.00523758,0.924603841
11077500,0.011712439,93,2,476,1.060496118,0.222453701,1,1,24.501378,1.161798467,1,30.8,79.68638632,70.77690663,1.28,240.8,51.01,60.8,37.1,825.6,0,0.654,1.13,5,1.61,20.2,10.37,1.7,25.4,46.19,28.41,553.2,0.308,25.4,-0.221,-0.975,12.34,11.9,17.754193,9.989975637,12.6130814,,,-0.041399881,-0.062625955,-0.015173694,0.666868373
11149900,0.008702689,86.4,2,808,1.100316063,0.258885815,1,1,8.664033,1.715767974,1,27.96,79.6682718,77.90262172,1.56,556.4,63.26,62,54,737.5,1.5,0.659,1.13,4,1.35,33.5,10.91,2.31,24.37,37.78,37.85,533.4,0.186,19.5,-0.995,-0.102,11.41,6.72,16.227347,1.544994989,3.774209202,28.84609993,15.65149173,,,,
11063510,0.011365921,0,2,173,0.934879616,0.243912048,1,1,15.999744,0.650293498,1,20,79.66349671,85.36942209,2.04,144.5,66.42,46,40.7,690.4,4.5,0.635,0.96,4,1.54,50.7,9.96,6.14,10.54,26.94,62.52,1273.4,0.272,22.4,-0.728,0.686,6.77,8.28,18.45637,3.489027728,3.731418685,74.67695502,36.88442907,-0.08731622,-0.16929898,-0.006783363,
11047300,0.08096303,34.7,2,161,1.076192759,0.180400395,1,1,11.921157,1.8590446,1,11.8,79.61685824,89.50191571,1.1,139.9,46.85,61.6,36.6,812.1,0,0.652,1.08,3,1.27,23.9,11.46,2.26,24.89,42.68,32.43,423.2,0.234,19.1,-0.597,-0.802,12.34,9.9,13.66011,4.902997679,7.699857041,11.53209435,10.94796283,0.041259974,-0.235467907,-0.063706538,0.495678495
11152050,0.013066478,52.5,2,504,1.118555824,0.335311378,1,1,5.778692,1.628838967,1,13.8,79.6027912,91.46537842,1.67,771.5,74.52,63.7,58.2,676.7,2.4,0.652,1.04,6,2.02,38.4,10.1,2.9,21.11,35.63,43.26,674.8,0.359,31.4,0.227,0.974,8.44,15.13,17.029979,2.814091554,3.832378483,12.12311082,8.239170447,-0.144762853,-0.216354713,-0.026505137,
11025500,0.027071154,100.8,2,842,0.983937479,0.097966616,1,1,57.038453,0.63853309,1,19,79.59770115,76.32183908,1.59,288.7,61.83,49,43.1,760.7,1.6,0.57,0.88,4,1.39,32.2,10.45,3.04,16.47,31.29,52.24,891.8,0.428,20.2,-0.631,-0.776,9.46,12.2,16.426629,35.29497486,34.52483547,,,0.004601165,-0.01412555,-0.015278874,0.884453394
11456000,0.022808178,25.5,2,433,1.01668731,0.064185434,1,1,8.882523,2.160787162,1,13.8,79.49656751,90.84668192,1.79,212.3,104.44,64,69.8,743.7,1.5,0.624,0.68,4,1.39,28.5,10.89,2.14,24.23,44.57,31.21,305.3,0.209,20.9,-0.876,0.483,8.25,16.25,16.071526,1.060217481,3.36895902,,,0.151115828,-0.041238275,-0.085423292,0.601416408
11152050,0.044411344,395,2,484,1.210241828,0.658570265,1,1,12.095121,1.606303196,1,13.93333333,79.47900053,86.49654439,1.67,771.5,74.52,63.7,58.2,676.7,2.4,0.652,1.04,6,2.02,38.4,10.1,2.9,21.11,35.63,43.26,674.8,0.359,31.4,0.227,0.974,8.75,11.74,17.029979,9.186214151,9.799792612,12.12311082,8.239170447,-0.124185954,-0.333706557,-0.13432245,0.476982831
11138500,0.004351055,73.5,2,180,1.058562162,0.273203262,1,1,5.562678,0.956816384,1,9.833333333,79.41810345,86.92528736,2,728.9,69.82,57.6,39.6,665.2,7.1,0.686,1.16,5,1.44,28.2,9.8,1.39,21.86,41.68,36.45,994.2,0.424,34.2,0.199,-0.98,9.16,14.96,16.60856,2.132233872,2.931760187,,,0.030284293,0.031200972,0.00251511,
11129800,0.00763525,24,1,597,1.042173693,0.172385276,1,1,19.694249,2.110868413,1,20.8,79.33194154,95.3375087,0.98,85.3,58.44,66.4,39.6,749.9,0.1,0.68,0.97,3,1.28,24.6,11.29,2.31,24.04,39.55,36.41,443.7,0.254,20,-0.839,-0.544,15.76,1.22,15.248683,0.276776534,1.44021102,,,0.026378043,0.019077106,0.000568816,
11113500,0.048519624,0,2,422,1.019705733,0.059571567,1,1,85.14101,0.938475197,1,7.875,79.31972789,84.62585034,2.67,103.3,67.78,49.9,39.1,708.5,2.6,0.693,1.18,4,1.59,40.1,9.58,1.4,23.56,44.22,32.23,996,0.437,34.4,-0.944,-0.329,8.24,15.01,15.259699,30.60330822,37.52207164,84.35972894,53.69332043,0.13520071,-0.143701071,-0.106993406,0.625855641
11475800,0.463053433,173.3,1,589,1.028346654,0.104425055,1,1,7.751945,0.72069388,1,17,79.29763291,79.31703531,2.23,642.1,206.67,64.8,106,657.8,7.2,0.589,0.89,5,1.8,28.1,11.21,2.07,25.53,42.82,31.65,626.1,0.382,26.8,-0.449,-0.893,8.47,31.48,16.808763,1.088201084,1.580221149,,,-0.084355112,-0.115455323,-0.012523929,0.650926216
11025500,0.014320248,0,1,313,1.132667328,0.329492948,1,1,7.499671,0.63456728,1,53,79.2942743,44.00798935,1.59,288.7,61.83,49,43.1,760.7,1.6,0.57,0.88,4,1.39,32.2,10.45,3.04,16.47,31.29,52.24,891.8,0.428,20.2,-0.631,-0.776,15.58,1.76,16.426629,5.200985221,3.255836508,,,-0.074054021,-0.169407355,0.0000527,
11023340,0.17827195,140.9,2,124,0.996863824,0.076486268,1,1,37.099197,1.443643241,1,13,79.21826625,82.35294118,2.81,109.6,39.02,60.2,39.8,841.8,0,0.626,1.08,3,1.17,24.2,11.67,2.82,23.07,37.6,39.33,263,0.251,12.8,-0.28,-0.96,12.68,7.97,14.786058,26.23438145,28.43786496,,,-0.015959233,-0.015997482,-0.002117241,1.554540454
9497980,0.003249202,121.9,1,427,0.46656635,1.20557023,0.683060109,1,9.741345,0.397009519,1,5.889166667,79.21541638,97.9008947,1.21,516.8,68.36,41,69.3,673.1,9.8,0.135,0.7,3,1.67,36.3,10.57,3.03,22.54,34.63,42.83,1688.6,0.518,19.9,-0.996,0.089,22.86,7.1,17.814094,1.281628952,1.802612229,7.793188854,1.943034056,-0.096259291,-0.156327566,-0.016329933,0.556373867
11055800,0.020746977,93,2,129,0.982716205,0.122603852,1,1,84.009376,1.028498129,1,29.94138889,79.2,83.50769231,2.27,50.5,78.15,44,42.4,729.1,7.1,0.609,1.21,3,1.35,32.7,9.72,5.91,13.16,30.59,56.25,1197,0.48,34.4,-0.802,-0.597,8.44,15.03,21.01686,69.21590056,59.36613861,,,-0.006372639,-0.009138372,0.000588325,1.425186313
11274630,0.005590834,184.9,2,532,1.053895365,0.161539781,1,1,13.905464,1.291954055,1,23.5,79.19911012,72.13570634,1.77,187.4,43.32,61.7,49.1,799,2.1,0.604,1.08,4,1.42,30.9,10.3,1.62,26.46,42.13,31.41,559.2,0.472,26.1,-0.722,0.692,7.89,8.15,18.975462,4.696483564,5.048932764,,,-0.041494034,-0.069598546,-0.019274809,0.736767118
11461000,0.170162708,118.7,2,532,1.028711744,0.099521204,1,1,32.301184,1.065652935,1,9.961666667,79.06885759,88.18466354,1.95,259.6,118.6,63.1,81.2,730.9,3,0.607,0.95,4,1.1,36,11.3,1.16,28.24,42.59,29.17,448.3,0.314,20.6,-0.997,0.077,9.33,18.36,15.086673,6.630779176,11.66221109,,,0.168591806,-0.024895358,-0.112839417,0.580309863
11015000,0.006009512,2.7,1,885,0.991338237,0.083852352,1,1,81.490142,1.480326105,1,28,79.03987408,67.89087093,1.44,117.8,76.11,45.5,48.7,677.6,11.1,0.564,0.71,3,1.32,40,10.19,5.47,12.93,24.7,62.37,1330.9,0.351,17.6,-0.501,-0.865,7.93,16.06,15.126983,64.84675838,71.42852292,,,-0.047403302,-0.083739091,-0.016223618,1.021402429
8405105,0.022836145,20.4,1,144,1.003595287,0.304459168,1,1,25.346613,0.9934997,1,7.889166667,79.03915762,78.31523527,2,843.2,45.1,50.1,51,797.4,2.1,0.465,1.03,6,2,15.9,11.31,1.46,24.88,44.89,30.23,1512.1,0.403,10.5,0.526,0.85,20.43,9.72,22.253605,18.45302136,15.1032851,,,0.027796139,0.029102044,0.000595624,1.23055231
11023340,0.088619245,0.4,2,18,1.040215497,0.161621994,1,1,37.099197,1.443643241,1,31,79.0247678,65.24767802,2.81,109.6,39.02,60.2,39.8,841.8,0,0.626,1.08,3,1.17,24.2,11.67,2.82,23.07,37.6,39.33,263,0.251,12.8,-0.28,-0.96,15.1,3.5,14.786058,26.23438145,28.43786496,,,-0.015959233,-0.015997482,-0.002117241,1.554540454
11525630,0.057886861,134.9,1,299,1.078344592,0.233018534,1,1,37.82027,1.48548154,1,12.9375,78.86963371,77.39267428,1.92,94.9,115.99,60.1,76.3,758.2,22.2,0.519,0.73,3,1.43,60.7,9.98,5.88,13.74,26.92,59.33,1017.4,0.392,24.4,0.951,-0.308,12.88,5.05,15.275653,21.35595009,26.57608008,,,0.273876697,0.164177694,0.017816894,0.672333431
11274538,0.006213533,0,2,116,1.02552856,0.439034874,1,1,21.29077,1.252220249,1,56.5,78.8671024,58.9869281,1.27,469.4,42.12,61.9,44.8,864.4,1.3,0.619,0.06,4,1.31,29.8,10.95,1.77,24.47,43.22,32.31,405.1,0.34,20.9,-0.28,0.96,11.98,4.67,18.511698,8.636513396,9.777673626,,,-0.061436979,-0.126443083,0.002099572,0.611608627
11149900,0.04707595,130.1,2,530,1.051206672,0.172343534,1,1,8.664033,1.715767974,1,25.5,78.83895131,66.13162119,1.56,556.4,63.26,62,54,737.5,1.5,0.659,1.13,4,1.35,33.5,10.91,2.31,24.37,37.78,37.85,533.4,0.186,19.5,-0.995,-0.102,9.33,13.34,16.227347,1.544994989,3.774209202,28.84609993,15.65149173,-0.095944476,-0.147464849,-0.019542126,
11149900,0.02040806,42.1,2,934,1.092275876,0.236833183,1,1,21.73561,1.616261858,1,22.66666667,78.83597884,74.28571429,1.56,556.4,63.26,62,54,737.5,1.5,0.659,1.13,4,1.35,33.5,10.91,2.31,24.37,37.78,37.85,533.4,0.186,19.5,-0.995,-0.102,8.45,9.76,16.227347,8.848335816,13.12359813,28.84609993,15.65149173,-0.018115559,-0.040637275,-0.022927574,0.784858977
11113500,0.293310719,31.1,2,435,1.074533002,0.207425869,1,1,85.14101,0.938475197,1,10.93333333,78.7755102,88.23129252,2.67,103.3,67.78,49.9,39.1,708.5,2.6,0.693,1.18,4,1.59,40.1,9.58,1.4,23.56,44.22,32.23,996,0.437,34.4,-0.944,-0.329,8.56,17.65,15.259699,30.60330822,37.52207164,84.35972894,53.69332043,0.13520071,-0.143701071,-0.106993406,0.625855641
11047300,0.116384356,110.5,2,610,1.133606079,0.289532984,1,1,11.921157,1.8590446,1,11.91666667,78.77394636,90.26819923,1.1,139.9,46.85,61.6,36.6,812.1,0,0.652,1.08,3,1.27,23.9,11.46,2.26,24.89,42.68,32.43,423.2,0.234,19.1,-0.597,-0.802,14.87,2.27,13.66011,4.902997679,7.699857041,11.53209435,10.94796283,0.064649032,-0.160446952,-0.110397484,0.541141138
11461000,0.298875526,245.8,2,467,1.071956601,0.219038205,1,1,32.301184,1.065652935,1,27.83333333,78.75586854,91.66666667,1.95,259.6,118.6,63.1,81.2,730.9,3,0.607,0.95,4,1.1,36,11.3,1.16,28.24,42.59,29.17,448.3,0.314,20.6,-0.997,0.077,6.98,23.46,15.086673,6.630779176,11.66221109,,,0.168591806,-0.024895358,-0.112839417,0.580309863
11451715,0.042720817,66.2,2,225,1.164490489,0.354766264,1,1,24.133838,1.666551161,1,30.83333333,78.74513619,93.87159533,0.9,247.9,70.02,59.6,55.5,854.4,1,0.615,0.96,4,1.19,43.2,10.66,0.49,37.34,42.78,19.88,560.5,0.34,18.2,-0.265,0.964,10.43,10.33,18.827651,2.888346264,4.86014522,23.98777733,10.34183138,0.14819574,-0.007832966,-0.033504715,0.809356648
11453500,0.107129073,21.8,2,122,0.996257577,0.059342888,1,1,68.402353,0.917637249,1,25,78.71410737,66.87473991,1.47,293.4,112.6,63,63.1,752.4,2,0.624,0.62,3,1.5,36.4,10.72,0.99,28.71,44.41,26.88,554.7,0.243,19.3,-0.169,0.986,7.16,23.78,17.47691,38.71637619,46.98312883,,,-0.005397959,-0.024779725,-0.001144985,0.927361723
11063510,0.020968164,0.9,2,937,0.992373532,0.152699157,1,1,75.044644,1.007263416,1,36.5,78.70081199,75.26545909,2.04,144.5,66.42,46,40.7,690.4,4.5,0.635,0.96,4,1.54,50.7,9.96,6.14,10.54,26.94,62.52,1273.4,0.272,22.4,-0.728,0.686,8.58,13.15,18.45637,20.60685912,23.61986159,74.67695502,36.88442907,0.082420918,-0.038169893,-0.099867697,0.741913803
10258500,0.001360145,57.9,1,51,1.025684515,0.434225423,1,1,11.73672,0.555594701,1,72,78.62997658,87.64637002,2,241.5,37.78,41.9,27.9,813.4,5.1,0.464,0.98,4,2.22,43.9,9.87,5.3,11.18,26.56,62.26,1195.3,0.44,22.7,0.863,0.506,22.06,1.91,22.326342,8.066832101,8.632173913,,,,,,0.946192032
11204100,0.00503587,8,2,930,1.016393576,0.091639507,1,1,14.215553,0.967391659,1,8.75,78.62924987,91.68915273,2.9,249.1,79.83,55.9,53.1,703.2,25.2,0.595,0.74,4,1.36,65.9,9.43,2.64,18.72,31.31,49.98,1348.7,0.417,34.4,0.119,-0.993,6.92,15.82,17.505672,1.184458719,2.632436772,48.9626656,16.38281815,0.301182649,0.096928178,-0.011631839,0.837459498
11451715,0.013935668,249.7,2,822,1.088678524,0.22780531,1,1,5.595129,0.165455251,1,25,78.62068966,77.81609195,0.9,247.9,70.02,59.6,55.5,854.4,1,0.615,0.96,4,1.19,43.2,10.66,0.49,37.34,42.78,19.88,560.5,0.34,18.2,-0.265,0.964,7.69,10.4,18.827651,0.869588895,1.310246067,23.98777733,10.34183138,-0.012961866,-0.028181083,-0.023621235,0.712904405
11042900,0.007231949,0,2,636,1.00751726,0.07766989,1,1,6.890085,1.723145088,1,23.5,78.53333333,68.46666667,1.45,227.1,38.42,52.1,30.4,862.2,0.2,0.588,1,3,1.35,24,11.73,2.76,18.12,34.83,47.04,611.1,0.274,8.4,-0.245,-0.97,14.75,2.16,16.576693,1.886222907,1.07675033,,,,,,
11204100,0.02023442,33.4,2,826,1.080561514,0.197484727,1,1,14.215553,0.967391659,1,22.66666667,78.49433351,81.97517539,2.9,249.1,79.83,55.9,53.1,703.2,25.2,0.595,0.74,4,1.36,65.9,9.43,2.64,18.72,31.31,49.98,1348.7,0.417,34.4,0.119,-0.993,5.19,10.48,17.505672,1.184458719,2.632436772,48.9626656,16.38281815,0.301182649,0.096928178,-0.011631839,0.837459498
11046250,0.012367674,16.8,2,518,1.073045662,0.206123852,1,1,14.830853,1.562492382,1,11.83333333,78.44175492,90.92284418,2.14,109.9,44.67,63.3,35,819.1,0,0.651,0.91,3,1.21,21.3,10.53,2.35,22.35,34.44,43.22,322.5,0.333,18.1,-0.472,-0.882,13.19,8.63,15.647458,5.815160593,5.688262056,,,-0.07217237,-0.131841652,-0.01744988,1.040754556
11138500,0.014879053,54.1,2,512,1.059967567,0.329849128,1,1,14.684484,0.673222561,1,29.75,78.41850829,92.05801105,2,728.9,69.82,57.6,39.6,665.2,7.1,0.686,1.16,5,1.44,28.2,9.8,1.39,21.86,41.68,36.45,994.2,0.424,34.2,0.199,-0.98,8.07,14.16,16.60856,2.711386657,3.72223899,,,-0.017412532,-0.069081844,-0.02870181,0.694239571
11148900,0.173339641,117.9,2,898,1.110456532,0.327961871,1,1,19.551763,1.597078602,1,23,78.32498609,65.05286589,1.48,403.5,69.16,62.7,52.5,745.3,1.5,0.653,0.99,5,1.22,31.2,11.37,2.86,22.94,36.87,40.19,551.8,0.337,21.3,-0.586,0.81,10.3,11.45,16.11163,4.013803818,9.585947955,20.74907063,12.52795539,-0.042442506,-0.05083615,-0.016209405,
11383500,0.055080883,122.9,1,317,0.988563156,0.210194303,1,1,15.279904,1.201487848,1,30,78.30587241,85.04435995,1.18,539.8,148.35,51.6,86.3,606.3,32.5,0.527,0.62,4,1.49,64.2,10.29,2.55,21.19,39.81,39,1278.9,0.504,23,-0.103,-0.995,11.85,7.23,15.939202,2.669585637,6.439551686,11.6002223,5.542645424,-0.103261117,-0.128258178,-0.00872834,0.570603288
11143000,0.116225753,138.9,2,534,1.047208557,0.164729747,1,1,29.9711,1.327452654,1,20.75,78.29683698,73.81995134,2.74,120.6,116.26,67.4,72.8,639.5,3.4,0.654,0.98,4,1.47,40.3,10.29,4.14,14.13,31.45,54.42,779,0.492,43.6,-0.447,-0.894,8.68,23.37,18.127121,15.90995837,20.11791045,86.30373134,57.91119403,-0.136880481,-0.207611445,-0.024214942,
11063510,0.004781525,0,2,501,1.021369721,0.131999416,1,1,19.701106,0.914667921,1,33,78.28776042,74.08854167,2.04,144.5,66.42,46,40.7,690.4,4.5,0.635,0.96,4,1.54,50.7,9.96,6.14,10.54,26.94,62.52,1273.4,0.272,22.4,-0.728,0.686,7.51,15.53,18.45637,6.090614167,8.283114187,74.67695502,36.88442907,-0.045797929,-0.085871561,-0.017805592,0.668526212
11274500,0.014899304,50.7,2,911,1.039664107,0.219961449,1,1,27.069601,1.263529895,1,12.5,78.25288562,92.96956978,1.48,347.8,45.32,61.6,45.7,861,1.4,0.624,1.05,4,1.63,30.1,10.73,1.77,24.88,42.82,32.31,475.6,0.378,24.4,-0.349,0.937,10.59,8.17,18.273952,7.729944851,9.815899942,,,-0.038463304,-0.06331748,-0.014461163,0.693667672
11113000,0.073623732,52.6,2,537,1.104740741,0.247876657,1,1,34.168763,0.626898493,1,38,78.24933687,61.20689655,1.41,650,68.34,45.4,34.7,663.4,7.7,0.69,1.22,4,1.67,44.6,9.91,2,22.07,41.65,36.28,1251.5,0.512,32.7,-1,0.016,7.03,17.46,16.054577,19.70198669,21.99904615,14.98787692,8.055507692,-0.100884584,-0.203599969,-0.018163254,0.353398313
11065000,0.015062964,0,1,787,0.965769868,0.232321381,1,1,33.742927,1.953161117,1,41,78.20595855,82.70725389,1.55,364.7,81.4,47.7,43.6,701.5,4.2,0.649,1.11,5,1.12,49.6,10,6.62,10.83,28.51,60.66,1250.1,0.343,27.3,-0.675,0.738,15.23,2.84,19.024359,9.084707504,11.94332328,33.44313134,17.52322457,0.084418299,-0.035580624,-0.099919284,0.745010548
11152000,0.048923637,188.3,2,913,1.031454993,0.313453359,1,1,38.563747,1.45200031,1,31,78.19753086,69.08641975,2.07,625.1,80.89,63.9,60.5,663.8,2.9,0.654,1.03,5,2.35,38.3,10.02,3.14,20.17,34.81,45.02,759.1,0.387,34.7,-0.132,0.991,8.57,12.76,17.294107,14.91749383,22.51871701,14.97461206,10.20955047,-0.040209457,-0.070277138,-0.018460304,0.651840956
11073495,0.403943108,60.9,1,728,1.132661923,0.361168603,1,1,26.085866,1.717892731,1,12.93333333,78.19212411,79.89260143,2.67,208.2,61.85,53.7,37.7,823.2,0.2,0.66,0.75,4,1.15,47.4,10.92,8.04,10,27.26,62.74,638.5,0.176,13.5,-0.99,-0.14,18,2.08,10.502607,21.64413972,15.30172911,,,-0.047959038,-0.060850333,-0.019647186,0.841883212
11204100,0.011595005,26.9,2,495,1.140028593,0.322441897,1,1,14.215553,0.967391659,1,30.96666667,78.143551,63.62655154,2.9,249.1,79.83,55.9,53.1,703.2,25.2,0.595,0.74,4,1.36,65.9,9.43,2.64,18.72,31.31,49.98,1348.7,0.417,34.4,0.119,-0.993,4.92,15.35,17.505672,1.184458719,2.632436772,48.9626656,16.38281815,0.233425458,0.031386928,-0.05449696,0.690050419
11383500,0.059802102,35.3,1,1068,1.004115442,0.104971927,1,1,15.279904,1.201487848,1,23.8,78.01013942,82.00253485,1.18,539.8,148.35,51.6,86.3,606.3,32.5,0.527,0.62,4,1.49,64.2,10.29,2.55,21.19,39.81,39,1278.9,0.504,23,-0.103,-0.995,11.85,7.23,15.939202,2.669585637,6.439551686,11.6002223,5.542645424,-0.093088912,-0.147086845,-0.016403308,0.537688566
9484000,0.087653801,159.9,1,802,1.203883384,0.667813055,1,1,69.267296,1.388299086,1,7.833333333,77.90262172,97.40948814,2.39,103.7,75.97,43.3,71.1,767.1,3.1,0.167,0.8,3,1.52,9.5,9.14,1.65,18.36,43.38,38.26,1878.8,0.534,35.6,-0.977,-0.213,21.03,13.39,17.656755,12.27435075,20.33982642,59.10578592,25.9246866,0.032199617,-0.082769652,-0.028765416,0.762986287
11274538,0.052302264,119,2,146,1.082196131,0.253092811,1,1,20.054364,1.350921136,1,23.5,77.84877529,70.39403621,1.27,469.4,42.12,61.9,44.8,864.4,1.3,0.619,0.06,4,1.31,29.8,10.95,1.77,24.47,43.22,32.31,405.1,0.34,20.9,-0.28,0.96,8.08,8.42,18.511698,5.650655605,7.274584576,,,-0.019154762,-0.045495344,0.000196474,0.856351492
11274538,0.007661347,51.7,2,911,1.062920167,0.26235897,1,1,20.054364,1.350921136,1,13.5,77.84877529,92.91799787,1.27,469.4,42.12,61.9,44.8,864.4,1.3,0.619,0.06,4,1.31,29.8,10.95,1.77,24.47,43.22,32.31,405.1,0.34,20.9,-0.28,0.96,10.93,7.55,18.511698,5.650655605,7.274584576,,,-0.038463304,-0.06331748,-0.014461163,0.693667672
11152000,0.049376634,136.9,2,534,1.088771003,0.299758053,1,1,7.156277,1.825105706,1,21.75,77.81633743,74.15910304,2.07,625.1,80.89,63.9,60.5,663.8,2.9,0.654,1.03,5,2.35,38.3,10.02,3.14,20.17,34.81,45.02,759.1,0.387,34.7,-0.132,0.991,8.78,16.68,17.294107,3.419893111,4.751959686,14.97461206,10.20955047,-0.144762853,-0.216354713,-0.026505137,
9510200,0.024634901,80.9,1,10,0.930765935,0.220444569,1,1,38.424484,0.967102488,1,18,77.77777778,91.16161616,1.74,425.3,61.33,36.1,50,956.2,2.1,0.215,1.04,5,1.39,30.1,10.19,4.14,15.96,29.86,54.17,1161.3,0.383,21.4,-0.57,-0.822,27.56,4.68,17.785195,16.38612732,18.54300494,51.02477531,24.56769952,-0.003355298,-0.003700994,0.002072383,1.043331469
11466800,0.03191178,42.2,2,104,1.003004781,0.173300635,1,1,12.714225,1.001456134,1,26.92333333,77.74538387,92.07968902,2.06,652.2,100.52,64.6,68.1,730.4,0.8,0.63,0.68,4,1.71,30,13.03,1.22,29.33,42.59,28.08,155.1,0.185,9.2,-0.054,-0.999,8.21,20.47,16.611166,3.097905528,3.795124195,,,0.312025727,0.18382691,0.033137834,1.066667466
11152050,0.022976448,137.2,2,534,1.110915542,0.350397079,1,1,5.778692,1.628838967,1,21.75,77.69726248,74.02039721,1.67,771.5,74.52,63.7,58.2,676.7,2.4,0.652,1.04,6,2.02,38.4,10.1,2.9,21.11,35.63,43.26,674.8,0.359,31.4,0.227,0.974,9.08,15.41,17.029979,2.814091554,3.832378483,12.12311082,8.239170447,-0.144762853,-0.216354713,-0.026505137,
11022480,0.002506229,34.9,2,854,1.30255093,0.666554962,1,1,18.106704,1.206871256,1,31,77.67584098,74.86238532,1.63,953.6,51.86,51.9,43.3,807.8,2.2,0.585,0.84,5,1.19,31,10.52,3.4,17.08,31.75,51.17,640.4,0.294,18.5,0.017,-1,10.9,10.13,15.3664,5.172206094,4.374381292,,,0.017516316,0.024627778,-0.009151997,1.066980112
11153000,0.017198282,134.2,2,124,1.01132458,0.102643809,1,1,10.488957,2.512752181,1,16.5,77.66313441,87.11656442,1.11,375.4,52.87,62.6,46.9,835.2,1.3,0.643,1.11,5,1.85,28.4,10.45,2.08,24.44,44.87,30.7,424.1,0.363,20.9,-0.996,-0.088,8.66,11.24,15.589845,3.405985647,4.396909963,,,-0.017526788,-0.036764162,-0.000810826,0.88266913
11123500,0.017981437,57,2,144,0.986612079,0.163922584,1,1,16.457797,0.447891372,1,12.75,77.66032417,80.33826638,1.89,718.1,79.99,52.6,34.3,660.8,3.8,0.712,1.27,5,1.39,25.8,9.92,1.14,22.63,41.55,35.82,934.1,0.378,31.2,-0.578,-0.816,8.31,17.22,18.753658,5.2299529,5.452388247,16.02817156,5.57082579,-0.013665477,-0.012168644,-0.003767537,0.771068736
11143000,0.101433385,81.5,2,264,1.018763928,0.104824844,1,1,86.219962,1.022908078,1,46.88916667,77.64650284,59.3100189,2.74,120.6,116.26,67.4,72.8,639.5,3.4,0.654,0.98,4,1.47,40.3,10.29,4.14,14.13,31.45,54.42,779,0.492,43.6,-0.447,-0.894,11.22,7.58,18.127121,14.47744466,22.15223881,86.30373134,57.91119403,-0.031238989,-0.040315131,0.002169895,1.009060924
11057500,0.01489,39.3,2,145,1.334036762,1.285519682,0.476293103,1,11.248274,1.350759162,0.685185185,2.9875,77.58027523,86.63990826,1.6,329,50.34,46.1,42.4,822.1,3.2,0.566,1.05,4,1.49,23.2,10.74,3.94,14.73,32.5,52.77,880.7,0.238,13.8,-0.199,-0.98,9.16,10.07,19.193511,6.522506043,7.626474164,11.73519757,9.619696049,0.097784004,0.025767833,-0.025238392,1.021227041
10260950,0.021023339,91.5,2,946,0.988766691,0.173234069,1,1,10.926878,0.653202168,1,43.5,77.53679318,67.62199845,2.1,175.1,66.31,43.9,49,724,6.7,0.611,0.97,4,1.24,39.2,10.29,5.47,13.39,28.27,58.34,1271.7,0.362,20.2,0.925,0.379,8.4,12.73,18.304836,7.69524916,7.127527127,10.63038264,5.662649914,0.078235695,-0.10005319,-0.114749105,0.605979138
10258500,0.002579586,10.1,2,939,1.036207104,0.408618068,1,1,34.911598,1.024974947,1,19.5,77.53581662,68.8252149,2,241.5,37.78,41.9,27.9,813.4,5.1,0.464,0.98,4,2.22,43.9,9.87,5.3,11.18,26.56,62.26,1195.3,0.44,22.7,0.863,0.506,7.76,8.36,22.326342,14.07063824,14.53863354,,,-0.03430361,-0.072449092,-0.013696117,
11109600,0.007080674,36.9,2,538,1.022615777,0.359645272,1,1,41.681744,1.066478672,1,28,77.5014979,63.0617136,1.66,963.8,55.61,42.7,35,676,11.8,0.673,1.1,5,2.08,52.1,10.21,5.72,18.55,37.45,44,1385.2,0.448,26,-0.765,0.644,5.91,14.06,16.693884,12.52429966,19.22524383,6.542218303,3.126727537,-0.088556875,-0.173314458,-0.010977479,0.46186249
9512280,0.063476496,68.7,1,444,1.16917848,0.546592521,1,1,77.294582,1.157801676,1,11.875,77.47205503,94.88392089,2.43,188.7,50.78,38.1,53.2,973.2,0.5,0.208,0.98,4,1.51,22.7,10.42,5.25,18.83,28.78,52.39,1150.1,0.484,21.1,-0.665,-0.747,23.71,3.67,17.665115,26.94965959,28.43465819,,,-0.008494311,-0.052430125,0.002836052,0.847229552
11113000,0.180356361,115.4,2,405,0.826974803,0.367548622,1,1,18.928716,1.316921813,1,18.9475,77.46051033,78.55407047,1.41,650,68.34,45.4,34.7,663.4,7.7,0.69,1.22,4,1.67,44.6,9.91,2,22.07,41.65,36.28,1251.5,0.512,32.7,-1,0.016,6.44,14.64,16.054577,6.141831074,9.616984615,14.98787692,8.055507692,0.164198315,-0.115015669,-0.082551455,0.693251489
11466800,0.050798343,80.6,2,157,1.018959,0.102992085,1,1,12.714225,1.001456134,1,18.90916667,77.45383868,74.97570457,2.06,652.2,100.52,64.6,68.1,730.4,0.8,0.63,0.68,4,1.71,30,13.03,1.22,29.33,42.59,28.08,155.1,0.185,9.2,-0.054,-0.999,11.27,16.5,16.611166,3.097905528,3.795124195,,,0.312025727,0.18382691,0.033137834,1.066667466
11065000,0.006522108,0,2,500,1.012708101,0.327744883,1,1,8.140156,1.901694811,1,33.5,77.42701969,73.72708758,1.55,364.7,81.4,47.7,43.6,701.5,4.2,0.649,1.11,5,1.12,49.6,10,6.62,10.83,28.51,60.66,1250.1,0.343,27.3,-0.675,0.738,7.67,19.01,19.024359,2.365863291,3.388017549,33.44313134,17.52322457,-0.045784416,-0.085541489,-0.017990704,0.672484666
11057500,0.01618104,0,2,903,1.050665705,0.292250833,1,1,5.10267,0.753186471,1,21,77.36254296,82.21649485,1.6,329,50.34,46.1,42.4,822.1,3.2,0.566,1.05,4,1.49,23.2,10.74,3.94,14.73,32.5,52.77,880.7,0.238,13.8,-0.199,-0.98,9.9,10.79,19.193511,2.02402941,2.564042553,11.73519757,9.619696049,0.124387617,0.004133387,-0.131043916,1.193373124
11059300,0.023826838,0.4,2,611,0.996820102,0.067726018,1,1,5.953975,1.553102126,1,65,77.33631785,65.47285954,1.38,946,67.84,42.5,47.8,641.9,27.6,0.57,1.05,5,1.86,28.1,10.09,7.16,11.69,29.16,59.16,1661,0.43,26,0.124,-0.992,4.77,15.02,19.036583,2.220004155,3.071511628,5.803953488,2.260084567,-0.079580129,-0.141999495,-0.013038604,0.562875645
11149900,0.03923844,66.6,2,193,1.133724852,0.314977796,1,1,12.824107,0.507351319,1,33,77.28790915,77.55511022,1.56,556.4,63.26,62,54,737.5,1.5,0.659,1.13,4,1.35,33.5,10.91,2.31,24.37,37.78,37.85,533.4,0.186,19.5,-0.995,-0.102,10.24,10.95,16.227347,0.822336042,1.076312006,28.84609993,15.65149173,0.019497291,0.027794087,0.004308875,1.178214387
11152000,0.032932856,28.8,2,186,1.128991516,0.363781988,1,1,38.563747,1.45200031,1,44.5,77.20987654,62.71604938,2.07,625.1,80.89,63.9,60.5,663.8,2.9,0.654,1.03,5,2.35,38.3,10.02,3.14,20.17,34.81,45.02,759.1,0.387,34.7,-0.132,0.991,8.57,12.76,17.294107,14.91749383,22.51871701,14.97461206,10.20955047,-0.172413345,-0.259903939,-0.017081463,0.414664174
11138500,0.011460368,0,2,214,0.931842729,0.271351659,1,1,43.010103,1.393757,1,31,77.20295623,72.37066515,2,728.9,69.82,57.6,39.6,665.2,7.1,0.686,1.16,5,1.44,28.2,9.8,1.39,21.86,41.68,36.45,994.2,0.424,34.2,0.199,-0.98,8.21,17.01,16.60856,32.67864011,35.43658938,,,-0.079948795,-0.1583225,-0.003626793,0.635399474
8294195,0.006484768,46.9,1,387,0.939022438,0.304082098,1,1,17.374893,0.678045527,1,3.966666667,77.0798963,94.48503417,2.27,78.6,73.93,49.1,74.6,399.9,36.7,0.115,0.4,2,1.21,73.1,9.46,3.82,21.29,50.78,27.93,2909.1,0.463,34.2,0.36,-0.933,15.09,10.1,13.3997,7.408677581,8.567175573,6.818708651,2.85470229,-0.039297524,-0.049703246,-0.002356364,0.726785306
11461500,0.052434162,44.1,2,238,1.016221504,0.071314136,1,1,23.026463,1.979605621,1,10.95,77.06558773,98.16865417,2.19,238.7,114.45,62.5,77.8,761.6,2,0.595,1.06,4,1.35,37.3,11.11,0.92,28.71,43.04,28.25,497.3,0.27,20.9,-0.276,-0.961,9.37,17.85,16.250428,5.04689448,7.209426058,23.12739841,8.386175115,0.247462344,0.074943405,0.002092771,0.783055803
11148900,0.171234301,52.7,2,823,1.017199781,0.227347322,1,1,6.063932,1.901817314,1,22,77.01793722,72.86995516,1.48,403.5,69.16,62.7,52.5,745.3,1.5,0.653,0.99,5,1.22,31.2,11.37,2.86,22.94,36.87,40.19,551.8,0.337,21.3,-0.586,0.81,8.75,10.52,16.11163,1.860832125,3.682081784,20.74907063,12.52795539,-0.028729434,-0.048945195,-0.013939367,0.763799659
9404450,0.013762268,36.9,1,390,0.973908904,0.159958672,1,1,14.12125,1.495243097,1,11.95472222,76.99324324,84.89864865,2.21,193,46.03,54.3,64.1,511.3,37.5,0.146,0.49,3,1.1,77.9,10.5,1.53,27.11,45.25,27.64,2214.5,0.528,23.3,-0.996,0.092,18.37,3.18,16.150084,4.678595116,7.601968912,13.95839378,7.030725389,,,,0.42238348
9510200,0.006644765,34.6,1,404,0.960972378,0.220421134,1,1,51.64207,0.937840864,1,7.833333333,76.80350737,85.41251495,1.74,425.3,61.33,36.1,50,956.2,2.1,0.215,1.04,5,1.39,30.1,10.19,4.14,15.96,29.86,54.17,1161.3,0.383,21.4,-0.57,-0.822,27.56,4.68,17.785195,13.07368334,14.52337174,51.02477531,24.56769952,-0.052821781,-0.210129636,-0.058818677,0.567500373
11059300,0.08830298,0.2,2,562,1.034137266,0.110803379,1,1,5.953975,1.553102126,1,46,76.72076105,66.81589256,1.38,946,67.84,42.5,47.8,641.9,27.6,0.57,1.05,5,1.86,28.1,10.09,7.16,11.69,29.16,59.16,1661,0.43,26,0.124,-0.992,4.66,8.01,19.036583,2.220004155,3.071511628,5.803953488,2.260084567,-0.079580129,-0.141999495,-0.013038604,0.562875645
11475800,0.061299454,129.1,1,809,0.993008506,0.122911476,1,1,7.751945,0.72069388,1,34.66666667,76.71711292,81.21847109,2.23,642.1,206.67,64.8,106,657.8,7.2,0.589,0.89,5,1.8,28.1,11.21,2.07,25.53,42.82,31.65,626.1,0.382,26.8,-0.449,-0.893,13.95,11.96,16.808763,1.088201084,1.580221149,,,-0.048942164,-0.081314107,-0.004481932,0.75166344
11065000,0.012966572,30.8,2,881,0.994873294,0.460505472,1,1,24.135281,0.744402096,1,14.75,76.70694864,81.75226586,1.55,364.7,81.4,47.7,43.6,701.5,4.2,0.649,1.11,5,1.12,49.6,10,6.62,10.83,28.51,60.66,1250.1,0.343,27.3,-0.675,0.738,8.63,16.46,19.024359,10.41161438,14.07153825,33.44313134,17.52322457,-0.06041197,-0.08610189,-0.015125256,0.79787982
10258500,0.001876063,15.7,2,244,0.943326847,0.72729672,1,1,34.911598,1.024974947,1,36.5,76.70487106,49.74212034,2,241.5,37.78,41.9,27.9,813.4,5.1,0.464,0.98,4,2.22,43.9,9.87,5.3,11.18,26.56,62.26,1195.3,0.44,22.7,0.863,0.506,9.65,6.02,22.326342,14.07063824,14.53863354,,,-0.067585553,-0.149738128,-0.003304783,
11169800,0.180170646,135.8,2,146,1.031855877,0.10823672,1,1,19.710195,1.254471196,1,24.5,76.59853249,75.68134172,1.22,282.9,60.85,63.3,56.7,817.9,1.8,0.626,0.99,4,1.41,31.7,10.98,2.22,23.01,45.71,31.28,604,0.421,25.6,-0.968,-0.251,8.01,11.87,15.108,8.512952968,12.39353128,,,-0.020831647,-0.039457795,-0.000658374,0.883383447
11159200,0.074979748,85.9,2,650,1.031088835,0.10857102,1,1,12.563615,1.632601188,1,8.75,76.59313725,83.92156863,1.76,71,84.62,68.1,68.6,691.1,0.1,0.629,0.85,3,1.21,34.5,10.12,2.59,21.18,36.59,42.23,305.2,0.333,21,-0.996,-0.089,11.51,14.9,16.438445,0.115679955,6.346901408,,,-0.065019601,-0.122480704,-0.014327841,0.614253963
9497980,0.002043764,154.9,1,419,0.801092198,0.592916655,1,1,9.741345,0.397009519,1,5.8,76.58293187,93.56503785,1.21,516.8,68.36,41,69.3,673.1,9.8,0.135,0.7,3,1.67,36.3,10.57,3.03,22.54,34.63,42.83,1688.6,0.518,19.9,-0.996,0.089,22.86,7.1,17.814094,1.281628952,1.802612229,7.793188854,1.943034056,-0.096259291,-0.156327566,-0.016329933,0.556373867
11274500,0.103399544,117.7,2,146,1.042451054,0.170460487,1,1,27.069601,1.263529895,1,15.5,76.57397692,70.67156348,1.48,347.8,45.32,61.6,45.7,861,1.4,0.624,1.05,4,1.63,30.1,10.73,1.77,24.88,42.82,32.31,475.6,0.378,24.4,-0.349,0.937,8.1,9.04,18.273952,7.729944851,9.815899942,,,-0.019154762,-0.045495344,0.000196474,0.856351492
11149900,0.003460718,27.6,2,921,1.241949446,0.527776013,1,1,8.664033,1.715767974,1,64.5,76.56500803,66.50615302,1.56,556.4,63.26,62,54,737.5,1.5,0.659,1.13,4,1.35,33.5,10.91,2.31,24.37,37.78,37.85,533.4,0.186,19.5,-0.995,-0.102,10.24,10.95,16.227347,1.544994989,3.774209202,28.84609993,15.65149173,,,,
8294195,0.012969536,23.4,1,61,1.045668057,0.228697564,1,1,17.374893,0.678045527,1,3.974444444,76.53782701,95.73415037,2.27,78.6,73.93,49.1,74.6,399.9,36.7,0.115,0.4,2,1.21,73.1,9.46,3.82,21.29,50.78,27.93,2909.1,0.463,34.2,0.36,-0.933,14.07,10.23,13.3997,7.408677581,8.567175573,6.818708651,2.85470229,-0.020832888,-0.02608942,-0.004104328,1
9342500,0.015543281,2.2,1,491,1.015848028,0.596346733,1,1,10.452957,1.515753581,1,47,76.45800495,62.08061247,2,726.9,99.32,50.6,102.4,399.5,54.9,0.122,0.66,4,1.3,63.2,9.73,5.26,19.93,41.58,38.49,2968.1,0.436,31.2,-0.871,-0.491,4.16,9.2,11.980939,3.405147869,4.768551383,,,-0.025874019,-0.126403499,-0.011865462,0.768926331
11152050,0.013433514,85.2,2,264,1.098389529,0.326736409,1,1,8.868908,1.491041107,1,46.94472222,76.43080125,60.14568158,1.67,771.5,74.52,63.7,58.2,676.7,2.4,0.652,1.04,6,2.02,38.4,10.1,2.9,21.11,35.63,43.26,674.8,0.359,31.4,0.227,0.974,12.1,4.74,17.029979,1.729693567,2.523499676,12.12311082,8.239170447,0.008995308,0.013725339,0.004678276,1.119487192
11057500,0.013254682,0,2,842,1.085897708,0.330225434,1,1,5.10267,0.753186471,1,19.83333333,76.37457045,76.63230241,1.6,329,50.34,46.1,42.4,822.1,3.2,0.566,1.05,4,1.49,23.2,10.74,3.94,14.73,32.5,52.77,880.7,0.238,13.8,-0.199,-0.98,9.81,5.41,19.193511,2.02402941,2.564042553,11.73519757,9.619696049,0.124387617,0.004133387,-0.131043916,1.193373124
11138500,0.002020133,48,2,121,1.019938513,0.206008369,1,1,5.562678,0.956816384,1,10.8,76.36494253,82.39942529,2,728.9,69.82,57.6,39.6,665.2,7.1,0.686,1.16,5,1.44,28.2,9.8,1.39,21.86,41.68,36.45,994.2,0.424,34.2,0.199,-0.98,8.07,14.16,16.60856,2.132233872,2.931760187,,,0.030284293,0.031200972,0.00251511,
11023340,0.020927577,11.9,2,875,1.05254724,0.143428207,1,1,37.099197,1.443643241,1,35,76.27708978,70.35603715,2.81,109.6,39.02,60.2,39.8,841.8,0,0.626,1.08,3,1.17,24.2,11.67,2.82,23.07,37.6,39.33,263,0.251,12.8,-0.28,-0.96,13.45,8.4,14.786058,26.23438145,28.43786496,,,-0.005470648,-0.009368654,-0.017733134,1.48298974
11109600,0.003995733,10.6,2,842,0.993425776,0.287666975,1,1,41.681744,1.066478672,1,41,76.2732175,66.26722588,1.66,963.8,55.61,42.7,35,676,11.8,0.673,1.1,5,2.08,52.1,10.21,5.72,18.55,37.45,44,1385.2,0.448,26,-0.765,0.644,5.53,7.27,16.693884,12.52429966,19.22524383,6.542218303,3.126727537,-0.054237196,-0.108104837,-0.011410457,0.669482329
11461500,0.172012521,89.2,2,241,1.004722063,0.028332833,1,1,23.026463,1.979605621,1,11.95,76.2350937,84.62521295,2.19,238.7,114.45,62.5,77.8,761.6,2,0.595,1.06,4,1.35,37.3,11.11,0.92,28.71,43.04,28.25,497.3,0.27,20.9,-0.276,-0.961,9.37,17.85,16.250428,5.04689448,7.209426058,23.12739841,8.386175115,0.247462344,0.074943405,0.002092771,0.783055803
9510200,0.061986737,257.7,1,430,0.992364588,0.149340039,1,1,51.64207,0.937840864,1,9,76.14587485,93.70267039,1.74,425.3,61.33,36.1,50,956.2,2.1,0.215,1.04,5,1.39,30.1,10.19,4.14,15.96,29.86,54.17,1161.3,0.383,21.4,-0.57,-0.822,26.64,6.95,17.785195,13.07368334,14.52337174,51.02477531,24.56769952,-0.052821781,-0.210129636,-0.058818677,0.567500373
11160500,0.106778436,93.8,2,499,0.902324467,0.279607011,1,1,19.295537,0.992160412,1,40.5,76.14364135,46.47758463,2.46,275.8,118.78,67,68.2,703.2,0.7,0.632,0.89,4,1.34,42.1,10.75,3,18.37,36.19,45.44,364.3,0.323,25.1,-0.998,-0.056,9.9,16.89,15.363053,2.493591322,7.196736766,,,-0.022487058,-0.187511714,-0.163053542,0.533704057
9404450,0.015405524,22.9,1,416,1.027200623,0.085155973,1,1,14.12125,1.495243097,1,31,75.92905405,61.35135135,2.21,193,46.03,54.3,64.1,511.3,37.5,0.146,0.49,3,1.1,77.9,10.5,1.53,27.11,45.25,27.64,2214.5,0.528,23.3,-0.996,0.092,17.5,4.15,16.150084,4.678595116,7.601968912,13.95839378,7.030725389,,,,0.42238348
11022480,0.005612289,0,2,853,1.160372247,0.369204361,1,1,18.106704,1.206871256,1,25,75.90214067,75.10703364,1.63,953.6,51.86,51.9,43.3,807.8,2.2,0.585,0.84,5,1.19,31,10.52,3.4,17.08,31.75,51.17,640.4,0.294,18.5,0.017,-1,10.9,10.13,15.3664,5.172206094,4.374381292,,,0.017516316,0.024627778,-0.009151997,1.066980112
11453500,0.152490032,0,2,190,0.993802486,0.055199362,1,1,68.402353,0.917637249,1,12.94138889,75.86350395,85.26841448,1.47,293.4,112.6,63,63.1,752.4,2,0.624,0.62,3,1.5,36.4,10.72,0.99,28.71,44.41,26.88,554.7,0.243,19.3,-0.169,0.986,9.9,16.96,17.47691,38.71637619,46.98312883,,,-0.005397959,-0.024779725,-0.001144985,0.927361723
11152000,0.058889563,138.4,2,620,1.042672009,0.167801222,1,1,38.563747,1.45200031,1,18.5,75.85185185,74.91358025,2.07,625.1,80.89,63.9,60.5,663.8,2.9,0.654,1.03,5,2.35,38.3,10.02,3.14,20.17,34.81,45.02,759.1,0.387,34.7,-0.132,0.991,9.53,13.87,17.294107,14.91749383,22.51871701,14.97461206,10.20955047,-0.106418682,-0.184356043,-0.025092694,0.456406466
11022480,0.009353815,0,2,379,1.078698172,0.350770015,1,1,79.360851,1.036983012,1,34.5,75.84240539,79.36754795,1.63,953.6,51.86,51.9,43.3,807.8,2.2,0.585,0.84,5,1.19,31,10.52,3.4,17.08,31.75,51.17,640.4,0.294,18.5,0.017,-1,13.48,4.66,15.3664,57.24252031,58.6542156,,,-0.06719382,-0.136575236,-0.023271114,0.762980732
11478500,0.231521169,128.4,1,614,0.966212992,0.084176456,1,1,12.895813,1.546514251,1,43.97916667,75.82637123,81.36578278,1.44,572.4,186.88,62.5,90.6,614.2,24.9,0.537,0.86,6,1.67,36.7,10.37,1.41,23.84,42.24,33.92,923,0.484,25.8,0.884,-0.467,8.41,13.56,14.61381,1.95071882,5.137264151,8.748707198,1.959399022,-0.086162704,-0.125107951,-0.015183729,0.585520602
11152050,0.043677272,139.6,2,620,1.061213606,0.217122598,1,1,31.232187,1.394009406,1,18.5,75.75682382,74.78908189,1.67,771.5,74.52,63.7,58.2,676.7,2.4,0.652,1.04,6,2.02,38.4,10.1,2.9,21.11,35.63,43.26,674.8,0.359,31.4,0.227,0.974,9.8,12.93,17.029979,12.27500159,18.24777706,12.12311082,8.239170447,-0.106418682,-0.184356043,-0.025092694,0.456406466
11161000,0.102521507,94.6,2,499,0.941187561,0.270312634,1,1,18.338121,1.199590247,1,40.5,75.75196668,45.99722351,2.09,298.3,118.15,67.1,68.5,703.5,0.6,0.632,0.9,4,1.4,42,10.85,3,18.27,35.92,45.81,350.3,0.355,24.6,-0.996,0.09,9.89,16.79,15.746177,2.25540185,6.709420047,,,-0.020278057,-0.183563427,-0.161039514,0.536703619
11169800,0.029427872,128.2,2,487,0.981518626,0.07320102,1,1,36.191218,1.399114615,1,20,75.73786893,69.93496748,1.22,282.9,60.85,63.3,56.7,817.9,1.8,0.626,0.99,4,1.41,31.7,10.98,2.22,23.01,45.71,31.28,604,0.421,25.6,-0.968,-0.251,8.67,8.1,15.108,13.56218898,17.84697773,,,-0.082744059,-0.225169293,-0.088574681,0.566077478
11169800,0.012812135,17.8,2,921,0.991172263,0.107815789,1,1,19.710195,1.254471196,1,11,75.73375262,86.37316562,1.22,282.9,60.85,63.3,56.7,817.9,1.8,0.626,0.99,4,1.41,31.7,10.98,2.22,23.01,45.71,31.28,604,0.421,25.6,-0.968,-0.251,9.94,10.2,15.108,8.512952968,12.39353128,,,-0.05197041,-0.089555726,-0.018581726,0.693486301
8377900,0.013649115,174.1,1,770,1.051739677,0.299006559,1,1,9.194168,1.012725398,1,12.75,75.68395263,82.91139241,2.05,139,89.76,48.6,96.1,380.6,31.6,0.11,0.5,3,1.21,65.4,9.68,2.96,22.74,43.83,33.43,3141.5,0.593,24.8,0.023,-1,13.35,11.76,13.047006,0.36219532,3.062589928,66.46402878,35.36093525,-0.065045307,-0.177388886,-0.017441766,
11014000,0.009189727,146.5,2,758,1.021154118,0.109428141,1,1,7.06468,1.142409136,1,16,75.68064753,75.79102281,2.91,181.8,44.33,55.8,42.1,846.3,0,0.609,1.26,5,1.39,33.8,10.3,3.01,18.77,38.69,42.55,490.9,0.343,19.4,-0.048,-0.999,11.77,8.75,16.12831,6.01277364,6.221287129,,,-0.031159249,-0.061151788,-0.024314305,
11466200,0.186366916,139.7,2,456,1.056445163,0.191832075,1,1,7.676397,0.941665039,1,32.5,75.6661639,90.29663147,1.32,144.8,107.68,64.2,75.1,733.1,1.3,0.62,0.7,4,1.27,28.1,11.03,1.27,27,44.02,28.98,258.7,0.293,15.8,0.094,-0.996,8.23,21.97,17.015969,0.862305695,1.310220994,,,0.11286134,0.003010738,-0.118101618,0.654883262
11124500,0.003105239,34.7,2,121,1.052006615,0.174748579,1,1,10.349061,0.625957006,1,8.833333333,75.65337001,76.40990371,2.37,191.5,83.1,54.6,38.1,636.9,4.5,0.711,1.17,4,1.85,23.3,9.72,1.35,23.93,41.12,34.95,1023.6,0.444,33.5,-0.78,-0.626,7.6,19.21,17.185694,6.08393386,7.478694517,,,0.03041636,0.030588094,0.002068006,
11138500,0.000621579,0,2,119,0.943995471,0.238106431,1,1,5.562678,0.956816384,1,33.5,75.61063218,67.02586207,2,728.9,69.82,57.6,39.6,665.2,7.1,0.686,1.16,5,1.44,28.2,9.8,1.39,21.86,41.68,36.45,994.2,0.424,34.2,0.199,-0.98,8.07,14.16,16.60856,2.132233872,2.931760187,,,0.030284293,0.031200972,0.00251511,
9510200,0.023036961,245,1,427,0.828090586,0.442738498,1,1,51.64207,0.937840864,1,12.83333333,75.58788362,84.41610203,1.74,425.3,61.33,36.1,50,956.2,2.1,0.215,1.04,5,1.39,30.1,10.19,4.14,15.96,29.86,54.17,1161.3,0.383,21.4,-0.57,-0.822,26.64,6.95,17.785195,13.07368334,14.52337174,51.02477531,24.56769952,-0.052821781,-0.210129636,-0.058818677,0.567500373
12097500,0.07979924,171.2,1,800,0.917750659,0.279651341,1,1,32.826882,1.454692123,1,14.95833333,75.56907821,90.03831418,2.07,190.2,164.67,72.5,178.5,439.2,51.5,0.402,0.69,3,1.42,62.8,9.76,2.57,10.43,45.1,44.47,1214.1,0.456,35.7,0.768,-0.641,6.01,11.33,12.777585,9.869632382,18.2318612,33.08943218,15.41735016,0.20681609,-0.132331655,0.027277249,0.476903246
11113000,0.004704949,0,2,747,1.154720547,0.327448691,1,1,12.550943,0.240796008,1,65,75.55898227,56.8234387,1.41,650,68.34,45.4,34.7,663.4,7.7,0.69,1.22,4,1.67,44.6,9.91,2,22.07,41.65,36.28,1251.5,0.512,32.7,-1,0.016,10.02,5.32,16.054577,8.618055904,10.59078462,14.98787692,8.055507692,-0.025422236,-0.026393799,-0.019054104,1.216620088
11044800,0.003974291,6.5,2,956,0.999439837,0.048727171,1,1,5.29932,0.732504198,1,31,75.52845528,61.46341463,1.68,85.5,40.9,59,33,853.1,0,0.666,0.86,3,1.19,26.7,10.3,3.33,15.97,31.55,52.47,405.4,0.415,18.9,-0.922,0.386,14.55,2.14,15.319151,2.005988961,2.867368421,,,-0.034260791,-0.085538764,-0.020799185,
11113500,0.042763058,53.7,2,405,1.026336647,0.168247454,1,1,85.14101,0.938475197,1,11.9,75.51020408,78.16326531,2.67,103.3,67.78,49.9,39.1,708.5,2.6,0.693,1.18,4,1.59,40.1,9.58,1.4,23.56,44.22,32.23,996,0.437,34.4,-0.944,-0.329,8.24,15.01,15.259699,30.60330822,37.52207164,84.35972894,53.69332043,0.13520071,-0.143701071,-0.106993406,0.625855641
11042900,0.017082362,1,2,492,1.018496752,0.165036727,1,1,15.117915,0.970781969,1,35.66666667,75.32270311,49.50645406,1.45,227.1,38.42,52.1,30.4,862.2,0.2,0.588,1,3,1.35,24,11.73,2.76,18.12,34.83,47.04,611.1,0.274,8.4,-0.245,-0.97,12.22,7.24,16.576693,2.290242769,3.785468956,,,,,,
11462500,0.044042353,75.4,2,238,1.053138162,0.201188005,1,1,5.854759,1.781748803,1,12.8,75.2518315,98.07692308,1.8,938.7,115.58,63.2,79.6,757,2,0.605,1.01,5,1.18,36.1,11.16,1.09,26.66,42.65,30.69,465.2,0.299,21.1,-0.76,-0.649,9.49,18.21,15.801847,1.319662649,1.833269415,5.881016299,2.132502397,0.247462344,0.074943405,0.002092771,0.783055803
11077500,0.010924554,125.9,2,911,1.071163695,0.234869046,1,1,11.075228,0.62641764,1,12.5,75.2360515,78.36909871,1.28,240.8,51.01,60.8,37.1,825.6,0,0.654,1.13,5,1.61,20.2,10.37,1.7,25.4,46.19,28.41,553.2,0.308,25.4,-0.221,-0.975,14.86,2.53,17.754193,2.800140695,1.788413621,,,0.182826607,0.004510949,-0.111629493,1.107408824
11014000,0.042054683,139.2,2,772,1.008828619,0.066571367,1,1,7.06468,1.142409136,1,13,74.98160412,78.07211185,2.91,181.8,44.33,55.8,42.1,846.3,0,0.609,1.26,5,1.39,33.8,10.3,3.01,18.77,38.69,42.55,490.9,0.343,19.4,-0.048,-0.999,11.77,8.75,16.12831,6.01277364,6.221287129,,,-0.031159249,-0.061151788,-0.024314305,
10329500,0.00520855,4.9,1,625,1.031776584,0.113619817,1,1,7.158851,0.686330042,1,15,74.90664675,70.35100822,2.05,454.5,54.55,56.3,75.7,540.9,41.9,0.294,1.06,5,1.48,64.7,10.64,1.48,26.66,42,31.34,1893.5,0.317,16.6,-0.616,0.788,9.11,5.44,21.369587,3.378392083,2.556039604,2.245632563,1.528184818,-0.01878581,-0.053986826,-0.003253468,0.77684056
11451100,0.21543422,110.8,1,589,1.04896309,0.195261755,1,1,99.307087,1,1,21,74.81985588,81.74539632,2.44,155.1,122.99,60.8,72.9,711.9,2.9,0.62,0.88,4,1.26,40.7,10.13,1.39,20.14,45.4,34.46,910.7,0.327,31.1,-0.452,0.892,8.57,17.58,14.155992,57.75060676,75.95280464,99.99632495,87.05802708,-0.129196826,-0.201373229,-0.028370223,
11073360,0.32105238,58,1,359,1.141483679,0.448004682,1,1,20.134001,,1,16.5,74.79480164,65.66347469,0.95,132.3,74.76,53,45.8,744.3,3.4,0.65,0.9,3,1.12,44.1,10.29,6.95,11.8,32.18,56.02,1050.4,0.295,27.1,-0.86,-0.509,16.03,2.66,14.250404,16.06905269,12.00204082,,,-0.092496442,-0.15177602,-0.020368538,0.608914885
11449500,0.151538071,178.3,1,414,1.022119925,0.053276071,1,1,20.124733,1.609944458,1,22,74.75792254,84.19894366,1.81,95.3,148.47,60,80.8,774.8,1.3,0.621,0.7,3,1.52,33.3,10.94,1.18,24.63,43.26,32.11,804.1,0.359,20,0.851,-0.526,16.58,6.3,16.804113,7.764004234,10.69045121,,,-0.138931474,-0.194389354,-0.031460759,0.448167619
11022480,0.013629845,12.6,2,94,1.060883913,0.224921455,1,1,18.106704,1.206871256,1,44,74.74006116,83.18042813,1.63,953.6,51.86,51.9,43.3,807.8,2.2,0.585,0.84,5,1.19,31,10.52,3.4,17.08,31.75,51.17,640.4,0.294,18.5,0.017,-1,10.15,9.92,15.3664,5.172206094,4.374381292,,,-0.002651266,0.004306109,-0.002820247,0.966853157
11458500,0.058930616,4,2,542,1.054042039,0.150082159,1,1,63.695385,1.042728974,1,29,74.68790357,94.53293155,2.59,150.4,107.96,63.9,77.4,739.6,1.4,0.626,0.64,3,1.77,23.2,10.42,1.81,24.93,43.89,31.18,301.1,0.336,17.6,-0.861,-0.509,12.86,5.96,19.519202,10.35774737,23.62679521,,,0.19127005,-0.008569863,-0.068260773,0.620423687
9537200,0.009850535,42.4,1,758,1.005877918,0.056943071,1,1,6.935676,1.368447575,1,12.5,74.68400144,78.54821235,2.92,204.1,46.24,40.9,51.3,786.8,2.6,0.298,0.78,4,1.29,29.6,10.92,1.33,25.41,36.25,38.34,1624.2,0.276,13.1,-0.729,-0.684,22.56,8.69,20.348083,0.97103498,2.353846154,,,-0.010007957,-0.035606626,-0.010943005,
11043000,0.020823373,40.4,2,538,0.940525238,0.227886221,1,1,15.431556,1.785573251,1,31.5,74.6194825,60.4261796,1.41,572.5,37.11,54,29.9,879.2,0.1,0.614,1.02,5,1.08,23.8,12.19,2.65,18.48,35.38,46.14,520.6,0.207,8.3,-0.454,-0.891,15.12,1.99,16.167722,1.382765683,3.507877729,,,0.003075695,0.016354704,-0.015242001,
11453500,0.107129073,84.4,2,865,1.031301445,0.13769884,1,1,68.402353,0.917637249,1,10.96305556,74.6150645,85.22679983,1.47,293.4,112.6,63,63.1,752.4,2,0.624,0.62,3,1.5,36.4,10.72,0.99,28.71,44.41,26.88,554.7,0.243,19.3,-0.169,0.986,7.16,23.78,17.47691,38.71637619,46.98312883,,,0.098622258,-0.053867392,-0.128054236,0.478776431
11114495,0.535354198,52.8,2,435,0.977752816,0.118500043,1,1,99.929207,1.004411539,1,11.98833333,74.59677419,81.32754342,2.46,124.3,88.3,49.7,35.9,606.1,3.8,0.706,1.05,4,1.37,38.6,9.71,1.12,21.93,42.54,35.53,1162,0.521,38.3,-0.875,0.484,7.21,23.87,13.969926,72.44200871,74.63990346,91.62960579,77.48479485,0.109225139,-0.198628136,-0.101844596,0.531856898
11138500,0.003640124,0.7,2,588,0.990087096,0.284232698,1,1,14.684484,0.673222561,1,7.833333333,74.58563536,95.78729282,2,728.9,69.82,57.6,39.6,665.2,7.1,0.686,1.16,5,1.44,28.2,9.8,1.39,21.86,41.68,36.45,994.2,0.424,34.2,0.199,-0.98,9.16,14.96,16.60856,2.711386657,3.72223899,,,-0.017412532,-0.069081844,-0.02870181,0.694239571
11451100,0.078140548,30.8,1,238,1.013752801,0.062031761,1,1,100.000193,0.993923055,1,13.91666667,74.47958367,74.77982386,2.44,155.1,122.99,60.8,72.9,711.9,2.9,0.62,0.88,4,1.26,40.7,10.13,1.39,20.14,45.4,34.46,910.7,0.327,31.1,-0.452,0.892,8.57,17.58,14.155992,56.45113612,70.47272727,99.99632495,87.05802708,0.245391773,0.108819985,0.019283084,0.555934591
11451100,0.05057227,2.7,1,423,1.029807815,0.129105517,1,1,99.307087,1,1,18,74.39951962,64.81184948,2.44,155.1,122.99,60.8,72.9,711.9,2.9,0.62,0.88,4,1.26,40.7,10.13,1.39,20.14,45.4,34.46,910.7,0.327,31.1,-0.452,0.892,16.42,6.1,14.155992,57.75060676,75.95280464,99.99632495,87.05802708,-0.129196826,-0.201373229,-0.028370223,
11159200,0.050252385,92.4,2,614,1.070952389,0.210086377,1,1,12.563615,1.632601188,1,36.875,74.3627451,63.03921569,1.76,71,84.62,68.1,68.6,691.1,0.1,0.629,0.85,3,1.21,34.5,10.12,2.59,21.18,36.59,42.23,305.2,0.333,21,-0.996,-0.089,9.86,16.46,16.438445,0.115679955,6.346901408,,,-0.065019601,-0.122480704,-0.014327841,0.614253963
11274538,0.001701181,0,2,169,1.076951057,0.265661963,1,1,20.054364,1.350921136,1,27.5,74.3343983,87.27369542,1.27,469.4,42.12,61.9,44.8,864.4,1.3,0.619,0.06,4,1.31,29.8,10.95,1.77,24.47,43.22,32.31,405.1,0.34,20.9,-0.28,0.96,9.82,8.8,18.511698,5.650655605,7.274584576,,,-0.019154762,-0.045495344,0.000196474,0.856351492
9404450,0.055900043,25.2,1,30,1.045702576,0.130705636,1,1,14.12125,1.495243097,1,5.923333333,74.32432432,91.82432432,2.21,193,46.03,54.3,64.1,511.3,37.5,0.146,0.49,3,1.1,77.9,10.5,1.53,27.11,45.25,27.64,2214.5,0.528,23.3,-0.996,0.092,17.5,4.15,16.150084,4.678595116,7.601968912,13.95839378,7.030725389,0.005865972,0.002399309,-0.003304595,1.046107973
9513780,0.002552502,71.9,1,36,0.868957036,0.548096447,1,1,90.81327,1.095059029,1,18.8,74.29983526,92.95716639,2.34,177.5,52.71,40,52.6,949,0.8,0.196,0.87,3,1.36,22.1,10.1,3.45,30.93,30.45,38.62,1208.9,0.467,22.5,-0.241,-0.97,26.92,4.37,18.230644,38.35176222,28.51808451,16.69070423,2.558647887,-0.000477036,-0.000336455,0.001720673,1.029836206
11461000,0.213794172,321.2,2,509,1.030840705,0.099804263,1,1,32.301184,1.065652935,1,13.75,74.25665102,97.22222222,1.95,259.6,118.6,63.1,81.2,730.9,3,0.607,0.95,4,1.1,36,11.3,1.16,28.24,42.59,29.17,448.3,0.314,20.6,-0.997,0.077,9.33,18.36,15.086673,6.630779176,11.66221109,,,0.168591806,-0.024895358,-0.112839417,0.580309863
11057500,0.012996474,137.5,2,478,1.026443691,0.139485501,1,1,11.248274,1.350759162,1,16,74.25458716,67.94724771,1.6,329,50.34,46.1,42.4,822.1,3.2,0.566,1.05,4,1.49,23.2,10.74,3.94,14.73,32.5,52.77,880.7,0.238,13.8,-0.199,-0.98,9.81,5.41,19.193511,6.522506043,7.626474164,11.73519757,9.619696049,-0.17479477,-0.361559937,-0.105857091,0.402129986
11451715,0.04226391,65.5,2,614,1.070737417,0.221599112,1,1,11.655139,0.944331954,1,11.66666667,74.16534181,87.75834658,0.9,247.9,70.02,59.6,55.5,854.4,1,0.615,0.96,4,1.19,43.2,10.66,0.49,37.34,42.78,19.88,560.5,0.34,18.2,-0.265,0.964,8.75,13.34,18.827651,2.304121352,5.157482856,23.98777733,10.34183138,-0.053507114,-0.11941711,-0.015162012,0.608025122
11025500,0.002354013,8.3,2,617,1.030287114,0.116065931,1,1,7.499671,0.63456728,1,34,74.06790945,63.31557923,1.59,288.7,61.83,49,43.1,760.7,1.6,0.57,0.88,4,1.39,32.2,10.45,3.04,16.47,31.29,52.24,891.8,0.428,20.2,-0.631,-0.776,10.28,13.15,16.426629,5.200985221,3.255836508,,,0.008491982,-0.028601102,-0.009951843,
11153000,0.009730607,95.5,2,146,1.029001725,0.157034461,1,1,10.488957,2.512752181,1,24,74.06581149,63.46904629,1.11,375.4,52.87,62.6,46.9,835.2,1.3,0.643,1.11,5,1.85,28.4,10.45,2.08,24.44,44.87,30.7,424.1,0.363,20.9,-0.996,-0.088,8.66,11.24,15.589845,3.405985647,4.396909963,,,-0.017526788,-0.036764162,-0.000810826,0.88266913
11124500,0.05855593,3.7,2,486,1.072342076,0.201394767,1,1,71.062545,1.035623791,1,12,74.00690846,79.10189983,2.37,191.5,83.1,54.6,38.1,636.9,4.5,0.711,1.17,4,1.85,23.3,9.72,1.35,23.93,41.12,34.95,1023.6,0.444,33.5,-0.78,-0.626,10.57,5.44,17.185694,68.62677395,63.6551436,,,-0.09435575,-0.192078714,-0.024127768,0.395823123
11451100,0.077227691,58,1,293,1.099902875,0.27825403,1,1,100.000193,0.993923055,1,21,73.99919936,70.53642914,2.44,155.1,122.99,60.8,72.9,711.9,2.9,0.62,0.88,4,1.26,40.7,10.13,1.39,20.14,45.4,34.46,910.7,0.327,31.1,-0.452,0.892,15.03,3.99,14.155992,56.45113612,70.47272727,99.99632495,87.05802708,0.245391773,0.108819985,0.019283084,0.555934591
11451715,0.003084123,1.9,2,182,1.115799569,0.306154863,1,1,5.595129,0.165455251,1,19,73.87931034,83.16091954,0.9,247.9,70.02,59.6,55.5,854.4,1,0.615,0.96,4,1.19,43.2,10.66,0.49,37.34,42.78,19.88,560.5,0.34,18.2,-0.265,0.964,10.43,10.33,18.827651,0.869588895,1.310246067,23.98777733,10.34183138,,,,1.003780864
11458500,0.167189735,302,2,509,1.027042947,0.077557481,1,1,63.695385,1.042728974,1,9.5,73.69780456,88.54928971,2.59,150.4,107.96,63.9,77.4,739.6,1.4,0.626,0.64,3,1.77,23.2,10.42,1.81,24.93,43.89,31.18,301.1,0.336,17.6,-0.861,-0.509,10.87,16.65,19.519202,10.35774737,23.62679521,,,0.19127005,-0.008569863,-0.068260773,0.620423687
11057500,0.024185491,16.3,2,141,1.021280242,0.106973257,1,1,11.248274,1.350759162,1,30,73.62385321,65.30963303,1.6,329,50.34,46.1,42.4,822.1,3.2,0.566,1.05,4,1.49,23.2,10.74,3.94,14.73,32.5,52.77,880.7,0.238,13.8,-0.199,-0.98,9.16,10.07,19.193511,6.522506043,7.626474164,11.73519757,9.619696049,0.097784004,0.025767833,-0.025238392,1.021227041
11372000,0.228493071,89.7,1,255,1.288053814,0.67278712,1,1,91.657499,0.929124384,1,6.954722222,73.4965035,88.6013986,1.46,589.9,149.15,61.6,92.2,773.2,13.3,0.544,0.71,4,1.55,62,10.11,2.48,20.64,39.59,39.77,857.8,0.39,33.5,-0.806,0.592,9.94,9.97,14.264321,51.50065731,67.58848957,,,0.208107421,0.058257862,0.006654826,0.705512305
11478500,0.112792364,0.6,1,445,0.997763817,0.015488804,1,1,12.895813,1.546514251,1,18,73.41082456,82.96403923,1.44,572.4,186.88,62.5,90.6,614.2,24.9,0.537,0.86,6,1.67,36.7,10.37,1.41,23.84,42.24,33.92,923,0.484,25.8,0.884,-0.467,13.6,11.98,14.61381,1.95071882,5.137264151,8.748707198,1.959399022,-0.086162704,-0.125107951,-0.015183729,0.585520602
11124500,0.006609722,12.2,2,539,1.103466349,0.276060494,1,1,71.062545,1.035623791,1,32.5,73.3736327,67.7029361,2.37,191.5,83.1,54.6,38.1,636.9,4.5,0.711,1.17,4,1.85,23.3,9.72,1.35,23.93,41.12,34.95,1023.6,0.444,33.5,-0.78,-0.626,7.83,11.57,17.185694,68.62677395,63.6551436,,,-0.09435575,-0.192078714,-0.024127768,0.395823123
9513780,0.013719699,45.7,1,450,1.104679359,0.32566414,1,1,90.81327,1.095059029,1,7.8,73.35255354,83.85502471,2.34,177.5,52.71,40,52.6,949,0.8,0.196,0.87,3,1.36,22.1,10.1,3.45,30.93,30.45,38.62,1208.9,0.467,22.5,-0.241,-0.97,23.11,4.32,18.230644,38.35176222,28.51808451,16.69070423,2.558647887,-0.009281787,-0.03409447,0.00410421,0.821159628
9430600,0.008621394,62.6,1,82,1.078048568,0.249685489,1,1,13.587343,1.818895817,1,8,73.35048426,67.03995157,1.85,190.5,67.41,44.7,72,593.8,14,0.222,0.58,3,1.32,53.1,9.96,2.05,31.86,33.61,34.53,2371.3,0.444,40.6,-0.973,-0.231,18.25,10.8,15.895541,1.566147544,2.401417323,91.38944882,35.34944882,0.008405853,0.015894222,0.001934381,
11148900,0.162111162,3.5,2,891,1.078526564,0.301791721,1,1,21.611762,1.082710122,1,28,73.33333333,64.67948718,1.48,403.5,69.16,62.7,52.5,745.3,1.5,0.653,0.99,5,1.22,31.2,11.37,2.86,22.94,36.87,40.19,551.8,0.337,21.3,-0.586,0.81,9.43,14.72,16.11163,3.551364882,3.720446097,20.74907063,12.52795539,-0.01053454,-0.029824538,0.000681522,0.881405809
10260500,0.003405803,0,1,722,1.096462962,0.290459961,1,1,11.670864,0.93362125,1,32.94472222,73.29931973,66.53061224,1.66,349.2,58.83,40,50.2,614.2,29.5,0.571,1.07,4,1.96,33.1,10.18,7.95,11.93,24.18,63.89,1783.4,0.526,18.9,0.47,-0.882,12.18,2.42,21.118823,4.82989193,5.76185567,,,-0.056374194,-0.083432383,-0.019008364,0.834120058
11065000,0.015451185,0,2,22,1.016567265,0.23959208,1,1,24.135281,0.744402096,1,24.5,73.29305136,65.98187311,1.55,364.7,81.4,47.7,43.6,701.5,4.2,0.649,1.11,5,1.12,49.6,10,6.62,10.83,28.51,60.66,1250.1,0.343,27.3,-0.675,0.738,10.46,5.55,19.024359,10.41161438,14.07153825,33.44313134,17.52322457,-0.005104962,-0.006981354,-0.00082228,1.397800831
11044800,0.083460101,83.6,2,915,0.98973594,0.12162703,1,1,5.29932,0.732504198,1,27.8,73.29268293,64.79674797,1.68,85.5,40.9,59,33,853.1,0,0.666,0.86,3,1.19,26.7,10.3,3.33,15.97,31.55,52.47,405.4,0.415,18.9,-0.922,0.386,13.04,7.5,15.319151,2.005988961,2.867368421,,,-0.034260791,-0.085538764,-0.020799185,
11123500,0.012618552,120.8,2,951,1.031585263,0.176273718,1,1,47.106742,1.207876628,1,15.66666667,73.28288708,74.330617,1.89,718.1,79.99,52.6,34.3,660.8,3.8,0.712,1.27,5,1.39,25.8,9.92,1.14,22.63,41.55,35.82,934.1,0.378,31.2,-0.578,-0.816,8.67,20.64,18.753658,43.16949878,44.25628743,16.02817156,5.57082579,-0.041739968,-0.117735286,-0.025034786,0.578338332
11057500,0.016525317,0,2,516,1.035115583,0.138093142,1,1,5.10267,0.753186471,1,8.666666667,73.28178694,88.57388316,1.6,329,50.34,46.1,42.4,822.1,3.2,0.566,1.05,4,1.49,23.2,10.74,3.94,14.73,32.5,52.77,880.7,0.238,13.8,-0.199,-0.98,9.16,10.07,19.193511,2.02402941,2.564042553,11.73519757,9.619696049,0.05021704,-0.086611812,-0.126789437,0.760136168
11451100,0.078140548,92.9,1,295,1.028615174,0.110206507,1,1,100.000193,0.993923055,1,16.875,73.21857486,86.70936749,2.44,155.1,122.99,60.8,72.9,711.9,2.9,0.62,0.88,4,1.26,40.7,10.13,1.39,20.14,45.4,34.46,910.7,0.327,31.1,-0.452,0.892,15.03,3.99,14.155992,56.45113612,70.47272727,99.99632495,87.05802708,0.245391773,0.108819985,0.019283084,0.555934591
9342500,0.020451686,40.4,1,769,0.99529608,0.187686221,1,1,10.452957,1.515753581,1,7.889166667,73.1704571,88.94393155,2,726.9,99.32,50.6,102.4,399.5,54.9,0.122,0.66,4,1.3,63.2,9.73,5.26,19.93,41.58,38.49,2968.1,0.436,31.2,-0.871,-0.491,13.75,7.06,11.980939,3.405147869,4.768551383,,,-0.025874019,-0.126403499,-0.011865462,0.768926331
11466200,0.307026293,266.9,2,509,1.030122616,0.11414585,1,1,7.676397,0.941665039,1,14,73.15233786,88.88888889,1.32,144.8,107.68,64.2,75.1,733.1,1.3,0.62,0.7,4,1.27,28.1,11.03,1.27,27,44.02,28.98,258.7,0.293,15.8,0.094,-0.996,11.07,16.56,17.015969,0.862305695,1.310220994,,,0.11286134,0.003010738,-0.118101618,0.654883262
11159200,0.048657071,16.1,2,660,1.131943408,0.373467091,1,1,12.563615,1.632601188,1,9.75,73.1127451,65.53921569,1.76,71,84.62,68.1,68.6,691.1,0.1,0.629,0.85,3,1.21,34.5,10.12,2.59,21.18,36.59,42.23,305.2,0.333,21,-0.996,-0.089,11.51,14.9,16.438445,0.115679955,6.346901408,,,-0.065019601,-0.122480704,-0.014327841,0.614253963
11466170,0.199734712,227,2,509,1.003166968,0.06213771,1,1,22.469984,1.304360211,1,9.5,73.06255836,90.24276377,1.63,56,106,64.2,74.7,734.4,0.9,0.619,0.66,2,1.24,27,11.09,1.2,26.85,43.61,29.55,220.7,0.248,12.2,0.779,-0.627,11.24,15.8,16.615901,0.386782233,1.523571429,,,0.264541567,0.141533693,-0.032432584,0.840366825
9183500,0.533560537,65.1,1,436,1.053306063,0.174621838,1,1,9.554376,1.58693339,1,18.75,72.9562464,60.9671848,0.97,74.3,66.99,52.1,75.1,523.8,35.2,0.117,0.82,2,1.82,55.8,9.43,4.38,18.47,33.98,47.55,2553,0.424,25.3,-0.048,-0.999,17.24,5.5,20.493111,2.287409489,3.148183042,10.63889637,3.052489906,-0.068280905,-0.240527158,-0.071704447,0.696418606
11148900,0.070879772,79.7,2,897,1.078389444,0.27111221,1,1,19.551763,1.597078602,1,35.85722222,72.95492487,74.12353923,1.48,403.5,69.16,62.7,52.5,745.3,1.5,0.653,0.99,5,1.22,31.2,11.37,2.86,22.94,36.87,40.19,551.8,0.337,21.3,-0.586,0.81,10.3,11.45,16.11163,4.013803818,9.585947955,20.74907063,12.52795539,-0.042442506,-0.05083615,-0.016209405,
11451715,0.040893189,270.2,2,112,1.080166765,0.189707978,1,1,5.595129,0.165455251,1,36.5,72.93103448,77.64367816,0.9,247.9,70.02,59.6,55.5,854.4,1,0.615,0.96,4,1.19,43.2,10.66,0.49,37.34,42.78,19.88,560.5,0.34,18.2,-0.265,0.964,7.69,10.4,18.827651,0.869588895,1.310246067,23.98777733,10.34183138,,,,1.003780864
9430600,0.014864472,21.9,1,408,0.978870683,0.370310108,1,1,51.133435,1.205781063,1,13.66666667,72.89445629,79.26439232,1.85,190.5,67.41,44.7,72,593.8,14,0.222,0.58,3,1.32,53.1,9.96,2.05,31.86,33.61,34.53,2371.3,0.444,40.6,-0.973,-0.231,19.49,9.71,15.895541,11.52470622,12.07322835,91.38944882,35.34944882,-0.06560322,-0.150798354,-0.047865587,0.617887885
11077500,0.008466823,10,2,42,1.056085225,0.226002909,1,1,11.867328,0.9068181,1,12,72.87145242,79.71619366,1.28,240.8,51.01,60.8,37.1,825.6,0,0.654,1.13,5,1.61,20.2,10.37,1.7,25.4,46.19,28.41,553.2,0.308,25.4,-0.221,-0.975,12.93,9.51,17.754193,4.617074093,6.360921927,,,0.033667922,0.042852639,0.004524728,1.367628761
11057500,0.01075867,134.9,2,923,1.11542171,0.352344744,1,1,5.10267,0.753186471,1,23.98166667,72.85223368,86.94158076,1.6,329,50.34,46.1,42.4,822.1,3.2,0.566,1.05,4,1.49,23.2,10.74,3.94,14.73,32.5,52.77,880.7,0.238,13.8,-0.199,-0.98,10.91,9.71,19.193511,2.02402941,2.564042553,11.73519757,9.619696049,0.124387617,0.004133387,-0.131043916,1.193373124
10258500,0.00211057,126.9,2,928,1.006596926,0.325506727,1,1,34.911598,1.024974947,1,38.5,72.83667622,63.20916905,2,241.5,37.78,41.9,27.9,813.4,5.1,0.464,0.98,4,2.22,43.9,9.87,5.3,11.18,26.56,62.26,1195.3,0.44,22.7,0.863,0.506,7.76,8.36,22.326342,14.07063824,14.53863354,,,-0.03430361,-0.072449092,-0.013696117,
11077500,0.040687789,0,2,479,0.999600185,0.078578515,1,1,11.075228,0.62641764,1,5.75,72.83261803,91.15879828,1.28,240.8,51.01,60.8,37.1,825.6,0,0.654,1.13,5,1.61,20.2,10.37,1.7,25.4,46.19,28.41,553.2,0.308,25.4,-0.221,-0.975,12.07,11.6,17.754193,2.800140695,1.788413621,,,0.051188561,-0.157130797,-0.11617759,0.627282338
9512280,0.006002506,57.4,1,418,1.279993284,0.988192648,0.969924812,1,77.294582,1.157801676,1,3,72.8288908,82.67411866,2.43,188.7,50.78,38.1,53.2,973.2,0.5,0.208,0.98,4,1.51,22.7,10.42,5.25,18.83,28.78,52.39,1150.1,0.484,21.1,-0.665,-0.747,26.51,5.84,17.665115,26.94965959,28.43465819,,,-0.008494311,-0.052430125,0.002836052,0.847229552
11143000,0.101902984,170.6,2,913,1.016371833,0.119522292,1,1,99.985297,0.997222043,1,26.5,72.79549719,61.21013133,2.74,120.6,116.26,67.4,72.8,639.5,3.4,0.654,0.98,4,1.47,40.3,10.29,4.14,14.13,31.45,54.42,779,0.492,43.6,-0.447,-0.894,8.75,17.47,18.127121,33.21126627,44.52462687,86.30373134,57.91119403,-0.041323742,-0.061614597,-0.016607488,0.638570704
11466320,0.264138842,272.9,2,509,1.024782756,0.109048087,1,1,11.48391,1.070572978,1,14,72.76606426,88.45381526,1.27,199.4,102.63,64.2,72,732.8,1,0.622,0.67,4,1.3,28.7,12.14,1.14,27.37,43.92,28.71,204.1,0.243,12.2,-0.118,-0.993,11.18,16.12,16.638396,1.207236838,1.65330993,,,0.107350829,-0.005919632,-0.100306364,0.654534435
11065000,0.011103113,0,2,898,0.981627652,0.193055255,1,1,33.742927,1.953161117,1,19.75,72.76554404,77.00777202,1.55,364.7,81.4,47.7,43.6,701.5,4.2,0.649,1.11,5,1.12,49.6,10,6.62,10.83,28.51,60.66,1250.1,0.343,27.3,-0.675,0.738,6.97,17.4,19.024359,9.084707504,11.94332328,33.44313134,17.52322457,0.084418299,-0.035580624,-0.099919284,0.745010548
11042900,0.016583607,108.3,2,167,0.968237733,0.09091458,1,1,6.890085,1.723145088,1,8,72.7,76.4,1.45,227.1,38.42,52.1,30.4,862.2,0.2,0.588,1,3,1.35,24,11.73,2.76,18.12,34.83,47.04,611.1,0.274,8.4,-0.245,-0.97,11.07,3.91,16.576693,1.886222907,1.07675033,,,,,,
11390000,0.129283681,94,1,199,1.07959075,0.207153738,1,1,17.151958,0.299544475,1,20.8,72.68518519,89.45473251,0.96,383.3,174.98,52.3,88.3,636,22.2,0.555,0.94,4,1.45,56.7,10.42,2.18,18.76,41.93,39.31,1133.9,0.495,20.6,-0.376,-0.926,12.92,7.65,16.983946,5.771488145,6.206548396,19.93289851,13.77177146,0.278427234,0.178082882,0.040610399,1.066559278
11475800,0.243433805,54.1,1,600,1.011675722,0.094974557,1,1,7.751945,0.72069388,1,44,72.6814125,57.46992627,2.23,642.1,206.67,64.8,106,657.8,7.2,0.589,0.89,5,1.8,28.1,11.21,2.07,25.53,42.82,31.65,626.1,0.382,26.8,-0.449,-0.893,8.47,31.48,16.808763,1.088201084,1.580221149,,,-0.084355112,-0.115455323,-0.012523929,0.650926216
11073300,0.177488201,5.4,2,798,1.019295713,0.226457321,1,1,30.521869,0.844669747,1,15.75,72.56305385,80.77709611,0.81,83.6,90.33,49.8,53.3,682.5,5.3,0.643,1.21,3,1.12,50,9.57,6.38,11.96,34.18,53.86,1477.5,0.443,40.8,-0.829,-0.56,6.64,12,20.142177,17.99244488,18.93767943,,,-0.040385227,-0.049763671,-0.021835675,0.961353526
10258500,0.01170194,2.9,1,41,1.242585073,0.551193317,1,1,11.73672,0.555594701,1,4.968888889,72.54098361,91.56908665,2,241.5,37.78,41.9,27.9,813.4,5.1,0.464,0.98,4,2.22,43.9,9.87,5.3,11.18,26.56,62.26,1195.3,0.44,22.7,0.863,0.506,24.58,2.45,22.326342,8.066832101,8.632173913,,,,,,0.946192032
11148900,0.120004367,151.1,2,522,1.150756917,0.417743363,1,1,6.063932,1.901817314,1,18,72.53363229,66.14349776,1.48,403.5,69.16,62.7,52.5,745.3,1.5,0.653,0.99,5,1.22,31.2,11.37,2.86,22.94,36.87,40.19,551.8,0.337,21.3,-0.586,0.81,10.3,11.45,16.11163,1.860832125,3.682081784,20.74907063,12.52795539,-0.090459047,-0.151929141,-0.023852705,0.554964854
11124500,0.001774422,0,2,120,1.021322304,0.154664672,1,1,10.349061,0.625957006,1,15.92333333,72.52407153,61.07290234,2.37,191.5,83.1,54.6,38.1,636.9,4.5,0.711,1.17,4,1.85,23.3,9.72,1.35,23.93,41.12,34.95,1023.6,0.444,33.5,-0.78,-0.626,7.6,19.21,17.185694,6.08393386,7.478694517,,,0.03041636,0.030588094,0.002068006,
11118500,0.034514222,108.4,2,405,1.077735253,0.222856224,1,1,82.190611,1.092289043,1,17.93333333,72.47365158,74.89150651,2.11,485.7,69.88,51.4,33.4,711.7,1.4,0.702,1.2,6,1.39,38.3,10.32,1.3,23.76,41.87,34.37,702.1,0.36,29.1,-0.979,-0.203,9.39,15.31,16.615606,33.83108468,42.24663372,80.03368334,50.47848466,0.124952005,-0.160521487,-0.114735616,0.588751203
11073360,0.291087491,5.4,2,798,1.100872716,0.294432699,1,1,20.134001,,1,15.75,72.46922025,80.71135431,0.95,132.3,74.76,53,45.8,744.3,3.4,0.65,0.9,3,1.12,44.1,10.29,6.95,11.8,32.18,56.02,1050.4,0.295,27.1,-0.86,-0.509,8.73,9.83,14.250404,16.06905269,12.00204082,,,-0.03889716,-0.047009512,-0.021770958,0.962903443
11451715,0.048203703,25.4,2,238,1.003064685,0.081577968,1,1,24.133838,1.666551161,1,21.66666667,72.44649805,77.77237354,0.9,247.9,70.02,59.6,55.5,854.4,1,0.615,0.96,4,1.19,43.2,10.66,0.49,37.34,42.78,19.88,560.5,0.34,18.2,-0.265,0.964,10.43,10.33,18.827651,2.888346264,4.86014522,23.98777733,10.34183138,0.14819574,-0.007832966,-0.033504715,0.809356648
9510200,0.013981971,13.2,1,774,1.135593256,0.787411069,1,1,51.64207,0.937840864,1,12.8,72.41929055,86.56835393,1.74,425.3,61.33,36.1,50,956.2,2.1,0.215,1.04,5,1.39,30.1,10.19,4.14,15.96,29.86,54.17,1161.3,0.383,21.4,-0.57,-0.822,27.56,4.68,17.785195,13.07368334,14.52337174,51.02477531,24.56769952,0.021089831,-0.083028358,-0.053698101,0.855361738
11043000,0.02715447,165,2,432,0.937810909,0.312223864,1,1,7.514724,1.797661564,1,9,72.34121123,75.92319055,1.41,572.5,37.11,54,29.9,879.2,0.1,0.614,1.02,5,1.08,23.8,12.19,2.65,18.48,35.38,46.14,520.6,0.207,8.3,-0.454,-0.891,11.37,3.76,16.167722,3.722381881,4.124593886,,,-0.033410288,-0.08991149,-0.016134402,1.053456228
8294195,0.023056953,30.8,1,78,1.042666416,0.293780392,1,1,17.374893,0.678045527,1,13,72.2955456,86.23615366,2.27,78.6,73.93,49.1,74.6,399.9,36.7,0.115,0.4,2,1.21,73.1,9.46,3.82,21.29,50.78,27.93,2909.1,0.463,34.2,0.36,-0.933,10.91,5.82,13.3997,7.408677581,8.567175573,6.818708651,2.85470229,-0.020832888,-0.02608942,-0.004104328,1
11453500,0.29725905,122.6,2,578,1.013029082,0.090073722,1,1,68.402353,0.917637249,1,20,72.24302955,80.31627133,1.47,293.4,112.6,63,63.1,752.4,2,0.624,0.62,3,1.5,36.4,10.72,0.99,28.71,44.41,26.88,554.7,0.243,19.3,-0.169,0.986,12.19,6.28,17.47691,38.71637619,46.98312883,,,-0.106642653,-0.150364536,-0.029878285,0.389033416
11113500,0.016392506,8.5,2,535,1.029291936,0.102524207,1,1,18.940755,1.81859973,1,30.66666667,72.14927436,50.17277125,2.67,103.3,67.78,49.9,39.1,708.5,2.6,0.693,1.18,4,1.59,40.1,9.58,1.4,23.56,44.22,32.23,996,0.437,34.4,-0.944,-0.329,8.56,17.65,15.259699,12.37726183,14.70493708,84.35972894,53.69332043,-0.126354742,-0.249047754,-0.015440147,0.416299326
9510200,0.015047264,82.5,1,433,1.29621268,0.700012532,0.986531987,1,13.021051,1.954168424,1,9.916666667,72.09401709,94.65811966,1.74,425.3,61.33,36.1,50,956.2,2.1,0.215,1.04,5,1.39,30.1,10.19,4.14,15.96,29.86,54.17,1161.3,0.383,21.4,-0.57,-0.822,27.56,4.68,17.785195,2.9162357,3.650787679,51.02477531,24.56769952,,,,0.342386832
11073495,0.251614394,0,1,943,1.156568083,0.433547112,1,1,26.085866,1.717892731,1,23,72.01670644,76.849642,2.67,208.2,61.85,53.7,37.7,823.2,0.2,0.66,0.75,4,1.15,47.4,10.92,8.04,10,27.26,62.74,638.5,0.176,13.5,-0.99,-0.14,16.68,1.5,10.502607,21.64413972,15.30172911,,,-0.047959038,-0.060850333,-0.019647186,0.841883212
11149900,0.026820568,6,2,891,1.177255295,0.411361407,1,1,12.824107,0.507351319,1,28,71.97728791,63.66065464,1.56,556.4,63.26,62,54,737.5,1.5,0.659,1.13,4,1.35,33.5,10.91,2.31,24.37,37.78,37.85,533.4,0.186,19.5,-0.995,-0.102,9.33,13.34,16.227347,0.822336042,1.076312006,28.84609993,15.65149173,-0.013391784,-0.028371436,0.001328225,0.879304078
8380500,0.333054974,8,1,156,1.033116685,0.136098118,1,1,99.368957,1.001978058,1,10.5,71.90399714,81.56673804,2.1,198.1,68.57,50.8,80.7,464.5,19.2,0.221,0.66,4,1.18,58,10.64,1.87,31.03,41.4,27.57,2652.5,0.381,25,-0.636,0.772,12.32,5.84,17.995738,30.00276242,42.76158506,96.58440182,48.47415447,0.009804609,0.004280286,0.019648497,1.00779206
11113000,0.007580195,39,2,800,1.106167354,0.246943073,1,1,12.550943,0.240796008,1,13,71.81958365,82.72937548,1.41,650,68.34,45.4,34.7,663.4,7.7,0.69,1.22,4,1.67,44.6,9.91,2,22.07,41.65,36.28,1251.5,0.512,32.7,-1,0.016,6.83,9.22,16.054577,8.618055904,10.59078462,14.98787692,8.055507692,-0.025422236,-0.026393799,-0.019054104,1.216620088
11027000,0.012747434,0,2,853,1.032468137,0.080747465,1,1,50.900245,0.591991427,1,21,71.80251822,64.14844268,1.62,58.2,51.93,53.2,38.8,797.9,0.2,0.625,1,3,1.16,28.6,11.16,2.59,16.4,30.84,52.76,653.6,0.433,13,-0.467,-0.884,10.64,10.81,15.624757,10.30581508,11.12010309,,,0.010100541,-0.003177161,-0.009773989,0.978380779
7103700,0.006227128,118.1,1,706,0.985305792,0.395075256,1,1,10.334753,0.918584336,1,13.875,71.77400871,78.18015127,2.23,264.2,59.97,52.8,94.9,393.5,27.6,0.361,0.86,4,1.42,49.5,10.03,9,11.62,33.61,54.77,2775.2,0.373,26.9,0.329,0.944,7.25,7.11,15.226314,5.396997417,6.578652536,9.350870553,5.675132475,-0.073427221,-0.138797398,-0.02782991,0.527450528
11466800,0.025789928,118.6,2,144,1.004688928,0.101916501,1,1,12.714225,1.001456134,1,30.91666667,71.74441205,70.84548105,2.06,652.2,100.52,64.6,68.1,730.4,0.8,0.63,0.68,4,1.71,30,13.03,1.22,29.33,42.59,28.08,155.1,0.185,9.2,-0.054,-0.999,11.27,16.5,16.611166,3.097905528,3.795124195,,,0.312025727,0.18382691,0.033137834,1.066667466
10258500,0.003634871,231.1,2,189,1.035532627,0.37377652,1,1,34.911598,1.024974947,1,47,71.66189112,48.93982808,2,241.5,37.78,41.9,27.9,813.4,5.1,0.464,0.98,4,2.22,43.9,9.87,5.3,11.18,26.56,62.26,1195.3,0.44,22.7,0.863,0.506,7.76,8.36,22.326342,14.07063824,14.53863354,,,-0.067585553,-0.149738128,-0.003304783,
11148900,0.077195792,93.6,2,819,0.958642335,0.260170208,1,1,6.063932,1.901817314,1,12,71.49663677,83.632287,1.48,403.5,69.16,62.7,52.5,745.3,1.5,0.653,0.99,5,1.22,31.2,11.37,2.86,22.94,36.87,40.19,551.8,0.337,21.3,-0.586,0.81,8.75,10.52,16.11163,1.860832125,3.682081784,20.74907063,12.52795539,-0.028729434,-0.048945195,-0.013939367,0.763799659
7103970,0.034271859,9.4,1,344,0.764444653,0.845908114,0.982881598,1,5.2619,1.070175745,1,2.5,71.48989899,92.24747475,2.41,466,56.93,51.8,81.4,505.6,18.5,0.31,0.66,3,1.89,50.7,11.24,7.39,13.91,32.09,54,2352.6,0.431,10.8,-0.999,0.044,9.85,7.43,12.548144,0.854179079,1.403690987,,,-0.045625292,-0.111324372,-0.010237437,0.616935612
11475800,0.232408723,86.6,1,967,1.018907884,0.09215284,1,1,7.751945,0.72069388,1,27.75,71.40085371,73.26348467,2.23,642.1,206.67,64.8,106,657.8,7.2,0.589,0.89,5,1.8,28.1,11.21,2.07,25.53,42.82,31.65,626.1,0.382,26.8,-0.449,-0.893,8.47,31.48,16.808763,1.088201084,1.580221149,,,-0.048942164,-0.081314107,-0.004481932,0.75166344
11113000,0.005227721,0,2,8,1.141896925,0.303908186,1,1,12.550943,0.240796008,1,20.8,71.39552814,65.61295297,1.41,650,68.34,45.4,34.7,663.4,7.7,0.69,1.22,4,1.67,44.6,9.91,2,22.07,41.65,36.28,1251.5,0.512,32.7,-1,0.016,14.72,2.17,16.054577,8.618055904,10.59078462,14.98787692,8.055507692,-0.003564655,-0.007694585,0.00085488,1.626622216
11063510,0.017636774,123.6,2,537,1.01847274,0.272098334,1,1,19.701106,0.914667921,1,41.5,71.35416667,55.46875,2.04,144.5,66.42,46,40.7,690.4,4.5,0.635,0.96,4,1.54,50.7,9.96,6.14,10.54,26.94,62.52,1273.4,0.272,22.4,-0.728,0.686,8.58,13.15,18.45637,6.090614167,8.283114187,74.67695502,36.88442907,-0.045797929,-0.085871561,-0.017805592,0.668526212
11042400,0.000910243,9.6,2,547,0.963417753,0.280102124,1,1,5.418644,1.623115625,1,15.97166667,71.31461391,91.32099553,2.17,342.2,45.9,47.5,35.2,738.3,4.5,0.519,0.92,4,1.33,34.5,10.18,6.63,11.08,22.22,66.7,1119.3,0.457,17,0.473,-0.881,8.6,5.23,17.322787,2.08734395,4.6735827,,,-0.013044584,-0.070847167,-0.014318167,
11274630,0.013720209,90,2,545,1.106303047,0.280600804,1,1,14.544513,0.969698236,1,14,71.28279883,77.31778426,1.77,187.4,43.32,61.7,49.1,799,2.1,0.604,1.08,4,1.42,30.9,10.3,1.62,26.46,42.13,31.41,559.2,0.472,26.1,-0.722,0.692,7.89,8.15,18.975462,2.596224212,4.075933831,,,-0.045234715,-0.097401651,-0.006249959,0.568651794
11466800,0.095952426,153.2,2,535,0.942234935,0.167180834,1,1,12.714225,1.001456134,1,22.85722222,71.2585034,78.6686103,2.06,652.2,100.52,64.6,68.1,730.4,0.8,0.63,0.68,4,1.71,30,13.03,1.22,29.33,42.59,28.08,155.1,0.185,9.2,-0.054,-0.999,11.27,16.5,16.611166,3.097905528,3.795124195,,,0.138750571,-0.02055757,-0.092766442,0.594232737
11077500,0.025047685,135.3,2,886,0.992291851,0.113679369,1,1,11.075228,0.62641764,1,11.66666667,71.20171674,91.58798283,1.28,240.8,51.01,60.8,37.1,825.6,0,0.654,1.13,5,1.61,20.2,10.37,1.7,25.4,46.19,28.41,553.2,0.308,25.4,-0.221,-0.975,12.93,9.51,17.754193,2.800140695,1.788413621,,,0.182826607,0.004510949,-0.111629493,1.107408824
11044800,0.05663364,129.2,2,168,1.016436892,0.080370016,1,1,5.29932,0.732504198,1,18,71.17886179,74.14634146,1.68,85.5,40.9,59,33,853.1,0,0.666,0.86,3,1.19,26.7,10.3,3.33,15.97,31.55,52.47,405.4,0.415,18.9,-0.922,0.386,12.79,9.41,15.319151,2.005988961,2.867368421,,,-0.01646926,-0.029844553,-0.003557036,
11456000,0.053485844,6.8,1,542,1.034692634,0.110478459,1,1,8.882523,2.160787162,1,29,71.09839817,93.18077803,1.79,212.3,104.44,64,69.8,743.7,1.5,0.624,0.68,4,1.39,28.5,10.89,2.14,24.23,44.57,31.21,305.3,0.209,20.9,-0.876,0.483,13.01,5.88,16.071526,1.060217481,3.36895902,,,0.151115828,-0.041238275,-0.085423292,0.601416408
11138500,0.002004593,3.3,2,557,1.045407675,0.217905461,1,1,14.684484,0.673222561,1,16,70.99447514,84.59944751,2,728.9,69.82,57.6,39.6,665.2,7.1,0.686,1.16,5,1.44,28.2,9.8,1.39,21.86,41.68,36.45,994.2,0.424,34.2,0.199,-0.98,8.21,17.01,16.60856,2.711386657,3.72223899,,,-0.017412532,-0.069081844,-0.02870181,0.694239571
11159200,0.029991899,241.1,2,944,1.096851217,0.272819195,1,1,12.563615,1.632601188,1,27,70.98039216,57.94117647,1.76,71,84.62,68.1,68.6,691.1,0.1,0.629,0.85,3,1.21,34.5,10.12,2.59,21.18,36.59,42.23,305.2,0.333,21,-0.996,-0.089,10.19,12.34,16.438445,0.115679955,6.346901408,,,-0.027017337,-0.065208871,-0.013067387,0.783301461
11043000,0.001236542,0,2,180,1.068753547,0.266278607,1,1,15.431556,1.785573251,1,14.85722222,70.96651446,65.75342466,1.41,572.5,37.11,54,29.9,879.2,0.1,0.614,1.02,5,1.08,23.8,12.19,2.65,18.48,35.38,46.14,520.6,0.207,8.3,-0.454,-0.891,15.12,1.99,16.167722,1.382765683,3.507877729,,,0.013981674,0.051814534,-0.003729714,
11057500,0.012393988,0,2,490,1.100986383,0.316031425,1,1,5.10267,0.753186471,1,21.75,70.91924399,70.96219931,1.6,329,50.34,46.1,42.4,822.1,3.2,0.566,1.05,4,1.49,23.2,10.74,3.94,14.73,32.5,52.77,880.7,0.238,13.8,-0.199,-0.98,9.16,10.07,19.193511,2.02402941,2.564042553,11.73519757,9.619696049,0.05021704,-0.086611812,-0.126789437,0.760136168
9484000,0.055432155,136,1,783,1.079327219,0.300158435,1,1,69.267296,1.388299086,1,3.889166667,70.88014981,91.72908864,2.39,103.7,75.97,43.3,71.1,767.1,3.1,0.167,0.8,3,1.52,9.5,9.14,1.65,18.36,43.38,38.26,1878.8,0.534,35.6,-0.977,-0.213,22.08,10.6,17.656755,12.27435075,20.33982642,59.10578592,25.9246866,0.032199617,-0.082769652,-0.028765416,0.762986287
11461500,0.212346492,264,2,218,1.006276953,0.070849145,1,1,23.026463,1.979605621,1,13.75,70.86882453,94.80408859,2.19,238.7,114.45,62.5,77.8,761.6,2,0.595,1.06,4,1.35,37.3,11.11,0.92,28.71,43.04,28.25,497.3,0.27,20.9,-0.276,-0.961,9.37,17.85,16.250428,5.04689448,7.209426058,23.12739841,8.386175115,0.247462344,0.074943405,0.002092771,0.783055803
11451715,0.017933605,0,2,236,1.060506476,0.142728134,1,1,24.133838,1.666551161,1,16.5,70.81712062,76.60505837,0.9,247.9,70.02,59.6,55.5,854.4,1,0.615,0.96,4,1.19,43.2,10.66,0.49,37.34,42.78,19.88,560.5,0.34,18.2,-0.265,0.964,10.43,10.33,18.827651,2.888346264,4.86014522,23.98777733,10.34183138,0.14819574,-0.007832966,-0.033504715,0.809356648
11077500,0.009454619,0,2,754,1.049270561,0.168257115,1,1,11.126418,1.048190759,1,12.5,70.7641196,70.59800664,1.28,240.8,51.01,60.8,37.1,825.6,0,0.654,1.13,5,1.61,20.2,10.37,1.7,25.4,46.19,28.41,553.2,0.308,25.4,-0.221,-0.975,12.94,6.47,17.754193,2.324327314,4.497757475,,,-0.025541878,-0.032130577,-0.095557387,0.773881984
13313000,0.052410558,0,1,1066,0.938075771,0.146578629,1,1,7.076427,0.940008242,1,16,70.64859387,82.79706106,2.37,561.9,111.97,63.9,127.1,412.2,72.3,0.331,0.76,4,1.26,70.8,10.51,12.33,5.96,24.01,70.04,2180.4,0.559,25,0.842,-0.539,13.25,2.96,16.262621,1.766800634,2.555686065,13.92731803,7.197579641,-0.047543199,-0.101328147,-0.011592697,
11065000,0.01498532,199.1,2,537,0.99736197,0.498195461,1,1,8.140156,1.901694811,1,47,70.57026477,55.19348269,1.55,364.7,81.4,47.7,43.6,701.5,4.2,0.649,1.11,5,1.12,49.6,10,6.62,10.83,28.51,60.66,1250.1,0.343,27.3,-0.675,0.738,8.63,16.46,19.024359,2.365863291,3.388017549,33.44313134,17.52322457,-0.045784416,-0.085541489,-0.017990704,0.672484666
11456000,0.030010761,0.3,2,527,1.003754319,0.088883475,1,1,8.882523,2.160787162,1,13.75,70.54919908,86.6819222,1.79,212.3,104.44,64,69.8,743.7,1.5,0.624,0.68,4,1.39,28.5,10.89,2.14,24.23,44.57,31.21,305.3,0.209,20.9,-0.876,0.483,10.83,16.43,16.071526,1.060217481,3.36895902,,,0.151115828,-0.041238275,-0.085423292,0.601416408
11065000,0.004790644,0,2,872,0.950834544,0.323714986,1,1,33.742927,1.953161117,1,26.75,70.49870466,67.16321244,1.55,364.7,81.4,47.7,43.6,701.5,4.2,0.649,1.11,5,1.12,49.6,10,6.62,10.83,28.51,60.66,1250.1,0.343,27.3,-0.675,0.738,6.97,17.4,19.024359,9.084707504,11.94332328,33.44313134,17.52322457,0.084418299,-0.035580624,-0.099919284,0.745010548
11042800,0.010869082,29.5,2,538,0.915855041,0.225966411,1,1,36.399541,1.263146869,1,15,70.49120235,61.95014663,1.14,148.5,33.74,54.3,29.5,884.7,0,0.599,0.94,4,1.23,20.3,12.27,2.7,18.97,36.43,44.59,484.1,0.326,8,-0.21,-0.978,15.34,1.81,14.66485,1.917557957,7.655757576,,,0.002190242,0.016333038,-0.015743666,
11153000,0.004292027,0.5,2,960,0.96418131,0.166162361,1,1,10.488957,2.512752181,1,23.75,70.44060234,82.76631344,1.11,375.4,52.87,62.6,46.9,835.2,1.3,0.643,1.11,5,1.85,28.4,10.45,2.08,24.44,44.87,30.7,424.1,0.363,20.9,-0.996,-0.088,13.25,3.13,15.589845,3.405985647,4.396909963,,,-0.039911175,-0.064240113,-0.013477485,0.728067193
11063510,0.011444306,97.1,2,504,0.985815316,0.36779831,1,1,19.701106,0.914667921,1,18,70.41015625,67.70833333,2.04,144.5,66.42,46,40.7,690.4,4.5,0.635,0.96,4,1.54,50.7,9.96,6.14,10.54,26.94,62.52,1273.4,0.272,22.4,-0.728,0.686,7.51,15.53,18.45637,6.090614167,8.283114187,74.67695502,36.88442907,-0.045797929,-0.085871561,-0.017805592,0.668526212
11047300,0.142292526,94.5,2,589,1.119688712,0.265755016,1,1,11.921157,1.8590446,1,6.8,70.34482759,79.08045977,1.1,139.9,46.85,61.6,36.6,812.1,0,0.652,1.08,3,1.27,23.9,11.46,2.26,24.89,42.68,32.43,423.2,0.234,19.1,-0.597,-0.802,13.12,9.25,13.66011,4.902997679,7.699857041,11.53209435,10.94796283,0.064649032,-0.160446952,-0.110397484,0.541141138
11159200,0.098111799,302,2,611,1.085189604,0.248062769,1,1,12.563615,1.632601188,1,11.75,70.34313725,81.2254902,1.76,71,84.62,68.1,68.6,691.1,0.1,0.629,0.85,3,1.21,34.5,10.12,2.59,21.18,36.59,42.23,305.2,0.333,21,-0.996,-0.089,9.86,16.46,16.438445,0.115679955,6.346901408,,,-0.065019601,-0.122480704,-0.014327841,0.614253963
11451715,0.021817316,0.3,2,123,1.146063325,0.321714966,1,1,5.595129,0.165455251,1,20,70.28735632,79.02298851,0.9,247.9,70.02,59.6,55.5,854.4,1,0.615,0.96,4,1.19,43.2,10.66,0.49,37.34,42.78,19.88,560.5,0.34,18.2,-0.265,0.964,7.28,15.2,18.827651,0.869588895,1.310246067,23.98777733,10.34183138,,,,1.003780864
11109600,0.009548627,1.6,2,912,1.026911565,0.367495835,1,1,41.681744,1.066478672,1,19,70.28160575,66.44697424,1.66,963.8,55.61,42.7,35,676,11.8,0.673,1.1,5,2.08,52.1,10.21,5.72,18.55,37.45,44,1385.2,0.448,26,-0.765,0.644,7.19,10.69,16.693884,12.52429966,19.22524383,6.542218303,3.126727537,-0.054237196,-0.108104837,-0.011410457,0.669482329
11461000,0.103951962,36.5,2,433,0.966911487,0.10349811,1,1,32.301184,1.065652935,1,5.958333333,70.26604069,85.3286385,1.95,259.6,118.6,63.1,81.2,730.9,3,0.607,0.95,4,1.1,36,11.3,1.16,28.24,42.59,29.17,448.3,0.314,20.6,-0.997,0.077,7.07,18.28,15.086673,6.630779176,11.66221109,,,0.168591806,-0.024895358,-0.112839417,0.580309863
11073495,0.072628155,1.3,2,878,1.154482119,0.414491378,1,1,26.085866,1.717892731,1,10,70.25656325,77.08830549,2.67,208.2,61.85,53.7,37.7,823.2,0.2,0.66,0.75,4,1.15,47.4,10.92,8.04,10,27.26,62.74,638.5,0.176,13.5,-0.99,-0.14,12.06,12.59,10.502607,21.64413972,15.30172911,,,-0.047959038,-0.060850333,-0.019647186,0.841883212
11077500,0.030457045,2.2,2,453,1.035617885,0.135166172,1,1,11.075228,0.62641764,1,18,70.17167382,88.49785408,1.28,240.8,51.01,60.8,37.1,825.6,0,0.654,1.13,5,1.61,20.2,10.37,1.7,25.4,46.19,28.41,553.2,0.308,25.4,-0.221,-0.975,12.07,11.6,17.754193,2.800140695,1.788413621,,,0.051188561,-0.157130797,-0.11617759,0.627282338
11027000,0.006762952,5.9,2,95,1.049349391,0.139697906,1,1,50.900245,0.591991427,1,10,70.14579192,80.84824387,1.62,58.2,51.93,53.2,38.8,797.9,0.2,0.625,1,3,1.16,28.6,11.16,2.59,16.4,30.84,52.76,653.6,0.433,13,-0.467,-0.884,9.92,11.16,15.624757,10.30581508,11.12010309,,,-0.00933244,-0.026663326,0.000626046,0.906814577
9430600,0.095429913,41.4,1,97,1.067664682,0.314343708,1,1,13.587343,1.818895817,1,37.5,70.14225182,46.79176755,1.85,190.5,67.41,44.7,72,593.8,14,0.222,0.58,3,1.32,53.1,9.96,2.05,31.86,33.61,34.53,2371.3,0.444,40.6,-0.973,-0.231,18.25,10.8,15.895541,1.566147544,2.401417323,91.38944882,35.34944882,0.008405853,0.015894222,0.001934381,
11047300,0.049185041,2.1,2,153,1.051592118,0.119699702,1,1,11.921157,1.8590446,1,11.93333333,70,73.7164751,1.1,139.9,46.85,61.6,36.6,812.1,0,0.652,1.08,3,1.27,23.9,11.46,2.26,24.89,42.68,32.43,423.2,0.234,19.1,-0.597,-0.802,12.34,9.9,13.66011,4.902997679,7.699857041,11.53209435,10.94796283,0.041259974,-0.235467907,-0.063706538,0.495678495
9497800,0.509091848,112.9,1,85,1.004424611,0.184040583,1,0,33.497407,1.389714454,1,33,98.60465116,98.35841313,1.91,750.9,58.79,40.7,71.3,676.3,12.1,0.147,0.83,4,1.76,37.1,10.42,0.91,29.33,42.37,28.3,1747.1,0.582,19.4,-0.996,0.088,18.22,5.02,18.999934,23.5959096,23.57343188,,,0.002883956,-0.003379113,0.000836715,
11113500,0.973133695,1.8,2,121,1.016315399,0.075256344,1,1,66.999622,0.838860715,1,101.75,99.44328462,97.70354906,2.67,103.3,67.78,49.9,39.1,708.5,2.6,0.693,1.18,4,1.59,40.1,9.58,1.4,23.56,44.22,32.23,996,0.437,34.4,-0.944,-0.329,8.56,17.65,15.259699,21.19042058,21.87531462,84.35972894,53.69332043,-0.008635262,-0.01860218,-0.000983513,
11480390,0.708504109,58.6,1,430,1.015131667,0.081518765,1,1,99.999876,1,1,114,99.27536232,97.6284585,2.41,242.6,166.38,62.2,92.3,637.8,28,0.561,0.77,4,2.23,33.3,10.96,1.59,21.87,41.57,36.56,1130,0.306,28.7,-0.024,-1,12.79,9.86,13.178414,66.45017797,77.02790602,99.99571311,67.92250618,-0.250089728,-0.510751408,-0.21491051,0.278517547
11151870,1.781620655,0,1,479,1.04924919,0.196616911,1,1,65.578591,1.047112542,1,44,98.98403483,97.04886309,2.01,284.5,100.15,65.8,64.7,623,4,0.657,0.97,4,1.85,37.3,10.09,3.84,16.04,33.25,50.71,899.6,0.427,39,0.12,0.993,16.26,4.16,16.869365,29.2493,38.1689,,,-0.107688796,-0.184255154,-0.025755047,0.460283466
11152000,0.842573749,0,1,479,1.089670035,0.261796344,1,1,38.563747,1.45200031,1,44,98.91358025,96.98765432,2.07,625.1,80.89,63.9,60.5,663.8,2.9,0.654,1.03,5,2.35,38.3,10.02,3.14,20.17,34.81,45.02,759.1,0.387,34.7,-0.132,0.991,16.53,3.41,17.294107,14.91749383,22.51871701,14.97461206,10.20955047,-0.106418682,-0.184356043,-0.025092694,0.456406466
11114495,1.50354796,65.4,2,424,1.032192127,0.122728992,1,1,99.929207,1.004411539,1,52.8,98.01488834,97.3325062,2.46,124.3,88.3,49.7,35.9,606.1,3.8,0.706,1.05,4,1.37,38.6,9.71,1.12,21.93,42.54,35.53,1162,0.521,38.3,-0.875,0.484,7.21,23.87,13.969926,72.44200871,74.63990346,91.62960579,77.48479485,0.109225139,-0.198628136,-0.101844596,0.531856898
11153000,0.106357795,75.7,2,496,1.034789406,0.117717174,1,1,27.540676,2.080203017,1,79,96.36363636,91.44385027,1.11,375.4,52.87,62.6,46.9,835.2,1.3,0.643,1.11,5,1.85,28.4,10.45,2.08,24.44,44.87,30.7,424.1,0.363,20.9,-0.996,-0.088,9.17,7.02,15.589845,9.778177304,9.362972829,,,-0.052327164,-0.176531456,-0.080735722,0.628460483
11169800,0.247234165,0,2,493,1.0303639,0.095371823,1,1,36.191218,1.399114615,1,47.88916667,93.94697349,95.54777389,1.22,282.9,60.85,63.3,56.7,817.9,1.8,0.626,0.99,4,1.41,31.7,10.98,2.22,23.01,45.71,31.28,604,0.421,25.6,-0.968,-0.251,8.67,8.1,15.108,13.56218898,17.84697773,,,-0.082744059,-0.225169293,-0.088574681,0.566077478
11063510,1.495206477,0,2,186,1.006377456,0.047585509,1,1,75.044644,1.007263416,1,20,83.38538413,80.19987508,2.04,144.5,66.42,46,40.7,690.4,4.5,0.635,0.96,4,1.54,50.7,9.96,6.14,10.54,26.94,62.52,1273.4,0.272,22.4,-0.728,0.686,7.51,15.53,18.45637,20.60685912,23.61986159,74.67695502,36.88442907,-0.009704062,-0.01753329,-0.004633778,0.798144832
10257600,0.451118337,0,1,743,1.030344732,0.233713931,1,1,70.099582,0.942865524,1,1.978333333,70.83333333,91.38513514,1.68,92.9,55.02,38.1,39.9,737.5,7.4,0.582,0.91,3,1.32,44,9.6,5.01,12.16,30.05,57.78,1746.6,0.466,38.3,-0.947,0.322,20.9,1.08,18.430912,34.09728829,40.43799785,21.86157158,3.477933262,-0.065405744,-0.143502026,-0.004785318,0.459862484
